2026-09-10 15:37:28 | INFO | bdc.comercializadoras | Carregando Mapping de Comercializadoras: C:\Users\C807951\Desktop\BDC\ENTRADAS\control\mappings\mapping_fichas_comercializadoras.json
2026-09-10 15:37:28 | INFO | bdc.comercializadoras | Mapping de Comercializadoras carregado e validado com sucesso. Quantidade de registros: 45
2026-09-10 15:37:28 | INFO | bdc.comercializadoras | Iniciando carga dos layouts de comercializadoras.
2026-09-10 15:37:28 | INFO | bdc.comercializadoras | Layouts de comercializadoras carregados com sucesso. Quantidade: 7
2026-09-10 15:37:28 | INFO | bdc.comercializadoras | Nenhuma base de Carga Manual encontrada em C:\Users\C807951\Desktop\BDC\SAIDAS\silver\governanca_carga_manual\eventos_manuais_consolidados.parquet
2026-09-10 15:37:28 | INFO | bdc.comercializadoras | Iniciando processamento: 751 fichas detectadas.
2026-09-10 15:37:28 | INFO | bdc.comercializadoras | Iniciando processamento do arquivo 2W ENERGIA 05_07_2022.xlsx em modo incremental.
2026-09-10 15:37:28 | INFO | bdc.comercializadoras | Registro normalizado (Entrada: 44, Saída: 48).
2026-09-10 15:37:28 | INFO | bdc.comercializadoras | Iniciando validação unificada do registro. CNPJ=08773135000100
2026-09-10 15:37:28 | INFO | bdc.comercializadoras | Validação concluída. CNPJ=08773135000100 ERROS=0 AVISOS=0
2026-09-10 15:37:29 | INFO | bdc.comercializadoras | Iniciando processamento do arquivo 2W ENERGIA_28.08.2024.xlsx em modo incremental.
2026-09-10 15:37:29 | INFO | bdc.comercializadoras | Registro normalizado (Entrada: 44, Saída: 48).
2026-09-10 15:37:29 | INFO | bdc.comercializadoras | Iniciando validação unificada do registro. CNPJ=08773135000100
2026-09-10 15:37:29 | INFO | bdc.comercializadoras | Validação concluída. CNPJ=08773135000100 ERROS=0 AVISOS=0
2026-09-10 15:37:29 | INFO | bdc.comercializadoras | Iniciando processamento do arquivo 2W_13062023 - Copia.xlsx em modo incremental.
2026-09-10 15:37:29 | INFO | bdc.comercializadoras | Registro normalizado (Entrada: 44, Saída: 48).
2026-09-10 15:37:29 | INFO | bdc.comercializadoras | Iniciando validação unificada do registro. CNPJ=08773135000100
2026-09-10 15:37:29 | INFO | bdc.comercializadoras | Validação concluída. CNPJ=08773135000100 ERROS=0 AVISOS=0
2026-09-10 15:37:29 | INFO | bdc.comercializadoras | Iniciando processamento do arquivo 2W_18_06_2021.xlsx em modo incremental.
2026-09-10 15:37:29 | INFO | bdc.comercializadoras | Registro normalizado (Entrada: 44, Saída: 48).
2026-09-10 15:37:29 | INFO | bdc.comercializadoras | Iniciando validação unificada do registro. CNPJ=08773135000100
2026-09-10 15:37:29 | INFO | bdc.comercializadoras | Validação concluída. CNPJ=08773135000100 ERROS=0 AVISOS=0
2026-09-10 15:37:29 | INFO | bdc.comercializadoras | Iniciando processamento do arquivo ABC 14072026.xlsx em modo incremental.
2026-09-10 15:37:29 | INFO | bdc.comercializadoras | Registro normalizado (Entrada: 44, Saída: 48).
2026-09-10 15:37:29 | INFO | bdc.comercializadoras | Iniciando validação unificada do registro. CNPJ=29198324000168
2026-09-10 15:37:29 | INFO | bdc.comercializadoras | Validação concluída. CNPJ=29198324000168 ERROS=0 AVISOS=0
2026-09-10 15:37:30 | INFO | bdc.comercializadoras | Iniciando processamento do arquivo ABC 29.07.2024.xlsx em modo incremental.
2026-09-10 15:37:30 | INFO | bdc.comercializadoras | Registro normalizado (Entrada: 44, Saída: 48).
2026-09-10 15:37:30 | INFO | bdc.comercializadoras | Iniciando validação unificada do registro. CNPJ=29198324000168
2026-09-10 15:37:30 | INFO | bdc.comercializadoras | Validação concluída. CNPJ=29198324000168 ERROS=0 AVISOS=0
2026-09-10 15:37:30 | INFO | bdc.comercializadoras | Iniciando processamento do arquivo ABC BRASIL 15102025.xlsx em modo incremental.
2026-09-10 15:37:30 | INFO | bdc.comercializadoras | Registro normalizado (Entrada: 44, Saída: 48).
2026-09-10 15:37:30 | INFO | bdc.comercializadoras | Iniciando validação unificada do registro. CNPJ=29198324000168
2026-09-10 15:37:30 | INFO | bdc.comercializadoras | Validação concluída. CNPJ=29198324000168 ERROS=0 AVISOS=0
2026-09-10 15:37:30 | INFO | bdc.comercializadoras | Iniciando processamento do arquivo ADN 02062026.xlsx em modo incremental.
2026-09-10 15:37:30 | INFO | bdc.comercializadoras | Registro normalizado (Entrada: 44, Saída: 48).
2026-09-10 15:37:30 | INFO | bdc.comercializadoras | Iniciando validação unificada do registro. CNPJ=20591154000102
2026-09-10 15:37:30 | INFO | bdc.comercializadoras | Validação concluída. CNPJ=20591154000102 ERROS=0 AVISOS=0
2026-09-10 15:37:30 | INFO | bdc.comercializadoras | Iniciando processamento do arquivo AES BRASIL 09_05_2022 TESTE GRUPO.xlsx em modo incremental.
2026-09-10 15:37:31 | INFO | bdc.comercializadoras | Iniciando processamento do arquivo AES_05012024.xlsx em modo incremental.
2026-09-10 15:37:31 | INFO | bdc.comercializadoras | Registro normalizado (Entrada: 44, Saída: 48).
2026-09-10 15:37:31 | INFO | bdc.comercializadoras | Iniciando validação unificada do registro. CNPJ=43412008000178
2026-09-10 15:37:31 | INFO | bdc.comercializadoras | Validação concluída. CNPJ=43412008000178 ERROS=0 AVISOS=0
2026-09-10 15:37:31 | INFO | bdc.comercializadoras | Iniciando processamento do arquivo AES_19.06.2024.xlsx em modo incremental.
2026-09-10 15:37:31 | INFO | bdc.comercializadoras | Registro normalizado (Entrada: 44, Saída: 48).
2026-09-10 15:37:31 | INFO | bdc.comercializadoras | Iniciando validação unificada do registro. CNPJ=43412008000178
2026-09-10 15:37:31 | INFO | bdc.comercializadoras | Validação concluída. CNPJ=43412008000178 ERROS=0 AVISOS=0
2026-09-10 15:37:31 | INFO | bdc.comercializadoras | Iniciando processamento do arquivo AGE COMERCIALIZADORA 30062026.xlsx em modo incremental.
2026-09-10 15:37:31 | INFO | bdc.comercializadoras | Registro normalizado (Entrada: 44, Saída: 48).
2026-09-10 15:37:31 | INFO | bdc.comercializadoras | Iniciando validação unificada do registro. CNPJ=14167541000113
2026-09-10 15:37:31 | INFO | bdc.comercializadoras | Validação concluída. CNPJ=14167541000113 ERROS=0 AVISOS=0
2026-09-10 15:37:31 | INFO | bdc.comercializadoras | Iniciando processamento do arquivo AGORA ENERGIA 09062026.xlsx em modo incremental.
2026-09-10 15:37:32 | INFO | bdc.comercializadoras | Registro normalizado (Entrada: 44, Saída: 48).
2026-09-10 15:37:32 | INFO | bdc.comercializadoras | Iniciando validação unificada do registro. CNPJ=15623286000139
2026-09-10 15:37:32 | INFO | bdc.comercializadoras | Validação concluída. CNPJ=15623286000139 ERROS=0 AVISOS=0
2026-09-10 15:37:32 | INFO | bdc.comercializadoras | Iniciando processamento do arquivo AGORA21.05.2024.xlsx em modo incremental.
2026-09-10 15:37:32 | INFO | bdc.comercializadoras | Registro normalizado (Entrada: 44, Saída: 48).
2026-09-10 15:37:32 | INFO | bdc.comercializadoras | Iniciando validação unificada do registro. CNPJ=15623286000139
2026-09-10 15:37:32 | INFO | bdc.comercializadoras | Validação concluída. CNPJ=15623286000139 ERROS=0 AVISOS=0
2026-09-10 15:37:32 | INFO | bdc.comercializadoras | Iniciando processamento do arquivo AGROENERGIA _10_05_2021.xlsx em modo incremental.
2026-09-10 15:37:32 | INFO | bdc.comercializadoras | Registro normalizado (Entrada: 44, Saída: 48).
2026-09-10 15:37:32 | INFO | bdc.comercializadoras | Iniciando validação unificada do registro. CNPJ=12422540000142
2026-09-10 15:37:32 | INFO | bdc.comercializadoras | Validação concluída. CNPJ=12422540000142 ERROS=0 AVISOS=0
2026-09-10 15:37:33 | INFO | bdc.comercializadoras | Iniciando processamento do arquivo ALBIOMA 09072026.xlsx em modo incremental.
2026-09-10 15:37:33 | INFO | bdc.comercializadoras | Registro normalizado (Entrada: 44, Saída: 48).
2026-09-10 15:37:33 | INFO | bdc.comercializadoras | Iniciando validação unificada do registro. CNPJ=29915125000123
2026-09-10 15:37:33 | INFO | bdc.comercializadoras | Validação concluída. CNPJ=29915125000123 ERROS=0 AVISOS=0
2026-09-10 15:37:33 | INFO | bdc.comercializadoras | Iniciando processamento do arquivo ALBIOMA CODORA.xlsx em modo incremental.
2026-09-10 15:37:33 | INFO | bdc.comercializadoras | Registro normalizado (Entrada: 44, Saída: 48).
2026-09-10 15:37:33 | INFO | bdc.comercializadoras | Iniciando validação unificada do registro. CNPJ=07966116000129
2026-09-10 15:37:33 | INFO | bdc.comercializadoras | Validação concluída. CNPJ=07966116000129 ERROS=0 AVISOS=0
2026-09-10 15:37:33 | INFO | bdc.comercializadoras | Iniciando processamento do arquivo ALCAST_12.07.2024.xlsx em modo incremental.
2026-09-10 15:37:34 | INFO | bdc.comercializadoras | Registro normalizado (Entrada: 44, Saída: 48).
2026-09-10 15:37:34 | INFO | bdc.comercializadoras | Iniciando validação unificada do registro. CNPJ=34980728000149
2026-09-10 15:37:34 | INFO | bdc.comercializadoras | Validação concluída. CNPJ=34980728000149 ERROS=0 AVISOS=0
2026-09-10 15:37:34 | INFO | bdc.comercializadoras | Iniciando processamento do arquivo ALIANCA_GERACAO 28052026.xlsx em modo incremental.
2026-09-10 15:37:34 | INFO | bdc.comercializadoras | Registro normalizado (Entrada: 44, Saída: 48).
2026-09-10 15:37:34 | INFO | bdc.comercializadoras | Iniciando validação unificada do registro. CNPJ=12009135000105
2026-09-10 15:37:34 | INFO | bdc.comercializadoras | Validação concluída. CNPJ=12009135000105 ERROS=0 AVISOS=0
2026-09-10 15:37:34 | INFO | bdc.comercializadoras | Iniciando processamento do arquivo ALIANÇA 20_07_2022.xlsx em modo incremental.
2026-09-10 15:37:34 | INFO | bdc.comercializadoras | Registro normalizado (Entrada: 44, Saída: 48).
2026-09-10 15:37:34 | INFO | bdc.comercializadoras | Iniciando validação unificada do registro. CNPJ=12009135000105
2026-09-10 15:37:34 | INFO | bdc.comercializadoras | Validação concluída. CNPJ=12009135000105 ERROS=0 AVISOS=0
2026-09-10 15:37:34 | INFO | bdc.comercializadoras | Iniciando processamento do arquivo ALIANÇA GERAÇÃO RATING 06022026.xlsx em modo incremental.
2026-09-10 15:37:35 | INFO | bdc.comercializadoras | Registro normalizado (Entrada: 44, Saída: 48).
2026-09-10 15:37:35 | INFO | bdc.comercializadoras | Iniciando validação unificada do registro. CNPJ=12009135000105
2026-09-10 15:37:35 | INFO | bdc.comercializadoras | Validação concluída. CNPJ=12009135000105 ERROS=0 AVISOS=0
2026-09-10 15:37:35 | INFO | bdc.comercializadoras | Iniciando processamento do arquivo ALUPAR 19112024.xlsx em modo incremental.
2026-09-10 15:37:35 | INFO | bdc.comercializadoras | Registro normalizado (Entrada: 44, Saída: 48).
2026-09-10 15:37:35 | INFO | bdc.comercializadoras | Iniciando validação unificada do registro. CNPJ=08364948000138
2026-09-10 15:37:35 | INFO | bdc.comercializadoras | Validação concluída. CNPJ=08364948000138 ERROS=0 AVISOS=0
2026-09-10 15:37:35 | INFO | bdc.comercializadoras | Iniciando processamento do arquivo ALUPAR_06062025.xlsx em modo incremental.
2026-09-10 15:37:35 | INFO | bdc.comercializadoras | Registro normalizado (Entrada: 44, Saída: 48).
2026-09-10 15:37:35 | INFO | bdc.comercializadoras | Iniciando validação unificada do registro. CNPJ=08364948000138
2026-09-10 15:37:35 | INFO | bdc.comercializadoras | Validação concluída. CNPJ=08364948000138 ERROS=0 AVISOS=0
2026-09-10 15:37:36 | INFO | bdc.comercializadoras | Iniciando processamento do arquivo AMAGGI 11_07_2022.xlsx em modo incremental.
2026-09-10 15:37:36 | INFO | bdc.comercializadoras | Registro normalizado (Entrada: 44, Saída: 48).
2026-09-10 15:37:36 | INFO | bdc.comercializadoras | Iniciando validação unificada do registro. CNPJ=16587133000146
2026-09-10 15:37:36 | INFO | bdc.comercializadoras | Validação concluída. CNPJ=16587133000146 ERROS=0 AVISOS=0
2026-09-10 15:37:36 | INFO | bdc.comercializadoras | Iniciando processamento do arquivo AMAGGI 26062025.xlsx em modo incremental.
2026-09-10 15:37:36 | INFO | bdc.comercializadoras | Registro normalizado (Entrada: 44, Saída: 48).
2026-09-10 15:37:36 | INFO | bdc.comercializadoras | Iniciando validação unificada do registro. CNPJ=None
2026-09-10 15:37:36 | INFO | bdc.comercializadoras | Validação concluída. CNPJ=None ERROS=1 AVISOS=0
2026-09-10 15:37:36 | WARNING | bdc.comercializadoras | Erros de validação para CNPJ=None: ['GATE_ENGINE ausente: CNPJ']
2026-09-10 15:37:36 | INFO | bdc.comercializadoras | Iniciando processamento do arquivo AMAGGI RATING 05022026.xlsx em modo incremental.
2026-09-10 15:37:37 | INFO | bdc.comercializadoras | Registro normalizado (Entrada: 44, Saída: 48).
2026-09-10 15:37:37 | INFO | bdc.comercializadoras | Iniciando validação unificada do registro. CNPJ=16587133000146
2026-09-10 15:37:37 | INFO | bdc.comercializadoras | Validação concluída. CNPJ=16587133000146 ERROS=0 AVISOS=0
2026-09-10 15:37:37 | INFO | bdc.comercializadoras | Iniciando processamento do arquivo AMBAR 11122023.xlsx em modo incremental.
2026-09-10 15:37:37 | INFO | bdc.comercializadoras | Registro normalizado (Entrada: 44, Saída: 48).
2026-09-10 15:37:37 | INFO | bdc.comercializadoras | Iniciando validação unificada do registro. CNPJ=31627849000113
2026-09-10 15:37:37 | INFO | bdc.comercializadoras | Validação concluída. CNPJ=31627849000113 ERROS=0 AVISOS=0
2026-09-10 15:37:37 | INFO | bdc.comercializadoras | Iniciando processamento do arquivo AMBAR 26_04_2022.xlsx em modo incremental.
2026-09-10 15:37:38 | INFO | bdc.comercializadoras | Registro normalizado (Entrada: 44, Saída: 48).
2026-09-10 15:37:38 | INFO | bdc.comercializadoras | Iniciando validação unificada do registro. CNPJ=31627849000113
2026-09-10 15:37:38 | INFO | bdc.comercializadoras | Validação concluída. CNPJ=31627849000113 ERROS=0 AVISOS=0
2026-09-10 15:37:38 | INFO | bdc.comercializadoras | Iniciando processamento do arquivo AMBAR_29.07.2024.xlsx em modo incremental.
2026-09-10 15:37:38 | INFO | bdc.comercializadoras | Registro normalizado (Entrada: 44, Saída: 48).
2026-09-10 15:37:38 | INFO | bdc.comercializadoras | Iniciando validação unificada do registro. CNPJ=31627849000113
2026-09-10 15:37:38 | INFO | bdc.comercializadoras | Validação concluída. CNPJ=31627849000113 ERROS=0 AVISOS=0
2026-09-10 15:37:38 | INFO | bdc.comercializadoras | Iniciando processamento do arquivo AMBAR_31_08_2021.xlsx em modo incremental.
2026-09-10 15:37:38 | INFO | bdc.comercializadoras | Registro normalizado (Entrada: 44, Saída: 48).
2026-09-10 15:37:38 | INFO | bdc.comercializadoras | Iniciando validação unificada do registro. CNPJ=31627849000113
2026-09-10 15:37:38 | INFO | bdc.comercializadoras | Validação concluída. CNPJ=31627849000113 ERROS=0 AVISOS=0
2026-09-10 15:37:39 | INFO | bdc.comercializadoras | Iniciando processamento do arquivo AMERICA_07_06_2021.xlsx em modo incremental.
2026-09-10 15:37:39 | INFO | bdc.comercializadoras | Registro normalizado (Entrada: 44, Saída: 48).
2026-09-10 15:37:39 | INFO | bdc.comercializadoras | Iniciando validação unificada do registro. CNPJ=11085823000183
2026-09-10 15:37:39 | INFO | bdc.comercializadoras | Validação concluída. CNPJ=11085823000183 ERROS=0 AVISOS=0
2026-09-10 15:37:39 | INFO | bdc.comercializadoras | Iniciando processamento do arquivo AMERICA_20.05.2024.xlsx em modo incremental.
2026-09-10 15:37:39 | INFO | bdc.comercializadoras | Registro normalizado (Entrada: 44, Saída: 48).
2026-09-10 15:37:39 | INFO | bdc.comercializadoras | Iniciando validação unificada do registro. CNPJ=11085823000183
2026-09-10 15:37:39 | INFO | bdc.comercializadoras | Validação concluída. CNPJ=11085823000183 ERROS=0 AVISOS=0
2026-09-10 15:37:39 | INFO | bdc.comercializadoras | Iniciando processamento do arquivo ANGELIM 09062026.xlsx em modo incremental.
2026-09-10 15:37:40 | INFO | bdc.comercializadoras | Registro normalizado (Entrada: 44, Saída: 48).
2026-09-10 15:37:40 | INFO | bdc.comercializadoras | Iniciando validação unificada do registro. CNPJ=19502690000105
2026-09-10 15:37:40 | INFO | bdc.comercializadoras | Validação concluída. CNPJ=19502690000105 ERROS=0 AVISOS=0
2026-09-10 15:37:40 | INFO | bdc.comercializadoras | Iniciando processamento do arquivo ANGELINA COLOMBO 29072026.xlsx em modo incremental.
2026-09-10 15:37:40 | INFO | bdc.comercializadoras | Registro normalizado (Entrada: 44, Saída: 48).
2026-09-10 15:37:40 | INFO | bdc.comercializadoras | Iniciando validação unificada do registro. CNPJ=35881121000174
2026-09-10 15:37:40 | INFO | bdc.comercializadoras | Validação concluída. CNPJ=35881121000174 ERROS=0 AVISOS=0
2026-09-10 15:37:40 | INFO | bdc.comercializadoras | Iniciando processamento do arquivo ANGELINA COLOMBO.xlsx em modo incremental.
2026-09-10 15:37:40 | INFO | bdc.comercializadoras | Registro normalizado (Entrada: 44, Saída: 48).
2026-09-10 15:37:40 | INFO | bdc.comercializadoras | Iniciando validação unificada do registro. CNPJ=35881121000174
2026-09-10 15:37:40 | INFO | bdc.comercializadoras | Validação concluída. CNPJ=35881121000174 ERROS=0 AVISOS=0
2026-09-10 15:37:40 | INFO | bdc.comercializadoras | Iniciando processamento do arquivo APOLLO 08 05 2024.xlsx em modo incremental.
2026-09-10 15:37:41 | INFO | bdc.comercializadoras | Registro normalizado (Entrada: 44, Saída: 48).
2026-09-10 15:37:41 | INFO | bdc.comercializadoras | Iniciando validação unificada do registro. CNPJ=25318541000193
2026-09-10 15:37:41 | INFO | bdc.comercializadoras | Validação concluída. CNPJ=25318541000193 ERROS=0 AVISOS=0
2026-09-10 15:37:41 | INFO | bdc.comercializadoras | Iniciando processamento do arquivo APOLO 02_05_2022.xlsx em modo incremental.
2026-09-10 15:37:41 | INFO | bdc.comercializadoras | Registro normalizado (Entrada: 44, Saída: 48).
2026-09-10 15:37:41 | INFO | bdc.comercializadoras | Iniciando validação unificada do registro. CNPJ=08842785000151
2026-09-10 15:37:41 | INFO | bdc.comercializadoras | Validação concluída. CNPJ=08842785000151 ERROS=0 AVISOS=0
2026-09-10 15:37:41 | INFO | bdc.comercializadoras | Iniciando processamento do arquivo APOLO_24_06_2021.xlsx em modo incremental.
2026-09-10 15:37:41 | INFO | bdc.comercializadoras | Registro normalizado (Entrada: 44, Saída: 48).
2026-09-10 15:37:41 | INFO | bdc.comercializadoras | Iniciando validação unificada do registro. CNPJ=08842785000151
2026-09-10 15:37:41 | INFO | bdc.comercializadoras | Validação concluída. CNPJ=08842785000151 ERROS=0 AVISOS=0
2026-09-10 15:37:41 | INFO | bdc.comercializadoras | Iniciando processamento do arquivo APTCOM_10052023.xlsx em modo incremental.
2026-09-10 15:37:41 | INFO | bdc.comercializadoras | Registro normalizado (Entrada: 44, Saída: 48).
2026-09-10 15:37:41 | INFO | bdc.comercializadoras | Iniciando validação unificada do registro. CNPJ=None
2026-09-10 15:37:41 | INFO | bdc.comercializadoras | Validação concluída. CNPJ=None ERROS=1 AVISOS=0
2026-09-10 15:37:41 | WARNING | bdc.comercializadoras | Erros de validação para CNPJ=None: ['GATE_ENGINE ausente: CNPJ']
2026-09-10 15:37:41 | INFO | bdc.comercializadoras | Iniciando processamento do arquivo AQUARIUS 11062026.xlsx em modo incremental.
2026-09-10 15:37:42 | INFO | bdc.comercializadoras | Registro normalizado (Entrada: 44, Saída: 48).
2026-09-10 15:37:42 | INFO | bdc.comercializadoras | Iniciando validação unificada do registro. CNPJ=05350372000161
2026-09-10 15:37:42 | INFO | bdc.comercializadoras | Validação concluída. CNPJ=05350372000161 ERROS=0 AVISOS=0
2026-09-10 15:37:42 | INFO | bdc.comercializadoras | Iniciando processamento do arquivo ARCELORMITTAL_21.05.2024.xlsx em modo incremental.
2026-09-10 15:37:42 | INFO | bdc.comercializadoras | Registro normalizado (Entrada: 44, Saída: 48).
2026-09-10 15:37:42 | INFO | bdc.comercializadoras | Iniciando validação unificada do registro. CNPJ=17469701000177
2026-09-10 15:37:42 | INFO | bdc.comercializadoras | Validação concluída. CNPJ=17469701000177 ERROS=0 AVISOS=0
2026-09-10 15:37:42 | INFO | bdc.comercializadoras | Iniciando processamento do arquivo ARMOR 15082025.xlsx em modo incremental.
2026-09-10 15:37:42 | INFO | bdc.comercializadoras | Registro normalizado (Entrada: 44, Saída: 48).
2026-09-10 15:37:42 | INFO | bdc.comercializadoras | Iniciando validação unificada do registro. CNPJ=38154005000141
2026-09-10 15:37:42 | INFO | bdc.comercializadoras | Validação concluída. CNPJ=38154005000141 ERROS=0 AVISOS=0
2026-09-10 15:37:43 | INFO | bdc.comercializadoras | Iniciando processamento do arquivo ARMOR_20.05.2024.xlsx em modo incremental.
2026-09-10 15:37:43 | INFO | bdc.comercializadoras | Registro normalizado (Entrada: 44, Saída: 48).
2026-09-10 15:37:43 | INFO | bdc.comercializadoras | Iniciando validação unificada do registro. CNPJ=38154005000141
2026-09-10 15:37:43 | INFO | bdc.comercializadoras | Validação concluída. CNPJ=38154005000141 ERROS=0 AVISOS=0
2026-09-10 15:37:43 | INFO | bdc.comercializadoras | Iniciando processamento do arquivo ARMOS_07062023.xlsx em modo incremental.
2026-09-10 15:37:43 | INFO | bdc.comercializadoras | Registro normalizado (Entrada: 44, Saída: 48).
2026-09-10 15:37:43 | INFO | bdc.comercializadoras | Iniciando validação unificada do registro. CNPJ=38154005000141
2026-09-10 15:37:43 | INFO | bdc.comercializadoras | Validação concluída. CNPJ=38154005000141 ERROS=0 AVISOS=0
2026-09-10 15:37:43 | INFO | bdc.comercializadoras | Iniciando processamento do arquivo ASOLO 29052026.xlsx em modo incremental.
2026-09-10 15:37:43 | INFO | bdc.comercializadoras | Registro normalizado (Entrada: 44, Saída: 48).
2026-09-10 15:37:43 | INFO | bdc.comercializadoras | Iniciando validação unificada do registro. CNPJ=41675130000101
2026-09-10 15:37:43 | INFO | bdc.comercializadoras | Validação concluída. CNPJ=41675130000101 ERROS=0 AVISOS=0
2026-09-10 15:37:43 | INFO | bdc.comercializadoras | Iniciando processamento do arquivo ATHENA 29_08_2022.xlsx em modo incremental.
2026-09-10 15:37:44 | INFO | bdc.comercializadoras | Registro normalizado (Entrada: 44, Saída: 48).
2026-09-10 15:37:44 | INFO | bdc.comercializadoras | Iniciando validação unificada do registro. CNPJ=31233530000103
2026-09-10 15:37:44 | INFO | bdc.comercializadoras | Validação concluída. CNPJ=31233530000103 ERROS=0 AVISOS=0
2026-09-10 15:37:44 | INFO | bdc.comercializadoras | Iniciando processamento do arquivo ATIAIA 18082026.xlsx em modo incremental.
2026-09-10 15:37:44 | INFO | bdc.comercializadoras | Registro normalizado (Entrada: 44, Saída: 48).
2026-09-10 15:37:44 | INFO | bdc.comercializadoras | Iniciando validação unificada do registro. CNPJ=15728576000147
2026-09-10 15:37:44 | INFO | bdc.comercializadoras | Validação concluída. CNPJ=15728576000147 ERROS=0 AVISOS=0
2026-09-10 15:37:44 | INFO | bdc.comercializadoras | Iniciando processamento do arquivo ATIAIA 24062025.xlsx em modo incremental.
2026-09-10 15:37:44 | INFO | bdc.comercializadoras | Registro normalizado (Entrada: 44, Saída: 48).
2026-09-10 15:37:44 | INFO | bdc.comercializadoras | Iniciando validação unificada do registro. CNPJ=15728576000147
2026-09-10 15:37:44 | INFO | bdc.comercializadoras | Validação concluída. CNPJ=15728576000147 ERROS=0 AVISOS=0
2026-09-10 15:37:44 | INFO | bdc.comercializadoras | Iniciando processamento do arquivo ATIAIA RATING 06022026.xlsx em modo incremental.
2026-09-10 15:37:45 | INFO | bdc.comercializadoras | Registro normalizado (Entrada: 44, Saída: 48).
2026-09-10 15:37:45 | INFO | bdc.comercializadoras | Iniciando validação unificada do registro. CNPJ=15728576000147
2026-09-10 15:37:45 | INFO | bdc.comercializadoras | Validação concluída. CNPJ=15728576000147 ERROS=0 AVISOS=0
2026-09-10 15:37:45 | INFO | bdc.comercializadoras | Iniciando processamento do arquivo ATLAS_18022025.xlsx em modo incremental.
2026-09-10 15:37:45 | INFO | bdc.comercializadoras | Registro normalizado (Entrada: 44, Saída: 48).
2026-09-10 15:37:45 | INFO | bdc.comercializadoras | Iniciando validação unificada do registro. CNPJ=24337192000194
2026-09-10 15:37:45 | INFO | bdc.comercializadoras | Validação concluída. CNPJ=24337192000194 ERROS=0 AVISOS=0
2026-09-10 15:37:45 | INFO | bdc.comercializadoras | Iniciando processamento do arquivo ATMO 04052026.xlsx em modo incremental.
2026-09-10 15:37:45 | INFO | bdc.comercializadoras | Registro normalizado (Entrada: 44, Saída: 48).
2026-09-10 15:37:45 | INFO | bdc.comercializadoras | Iniciando validação unificada do registro. CNPJ=11322550000143
2026-09-10 15:37:45 | INFO | bdc.comercializadoras | Validação concluída. CNPJ=11322550000143 ERROS=0 AVISOS=0
2026-09-10 15:37:45 | INFO | bdc.comercializadoras | Iniciando processamento do arquivo ATMO 06_05_2022.xlsx em modo incremental.
2026-09-10 15:37:45 | INFO | bdc.comercializadoras | Registro normalizado (Entrada: 44, Saída: 48).
2026-09-10 15:37:45 | INFO | bdc.comercializadoras | Iniciando validação unificada do registro. CNPJ=11322550000143
2026-09-10 15:37:45 | INFO | bdc.comercializadoras | Validação concluída. CNPJ=11322550000143 ERROS=0 AVISOS=0
2026-09-10 15:37:46 | INFO | bdc.comercializadoras | Iniciando processamento do arquivo ATMO 16052025.xlsx em modo incremental.
2026-09-10 15:37:46 | INFO | bdc.comercializadoras | Registro normalizado (Entrada: 44, Saída: 48).
2026-09-10 15:37:46 | INFO | bdc.comercializadoras | Iniciando validação unificada do registro. CNPJ=11322550000224
2026-09-10 15:37:46 | INFO | bdc.comercializadoras | Validação concluída. CNPJ=11322550000224 ERROS=0 AVISOS=0
2026-09-10 15:37:46 | INFO | bdc.comercializadoras | Iniciando processamento do arquivo ATMO 16052025__1.xlsx em modo incremental.
2026-09-10 15:37:46 | INFO | bdc.comercializadoras | Registro normalizado (Entrada: 44, Saída: 48).
2026-09-10 15:37:46 | INFO | bdc.comercializadoras | Iniciando validação unificada do registro. CNPJ=11322550000143
2026-09-10 15:37:46 | INFO | bdc.comercializadoras | Validação concluída. CNPJ=11322550000143 ERROS=0 AVISOS=0
2026-09-10 15:37:46 | INFO | bdc.comercializadoras | Iniciando processamento do arquivo ATMO 27032026.xlsx em modo incremental.
2026-09-10 15:37:46 | INFO | bdc.comercializadoras | Registro normalizado (Entrada: 44, Saída: 48).
2026-09-10 15:37:47 | INFO | bdc.comercializadoras | Iniciando validação unificada do registro. CNPJ=11322550000143
2026-09-10 15:37:47 | INFO | bdc.comercializadoras | Validação concluída. CNPJ=11322550000143 ERROS=0 AVISOS=0
2026-09-10 15:37:47 | INFO | bdc.comercializadoras | Iniciando processamento do arquivo ATMO_06.06.2024.xlsx em modo incremental.
2026-09-10 15:37:47 | INFO | bdc.comercializadoras | Registro normalizado (Entrada: 44, Saída: 48).
2026-09-10 15:37:47 | INFO | bdc.comercializadoras | Iniciando validação unificada do registro. CNPJ=11322550000143
2026-09-10 15:37:47 | INFO | bdc.comercializadoras | Validação concluída. CNPJ=11322550000143 ERROS=0 AVISOS=0
2026-09-10 15:37:47 | INFO | bdc.comercializadoras | Iniciando processamento do arquivo ATMO_16062023.xlsx em modo incremental.
2026-09-10 15:37:47 | INFO | bdc.comercializadoras | Registro normalizado (Entrada: 44, Saída: 48).
2026-09-10 15:37:47 | INFO | bdc.comercializadoras | Iniciando validação unificada do registro. CNPJ=11322550000143
2026-09-10 15:37:47 | INFO | bdc.comercializadoras | Validação concluída. CNPJ=11322550000143 ERROS=0 AVISOS=0
2026-09-10 15:37:47 | INFO | bdc.comercializadoras | Iniciando processamento do arquivo ATMO_31_08_2021.xlsx em modo incremental.
2026-09-10 15:37:47 | INFO | bdc.comercializadoras | Registro normalizado (Entrada: 44, Saída: 48).
2026-09-10 15:37:47 | INFO | bdc.comercializadoras | Iniciando validação unificada do registro. CNPJ=11322550000143
2026-09-10 15:37:47 | INFO | bdc.comercializadoras | Validação concluída. CNPJ=11322550000143 ERROS=0 AVISOS=0
2026-09-10 15:37:48 | INFO | bdc.comercializadoras | Iniciando processamento do arquivo ATVOS BRENCO 27072026.xlsx em modo incremental.
2026-09-10 15:37:48 | INFO | bdc.comercializadoras | Registro normalizado (Entrada: 44, Saída: 48).
2026-09-10 15:37:48 | INFO | bdc.comercializadoras | Iniciando validação unificada do registro. CNPJ=08070566000100
2026-09-10 15:37:48 | INFO | bdc.comercializadoras | Validação concluída. CNPJ=08070566000100 ERROS=0 AVISOS=0
2026-09-10 15:37:48 | INFO | bdc.comercializadoras | Iniciando processamento do arquivo ATVOS PART. 03082026.xlsx em modo incremental.
2026-09-10 15:37:48 | INFO | bdc.comercializadoras | Registro normalizado (Entrada: 44, Saída: 48).
2026-09-10 15:37:48 | INFO | bdc.comercializadoras | Iniciando validação unificada do registro. CNPJ=08070508000178
2026-09-10 15:37:48 | INFO | bdc.comercializadoras | Validação concluída. CNPJ=08070508000178 ERROS=0 AVISOS=0
2026-09-10 15:37:48 | INFO | bdc.comercializadoras | Iniciando processamento do arquivo ATVOS RIO CLARO 31072026.xlsx em modo incremental.
2026-09-10 15:37:49 | INFO | bdc.comercializadoras | Registro normalizado (Entrada: 44, Saída: 48).
2026-09-10 15:37:49 | INFO | bdc.comercializadoras | Iniciando validação unificada do registro. CNPJ=08598391000108
2026-09-10 15:37:49 | INFO | bdc.comercializadoras | Validação concluída. CNPJ=08598391000108 ERROS=0 AVISOS=0
2026-09-10 15:37:49 | INFO | bdc.comercializadoras | Iniciando processamento do arquivo AUREN (VOTENER) 06_05_2022.xlsx em modo incremental.
2026-09-10 15:37:49 | INFO | bdc.comercializadoras | Iniciando processamento do arquivo AUREN COM 22072026.xlsx em modo incremental.
2026-09-10 15:37:50 | INFO | bdc.comercializadoras | Registro normalizado (Entrada: 44, Saída: 48).
2026-09-10 15:37:50 | INFO | bdc.comercializadoras | Iniciando validação unificada do registro. CNPJ=03984862000194
2026-09-10 15:37:50 | INFO | bdc.comercializadoras | Validação concluída. CNPJ=03984862000194 ERROS=0 AVISOS=0
2026-09-10 15:37:50 | INFO | bdc.comercializadoras | Iniciando processamento do arquivo AUREN_13.06.2024.xlsx em modo incremental.
2026-09-10 15:37:50 | INFO | bdc.comercializadoras | Registro normalizado (Entrada: 44, Saída: 48).
2026-09-10 15:37:50 | INFO | bdc.comercializadoras | Iniciando validação unificada do registro. CNPJ=03984862000194
2026-09-10 15:37:50 | INFO | bdc.comercializadoras | Validação concluída. CNPJ=03984862000194 ERROS=0 AVISOS=0
2026-09-10 15:37:50 | INFO | bdc.comercializadoras | Iniciando processamento do arquivo AUREN_16062023.xlsx em modo incremental.
2026-09-10 15:37:50 | INFO | bdc.comercializadoras | Registro normalizado (Entrada: 44, Saída: 48).
2026-09-10 15:37:50 | INFO | bdc.comercializadoras | Iniciando validação unificada do registro. CNPJ=03984862000194
2026-09-10 15:37:50 | INFO | bdc.comercializadoras | Validação concluída. CNPJ=03984862000194 ERROS=0 AVISOS=0
2026-09-10 15:37:50 | INFO | bdc.comercializadoras | Iniciando processamento do arquivo AUREN_24092025.xlsx em modo incremental.
2026-09-10 15:37:50 | INFO | bdc.comercializadoras | Registro normalizado (Entrada: 44, Saída: 48).
2026-09-10 15:37:50 | INFO | bdc.comercializadoras | Iniciando validação unificada do registro. CNPJ=03984862000194
2026-09-10 15:37:50 | INFO | bdc.comercializadoras | Validação concluída. CNPJ=03984862000194 ERROS=0 AVISOS=0
2026-09-10 15:37:51 | INFO | bdc.comercializadoras | Iniciando processamento do arquivo AXIA 24082026.xlsx em modo incremental.
2026-09-10 15:37:51 | INFO | bdc.comercializadoras | Registro normalizado (Entrada: 44, Saída: 48).
2026-09-10 15:37:51 | INFO | bdc.comercializadoras | Iniciando validação unificada do registro. CNPJ=00001180000126
2026-09-10 15:37:51 | INFO | bdc.comercializadoras | Validação concluída. CNPJ=00001180000126 ERROS=0 AVISOS=0
2026-09-10 15:37:51 | INFO | bdc.comercializadoras | Iniciando processamento do arquivo B2R 27_06_2022.xlsx em modo incremental.
2026-09-10 15:37:51 | INFO | bdc.comercializadoras | Registro normalizado (Entrada: 44, Saída: 48).
2026-09-10 15:37:51 | INFO | bdc.comercializadoras | Iniciando validação unificada do registro. CNPJ=32618447000115
2026-09-10 15:37:51 | INFO | bdc.comercializadoras | Validação concluída. CNPJ=32618447000115 ERROS=0 AVISOS=0
2026-09-10 15:37:51 | INFO | bdc.comercializadoras | Iniciando processamento do arquivo B2R ENERGIA_20122021.xlsx em modo incremental.
2026-09-10 15:37:51 | INFO | bdc.comercializadoras | Registro normalizado (Entrada: 44, Saída: 48).
2026-09-10 15:37:51 | INFO | bdc.comercializadoras | Iniciando validação unificada do registro. CNPJ=32618447000115
2026-09-10 15:37:51 | INFO | bdc.comercializadoras | Validação concluída. CNPJ=32618447000115 ERROS=0 AVISOS=0
2026-09-10 15:37:52 | INFO | bdc.comercializadoras | Iniciando processamento do arquivo B2R_06.06.2024.xlsx em modo incremental.
2026-09-10 15:37:52 | INFO | bdc.comercializadoras | Registro normalizado (Entrada: 44, Saída: 48).
2026-09-10 15:37:52 | INFO | bdc.comercializadoras | Iniciando validação unificada do registro. CNPJ=32618447000620
2026-09-10 15:37:52 | INFO | bdc.comercializadoras | Validação concluída. CNPJ=32618447000620 ERROS=0 AVISOS=0
2026-09-10 15:37:52 | INFO | bdc.comercializadoras | Iniciando processamento do arquivo B2R_22.05.2024.xlsx em modo incremental.
2026-09-10 15:37:52 | INFO | bdc.comercializadoras | Registro normalizado (Entrada: 44, Saída: 48).
2026-09-10 15:37:52 | INFO | bdc.comercializadoras | Iniciando validação unificada do registro. CNPJ=32618447000115
2026-09-10 15:37:52 | INFO | bdc.comercializadoras | Validação concluída. CNPJ=32618447000115 ERROS=0 AVISOS=0
2026-09-10 15:37:52 | INFO | bdc.comercializadoras | Iniciando processamento do arquivo BANCO BOCOM BBM 25_05_2022.xlsx em modo incremental.
2026-09-10 15:37:52 | INFO | bdc.comercializadoras | Iniciando processamento do arquivo BANCO BTG PACTUAL (GRUPO) 14_07_2022.xlsx em modo incremental.
2026-09-10 15:37:52 | INFO | bdc.comercializadoras | Iniciando processamento do arquivo BARIGUI_17.05.2024.xlsx em modo incremental.
2026-09-10 15:37:52 | INFO | bdc.comercializadoras | Registro normalizado (Entrada: 44, Saída: 48).
2026-09-10 15:37:52 | INFO | bdc.comercializadoras | Iniciando validação unificada do registro. CNPJ=29993083000149
2026-09-10 15:37:52 | INFO | bdc.comercializadoras | Validação concluída. CNPJ=29993083000149 ERROS=0 AVISOS=0
2026-09-10 15:37:52 | INFO | bdc.comercializadoras | Iniciando processamento do arquivo BARIGUI_17032023.xlsx em modo incremental.
2026-09-10 15:37:53 | INFO | bdc.comercializadoras | Registro normalizado (Entrada: 44, Saída: 48).
2026-09-10 15:37:53 | INFO | bdc.comercializadoras | Iniciando validação unificada do registro. CNPJ=29993083000149
2026-09-10 15:37:53 | INFO | bdc.comercializadoras | Validação concluída. CNPJ=29993083000149 ERROS=0 AVISOS=0
2026-09-10 15:37:53 | INFO | bdc.comercializadoras | Iniciando processamento do arquivo BARRALCOOL 13072026.xlsx em modo incremental.
2026-09-10 15:37:53 | INFO | bdc.comercializadoras | Registro normalizado (Entrada: 44, Saída: 48).
2026-09-10 15:37:53 | INFO | bdc.comercializadoras | Iniciando validação unificada do registro. CNPJ=33664228000135
2026-09-10 15:37:53 | INFO | bdc.comercializadoras | Validação concluída. CNPJ=33664228000135 ERROS=0 AVISOS=0
2026-09-10 15:37:53 | INFO | bdc.comercializadoras | Iniciando processamento do arquivo BC 06_05_2022.xlsx em modo incremental.
2026-09-10 15:37:53 | INFO | bdc.comercializadoras | Registro normalizado (Entrada: 44, Saída: 48).
2026-09-10 15:37:53 | INFO | bdc.comercializadoras | Iniciando validação unificada do registro. CNPJ=18384740000134
2026-09-10 15:37:53 | INFO | bdc.comercializadoras | Validação concluída. CNPJ=18384740000134 ERROS=0 AVISOS=0
2026-09-10 15:37:53 | INFO | bdc.comercializadoras | Iniciando processamento do arquivo BC COMERCIALIZADORA 27032026.xlsx em modo incremental.
2026-09-10 15:37:53 | INFO | bdc.comercializadoras | Registro normalizado (Entrada: 44, Saída: 48).
2026-09-10 15:37:53 | INFO | bdc.comercializadoras | Iniciando validação unificada do registro. CNPJ=18384740000134
2026-09-10 15:37:53 | INFO | bdc.comercializadoras | Validação concluída. CNPJ=18384740000134 ERROS=0 AVISOS=0
2026-09-10 15:37:53 | INFO | bdc.comercializadoras | Iniciando processamento do arquivo BC_05042024.xlsx em modo incremental.
2026-09-10 15:37:54 | INFO | bdc.comercializadoras | Registro normalizado (Entrada: 44, Saída: 48).
2026-09-10 15:37:54 | INFO | bdc.comercializadoras | Iniciando validação unificada do registro. CNPJ=18384740000134
2026-09-10 15:37:54 | INFO | bdc.comercializadoras | Validação concluída. CNPJ=18384740000134 ERROS=0 AVISOS=0
2026-09-10 15:37:54 | INFO | bdc.comercializadoras | Iniciando processamento do arquivo BEM 10062026.xlsx em modo incremental.
2026-09-10 15:37:54 | INFO | bdc.comercializadoras | Registro normalizado (Entrada: 44, Saída: 48).
2026-09-10 15:37:54 | INFO | bdc.comercializadoras | Iniciando validação unificada do registro. CNPJ=23412242000198
2026-09-10 15:37:54 | INFO | bdc.comercializadoras | Validação concluída. CNPJ=23412242000198 ERROS=0 AVISOS=0
2026-09-10 15:37:54 | INFO | bdc.comercializadoras | Iniciando processamento do arquivo BEP 08_06_2022.xlsx em modo incremental.
2026-09-10 15:37:54 | INFO | bdc.comercializadoras | Registro normalizado (Entrada: 44, Saída: 48).
2026-09-10 15:37:54 | INFO | bdc.comercializadoras | Iniciando validação unificada do registro. CNPJ=14555633000170
2026-09-10 15:37:54 | INFO | bdc.comercializadoras | Validação concluída. CNPJ=14555633000170 ERROS=0 AVISOS=0
2026-09-10 15:37:54 | INFO | bdc.comercializadoras | Iniciando processamento do arquivo BEP 09072025 - Copia.xlsx em modo incremental.
2026-09-10 15:37:55 | INFO | bdc.comercializadoras | Registro normalizado (Entrada: 44, Saída: 48).
2026-09-10 15:37:55 | INFO | bdc.comercializadoras | Iniciando validação unificada do registro. CNPJ=14555633000170
2026-09-10 15:37:55 | INFO | bdc.comercializadoras | Validação concluída. CNPJ=14555633000170 ERROS=0 AVISOS=0
2026-09-10 15:37:55 | INFO | bdc.comercializadoras | Iniciando processamento do arquivo BEP 09072025.xlsx em modo incremental.
2026-09-10 15:37:55 | INFO | bdc.comercializadoras | Iniciando processamento do arquivo BEP 31_08_2021.xlsx em modo incremental.
2026-09-10 15:37:55 | INFO | bdc.comercializadoras | Registro normalizado (Entrada: 44, Saída: 48).
2026-09-10 15:37:55 | INFO | bdc.comercializadoras | Iniciando validação unificada do registro. CNPJ=14555633000170
2026-09-10 15:37:55 | INFO | bdc.comercializadoras | Validação concluída. CNPJ=14555633000170 ERROS=0 AVISOS=0
2026-09-10 15:37:55 | INFO | bdc.comercializadoras | Iniciando processamento do arquivo BEP ENERGIA RATING 24032026.xlsx em modo incremental.
2026-09-10 15:37:55 | INFO | bdc.comercializadoras | Registro normalizado (Entrada: 44, Saída: 48).
2026-09-10 15:37:55 | INFO | bdc.comercializadoras | Iniciando validação unificada do registro. CNPJ=14555633000170
2026-09-10 15:37:55 | INFO | bdc.comercializadoras | Validação concluída. CNPJ=14555633000170 ERROS=0 AVISOS=0
2026-09-10 15:37:55 | INFO | bdc.comercializadoras | Iniciando processamento do arquivo BEP_16.05.2024.xlsx em modo incremental.
2026-09-10 15:37:55 | INFO | bdc.comercializadoras | Registro normalizado (Entrada: 44, Saída: 48).
2026-09-10 15:37:55 | INFO | bdc.comercializadoras | Iniciando validação unificada do registro. CNPJ=14555633000170
2026-09-10 15:37:55 | INFO | bdc.comercializadoras | Validação concluída. CNPJ=14555633000170 ERROS=0 AVISOS=0
2026-09-10 15:37:55 | INFO | bdc.comercializadoras | Iniciando processamento do arquivo BEVAP 11082026.xlsx em modo incremental.
2026-09-10 15:37:56 | INFO | bdc.comercializadoras | Registro normalizado (Entrada: 44, Saída: 48).
2026-09-10 15:37:56 | INFO | bdc.comercializadoras | Iniciando validação unificada do registro. CNPJ=08793343000162
2026-09-10 15:37:56 | INFO | bdc.comercializadoras | Validação concluída. CNPJ=08793343000162 ERROS=0 AVISOS=0
2026-09-10 15:37:56 | INFO | bdc.comercializadoras | Iniciando processamento do arquivo BEVAP SA RATING 03032026.xlsx em modo incremental.
2026-09-10 15:37:56 | INFO | bdc.comercializadoras | Registro normalizado (Entrada: 44, Saída: 48).
2026-09-10 15:37:56 | INFO | bdc.comercializadoras | Iniciando validação unificada do registro. CNPJ=08793343000162
2026-09-10 15:37:56 | INFO | bdc.comercializadoras | Validação concluída. CNPJ=08793343000162 ERROS=0 AVISOS=0
2026-09-10 15:37:56 | INFO | bdc.comercializadoras | Iniciando processamento do arquivo BID ENERGY 04_05_2022.xlsx em modo incremental.
2026-09-10 15:37:56 | INFO | bdc.comercializadoras | Registro normalizado (Entrada: 44, Saída: 48).
2026-09-10 15:37:56 | INFO | bdc.comercializadoras | Iniciando validação unificada do registro. CNPJ=14023604000168
2026-09-10 15:37:56 | INFO | bdc.comercializadoras | Validação concluída. CNPJ=14023604000168 ERROS=0 AVISOS=0
2026-09-10 15:37:56 | INFO | bdc.comercializadoras | Iniciando processamento do arquivo BID_12.06.2024.xlsx em modo incremental.
2026-09-10 15:37:56 | INFO | bdc.comercializadoras | Registro normalizado (Entrada: 44, Saída: 48).
2026-09-10 15:37:56 | INFO | bdc.comercializadoras | Iniciando validação unificada do registro. CNPJ=14023604000168
2026-09-10 15:37:56 | INFO | bdc.comercializadoras | Validação concluída. CNPJ=14023604000168 ERROS=0 AVISOS=0
2026-09-10 15:37:57 | INFO | bdc.comercializadoras | Iniciando processamento do arquivo BID_13102023.xlsx em modo incremental.
2026-09-10 15:37:57 | INFO | bdc.comercializadoras | Registro normalizado (Entrada: 44, Saída: 48).
2026-09-10 15:37:57 | INFO | bdc.comercializadoras | Iniciando validação unificada do registro. CNPJ=14023604000168
2026-09-10 15:37:57 | INFO | bdc.comercializadoras | Validação concluída. CNPJ=14023604000168 ERROS=0 AVISOS=0
2026-09-10 15:37:57 | INFO | bdc.comercializadoras | Iniciando processamento do arquivo BIOENERGETICA BOA VISTA RATING 03022026.xlsx em modo incremental.
2026-09-10 15:37:57 | INFO | bdc.comercializadoras | Registro normalizado (Entrada: 44, Saída: 48).
2026-09-10 15:37:57 | INFO | bdc.comercializadoras | Iniciando validação unificada do registro. CNPJ=24222394000190
2026-09-10 15:37:57 | INFO | bdc.comercializadoras | Validação concluída. CNPJ=24222394000190 ERROS=0 AVISOS=0
2026-09-10 15:37:57 | INFO | bdc.comercializadoras | Iniciando processamento do arquivo BIOENERGETICA SANTA CRUZ RATING 02022026.xlsx em modo incremental.
2026-09-10 15:37:57 | INFO | bdc.comercializadoras | Registro normalizado (Entrada: 44, Saída: 48).
2026-09-10 15:37:57 | INFO | bdc.comercializadoras | Iniciando validação unificada do registro. CNPJ=10763227000142
2026-09-10 15:37:57 | INFO | bdc.comercializadoras | Validação concluída. CNPJ=10763227000142 ERROS=0 AVISOS=0
2026-09-10 15:37:57 | INFO | bdc.comercializadoras | Iniciando processamento do arquivo BIOENERGÉTICA SÃO MARTINHO RATING 02022026.xlsx em modo incremental.
2026-09-10 15:37:58 | INFO | bdc.comercializadoras | Registro normalizado (Entrada: 44, Saída: 48).
2026-09-10 15:37:58 | INFO | bdc.comercializadoras | Iniciando validação unificada do registro. CNPJ=12291462000194
2026-09-10 15:37:58 | INFO | bdc.comercializadoras | Validação concluída. CNPJ=12291462000194 ERROS=0 AVISOS=0
2026-09-10 15:37:58 | INFO | bdc.comercializadoras | Iniciando processamento do arquivo BO ENERGY 04_05_2022.xlsx em modo incremental.
2026-09-10 15:37:58 | INFO | bdc.comercializadoras | Registro normalizado (Entrada: 44, Saída: 48).
2026-09-10 15:37:58 | INFO | bdc.comercializadoras | Iniciando validação unificada do registro. CNPJ=12368097000179
2026-09-10 15:37:58 | INFO | bdc.comercializadoras | Validação concluída. CNPJ=12368097000179 ERROS=0 AVISOS=0
2026-09-10 15:37:58 | INFO | bdc.comercializadoras | Iniciando processamento do arquivo BOENERGY_08052023.xlsx em modo incremental.
2026-09-10 15:37:58 | INFO | bdc.comercializadoras | Registro normalizado (Entrada: 44, Saída: 48).
2026-09-10 15:37:58 | INFO | bdc.comercializadoras | Iniciando validação unificada do registro. CNPJ=12368097000179
2026-09-10 15:37:58 | INFO | bdc.comercializadoras | Validação concluída. CNPJ=12368097000179 ERROS=0 AVISOS=0
2026-09-10 15:37:58 | INFO | bdc.comercializadoras | Iniciando processamento do arquivo BOLT 05092023.xlsx em modo incremental.
2026-09-10 15:37:58 | INFO | bdc.comercializadoras | Registro normalizado (Entrada: 44, Saída: 48).
2026-09-10 15:37:58 | INFO | bdc.comercializadoras | Iniciando validação unificada do registro. CNPJ=13700609000115
2026-09-10 15:37:58 | INFO | bdc.comercializadoras | Validação concluída. CNPJ=13700609000115 ERROS=0 AVISOS=0
2026-09-10 15:37:58 | INFO | bdc.comercializadoras | Iniciando processamento do arquivo BOLT 06_06_2022.xlsx em modo incremental.
2026-09-10 15:37:59 | INFO | bdc.comercializadoras | Registro normalizado (Entrada: 44, Saída: 48).
2026-09-10 15:37:59 | INFO | bdc.comercializadoras | Iniciando validação unificada do registro. CNPJ=13700609000115
2026-09-10 15:37:59 | INFO | bdc.comercializadoras | Validação concluída. CNPJ=13700609000115 ERROS=0 AVISOS=0
2026-09-10 15:37:59 | INFO | bdc.comercializadoras | Iniciando processamento do arquivo BOLT_01_09_2021.xlsx em modo incremental.
2026-09-10 15:37:59 | INFO | bdc.comercializadoras | Registro normalizado (Entrada: 44, Saída: 48).
2026-09-10 15:37:59 | INFO | bdc.comercializadoras | Iniciando validação unificada do registro. CNPJ=13700609000115
2026-09-10 15:37:59 | INFO | bdc.comercializadoras | Validação concluída. CNPJ=13700609000115 ERROS=0 AVISOS=0
2026-09-10 15:37:59 | INFO | bdc.comercializadoras | Iniciando processamento do arquivo BOLT_17.05.2024.xlsx em modo incremental.
2026-09-10 15:37:59 | INFO | bdc.comercializadoras | Registro normalizado (Entrada: 44, Saída: 48).
2026-09-10 15:37:59 | INFO | bdc.comercializadoras | Iniciando validação unificada do registro. CNPJ=13700609000115
2026-09-10 15:37:59 | INFO | bdc.comercializadoras | Validação concluída. CNPJ=13700609000115 ERROS=0 AVISOS=0
2026-09-10 15:37:59 | INFO | bdc.comercializadoras | Iniciando processamento do arquivo BOLT_2024.xlsx em modo incremental.
2026-09-10 15:37:59 | INFO | bdc.comercializadoras | Registro normalizado (Entrada: 44, Saída: 48).
2026-09-10 15:37:59 | INFO | bdc.comercializadoras | Iniciando validação unificada do registro. CNPJ=13700609000115
2026-09-10 15:37:59 | INFO | bdc.comercializadoras | Validação concluída. CNPJ=13700609000115 ERROS=0 AVISOS=0
2026-09-10 15:37:59 | INFO | bdc.comercializadoras | Iniciando processamento do arquivo BOREAL 17_05_2022.xlsx em modo incremental.
2026-09-10 15:38:00 | INFO | bdc.comercializadoras | Registro normalizado (Entrada: 44, Saída: 48).
2026-09-10 15:38:00 | INFO | bdc.comercializadoras | Iniciando validação unificada do registro. CNPJ=30195195000133
2026-09-10 15:38:00 | INFO | bdc.comercializadoras | Validação concluída. CNPJ=30195195000133 ERROS=0 AVISOS=0
2026-09-10 15:38:00 | INFO | bdc.comercializadoras | Iniciando processamento do arquivo BOREAL_01_09_2021.xlsx em modo incremental.
2026-09-10 15:38:00 | INFO | bdc.comercializadoras | Registro normalizado (Entrada: 44, Saída: 48).
2026-09-10 15:38:00 | INFO | bdc.comercializadoras | Iniciando validação unificada do registro. CNPJ=30195195000133
2026-09-10 15:38:00 | INFO | bdc.comercializadoras | Validação concluída. CNPJ=30195195000133 ERROS=0 AVISOS=0
2026-09-10 15:38:00 | INFO | bdc.comercializadoras | Iniciando processamento do arquivo BOVEN 27_06_2022.xlsx em modo incremental.
2026-09-10 15:38:00 | INFO | bdc.comercializadoras | Registro normalizado (Entrada: 44, Saída: 48).
2026-09-10 15:38:00 | INFO | bdc.comercializadoras | Iniciando validação unificada do registro. CNPJ=14609649000119
2026-09-10 15:38:00 | INFO | bdc.comercializadoras | Validação concluída. CNPJ=14609649000119 ERROS=0 AVISOS=0
2026-09-10 15:38:00 | INFO | bdc.comercializadoras | Iniciando processamento do arquivo BOVEN 28032024.xlsx em modo incremental.
2026-09-10 15:38:01 | INFO | bdc.comercializadoras | Registro normalizado (Entrada: 44, Saída: 48).
2026-09-10 15:38:01 | INFO | bdc.comercializadoras | Iniciando validação unificada do registro. CNPJ=14609649000119
2026-09-10 15:38:01 | INFO | bdc.comercializadoras | Validação concluída. CNPJ=14609649000119 ERROS=0 AVISOS=0
2026-09-10 15:38:01 | INFO | bdc.comercializadoras | Iniciando processamento do arquivo BP COM_04_10_2021.xlsx em modo incremental.
2026-09-10 15:38:01 | INFO | bdc.comercializadoras | Registro normalizado (Entrada: 44, Saída: 48).
2026-09-10 15:38:01 | INFO | bdc.comercializadoras | Iniciando validação unificada do registro. CNPJ=31864869000108
2026-09-10 15:38:01 | INFO | bdc.comercializadoras | Validação concluída. CNPJ=31864869000108 ERROS=0 AVISOS=0
2026-09-10 15:38:01 | INFO | bdc.comercializadoras | Iniciando processamento do arquivo BP Comercializadora_28_01_2022.xlsx em modo incremental.
2026-09-10 15:38:01 | INFO | bdc.comercializadoras | Registro normalizado (Entrada: 44, Saída: 48).
2026-09-10 15:38:01 | INFO | bdc.comercializadoras | Iniciando validação unificada do registro. CNPJ=31864869000108
2026-09-10 15:38:01 | INFO | bdc.comercializadoras | Validação concluída. CNPJ=31864869000108 ERROS=0 AVISOS=0
2026-09-10 15:38:01 | INFO | bdc.comercializadoras | Iniciando processamento do arquivo BP ENERGIA_23.07.2024.xlsx em modo incremental.
2026-09-10 15:38:01 | INFO | bdc.comercializadoras | Registro normalizado (Entrada: 44, Saída: 48).
2026-09-10 15:38:01 | INFO | bdc.comercializadoras | Iniciando validação unificada do registro. CNPJ=31864869000108
2026-09-10 15:38:01 | INFO | bdc.comercializadoras | Validação concluída. CNPJ=31864869000108 ERROS=0 AVISOS=0
2026-09-10 15:38:01 | INFO | bdc.comercializadoras | Iniciando processamento do arquivo BR ENERGIAS RATING 03022026.xlsx em modo incremental.
2026-09-10 15:38:02 | INFO | bdc.comercializadoras | Registro normalizado (Entrada: 44, Saída: 48).
2026-09-10 15:38:02 | INFO | bdc.comercializadoras | Iniciando validação unificada do registro. CNPJ=07416174000189
2026-09-10 15:38:02 | INFO | bdc.comercializadoras | Validação concluída. CNPJ=07416174000189 ERROS=0 AVISOS=0
2026-09-10 15:38:02 | INFO | bdc.comercializadoras | Iniciando processamento do arquivo BRADESCO 04072025.xlsx em modo incremental.
2026-09-10 15:38:02 | INFO | bdc.comercializadoras | Registro normalizado (Entrada: 44, Saída: 48).
2026-09-10 15:38:02 | INFO | bdc.comercializadoras | Iniciando validação unificada do registro. CNPJ=07131859000189
2026-09-10 15:38:02 | INFO | bdc.comercializadoras | Validação concluída. CNPJ=07131859000189 ERROS=0 AVISOS=0
2026-09-10 15:38:02 | INFO | bdc.comercializadoras | Iniciando processamento do arquivo BRADESCO 30072026.xlsx em modo incremental.
2026-09-10 15:38:02 | INFO | bdc.comercializadoras | Registro normalizado (Entrada: 44, Saída: 48).
2026-09-10 15:38:02 | INFO | bdc.comercializadoras | Iniciando validação unificada do registro. CNPJ=07131859000189
2026-09-10 15:38:02 | INFO | bdc.comercializadoras | Validação concluída. CNPJ=07131859000189 ERROS=0 AVISOS=0
2026-09-10 15:38:02 | INFO | bdc.comercializadoras | Iniciando processamento do arquivo BRASIL COM 11_07_2022.xlsx em modo incremental.
2026-09-10 15:38:03 | INFO | bdc.comercializadoras | Registro normalizado (Entrada: 44, Saída: 48).
2026-09-10 15:38:03 | INFO | bdc.comercializadoras | Iniciando validação unificada do registro. CNPJ=13145928000106
2026-09-10 15:38:03 | INFO | bdc.comercializadoras | Validação concluída. CNPJ=13145928000106 ERROS=0 AVISOS=0
2026-09-10 15:38:03 | INFO | bdc.comercializadoras | Iniciando processamento do arquivo BRASIL COM_11_06_2021.xlsx em modo incremental.
2026-09-10 15:38:03 | INFO | bdc.comercializadoras | Registro normalizado (Entrada: 44, Saída: 48).
2026-09-10 15:38:03 | INFO | bdc.comercializadoras | Iniciando validação unificada do registro. CNPJ=13145928000106
2026-09-10 15:38:03 | INFO | bdc.comercializadoras | Validação concluída. CNPJ=13145928000106 ERROS=0 AVISOS=0
2026-09-10 15:38:03 | INFO | bdc.comercializadoras | Iniciando processamento do arquivo BRASIL COM_18_04_2023.xlsx em modo incremental.
2026-09-10 15:38:03 | INFO | bdc.comercializadoras | Registro normalizado (Entrada: 44, Saída: 48).
2026-09-10 15:38:03 | INFO | bdc.comercializadoras | Iniciando validação unificada do registro. CNPJ=13145928000106
2026-09-10 15:38:03 | INFO | bdc.comercializadoras | Validação concluída. CNPJ=13145928000106 ERROS=0 AVISOS=0
2026-09-10 15:38:03 | INFO | bdc.comercializadoras | Iniciando processamento do arquivo BRASIL SERVICOS_08_06_2021.xlsx em modo incremental.
2026-09-10 15:38:03 | INFO | bdc.comercializadoras | Registro normalizado (Entrada: 44, Saída: 48).
2026-09-10 15:38:03 | INFO | bdc.comercializadoras | Iniciando validação unificada do registro. CNPJ=30929117000115
2026-09-10 15:38:03 | INFO | bdc.comercializadoras | Validação concluída. CNPJ=30929117000115 ERROS=0 AVISOS=0
2026-09-10 15:38:03 | INFO | bdc.comercializadoras | Iniciando processamento do arquivo BRASIL Serviços_18042023.xlsx em modo incremental.
2026-09-10 15:38:04 | INFO | bdc.comercializadoras | Registro normalizado (Entrada: 44, Saída: 48).
2026-09-10 15:38:04 | INFO | bdc.comercializadoras | Iniciando validação unificada do registro. CNPJ=30929117000115
2026-09-10 15:38:04 | INFO | bdc.comercializadoras | Validação concluída. CNPJ=30929117000115 ERROS=0 AVISOS=0
2026-09-10 15:38:04 | INFO | bdc.comercializadoras | Iniciando processamento do arquivo BRASKEN 19 04 2024.xlsx em modo incremental.
2026-09-10 15:38:04 | INFO | bdc.comercializadoras | Registro normalizado (Entrada: 44, Saída: 48).
2026-09-10 15:38:04 | INFO | bdc.comercializadoras | Iniciando validação unificada do registro. CNPJ=37543498000149
2026-09-10 15:38:04 | INFO | bdc.comercializadoras | Validação concluída. CNPJ=37543498000149 ERROS=0 AVISOS=0
2026-09-10 15:38:04 | INFO | bdc.comercializadoras | Iniciando processamento do arquivo BRAVO 08052026.xlsx em modo incremental.
2026-09-10 15:38:04 | INFO | bdc.comercializadoras | Registro normalizado (Entrada: 44, Saída: 48).
2026-09-10 15:38:04 | INFO | bdc.comercializadoras | Iniciando validação unificada do registro. CNPJ=31512081000132
2026-09-10 15:38:04 | INFO | bdc.comercializadoras | Validação concluída. CNPJ=31512081000132 ERROS=0 AVISOS=0
2026-09-10 15:38:04 | INFO | bdc.comercializadoras | Iniciando processamento do arquivo BRAVO 11042024.xlsx em modo incremental.
2026-09-10 15:38:04 | INFO | bdc.comercializadoras | Registro normalizado (Entrada: 44, Saída: 48).
2026-09-10 15:38:04 | INFO | bdc.comercializadoras | Iniciando validação unificada do registro. CNPJ=31512081000132
2026-09-10 15:38:04 | INFO | bdc.comercializadoras | Validação concluída. CNPJ=31512081000132 ERROS=0 AVISOS=0
2026-09-10 15:38:04 | INFO | bdc.comercializadoras | Iniciando processamento do arquivo BRAVO_25_10_2021.xlsx em modo incremental.
2026-09-10 15:38:05 | INFO | bdc.comercializadoras | Registro normalizado (Entrada: 44, Saída: 48).
2026-09-10 15:38:05 | INFO | bdc.comercializadoras | Iniciando validação unificada do registro. CNPJ=31512081000132
2026-09-10 15:38:05 | INFO | bdc.comercializadoras | Validação concluída. CNPJ=31512081000132 ERROS=0 AVISOS=0
2026-09-10 15:38:05 | INFO | bdc.comercializadoras | Iniciando processamento do arquivo BRAVO_26052023.xlsx em modo incremental.
2026-09-10 15:38:05 | INFO | bdc.comercializadoras | Registro normalizado (Entrada: 44, Saída: 48).
2026-09-10 15:38:05 | INFO | bdc.comercializadoras | Iniciando validação unificada do registro. CNPJ=31512081000132
2026-09-10 15:38:05 | INFO | bdc.comercializadoras | Validação concluída. CNPJ=31512081000132 ERROS=0 AVISOS=0
2026-09-10 15:38:05 | INFO | bdc.comercializadoras | Iniciando processamento do arquivo BRF Energia 15072025.xlsx em modo incremental.
2026-09-10 15:38:05 | INFO | bdc.comercializadoras | Registro normalizado (Entrada: 44, Saída: 48).
2026-09-10 15:38:05 | INFO | bdc.comercializadoras | Iniciando validação unificada do registro. CNPJ=05449127000106
2026-09-10 15:38:05 | INFO | bdc.comercializadoras | Validação concluída. CNPJ=05449127000106 ERROS=0 AVISOS=0
2026-09-10 15:38:05 | INFO | bdc.comercializadoras | Iniciando processamento do arquivo BROOKFIELD_01_09_2021.xlsx em modo incremental.
2026-09-10 15:38:05 | INFO | bdc.comercializadoras | Registro normalizado (Entrada: 44, Saída: 48).
2026-09-10 15:38:05 | INFO | bdc.comercializadoras | Iniciando validação unificada do registro. CNPJ=03780401000108
2026-09-10 15:38:05 | INFO | bdc.comercializadoras | Validação concluída. CNPJ=03780401000108 ERROS=0 AVISOS=0
2026-09-10 15:38:05 | INFO | bdc.comercializadoras | Iniciando processamento do arquivo BROOKFILD 04_05_2022.xlsx em modo incremental.
2026-09-10 15:38:06 | INFO | bdc.comercializadoras | Registro normalizado (Entrada: 44, Saída: 48).
2026-09-10 15:38:06 | INFO | bdc.comercializadoras | Iniciando validação unificada do registro. CNPJ=03780401000108
2026-09-10 15:38:06 | INFO | bdc.comercializadoras | Validação concluída. CNPJ=03780401000108 ERROS=0 AVISOS=0
2026-09-10 15:38:06 | INFO | bdc.comercializadoras | Iniciando processamento do arquivo BTG 01102024.xlsx em modo incremental.
2026-09-10 15:38:06 | INFO | bdc.comercializadoras | Registro normalizado (Entrada: 44, Saída: 48).
2026-09-10 15:38:06 | INFO | bdc.comercializadoras | Iniciando validação unificada do registro. CNPJ=30306294000226
2026-09-10 15:38:06 | INFO | bdc.comercializadoras | Validação concluída. CNPJ=30306294000226 ERROS=0 AVISOS=0
2026-09-10 15:38:06 | INFO | bdc.comercializadoras | Iniciando processamento do arquivo BTG 15102025.xlsx em modo incremental.
2026-09-10 15:38:06 | INFO | bdc.comercializadoras | Registro normalizado (Entrada: 44, Saída: 48).
2026-09-10 15:38:06 | INFO | bdc.comercializadoras | Iniciando validação unificada do registro. CNPJ=07133522000100
2026-09-10 15:38:06 | INFO | bdc.comercializadoras | Validação concluída. CNPJ=07133522000100 ERROS=0 AVISOS=0
2026-09-10 15:38:06 | INFO | bdc.comercializadoras | Iniciando processamento do arquivo BTG PACTUAL (BANCO)_08-11_2021.xlsx em modo incremental.
2026-09-10 15:38:06 | INFO | bdc.comercializadoras | Iniciando processamento do arquivo BTG_05092023.xlsx em modo incremental.
2026-09-10 15:38:07 | INFO | bdc.comercializadoras | Registro normalizado (Entrada: 44, Saída: 48).
2026-09-10 15:38:07 | INFO | bdc.comercializadoras | Iniciando validação unificada do registro. CNPJ=30306294000145
2026-09-10 15:38:07 | INFO | bdc.comercializadoras | Validação concluída. CNPJ=30306294000145 ERROS=0 AVISOS=0
2026-09-10 15:38:07 | INFO | bdc.comercializadoras | Iniciando processamento do arquivo BTG_29.07.2024.xlsx em modo incremental.
2026-09-10 15:38:07 | INFO | bdc.comercializadoras | Registro normalizado (Entrada: 44, Saída: 48).
2026-09-10 15:38:07 | INFO | bdc.comercializadoras | Iniciando validação unificada do registro. CNPJ=48400908000119
2026-09-10 15:38:07 | INFO | bdc.comercializadoras | Validação concluída. CNPJ=48400908000119 ERROS=0 AVISOS=0
2026-09-10 15:38:07 | INFO | bdc.comercializadoras | Iniciando processamento do arquivo Banco ABC 05092023.xlsx em modo incremental.
2026-09-10 15:38:07 | INFO | bdc.comercializadoras | Registro normalizado (Entrada: 44, Saída: 48).
2026-09-10 15:38:07 | INFO | bdc.comercializadoras | Iniciando validação unificada do registro. CNPJ=29198324000168
2026-09-10 15:38:07 | INFO | bdc.comercializadoras | Validação concluída. CNPJ=29198324000168 ERROS=0 AVISOS=0
2026-09-10 15:38:07 | INFO | bdc.comercializadoras | Iniciando processamento do arquivo Bravo_2024 (Salvo automaticamente).xlsx em modo incremental.
2026-09-10 15:38:08 | INFO | bdc.comercializadoras | Registro normalizado (Entrada: 44, Saída: 48).
2026-09-10 15:38:08 | INFO | bdc.comercializadoras | Iniciando validação unificada do registro. CNPJ=31512081000132
2026-09-10 15:38:08 | INFO | bdc.comercializadoras | Validação concluída. CNPJ=31512081000132 ERROS=0 AVISOS=0
2026-09-10 15:38:08 | INFO | bdc.comercializadoras | Iniciando processamento do arquivo Bravo_2024.xlsx em modo incremental.
2026-09-10 15:38:08 | INFO | bdc.comercializadoras | Registro normalizado (Entrada: 44, Saída: 48).
2026-09-10 15:38:08 | INFO | bdc.comercializadoras | Iniciando validação unificada do registro. CNPJ=None
2026-09-10 15:38:08 | INFO | bdc.comercializadoras | Validação concluída. CNPJ=None ERROS=1 AVISOS=0
2026-09-10 15:38:08 | WARNING | bdc.comercializadoras | Erros de validação para CNPJ=None: ['GATE_ENGINE ausente: CNPJ']
2026-09-10 15:38:08 | INFO | bdc.comercializadoras | Iniciando processamento do arquivo CANADIAN 08062026.xlsx em modo incremental.
2026-09-10 15:38:08 | INFO | bdc.comercializadoras | Registro normalizado (Entrada: 44, Saída: 48).
2026-09-10 15:38:08 | INFO | bdc.comercializadoras | Iniciando validação unificada do registro. CNPJ=26215280000149
2026-09-10 15:38:08 | INFO | bdc.comercializadoras | Validação concluída. CNPJ=26215280000149 ERROS=0 AVISOS=0
2026-09-10 15:38:08 | INFO | bdc.comercializadoras | Iniciando processamento do arquivo CANADIAN RARTING 26022026.xlsx em modo incremental.
2026-09-10 15:38:09 | INFO | bdc.comercializadoras | Registro normalizado (Entrada: 44, Saída: 48).
2026-09-10 15:38:09 | INFO | bdc.comercializadoras | Iniciando validação unificada do registro. CNPJ=None
2026-09-10 15:38:09 | INFO | bdc.comercializadoras | Validação concluída. CNPJ=None ERROS=1 AVISOS=0
2026-09-10 15:38:09 | WARNING | bdc.comercializadoras | Erros de validação para CNPJ=None: ['GATE_ENGINE ausente: CNPJ']
2026-09-10 15:38:09 | INFO | bdc.comercializadoras | Iniciando processamento do arquivo CANADIAN RATING 21012026.xlsx em modo incremental.
2026-09-10 15:38:09 | INFO | bdc.comercializadoras | Registro normalizado (Entrada: 44, Saída: 48).
2026-09-10 15:38:09 | INFO | bdc.comercializadoras | Iniciando validação unificada do registro. CNPJ=17302990000115
2026-09-10 15:38:09 | INFO | bdc.comercializadoras | Validação concluída. CNPJ=17302990000115 ERROS=0 AVISOS=0
2026-09-10 15:38:09 | INFO | bdc.comercializadoras | Iniciando processamento do arquivo CANADIAN SOLAR_06_10_2022.xlsx em modo incremental.
2026-09-10 15:38:09 | INFO | bdc.comercializadoras | Iniciando processamento do arquivo CANADIAN_17042023.xlsx em modo incremental.
2026-09-10 15:38:09 | INFO | bdc.comercializadoras | Registro normalizado (Entrada: 44, Saída: 48).
2026-09-10 15:38:09 | INFO | bdc.comercializadoras | Iniciando validação unificada do registro. CNPJ=None
2026-09-10 15:38:09 | INFO | bdc.comercializadoras | Validação concluída. CNPJ=None ERROS=1 AVISOS=0
2026-09-10 15:38:09 | WARNING | bdc.comercializadoras | Erros de validação para CNPJ=None: ['GATE_ENGINE ausente: CNPJ']
2026-09-10 15:38:09 | INFO | bdc.comercializadoras | Iniciando processamento do arquivo CAPITALE 01102025.xlsx em modo incremental.
2026-09-10 15:38:10 | INFO | bdc.comercializadoras | Registro normalizado (Entrada: 44, Saída: 48).
2026-09-10 15:38:10 | INFO | bdc.comercializadoras | Iniciando validação unificada do registro. CNPJ=11599292000147
2026-09-10 15:38:10 | INFO | bdc.comercializadoras | Validação concluída. CNPJ=11599292000147 ERROS=0 AVISOS=0
2026-09-10 15:38:10 | INFO | bdc.comercializadoras | Iniciando processamento do arquivo CAPITALE 27032026.xlsx em modo incremental.
2026-09-10 15:38:10 | INFO | bdc.comercializadoras | Registro normalizado (Entrada: 44, Saída: 48).
2026-09-10 15:38:10 | INFO | bdc.comercializadoras | Iniciando validação unificada do registro. CNPJ=11599292000147
2026-09-10 15:38:10 | INFO | bdc.comercializadoras | Validação concluída. CNPJ=11599292000147 ERROS=0 AVISOS=0
2026-09-10 15:38:10 | INFO | bdc.comercializadoras | Iniciando processamento do arquivo CAPITALE 28052026.xlsx em modo incremental.
2026-09-10 15:38:10 | INFO | bdc.comercializadoras | Registro normalizado (Entrada: 44, Saída: 48).
2026-09-10 15:38:10 | INFO | bdc.comercializadoras | Iniciando validação unificada do registro. CNPJ=11599292000147
2026-09-10 15:38:10 | INFO | bdc.comercializadoras | Validação concluída. CNPJ=11599292000147 ERROS=0 AVISOS=0
2026-09-10 15:38:10 | INFO | bdc.comercializadoras | Iniciando processamento do arquivo CAPITALE 30_05_2022.xlsx em modo incremental.
2026-09-10 15:38:11 | INFO | bdc.comercializadoras | Registro normalizado (Entrada: 44, Saída: 48).
2026-09-10 15:38:11 | INFO | bdc.comercializadoras | Iniciando validação unificada do registro. CNPJ=11599292000147
2026-09-10 15:38:11 | INFO | bdc.comercializadoras | Validação concluída. CNPJ=11599292000147 ERROS=0 AVISOS=0
2026-09-10 15:38:11 | INFO | bdc.comercializadoras | Iniciando processamento do arquivo CAPITALE_16062023.xlsx em modo incremental.
2026-09-10 15:38:11 | INFO | bdc.comercializadoras | Registro normalizado (Entrada: 44, Saída: 48).
2026-09-10 15:38:11 | INFO | bdc.comercializadoras | Iniciando validação unificada do registro. CNPJ=11599292000147
2026-09-10 15:38:11 | INFO | bdc.comercializadoras | Validação concluída. CNPJ=11599292000147 ERROS=0 AVISOS=0
2026-09-10 15:38:11 | INFO | bdc.comercializadoras | Iniciando processamento do arquivo CAPITALE_26.06.2024.xlsx em modo incremental.
2026-09-10 15:38:11 | INFO | bdc.comercializadoras | Registro normalizado (Entrada: 44, Saída: 48).
2026-09-10 15:38:11 | INFO | bdc.comercializadoras | Iniciando validação unificada do registro. CNPJ=11599292000147
2026-09-10 15:38:11 | INFO | bdc.comercializadoras | Validação concluída. CNPJ=11599292000147 ERROS=0 AVISOS=0
2026-09-10 15:38:11 | INFO | bdc.comercializadoras | Iniciando processamento do arquivo CASA DOS VENTOS 03 05 2024.xlsx em modo incremental.
2026-09-10 15:38:11 | INFO | bdc.comercializadoras | Registro normalizado (Entrada: 44, Saída: 48).
2026-09-10 15:38:11 | INFO | bdc.comercializadoras | Iniciando validação unificada do registro. CNPJ=33933760000100
2026-09-10 15:38:11 | INFO | bdc.comercializadoras | Validação concluída. CNPJ=33933760000100 ERROS=0 AVISOS=0
2026-09-10 15:38:11 | INFO | bdc.comercializadoras | Iniciando processamento do arquivo CASA DOS VENTOS 08_06_2022.xlsx em modo incremental.
2026-09-10 15:38:12 | INFO | bdc.comercializadoras | Registro normalizado (Entrada: 44, Saída: 48).
2026-09-10 15:38:12 | INFO | bdc.comercializadoras | Iniciando validação unificada do registro. CNPJ=33933760000100
2026-09-10 15:38:12 | INFO | bdc.comercializadoras | Validação concluída. CNPJ=33933760000100 ERROS=0 AVISOS=0
2026-09-10 15:38:12 | INFO | bdc.comercializadoras | Iniciando processamento do arquivo CASA DOS VENTOS 30072026.xlsx em modo incremental.
2026-09-10 15:38:12 | INFO | bdc.comercializadoras | Registro normalizado (Entrada: 44, Saída: 48).
2026-09-10 15:38:12 | INFO | bdc.comercializadoras | Iniciando validação unificada do registro. CNPJ=33933760000100
2026-09-10 15:38:12 | INFO | bdc.comercializadoras | Validação concluída. CNPJ=33933760000100 ERROS=0 AVISOS=0
2026-09-10 15:38:12 | INFO | bdc.comercializadoras | Iniciando processamento do arquivo CASA DOS VENTOS RATING 29102025.xlsx em modo incremental.
2026-09-10 15:38:12 | INFO | bdc.comercializadoras | Registro normalizado (Entrada: 44, Saída: 48).
2026-09-10 15:38:12 | INFO | bdc.comercializadoras | Iniciando validação unificada do registro. CNPJ=33933760000100
2026-09-10 15:38:12 | INFO | bdc.comercializadoras | Validação concluída. CNPJ=33933760000100 ERROS=0 AVISOS=0
2026-09-10 15:38:12 | INFO | bdc.comercializadoras | Iniciando processamento do arquivo CASA_DOS_VENTOS_11082023.xlsx em modo incremental.
2026-09-10 15:38:13 | INFO | bdc.comercializadoras | Registro normalizado (Entrada: 44, Saída: 48).
2026-09-10 15:38:13 | INFO | bdc.comercializadoras | Iniciando validação unificada do registro. CNPJ=33933760000100
2026-09-10 15:38:13 | INFO | bdc.comercializadoras | Validação concluída. CNPJ=33933760000100 ERROS=0 AVISOS=0
2026-09-10 15:38:13 | INFO | bdc.comercializadoras | Iniciando processamento do arquivo CASTROLANDA 01042024.xlsx em modo incremental.
2026-09-10 15:38:13 | INFO | bdc.comercializadoras | Registro normalizado (Entrada: 44, Saída: 48).
2026-09-10 15:38:13 | INFO | bdc.comercializadoras | Iniciando validação unificada do registro. CNPJ=76108349003200
2026-09-10 15:38:13 | INFO | bdc.comercializadoras | Validação concluída. CNPJ=76108349003200 ERROS=0 AVISOS=0
2026-09-10 15:38:13 | INFO | bdc.comercializadoras | Iniciando processamento do arquivo CASTROLANDA 10122025.xlsx em modo incremental.
2026-09-10 15:38:13 | INFO | bdc.comercializadoras | Registro normalizado (Entrada: 44, Saída: 48).
2026-09-10 15:38:13 | INFO | bdc.comercializadoras | Iniciando validação unificada do registro. CNPJ=76108349003200
2026-09-10 15:38:13 | INFO | bdc.comercializadoras | Validação concluída. CNPJ=76108349003200 ERROS=0 AVISOS=0
2026-09-10 15:38:13 | INFO | bdc.comercializadoras | Iniciando processamento do arquivo CDVSA 12082026.xlsx em modo incremental.
2026-09-10 15:38:13 | INFO | bdc.comercializadoras | Registro normalizado (Entrada: 44, Saída: 48).
2026-09-10 15:38:13 | INFO | bdc.comercializadoras | Iniciando validação unificada do registro. CNPJ=None
2026-09-10 15:38:13 | INFO | bdc.comercializadoras | Validação concluída. CNPJ=None ERROS=1 AVISOS=0
2026-09-10 15:38:13 | WARNING | bdc.comercializadoras | Erros de validação para CNPJ=None: ['GATE_ENGINE ausente: CNPJ']
2026-09-10 15:38:13 | INFO | bdc.comercializadoras | Iniciando processamento do arquivo CDV_SIMULACAO.xlsx em modo incremental.
2026-09-10 15:38:14 | INFO | bdc.comercializadoras | Registro normalizado (Entrada: 44, Saída: 48).
2026-09-10 15:38:14 | INFO | bdc.comercializadoras | Iniciando validação unificada do registro. CNPJ=None
2026-09-10 15:38:14 | INFO | bdc.comercializadoras | Validação concluída. CNPJ=None ERROS=1 AVISOS=0
2026-09-10 15:38:14 | WARNING | bdc.comercializadoras | Erros de validação para CNPJ=None: ['GATE_ENGINE ausente: CNPJ']
2026-09-10 15:38:14 | INFO | bdc.comercializadoras | Iniciando processamento do arquivo CEEE 14042026.xlsx em modo incremental.
2026-09-10 15:38:14 | INFO | bdc.comercializadoras | Registro normalizado (Entrada: 44, Saída: 48).
2026-09-10 15:38:14 | INFO | bdc.comercializadoras | Iniciando validação unificada do registro. CNPJ=39881421000104
2026-09-10 15:38:14 | INFO | bdc.comercializadoras | Validação concluída. CNPJ=39881421000104 ERROS=0 AVISOS=0
2026-09-10 15:38:14 | INFO | bdc.comercializadoras | Iniciando processamento do arquivo CEESAM 23072026.xlsx em modo incremental.
2026-09-10 15:38:14 | INFO | bdc.comercializadoras | Registro normalizado (Entrada: 44, Saída: 48).
2026-09-10 15:38:14 | INFO | bdc.comercializadoras | Iniciando validação unificada do registro. CNPJ=None
2026-09-10 15:38:14 | INFO | bdc.comercializadoras | Validação concluída. CNPJ=None ERROS=1 AVISOS=0
2026-09-10 15:38:14 | WARNING | bdc.comercializadoras | Erros de validação para CNPJ=None: ['GATE_ENGINE ausente: CNPJ']
2026-09-10 15:38:14 | INFO | bdc.comercializadoras | Iniciando processamento do arquivo CEI 10092025.xlsx em modo incremental.
2026-09-10 15:38:15 | INFO | bdc.comercializadoras | Registro normalizado (Entrada: 44, Saída: 48).
2026-09-10 15:38:15 | INFO | bdc.comercializadoras | Iniciando validação unificada do registro. CNPJ=32234363000188
2026-09-10 15:38:15 | INFO | bdc.comercializadoras | Validação concluída. CNPJ=32234363000188 ERROS=0 AVISOS=0
2026-09-10 15:38:15 | INFO | bdc.comercializadoras | Iniciando processamento do arquivo CEI COMERCIALIZADORA 17082026.xlsx em modo incremental.
2026-09-10 15:38:15 | INFO | bdc.comercializadoras | Registro normalizado (Entrada: 44, Saída: 48).
2026-09-10 15:38:15 | INFO | bdc.comercializadoras | Iniciando validação unificada do registro. CNPJ=32234363000188
2026-09-10 15:38:15 | INFO | bdc.comercializadoras | Validação concluída. CNPJ=32234363000188 ERROS=0 AVISOS=0
2026-09-10 15:38:15 | INFO | bdc.comercializadoras | Iniciando processamento do arquivo CEI ENERGETICA 17082026.xlsx em modo incremental.
2026-09-10 15:38:15 | INFO | bdc.comercializadoras | Registro normalizado (Entrada: 44, Saída: 48).
2026-09-10 15:38:15 | INFO | bdc.comercializadoras | Iniciando validação unificada do registro. CNPJ=32234363000188
2026-09-10 15:38:15 | INFO | bdc.comercializadoras | Validação concluída. CNPJ=32234363000188 ERROS=0 AVISOS=0
2026-09-10 15:38:15 | INFO | bdc.comercializadoras | Iniciando processamento do arquivo CELESC 11_05_2022.xlsx em modo incremental.
2026-09-10 15:38:16 | INFO | bdc.comercializadoras | Registro normalizado (Entrada: 44, Saída: 48).
2026-09-10 15:38:16 | INFO | bdc.comercializadoras | Iniciando validação unificada do registro. CNPJ=03953509000147
2026-09-10 15:38:16 | INFO | bdc.comercializadoras | Validação concluída. CNPJ=03953509000147 ERROS=0 AVISOS=0
2026-09-10 15:38:16 | INFO | bdc.comercializadoras | Iniciando processamento do arquivo CELESC Geração 28052026.xlsx em modo incremental.
2026-09-10 15:38:16 | INFO | bdc.comercializadoras | Registro normalizado (Entrada: 44, Saída: 48).
2026-09-10 15:38:16 | INFO | bdc.comercializadoras | Iniciando validação unificada do registro. CNPJ=08336804000178
2026-09-10 15:38:16 | INFO | bdc.comercializadoras | Validação concluída. CNPJ=08336804000178 ERROS=0 AVISOS=0
2026-09-10 15:38:16 | INFO | bdc.comercializadoras | Iniciando processamento do arquivo CELESC_16042024.xlsx em modo incremental.
2026-09-10 15:38:16 | INFO | bdc.comercializadoras | Registro normalizado (Entrada: 44, Saída: 48).
2026-09-10 15:38:16 | INFO | bdc.comercializadoras | Iniciando validação unificada do registro. CNPJ=04149295000113
2026-09-10 15:38:16 | INFO | bdc.comercializadoras | Validação concluída. CNPJ=04149295000113 ERROS=0 AVISOS=0
2026-09-10 15:38:16 | INFO | bdc.comercializadoras | Iniciando processamento do arquivo CEMIG 05-07-2024 trading.xlsx em modo incremental.
2026-09-10 15:38:17 | INFO | bdc.comercializadoras | Registro normalizado (Entrada: 44, Saída: 48).
2026-09-10 15:38:17 | INFO | bdc.comercializadoras | Iniciando validação unificada do registro. CNPJ=05263973000137
2026-09-10 15:38:17 | INFO | bdc.comercializadoras | Validação concluída. CNPJ=05263973000137 ERROS=0 AVISOS=0
2026-09-10 15:38:17 | INFO | bdc.comercializadoras | Iniciando processamento do arquivo CEMIG H COMERCIALIZAÇÃO_23_02_2022.xlsx em modo incremental.
2026-09-10 15:38:17 | INFO | bdc.comercializadoras | Iniciando processamento do arquivo CEMIG_09062023.xlsx em modo incremental.
2026-09-10 15:38:17 | INFO | bdc.comercializadoras | Registro normalizado (Entrada: 44, Saída: 48).
2026-09-10 15:38:17 | INFO | bdc.comercializadoras | Iniciando validação unificada do registro. CNPJ=17155730000164
2026-09-10 15:38:17 | INFO | bdc.comercializadoras | Validação concluída. CNPJ=17155730000164 ERROS=0 AVISOS=0
2026-09-10 15:38:17 | INFO | bdc.comercializadoras | Iniciando processamento do arquivo CEMIG_13.06.2024.xlsx em modo incremental.
2026-09-10 15:38:17 | INFO | bdc.comercializadoras | Registro normalizado (Entrada: 44, Saída: 48).
2026-09-10 15:38:17 | INFO | bdc.comercializadoras | Iniciando validação unificada do registro. CNPJ=17155730000164
2026-09-10 15:38:17 | INFO | bdc.comercializadoras | Validação concluída. CNPJ=17155730000164 ERROS=0 AVISOS=0
2026-09-10 15:38:17 | INFO | bdc.comercializadoras | Iniciando processamento do arquivo CEMIG_24092025.xlsx em modo incremental.
2026-09-10 15:38:18 | INFO | bdc.comercializadoras | Registro normalizado (Entrada: 44, Saída: 48).
2026-09-10 15:38:18 | INFO | bdc.comercializadoras | Iniciando validação unificada do registro. CNPJ=17155730000164
2026-09-10 15:38:18 | INFO | bdc.comercializadoras | Validação concluída. CNPJ=17155730000164 ERROS=0 AVISOS=0
2026-09-10 15:38:18 | INFO | bdc.comercializadoras | Iniciando processamento do arquivo CENTRAL 06_05_2022.xlsx em modo incremental.
2026-09-10 15:38:18 | INFO | bdc.comercializadoras | Registro normalizado (Entrada: 44, Saída: 48).
2026-09-10 15:38:18 | INFO | bdc.comercializadoras | Iniciando validação unificada do registro. CNPJ=30983948000175
2026-09-10 15:38:18 | INFO | bdc.comercializadoras | Validação concluída. CNPJ=30983948000175 ERROS=0 AVISOS=0
2026-09-10 15:38:18 | INFO | bdc.comercializadoras | Iniciando processamento do arquivo CENTRAL 08 05 2024.xlsx em modo incremental.
2026-09-10 15:38:18 | INFO | bdc.comercializadoras | Registro normalizado (Entrada: 44, Saída: 48).
2026-09-10 15:38:18 | INFO | bdc.comercializadoras | Iniciando validação unificada do registro. CNPJ=30983948000175
2026-09-10 15:38:18 | INFO | bdc.comercializadoras | Validação concluída. CNPJ=30983948000175 ERROS=0 AVISOS=0
2026-09-10 15:38:18 | INFO | bdc.comercializadoras | Iniciando processamento do arquivo CERCAR SA RATING 12022026.xlsx em modo incremental.
2026-09-10 15:38:19 | INFO | bdc.comercializadoras | Registro normalizado (Entrada: 44, Saída: 48).
2026-09-10 15:38:19 | INFO | bdc.comercializadoras | Iniciando validação unificada do registro. CNPJ=76879295000180
2026-09-10 15:38:19 | INFO | bdc.comercializadoras | Validação concluída. CNPJ=76879295000180 ERROS=0 AVISOS=0
2026-09-10 15:38:19 | INFO | bdc.comercializadoras | Iniciando processamento do arquivo CGN 05122025.xlsx em modo incremental.
2026-09-10 15:38:19 | INFO | bdc.comercializadoras | Registro normalizado (Entrada: 44, Saída: 48).
2026-09-10 15:38:19 | INFO | bdc.comercializadoras | Iniciando validação unificada do registro. CNPJ=48563988000123
2026-09-10 15:38:19 | INFO | bdc.comercializadoras | Validação concluída. CNPJ=48563988000123 ERROS=0 AVISOS=0
2026-09-10 15:38:19 | INFO | bdc.comercializadoras | Iniciando processamento do arquivo CGN Brasil 11082026.xlsx em modo incremental.
2026-09-10 15:38:19 | INFO | bdc.comercializadoras | Registro normalizado (Entrada: 44, Saída: 48).
2026-09-10 15:38:19 | INFO | bdc.comercializadoras | Iniciando validação unificada do registro. CNPJ=48563988000123
2026-09-10 15:38:19 | INFO | bdc.comercializadoras | Validação concluída. CNPJ=48563988000123 ERROS=0 AVISOS=0
2026-09-10 15:38:19 | INFO | bdc.comercializadoras | Iniciando processamento do arquivo CGN_30.07.2024.xlsx em modo incremental.
2026-09-10 15:38:20 | INFO | bdc.comercializadoras | Registro normalizado (Entrada: 44, Saída: 48).
2026-09-10 15:38:20 | INFO | bdc.comercializadoras | Iniciando validação unificada do registro. CNPJ=48563988000123
2026-09-10 15:38:20 | INFO | bdc.comercializadoras | Validação concluída. CNPJ=48563988000123 ERROS=0 AVISOS=0
2026-09-10 15:38:20 | INFO | bdc.comercializadoras | Iniciando processamento do arquivo CGN_30102023.xlsx em modo incremental.
2026-09-10 15:38:20 | INFO | bdc.comercializadoras | Registro normalizado (Entrada: 44, Saída: 48).
2026-09-10 15:38:20 | INFO | bdc.comercializadoras | Iniciando validação unificada do registro. CNPJ=48563988000123
2026-09-10 15:38:20 | INFO | bdc.comercializadoras | Validação concluída. CNPJ=48563988000123 ERROS=0 AVISOS=0
2026-09-10 15:38:20 | INFO | bdc.comercializadoras | Iniciando processamento do arquivo COMEL 18062025.xlsx em modo incremental.
2026-09-10 15:38:20 | INFO | bdc.comercializadoras | Registro normalizado (Entrada: 44, Saída: 48).
2026-09-10 15:38:20 | INFO | bdc.comercializadoras | Iniciando validação unificada do registro. CNPJ=39953546000100
2026-09-10 15:38:20 | INFO | bdc.comercializadoras | Validação concluída. CNPJ=39953546000100 ERROS=0 AVISOS=0
2026-09-10 15:38:20 | INFO | bdc.comercializadoras | Iniciando processamento do arquivo COMEL_2023.xlsx em modo incremental.
2026-09-10 15:38:21 | INFO | bdc.comercializadoras | Registro normalizado (Entrada: 44, Saída: 48).
2026-09-10 15:38:21 | INFO | bdc.comercializadoras | Iniciando validação unificada do registro. CNPJ=39953546000100
2026-09-10 15:38:21 | INFO | bdc.comercializadoras | Validação concluída. CNPJ=39953546000100 ERROS=0 AVISOS=0
2026-09-10 15:38:21 | INFO | bdc.comercializadoras | Iniciando processamento do arquivo COMERC 13_06_2022.xlsx em modo incremental.
2026-09-10 15:38:21 | INFO | bdc.comercializadoras | Registro normalizado (Entrada: 44, Saída: 48).
2026-09-10 15:38:21 | INFO | bdc.comercializadoras | Iniciando validação unificada do registro. CNPJ=58177643000195
2026-09-10 15:38:21 | INFO | bdc.comercializadoras | Validação concluída. CNPJ=58177643000195 ERROS=0 AVISOS=0
2026-09-10 15:38:21 | INFO | bdc.comercializadoras | Iniciando processamento do arquivo COMERC 29 04 2024.xlsx em modo incremental.
2026-09-10 15:38:22 | INFO | bdc.comercializadoras | Registro normalizado (Entrada: 44, Saída: 48).
2026-09-10 15:38:22 | INFO | bdc.comercializadoras | Iniciando validação unificada do registro. CNPJ=25369840000157
2026-09-10 15:38:22 | INFO | bdc.comercializadoras | Validação concluída. CNPJ=25369840000157 ERROS=0 AVISOS=0
2026-09-10 15:38:22 | INFO | bdc.comercializadoras | Iniciando processamento do arquivo COMERC PART 23072026.xlsx em modo incremental.
2026-09-10 15:38:22 | INFO | bdc.comercializadoras | Registro normalizado (Entrada: 44, Saída: 48).
2026-09-10 15:38:22 | INFO | bdc.comercializadoras | Iniciando validação unificada do registro. CNPJ=25369840000157
2026-09-10 15:38:22 | INFO | bdc.comercializadoras | Validação concluída. CNPJ=25369840000157 ERROS=0 AVISOS=0
2026-09-10 15:38:22 | INFO | bdc.comercializadoras | Iniciando processamento do arquivo COMERC Participações 28112023.xlsx em modo incremental.
2026-09-10 15:38:22 | INFO | bdc.comercializadoras | Registro normalizado (Entrada: 44, Saída: 48).
2026-09-10 15:38:22 | INFO | bdc.comercializadoras | Iniciando validação unificada do registro. CNPJ=25369840000157
2026-09-10 15:38:22 | INFO | bdc.comercializadoras | Validação concluída. CNPJ=25369840000157 ERROS=0 AVISOS=0
2026-09-10 15:38:22 | INFO | bdc.comercializadoras | Iniciando processamento do arquivo COMERC_19062023.xlsx em modo incremental.
2026-09-10 15:38:22 | INFO | bdc.comercializadoras | Registro normalizado (Entrada: 44, Saída: 48).
2026-09-10 15:38:22 | INFO | bdc.comercializadoras | Iniciando validação unificada do registro. CNPJ=58177643000195
2026-09-10 15:38:22 | INFO | bdc.comercializadoras | Validação concluída. CNPJ=58177643000195 ERROS=0 AVISOS=0
2026-09-10 15:38:22 | INFO | bdc.comercializadoras | Iniciando processamento do arquivo CONVEX 18082026.xlsx em modo incremental.
2026-09-10 15:38:23 | INFO | bdc.comercializadoras | Registro normalizado (Entrada: 44, Saída: 48).
2026-09-10 15:38:23 | INFO | bdc.comercializadoras | Iniciando validação unificada do registro. CNPJ=27184790000169
2026-09-10 15:38:23 | INFO | bdc.comercializadoras | Validação concluída. CNPJ=27184790000169 ERROS=0 AVISOS=0
2026-09-10 15:38:23 | INFO | bdc.comercializadoras | Iniciando processamento do arquivo COPELCOM_16_04_2021.xlsx em modo incremental.
2026-09-10 15:38:23 | INFO | bdc.comercializadoras | Registro normalizado (Entrada: 44, Saída: 48).
2026-09-10 15:38:23 | INFO | bdc.comercializadoras | Iniciando validação unificada do registro. CNPJ=19125927000186
2026-09-10 15:38:23 | INFO | bdc.comercializadoras | Validação concluída. CNPJ=19125927000186 ERROS=0 AVISOS=0
2026-09-10 15:38:23 | INFO | bdc.comercializadoras | Iniciando processamento do arquivo COPELGET_27112024.xlsx em modo incremental.
2026-09-10 15:38:23 | INFO | bdc.comercializadoras | Registro normalizado (Entrada: 44, Saída: 48).
2026-09-10 15:38:23 | INFO | bdc.comercializadoras | Iniciando validação unificada do registro. CNPJ=04370282000170
2026-09-10 15:38:23 | INFO | bdc.comercializadoras | Validação concluída. CNPJ=04370282000170 ERROS=0 AVISOS=0
2026-09-10 15:38:23 | INFO | bdc.comercializadoras | Iniciando processamento do arquivo COPEL_23.07.2024.xlsx em modo incremental.
2026-09-10 15:38:23 | INFO | bdc.comercializadoras | Registro normalizado (Entrada: 44, Saída: 48).
2026-09-10 15:38:23 | INFO | bdc.comercializadoras | Iniciando validação unificada do registro. CNPJ=19125927000186
2026-09-10 15:38:23 | INFO | bdc.comercializadoras | Validação concluída. CNPJ=19125927000186 ERROS=0 AVISOS=0
2026-09-10 15:38:23 | INFO | bdc.comercializadoras | Iniciando processamento do arquivo COPPREL 16062026.xlsx em modo incremental.
2026-09-10 15:38:24 | INFO | bdc.comercializadoras | Registro normalizado (Entrada: 44, Saída: 48).
2026-09-10 15:38:24 | INFO | bdc.comercializadoras | Iniciando validação unificada do registro. CNPJ=42102025000146
2026-09-10 15:38:24 | INFO | bdc.comercializadoras | Validação concluída. CNPJ=42102025000146 ERROS=0 AVISOS=0
2026-09-10 15:38:24 | INFO | bdc.comercializadoras | Iniciando processamento do arquivo COPREL GERAÇÃO 23062026.xlsx em modo incremental.
2026-09-10 15:38:24 | INFO | bdc.comercializadoras | Registro normalizado (Entrada: 44, Saída: 48).
2026-09-10 15:38:24 | INFO | bdc.comercializadoras | Iniciando validação unificada do registro. CNPJ=08323274000123
2026-09-10 15:38:24 | INFO | bdc.comercializadoras | Validação concluída. CNPJ=08323274000123 ERROS=0 AVISOS=0
2026-09-10 15:38:24 | INFO | bdc.comercializadoras | Iniciando processamento do arquivo COTESA 30_05_2022.xlsx em modo incremental.
2026-09-10 15:38:24 | INFO | bdc.comercializadoras | Registro normalizado (Entrada: 44, Saída: 48).
2026-09-10 15:38:24 | INFO | bdc.comercializadoras | Iniciando validação unificada do registro. CNPJ=85235430000145
2026-09-10 15:38:24 | INFO | bdc.comercializadoras | Validação concluída. CNPJ=85235430000145 ERROS=0 AVISOS=0
2026-09-10 15:38:24 | INFO | bdc.comercializadoras | Iniciando processamento do arquivo COTESA_14_10_2021.xlsx em modo incremental.
2026-09-10 15:38:25 | INFO | bdc.comercializadoras | Registro normalizado (Entrada: 44, Saída: 48).
2026-09-10 15:38:25 | INFO | bdc.comercializadoras | Iniciando validação unificada do registro. CNPJ=85235430000145
2026-09-10 15:38:25 | INFO | bdc.comercializadoras | Validação concluída. CNPJ=85235430000145 ERROS=0 AVISOS=0
2026-09-10 15:38:25 | INFO | bdc.comercializadoras | Iniciando processamento do arquivo CPFL 04072025.xlsx em modo incremental.
2026-09-10 15:38:25 | INFO | bdc.comercializadoras | Registro normalizado (Entrada: 44, Saída: 48).
2026-09-10 15:38:25 | INFO | bdc.comercializadoras | Iniciando validação unificada do registro. CNPJ=08439659000150
2026-09-10 15:38:25 | INFO | bdc.comercializadoras | Validação concluída. CNPJ=08439659000150 ERROS=0 AVISOS=0
2026-09-10 15:38:25 | INFO | bdc.comercializadoras | Iniciando processamento do arquivo CPFL 04072025__1.xlsx em modo incremental.
2026-09-10 15:38:26 | INFO | bdc.comercializadoras | Registro normalizado (Entrada: 44, Saída: 48).
2026-09-10 15:38:26 | INFO | bdc.comercializadoras | Iniciando validação unificada do registro. CNPJ=04973790000142
2026-09-10 15:38:26 | INFO | bdc.comercializadoras | Validação concluída. CNPJ=04973790000142 ERROS=0 AVISOS=0
2026-09-10 15:38:26 | INFO | bdc.comercializadoras | Iniciando processamento do arquivo CPFL 06082026.xlsx em modo incremental.
2026-09-10 15:38:26 | INFO | bdc.comercializadoras | Registro normalizado (Entrada: 44, Saída: 48).
2026-09-10 15:38:26 | INFO | bdc.comercializadoras | Iniciando validação unificada do registro. CNPJ=04973790000142
2026-09-10 15:38:26 | INFO | bdc.comercializadoras | Validação concluída. CNPJ=04973790000142 ERROS=0 AVISOS=0
2026-09-10 15:38:26 | INFO | bdc.comercializadoras | Iniciando processamento do arquivo CPFL_01_06_2022.xlsx em modo incremental.
2026-09-10 15:38:26 | INFO | bdc.comercializadoras | Iniciando processamento do arquivo CPFL_11.08.2023_.xlsx em modo incremental.
2026-09-10 15:38:27 | INFO | bdc.comercializadoras | Registro normalizado (Entrada: 44, Saída: 48).
2026-09-10 15:38:27 | INFO | bdc.comercializadoras | Iniciando validação unificada do registro. CNPJ=04973790000142
2026-09-10 15:38:27 | INFO | bdc.comercializadoras | Validação concluída. CNPJ=04973790000142 ERROS=0 AVISOS=0
2026-09-10 15:38:27 | INFO | bdc.comercializadoras | Iniciando processamento do arquivo CPFL_28.08.2024.xlsx em modo incremental.
2026-09-10 15:38:27 | INFO | bdc.comercializadoras | Registro normalizado (Entrada: 44, Saída: 48).
2026-09-10 15:38:27 | INFO | bdc.comercializadoras | Iniciando validação unificada do registro. CNPJ=04973790000142
2026-09-10 15:38:27 | INFO | bdc.comercializadoras | Validação concluída. CNPJ=04973790000142 ERROS=0 AVISOS=0
2026-09-10 15:38:27 | INFO | bdc.comercializadoras | Iniciando processamento do arquivo CTG 24092025.xlsx em modo incremental.
2026-09-10 15:38:27 | INFO | bdc.comercializadoras | Registro normalizado (Entrada: 44, Saída: 48).
2026-09-10 15:38:27 | INFO | bdc.comercializadoras | Iniciando validação unificada do registro. CNPJ=14295008000137
2026-09-10 15:38:27 | INFO | bdc.comercializadoras | Validação concluída. CNPJ=14295008000137 ERROS=0 AVISOS=0
2026-09-10 15:38:27 | INFO | bdc.comercializadoras | Iniciando processamento do arquivo CTG BRNE_28.08.2024.xlsx em modo incremental.
2026-09-10 15:38:28 | INFO | bdc.comercializadoras | Registro normalizado (Entrada: 44, Saída: 48).
2026-09-10 15:38:28 | INFO | bdc.comercializadoras | Iniciando validação unificada do registro. CNPJ=14295008000137
2026-09-10 15:38:28 | INFO | bdc.comercializadoras | Validação concluída. CNPJ=14295008000137 ERROS=0 AVISOS=0
2026-09-10 15:38:28 | INFO | bdc.comercializadoras | Iniciando processamento do arquivo CTG NE 02022024.xlsx em modo incremental.
2026-09-10 15:38:28 | INFO | bdc.comercializadoras | Registro normalizado (Entrada: 44, Saída: 48).
2026-09-10 15:38:28 | INFO | bdc.comercializadoras | Iniciando validação unificada do registro. CNPJ=14295008000137
2026-09-10 15:38:28 | INFO | bdc.comercializadoras | Validação concluída. CNPJ=14295008000137 ERROS=0 AVISOS=0
2026-09-10 15:38:28 | INFO | bdc.comercializadoras | Iniciando processamento do arquivo CTG Trading_04_06_2021.xlsx em modo incremental.
2026-09-10 15:38:28 | INFO | bdc.comercializadoras | Registro normalizado (Entrada: 44, Saída: 48).
2026-09-10 15:38:28 | INFO | bdc.comercializadoras | Iniciando validação unificada do registro. CNPJ=03631957000124
2026-09-10 15:38:28 | INFO | bdc.comercializadoras | Validação concluída. CNPJ=03631957000124 ERROS=0 AVISOS=0
2026-09-10 15:38:28 | INFO | bdc.comercializadoras | Iniciando processamento do arquivo CTG Trading_16082023.xlsx em modo incremental.
2026-09-10 15:38:29 | INFO | bdc.comercializadoras | Registro normalizado (Entrada: 44, Saída: 48).
2026-09-10 15:38:29 | INFO | bdc.comercializadoras | Iniciando validação unificada do registro. CNPJ=03631957000124
2026-09-10 15:38:29 | INFO | bdc.comercializadoras | Validação concluída. CNPJ=03631957000124 ERROS=0 AVISOS=0
2026-09-10 15:38:29 | INFO | bdc.comercializadoras | Iniciando processamento do arquivo CTG trading_28.08.2024.xlsx em modo incremental.
2026-09-10 15:38:29 | INFO | bdc.comercializadoras | Registro normalizado (Entrada: 44, Saída: 48).
2026-09-10 15:38:29 | INFO | bdc.comercializadoras | Iniciando validação unificada do registro. CNPJ=03631957000124
2026-09-10 15:38:29 | INFO | bdc.comercializadoras | Validação concluída. CNPJ=03631957000124 ERROS=0 AVISOS=0
2026-09-10 15:38:29 | INFO | bdc.comercializadoras | Iniciando processamento do arquivo CTGBRNE 10042026.xlsx em modo incremental.
2026-09-10 15:38:29 | INFO | bdc.comercializadoras | Registro normalizado (Entrada: 44, Saída: 48).
2026-09-10 15:38:29 | INFO | bdc.comercializadoras | Iniciando validação unificada do registro. CNPJ=14295008000137
2026-09-10 15:38:29 | INFO | bdc.comercializadoras | Validação concluída. CNPJ=14295008000137 ERROS=0 AVISOS=0
2026-09-10 15:38:29 | INFO | bdc.comercializadoras | Iniciando processamento do arquivo CTGNE 23072026.xlsx em modo incremental.
2026-09-10 15:38:30 | INFO | bdc.comercializadoras | Registro normalizado (Entrada: 44, Saída: 48).
2026-09-10 15:38:30 | INFO | bdc.comercializadoras | Iniciando validação unificada do registro. CNPJ=14295008000137
2026-09-10 15:38:30 | INFO | bdc.comercializadoras | Validação concluída. CNPJ=14295008000137 ERROS=0 AVISOS=0
2026-09-10 15:38:30 | INFO | bdc.comercializadoras | Iniciando processamento do arquivo CZARNIKOW 09062026.xlsx em modo incremental.
2026-09-10 15:38:30 | INFO | bdc.comercializadoras | Registro normalizado (Entrada: 44, Saída: 48).
2026-09-10 15:38:30 | INFO | bdc.comercializadoras | Iniciando validação unificada do registro. CNPJ=07794616000120
2026-09-10 15:38:30 | INFO | bdc.comercializadoras | Validação concluída. CNPJ=07794616000120 ERROS=0 AVISOS=0
2026-09-10 15:38:30 | INFO | bdc.comercializadoras | Iniciando processamento do arquivo CZARNIKOW 13062025.xlsx em modo incremental.
2026-09-10 15:38:31 | INFO | bdc.comercializadoras | Registro normalizado (Entrada: 44, Saída: 48).
2026-09-10 15:38:31 | INFO | bdc.comercializadoras | Iniciando validação unificada do registro. CNPJ=07794616000120
2026-09-10 15:38:31 | INFO | bdc.comercializadoras | Validação concluída. CNPJ=07794616000120 ERROS=0 AVISOS=0
2026-09-10 15:38:31 | INFO | bdc.comercializadoras | Iniciando processamento do arquivo CZARNIKOW 27032026.xlsx em modo incremental.
2026-09-10 15:38:31 | INFO | bdc.comercializadoras | Registro normalizado (Entrada: 44, Saída: 48).
2026-09-10 15:38:31 | INFO | bdc.comercializadoras | Iniciando validação unificada do registro. CNPJ=07794616000120
2026-09-10 15:38:31 | INFO | bdc.comercializadoras | Validação concluída. CNPJ=07794616000120 ERROS=0 AVISOS=0
2026-09-10 15:38:31 | INFO | bdc.comercializadoras | Iniciando processamento do arquivo CZARNIKOW 27_09_2022.xlsx em modo incremental.
2026-09-10 15:38:31 | INFO | bdc.comercializadoras | Registro normalizado (Entrada: 44, Saída: 48).
2026-09-10 15:38:31 | INFO | bdc.comercializadoras | Iniciando validação unificada do registro. CNPJ=07794616000120
2026-09-10 15:38:31 | INFO | bdc.comercializadoras | Validação concluída. CNPJ=07794616000120 ERROS=0 AVISOS=0
2026-09-10 15:38:31 | INFO | bdc.comercializadoras | Iniciando processamento do arquivo CZARNIKOW_07_06_2021 (zerada manualmente).xlsx em modo incremental.
2026-09-10 15:38:32 | INFO | bdc.comercializadoras | Registro normalizado (Entrada: 44, Saída: 48).
2026-09-10 15:38:32 | INFO | bdc.comercializadoras | Iniciando validação unificada do registro. CNPJ=07794616000120
2026-09-10 15:38:32 | INFO | bdc.comercializadoras | Validação concluída. CNPJ=07794616000120 ERROS=0 AVISOS=0
2026-09-10 15:38:32 | INFO | bdc.comercializadoras | Iniciando processamento do arquivo Central_22_05_2025.xlsx em modo incremental.
2026-09-10 15:38:32 | INFO | bdc.comercializadoras | Registro normalizado (Entrada: 44, Saída: 48).
2026-09-10 15:38:32 | INFO | bdc.comercializadoras | Iniciando validação unificada do registro. CNPJ=30983948000175
2026-09-10 15:38:32 | INFO | bdc.comercializadoras | Validação concluída. CNPJ=30983948000175 ERROS=0 AVISOS=0
2026-09-10 15:38:32 | INFO | bdc.comercializadoras | Iniciando processamento do arquivo Czarnikow 27-01-2025.xlsx em modo incremental.
2026-09-10 15:38:32 | INFO | bdc.comercializadoras | Registro normalizado (Entrada: 44, Saída: 48).
2026-09-10 15:38:32 | INFO | bdc.comercializadoras | Iniciando validação unificada do registro. CNPJ=07794616000120
2026-09-10 15:38:32 | INFO | bdc.comercializadoras | Validação concluída. CNPJ=07794616000120 ERROS=0 AVISOS=0
2026-09-10 15:38:33 | INFO | bdc.comercializadoras | Iniciando processamento do arquivo D3 Comercializadora_18.03.2024.xlsx em modo incremental.
2026-09-10 15:38:33 | INFO | bdc.comercializadoras | Registro normalizado (Entrada: 44, Saída: 48).
2026-09-10 15:38:33 | INFO | bdc.comercializadoras | Iniciando validação unificada do registro. CNPJ=45836050000141
2026-09-10 15:38:33 | INFO | bdc.comercializadoras | Validação concluída. CNPJ=45836050000141 ERROS=0 AVISOS=0
2026-09-10 15:38:33 | INFO | bdc.comercializadoras | Iniciando processamento do arquivo DANSKE 10072025.xlsx em modo incremental.
2026-09-10 15:38:33 | INFO | bdc.comercializadoras | Registro normalizado (Entrada: 44, Saída: 48).
2026-09-10 15:38:33 | INFO | bdc.comercializadoras | Iniciando validação unificada do registro. CNPJ=40382949000118
2026-09-10 15:38:33 | INFO | bdc.comercializadoras | Validação concluída. CNPJ=40382949000118 ERROS=0 AVISOS=0
2026-09-10 15:38:33 | INFO | bdc.comercializadoras | Iniciando processamento do arquivo DANSKE 12112024.xlsx em modo incremental.
2026-09-10 15:38:33 | INFO | bdc.comercializadoras | Registro normalizado (Entrada: 44, Saída: 48).
2026-09-10 15:38:33 | INFO | bdc.comercializadoras | Iniciando validação unificada do registro. CNPJ=40382949000118
2026-09-10 15:38:33 | INFO | bdc.comercializadoras | Validação concluída. CNPJ=40382949000118 ERROS=0 AVISOS=0
2026-09-10 15:38:34 | INFO | bdc.comercializadoras | Iniciando processamento do arquivo DANSKE 27032026.xlsx em modo incremental.
2026-09-10 15:38:34 | INFO | bdc.comercializadoras | Registro normalizado (Entrada: 44, Saída: 48).
2026-09-10 15:38:34 | INFO | bdc.comercializadoras | Iniciando validação unificada do registro. CNPJ=40382949000118
2026-09-10 15:38:34 | INFO | bdc.comercializadoras | Validação concluída. CNPJ=40382949000118 ERROS=0 AVISOS=0
2026-09-10 15:38:34 | INFO | bdc.comercializadoras | Iniciando processamento do arquivo DANSKE 30072026.xlsx em modo incremental.
2026-09-10 15:38:34 | INFO | bdc.comercializadoras | Registro normalizado (Entrada: 44, Saída: 48).
2026-09-10 15:38:34 | INFO | bdc.comercializadoras | Iniciando validação unificada do registro. CNPJ=40382949000118
2026-09-10 15:38:34 | INFO | bdc.comercializadoras | Validação concluída. CNPJ=40382949000118 ERROS=0 AVISOS=0
2026-09-10 15:38:34 | INFO | bdc.comercializadoras | Iniciando processamento do arquivo DEAL 10_05_2022.xlsx em modo incremental.
2026-09-10 15:38:35 | INFO | bdc.comercializadoras | Registro normalizado (Entrada: 44, Saída: 48).
2026-09-10 15:38:35 | INFO | bdc.comercializadoras | Iniciando validação unificada do registro. CNPJ=10671322000116
2026-09-10 15:38:35 | INFO | bdc.comercializadoras | Validação concluída. CNPJ=10671322000116 ERROS=0 AVISOS=0
2026-09-10 15:38:35 | INFO | bdc.comercializadoras | Iniciando processamento do arquivo DEAL 16102025.xlsx em modo incremental.
2026-09-10 15:38:35 | INFO | bdc.comercializadoras | Registro normalizado (Entrada: 44, Saída: 48).
2026-09-10 15:38:35 | INFO | bdc.comercializadoras | Iniciando validação unificada do registro. CNPJ=10671322000116
2026-09-10 15:38:35 | INFO | bdc.comercializadoras | Validação concluída. CNPJ=10671322000116 ERROS=0 AVISOS=0
2026-09-10 15:38:35 | INFO | bdc.comercializadoras | Iniciando processamento do arquivo DEAL 27102023.xlsx em modo incremental.
2026-09-10 15:38:36 | INFO | bdc.comercializadoras | Registro normalizado (Entrada: 44, Saída: 48).
2026-09-10 15:38:36 | INFO | bdc.comercializadoras | Iniciando validação unificada do registro. CNPJ=10671322000116
2026-09-10 15:38:36 | INFO | bdc.comercializadoras | Validação concluída. CNPJ=10671322000116 ERROS=0 AVISOS=0
2026-09-10 15:38:36 | INFO | bdc.comercializadoras | Iniciando processamento do arquivo DEAL 29062026.xlsx em modo incremental.
2026-09-10 15:38:36 | INFO | bdc.comercializadoras | Registro normalizado (Entrada: 44, Saída: 48).
2026-09-10 15:38:36 | INFO | bdc.comercializadoras | Iniciando validação unificada do registro. CNPJ=10671322000116
2026-09-10 15:38:36 | INFO | bdc.comercializadoras | Validação concluída. CNPJ=10671322000116 ERROS=0 AVISOS=0
2026-09-10 15:38:36 | INFO | bdc.comercializadoras | Iniciando processamento do arquivo DEAL RATING 16102025.xlsx em modo incremental.
2026-09-10 15:38:36 | INFO | bdc.comercializadoras | Registro normalizado (Entrada: 44, Saída: 48).
2026-09-10 15:38:36 | INFO | bdc.comercializadoras | Iniciando validação unificada do registro. CNPJ=10671322000116
2026-09-10 15:38:36 | INFO | bdc.comercializadoras | Validação concluída. CNPJ=10671322000116 ERROS=0 AVISOS=0
2026-09-10 15:38:37 | INFO | bdc.comercializadoras | Iniciando processamento do arquivo DEAL_14_10_2021.xlsx em modo incremental.
2026-09-10 15:38:37 | INFO | bdc.comercializadoras | Registro normalizado (Entrada: 44, Saída: 48).
2026-09-10 15:38:37 | INFO | bdc.comercializadoras | Iniciando validação unificada do registro. CNPJ=10671322000116
2026-09-10 15:38:37 | INFO | bdc.comercializadoras | Validação concluída. CNPJ=10671322000116 ERROS=0 AVISOS=0
2026-09-10 15:38:37 | INFO | bdc.comercializadoras | Iniciando processamento do arquivo DEAL_26.06.2024.xlsx em modo incremental.
2026-09-10 15:38:37 | INFO | bdc.comercializadoras | Registro normalizado (Entrada: 44, Saída: 48).
2026-09-10 15:38:37 | INFO | bdc.comercializadoras | Iniciando validação unificada do registro. CNPJ=10671322000116
2026-09-10 15:38:37 | INFO | bdc.comercializadoras | Validação concluída. CNPJ=10671322000116 ERROS=0 AVISOS=0
2026-09-10 15:38:37 | INFO | bdc.comercializadoras | Iniciando processamento do arquivo DELTA 12_04_2022 31 12 2021.xlsx em modo incremental.
2026-09-10 15:38:38 | INFO | bdc.comercializadoras | Registro normalizado (Entrada: 44, Saída: 48).
2026-09-10 15:38:38 | INFO | bdc.comercializadoras | Iniciando validação unificada do registro. CNPJ=04802543000183
2026-09-10 15:38:38 | INFO | bdc.comercializadoras | Validação concluída. CNPJ=04802543000183 ERROS=0 AVISOS=0
2026-09-10 15:38:38 | INFO | bdc.comercializadoras | Iniciando processamento do arquivo DELTA_19022025.xlsx em modo incremental.
2026-09-10 15:38:38 | INFO | bdc.comercializadoras | Registro normalizado (Entrada: 44, Saída: 48).
2026-09-10 15:38:38 | INFO | bdc.comercializadoras | Iniciando validação unificada do registro. CNPJ=04802543000183
2026-09-10 15:38:38 | INFO | bdc.comercializadoras | Validação concluída. CNPJ=04802543000183 ERROS=0 AVISOS=0
2026-09-10 15:38:38 | INFO | bdc.comercializadoras | Iniciando processamento do arquivo DESTTRA_02_09_2021.xlsx em modo incremental.
2026-09-10 15:38:38 | INFO | bdc.comercializadoras | Registro normalizado (Entrada: 44, Saída: 48).
2026-09-10 15:38:38 | INFO | bdc.comercializadoras | Iniciando validação unificada do registro. CNPJ=30124679000191
2026-09-10 15:38:38 | INFO | bdc.comercializadoras | Validação concluída. CNPJ=30124679000191 ERROS=0 AVISOS=0
2026-09-10 15:38:39 | INFO | bdc.comercializadoras | Iniciando processamento do arquivo DIFERENCIAL 13_04_2022.xlsx em modo incremental.
2026-09-10 15:38:39 | INFO | bdc.comercializadoras | Registro normalizado (Entrada: 44, Saída: 48).
2026-09-10 15:38:39 | INFO | bdc.comercializadoras | Iniciando validação unificada do registro. CNPJ=07393256000155
2026-09-10 15:38:39 | INFO | bdc.comercializadoras | Validação concluída. CNPJ=07393256000155 ERROS=0 AVISOS=0
2026-09-10 15:38:39 | INFO | bdc.comercializadoras | Iniciando processamento do arquivo DIFERENCIAL_02_09_2021.xlsx em modo incremental.
2026-09-10 15:38:39 | INFO | bdc.comercializadoras | Registro normalizado (Entrada: 44, Saída: 48).
2026-09-10 15:38:39 | INFO | bdc.comercializadoras | Iniciando validação unificada do registro. CNPJ=07393256000155
2026-09-10 15:38:39 | INFO | bdc.comercializadoras | Validação concluída. CNPJ=07393256000155 ERROS=0 AVISOS=0
2026-09-10 15:38:39 | INFO | bdc.comercializadoras | Iniciando processamento do arquivo DIFERENCIAL_16.05.2024.xlsx em modo incremental.
2026-09-10 15:38:40 | INFO | bdc.comercializadoras | Registro normalizado (Entrada: 44, Saída: 48).
2026-09-10 15:38:40 | INFO | bdc.comercializadoras | Iniciando validação unificada do registro. CNPJ=07393256000155
2026-09-10 15:38:40 | INFO | bdc.comercializadoras | Validação concluída. CNPJ=07393256000155 ERROS=0 AVISOS=0
2026-09-10 15:38:40 | INFO | bdc.comercializadoras | Iniciando processamento do arquivo DIFERENCIAL_20072023.xlsx em modo incremental.
2026-09-10 15:38:40 | INFO | bdc.comercializadoras | Registro normalizado (Entrada: 44, Saída: 48).
2026-09-10 15:38:40 | INFO | bdc.comercializadoras | Iniciando validação unificada do registro. CNPJ=07393256000155
2026-09-10 15:38:40 | INFO | bdc.comercializadoras | Validação concluída. CNPJ=07393256000155 ERROS=0 AVISOS=0
2026-09-10 15:38:40 | INFO | bdc.comercializadoras | Iniciando processamento do arquivo Delta Energia 01072025.xlsx em modo incremental.
2026-09-10 15:38:40 | INFO | bdc.comercializadoras | Registro normalizado (Entrada: 44, Saída: 48).
2026-09-10 15:38:40 | INFO | bdc.comercializadoras | Iniciando validação unificada do registro. CNPJ=None
2026-09-10 15:38:40 | INFO | bdc.comercializadoras | Validação concluída. CNPJ=None ERROS=1 AVISOS=0
2026-09-10 15:38:40 | WARNING | bdc.comercializadoras | Erros de validação para CNPJ=None: ['GATE_ENGINE ausente: CNPJ']
2026-09-10 15:38:40 | INFO | bdc.comercializadoras | Iniciando processamento do arquivo ECEL - ELETRON_03_09_2021.xlsx em modo incremental.
2026-09-10 15:38:41 | INFO | bdc.comercializadoras | Registro normalizado (Entrada: 44, Saída: 48).
2026-09-10 15:38:41 | INFO | bdc.comercializadoras | Iniciando validação unificada do registro. CNPJ=15087610000141
2026-09-10 15:38:41 | INFO | bdc.comercializadoras | Validação concluída. CNPJ=15087610000141 ERROS=0 AVISOS=0
2026-09-10 15:38:41 | INFO | bdc.comercializadoras | Iniciando processamento do arquivo ECHOENERGIA 30062026.xlsx em modo incremental.
2026-09-10 15:38:41 | INFO | bdc.comercializadoras | Registro normalizado (Entrada: 44, Saída: 48).
2026-09-10 15:38:41 | INFO | bdc.comercializadoras | Iniciando validação unificada do registro. CNPJ=31932088000103
2026-09-10 15:38:41 | INFO | bdc.comercializadoras | Validação concluída. CNPJ=31932088000103 ERROS=0 AVISOS=0
2026-09-10 15:38:41 | INFO | bdc.comercializadoras | Iniciando processamento do arquivo ECHOENERGIA_09_09_2021.xlsx em modo incremental.
2026-09-10 15:38:42 | INFO | bdc.comercializadoras | Registro normalizado (Entrada: 44, Saída: 48).
2026-09-10 15:38:42 | INFO | bdc.comercializadoras | Iniciando validação unificada do registro. CNPJ=24743678000122
2026-09-10 15:38:42 | INFO | bdc.comercializadoras | Validação concluída. CNPJ=24743678000122 ERROS=0 AVISOS=0
2026-09-10 15:38:42 | INFO | bdc.comercializadoras | Iniciando processamento do arquivo ECOM 17_05_2022.xlsx em modo incremental.
2026-09-10 15:38:42 | INFO | bdc.comercializadoras | Registro normalizado (Entrada: 44, Saída: 48).
2026-09-10 15:38:42 | INFO | bdc.comercializadoras | Iniciando validação unificada do registro. CNPJ=05352237000155
2026-09-10 15:38:42 | INFO | bdc.comercializadoras | Validação concluída. CNPJ=05352237000155 ERROS=0 AVISOS=0
2026-09-10 15:38:42 | INFO | bdc.comercializadoras | Iniciando processamento do arquivo ECOM 22042026.xlsx em modo incremental.
2026-09-10 15:38:43 | INFO | bdc.comercializadoras | Registro normalizado (Entrada: 44, Saída: 48).
2026-09-10 15:38:43 | INFO | bdc.comercializadoras | Iniciando validação unificada do registro. CNPJ=05352237000155
2026-09-10 15:38:43 | INFO | bdc.comercializadoras | Validação concluída. CNPJ=05352237000155 ERROS=0 AVISOS=0
2026-09-10 15:38:43 | INFO | bdc.comercializadoras | Iniciando processamento do arquivo ECOM 23112023.xlsx em modo incremental.
2026-09-10 15:38:43 | INFO | bdc.comercializadoras | Registro normalizado (Entrada: 44, Saída: 48).
2026-09-10 15:38:43 | INFO | bdc.comercializadoras | Iniciando validação unificada do registro. CNPJ=05352237000155
2026-09-10 15:38:43 | INFO | bdc.comercializadoras | Validação concluída. CNPJ=05352237000155 ERROS=0 AVISOS=0
2026-09-10 15:38:43 | INFO | bdc.comercializadoras | Iniciando processamento do arquivo ECOM 27032026.xlsx em modo incremental.
2026-09-10 15:38:43 | INFO | bdc.comercializadoras | Registro normalizado (Entrada: 44, Saída: 48).
2026-09-10 15:38:43 | INFO | bdc.comercializadoras | Iniciando validação unificada do registro. CNPJ=05352237000155
2026-09-10 15:38:43 | INFO | bdc.comercializadoras | Validação concluída. CNPJ=05352237000155 ERROS=0 AVISOS=0
2026-09-10 15:38:43 | INFO | bdc.comercializadoras | Iniciando processamento do arquivo ECOM_11042024.xlsx em modo incremental.
2026-09-10 15:38:44 | INFO | bdc.comercializadoras | Registro normalizado (Entrada: 44, Saída: 48).
2026-09-10 15:38:44 | INFO | bdc.comercializadoras | Iniciando validação unificada do registro. CNPJ=05352237000155
2026-09-10 15:38:44 | INFO | bdc.comercializadoras | Validação concluída. CNPJ=05352237000155 ERROS=0 AVISOS=0
2026-09-10 15:38:44 | INFO | bdc.comercializadoras | Iniciando processamento do arquivo ECOM_14_10_2021.xlsx em modo incremental.
2026-09-10 15:38:44 | INFO | bdc.comercializadoras | Registro normalizado (Entrada: 44, Saída: 48).
2026-09-10 15:38:44 | INFO | bdc.comercializadoras | Iniciando validação unificada do registro. CNPJ=05352237000155
2026-09-10 15:38:44 | INFO | bdc.comercializadoras | Validação concluída. CNPJ=05352237000155 ERROS=0 AVISOS=0
2026-09-10 15:38:44 | INFO | bdc.comercializadoras | Iniciando processamento do arquivo ECOM_2024.xlsx em modo incremental.
2026-09-10 15:38:45 | INFO | bdc.comercializadoras | Registro normalizado (Entrada: 44, Saída: 48).
2026-09-10 15:38:45 | INFO | bdc.comercializadoras | Iniciando validação unificada do registro. CNPJ=05352237000155
2026-09-10 15:38:45 | INFO | bdc.comercializadoras | Validação concluída. CNPJ=05352237000155 ERROS=0 AVISOS=0
2026-09-10 15:38:45 | INFO | bdc.comercializadoras | Iniciando processamento do arquivo EDF 01042026.xlsx em modo incremental.
2026-09-10 15:38:45 | INFO | bdc.comercializadoras | Registro normalizado (Entrada: 44, Saída: 48).
2026-09-10 15:38:45 | INFO | bdc.comercializadoras | Iniciando validação unificada do registro. CNPJ=21812954000179
2026-09-10 15:38:45 | INFO | bdc.comercializadoras | Validação concluída. CNPJ=21812954000179 ERROS=0 AVISOS=0
2026-09-10 15:38:45 | INFO | bdc.comercializadoras | Iniciando processamento do arquivo EDF 06122023.xlsx em modo incremental.
2026-09-10 15:38:45 | INFO | bdc.comercializadoras | Registro normalizado (Entrada: 44, Saída: 48).
2026-09-10 15:38:45 | INFO | bdc.comercializadoras | Iniciando validação unificada do registro. CNPJ=35984409000174
2026-09-10 15:38:45 | INFO | bdc.comercializadoras | Validação concluída. CNPJ=35984409000174 ERROS=0 AVISOS=0
2026-09-10 15:38:45 | INFO | bdc.comercializadoras | Iniciando processamento do arquivo EDF 30062026.xlsx em modo incremental.
2026-09-10 15:38:46 | INFO | bdc.comercializadoras | Registro normalizado (Entrada: 44, Saída: 48).
2026-09-10 15:38:46 | INFO | bdc.comercializadoras | Iniciando validação unificada do registro. CNPJ=35984409000174
2026-09-10 15:38:46 | INFO | bdc.comercializadoras | Validação concluída. CNPJ=35984409000174 ERROS=0 AVISOS=0
2026-09-10 15:38:46 | INFO | bdc.comercializadoras | Iniciando processamento do arquivo EDF RENEWABLES VERDECOM 03082026.xlsx em modo incremental.
2026-09-10 15:38:46 | INFO | bdc.comercializadoras | Registro normalizado (Entrada: 44, Saída: 48).
2026-09-10 15:38:46 | INFO | bdc.comercializadoras | Iniciando validação unificada do registro. CNPJ=35984409000174
2026-09-10 15:38:46 | INFO | bdc.comercializadoras | Validação concluída. CNPJ=35984409000174 ERROS=0 AVISOS=0
2026-09-10 15:38:47 | INFO | bdc.comercializadoras | Iniciando processamento do arquivo EDF VERDECOM 22082025.xlsx em modo incremental.
2026-09-10 15:38:47 | INFO | bdc.comercializadoras | Registro normalizado (Entrada: 44, Saída: 48).
2026-09-10 15:38:47 | INFO | bdc.comercializadoras | Iniciando validação unificada do registro. CNPJ=35984409000174
2026-09-10 15:38:47 | INFO | bdc.comercializadoras | Validação concluída. CNPJ=35984409000174 ERROS=0 AVISOS=0
2026-09-10 15:38:47 | INFO | bdc.comercializadoras | Iniciando processamento do arquivo EDP 21052026.xlsx em modo incremental.
2026-09-10 15:38:48 | INFO | bdc.comercializadoras | Registro normalizado (Entrada: 44, Saída: 48).
2026-09-10 15:38:48 | INFO | bdc.comercializadoras | Iniciando validação unificada do registro. CNPJ=04149295000113
2026-09-10 15:38:48 | INFO | bdc.comercializadoras | Validação concluída. CNPJ=04149295000113 ERROS=0 AVISOS=0
2026-09-10 15:38:48 | INFO | bdc.comercializadoras | Iniciando processamento do arquivo EDP_12062023.xlsx em modo incremental.
2026-09-10 15:38:48 | INFO | bdc.comercializadoras | Registro normalizado (Entrada: 44, Saída: 48).
2026-09-10 15:38:48 | INFO | bdc.comercializadoras | Iniciando validação unificada do registro. CNPJ=04149295000113
2026-09-10 15:38:48 | INFO | bdc.comercializadoras | Validação concluída. CNPJ=04149295000113 ERROS=0 AVISOS=0
2026-09-10 15:38:48 | INFO | bdc.comercializadoras | Iniciando processamento do arquivo EDP_2025.xlsx em modo incremental.
2026-09-10 15:38:49 | INFO | bdc.comercializadoras | Registro normalizado (Entrada: 44, Saída: 48).
2026-09-10 15:38:49 | INFO | bdc.comercializadoras | Iniciando validação unificada do registro. CNPJ=04149295000113
2026-09-10 15:38:49 | INFO | bdc.comercializadoras | Validação concluída. CNPJ=04149295000113 ERROS=0 AVISOS=0
2026-09-10 15:38:49 | INFO | bdc.comercializadoras | Iniciando processamento do arquivo EEI BARIGUI_04_02_2022 divididos por 12.xlsx em modo incremental.
2026-09-10 15:38:49 | INFO | bdc.comercializadoras | Registro normalizado (Entrada: 44, Saída: 48).
2026-09-10 15:38:49 | INFO | bdc.comercializadoras | Iniciando validação unificada do registro. CNPJ=29993083000149
2026-09-10 15:38:49 | INFO | bdc.comercializadoras | Validação concluída. CNPJ=29993083000149 ERROS=0 AVISOS=0
2026-09-10 15:38:49 | INFO | bdc.comercializadoras | Iniciando processamento do arquivo EGS_29_08_2024.xlsx em modo incremental.
2026-09-10 15:38:49 | INFO | bdc.comercializadoras | Registro normalizado (Entrada: 44, Saída: 48).
2026-09-10 15:38:49 | INFO | bdc.comercializadoras | Iniciando validação unificada do registro. CNPJ=52177777000120
2026-09-10 15:38:49 | INFO | bdc.comercializadoras | Validação concluída. CNPJ=52177777000120 ERROS=0 AVISOS=0
2026-09-10 15:38:49 | INFO | bdc.comercializadoras | Iniciando processamento do arquivo EKOA 06_06_2022.xlsx em modo incremental.
2026-09-10 15:38:49 | INFO | bdc.comercializadoras | Registro normalizado (Entrada: 44, Saída: 48).
2026-09-10 15:38:49 | INFO | bdc.comercializadoras | Iniciando validação unificada do registro. CNPJ=28640358000106
2026-09-10 15:38:49 | INFO | bdc.comercializadoras | Validação concluída. CNPJ=28640358000106 ERROS=0 AVISOS=0
2026-09-10 15:38:50 | INFO | bdc.comercializadoras | Iniciando processamento do arquivo EKOA_03_09_2021.xlsx em modo incremental.
2026-09-10 15:38:50 | INFO | bdc.comercializadoras | Registro normalizado (Entrada: 44, Saída: 48).
2026-09-10 15:38:50 | INFO | bdc.comercializadoras | Iniciando validação unificada do registro. CNPJ=28640358000106
2026-09-10 15:38:50 | INFO | bdc.comercializadoras | Validação concluída. CNPJ=28640358000106 ERROS=0 AVISOS=0
2026-09-10 15:38:50 | INFO | bdc.comercializadoras | Iniciando processamento do arquivo ELECTRA 26032024.xlsx em modo incremental.
2026-09-10 15:38:50 | INFO | bdc.comercializadoras | Registro normalizado (Entrada: 44, Saída: 48).
2026-09-10 15:38:50 | INFO | bdc.comercializadoras | Iniciando validação unificada do registro. CNPJ=04518259000180
2026-09-10 15:38:50 | INFO | bdc.comercializadoras | Validação concluída. CNPJ=04518259000180 ERROS=0 AVISOS=0
2026-09-10 15:38:50 | INFO | bdc.comercializadoras | Iniciando processamento do arquivo ELECTRA 29_08_2022.xlsx em modo incremental.
2026-09-10 15:38:51 | INFO | bdc.comercializadoras | Registro normalizado (Entrada: 44, Saída: 48).
2026-09-10 15:38:51 | INFO | bdc.comercializadoras | Iniciando validação unificada do registro. CNPJ=04518259000180
2026-09-10 15:38:51 | INFO | bdc.comercializadoras | Validação concluída. CNPJ=04518259000180 ERROS=0 AVISOS=0
2026-09-10 15:38:51 | INFO | bdc.comercializadoras | Iniciando processamento do arquivo ELECTRA ENERGY 18_04_2023.xlsx em modo incremental.
2026-09-10 15:38:51 | INFO | bdc.comercializadoras | Registro normalizado (Entrada: 44, Saída: 48).
2026-09-10 15:38:51 | INFO | bdc.comercializadoras | Iniciando validação unificada do registro. CNPJ=04518259000180
2026-09-10 15:38:51 | INFO | bdc.comercializadoras | Validação concluída. CNPJ=04518259000180 ERROS=0 AVISOS=0
2026-09-10 15:38:51 | INFO | bdc.comercializadoras | Iniciando processamento do arquivo ELECTRA ENERGY_2024.xlsx em modo incremental.
2026-09-10 15:38:51 | INFO | bdc.comercializadoras | Registro normalizado (Entrada: 44, Saída: 48).
2026-09-10 15:38:51 | INFO | bdc.comercializadoras | Iniciando validação unificada do registro. CNPJ=04518259000180
2026-09-10 15:38:51 | INFO | bdc.comercializadoras | Validação concluída. CNPJ=04518259000180 ERROS=0 AVISOS=0
2026-09-10 15:38:52 | INFO | bdc.comercializadoras | Iniciando processamento do arquivo ELECTRA_02_09_2021.xlsx em modo incremental.
2026-09-10 15:38:52 | INFO | bdc.comercializadoras | Registro normalizado (Entrada: 44, Saída: 48).
2026-09-10 15:38:52 | INFO | bdc.comercializadoras | Iniciando validação unificada do registro. CNPJ=04518259000180
2026-09-10 15:38:52 | INFO | bdc.comercializadoras | Validação concluída. CNPJ=04518259000180 ERROS=0 AVISOS=0
2026-09-10 15:38:52 | INFO | bdc.comercializadoras | Iniciando processamento do arquivo ELECTRA_15042024.xlsx em modo incremental.
2026-09-10 15:38:52 | INFO | bdc.comercializadoras | Registro normalizado (Entrada: 44, Saída: 48).
2026-09-10 15:38:52 | INFO | bdc.comercializadoras | Iniciando validação unificada do registro. CNPJ=04518259000180
2026-09-10 15:38:52 | INFO | bdc.comercializadoras | Validação concluída. CNPJ=04518259000180 ERROS=0 AVISOS=0
2026-09-10 15:38:52 | INFO | bdc.comercializadoras | Iniciando processamento do arquivo ELERA COM 31072025.xlsx em modo incremental.
2026-09-10 15:38:52 | INFO | bdc.comercializadoras | Registro normalizado (Entrada: 44, Saída: 48).
2026-09-10 15:38:52 | INFO | bdc.comercializadoras | Iniciando validação unificada do registro. CNPJ=03780401000108
2026-09-10 15:38:52 | INFO | bdc.comercializadoras | Validação concluída. CNPJ=03780401000108 ERROS=0 AVISOS=0
2026-09-10 15:38:53 | INFO | bdc.comercializadoras | Iniciando processamento do arquivo ELERA_19012024.xlsx em modo incremental.
2026-09-10 15:38:53 | INFO | bdc.comercializadoras | Registro normalizado (Entrada: 44, Saída: 48).
2026-09-10 15:38:53 | INFO | bdc.comercializadoras | Iniciando validação unificada do registro. CNPJ=03780401000108
2026-09-10 15:38:53 | INFO | bdc.comercializadoras | Validação concluída. CNPJ=03780401000108 ERROS=0 AVISOS=0
2026-09-10 15:38:53 | INFO | bdc.comercializadoras | Iniciando processamento do arquivo ELERA_30.07.2024.xlsx em modo incremental.
2026-09-10 15:38:53 | INFO | bdc.comercializadoras | Registro normalizado (Entrada: 44, Saída: 48).
2026-09-10 15:38:53 | INFO | bdc.comercializadoras | Iniciando validação unificada do registro. CNPJ=03780401000108
2026-09-10 15:38:53 | INFO | bdc.comercializadoras | Validação concluída. CNPJ=03780401000108 ERROS=0 AVISOS=0
2026-09-10 15:38:53 | INFO | bdc.comercializadoras | Iniciando processamento do arquivo ELETROBRAS.xlsx em modo incremental.
2026-09-10 15:38:53 | INFO | bdc.comercializadoras | Registro normalizado (Entrada: 44, Saída: 48).
2026-09-10 15:38:53 | INFO | bdc.comercializadoras | Iniciando validação unificada do registro. CNPJ=00001180000207
2026-09-10 15:38:53 | INFO | bdc.comercializadoras | Validação concluída. CNPJ=00001180000207 ERROS=0 AVISOS=0
2026-09-10 15:38:53 | INFO | bdc.comercializadoras | Iniciando processamento do arquivo ELETROBRAS_24092025.xlsx em modo incremental.
2026-09-10 15:38:54 | INFO | bdc.comercializadoras | Registro normalizado (Entrada: 44, Saída: 48).
2026-09-10 15:38:54 | INFO | bdc.comercializadoras | Iniciando validação unificada do registro. CNPJ=00001180000126
2026-09-10 15:38:54 | INFO | bdc.comercializadoras | Validação concluída. CNPJ=00001180000126 ERROS=0 AVISOS=0
2026-09-10 15:38:54 | INFO | bdc.comercializadoras | Iniciando processamento do arquivo ELETRON 30_05_2022.xlsx em modo incremental.
2026-09-10 15:38:54 | INFO | bdc.comercializadoras | Registro normalizado (Entrada: 44, Saída: 48).
2026-09-10 15:38:54 | INFO | bdc.comercializadoras | Iniciando validação unificada do registro. CNPJ=15087610000141
2026-09-10 15:38:54 | INFO | bdc.comercializadoras | Validação concluída. CNPJ=15087610000141 ERROS=0 AVISOS=0
2026-09-10 15:38:54 | INFO | bdc.comercializadoras | Iniciando processamento do arquivo ENECEL_03_09_2021.xlsx em modo incremental.
2026-09-10 15:38:54 | INFO | bdc.comercializadoras | Registro normalizado (Entrada: 44, Saída: 48).
2026-09-10 15:38:54 | INFO | bdc.comercializadoras | Iniciando validação unificada do registro. CNPJ=25466251000197
2026-09-10 15:38:54 | INFO | bdc.comercializadoras | Validação concluída. CNPJ=25466251000197 ERROS=0 AVISOS=0
2026-09-10 15:38:54 | INFO | bdc.comercializadoras | Iniciando processamento do arquivo ENECEL_26.06.2024.xlsx em modo incremental.
2026-09-10 15:38:55 | INFO | bdc.comercializadoras | Registro normalizado (Entrada: 44, Saída: 48).
2026-09-10 15:38:55 | INFO | bdc.comercializadoras | Iniciando validação unificada do registro. CNPJ=25466251000197
2026-09-10 15:38:55 | INFO | bdc.comercializadoras | Validação concluída. CNPJ=25466251000197 ERROS=0 AVISOS=0
2026-09-10 15:38:55 | INFO | bdc.comercializadoras | Iniciando processamento do arquivo ENEL 22_06_2022.xlsx em modo incremental.
2026-09-10 15:38:55 | INFO | bdc.comercializadoras | Iniciando processamento do arquivo ENEL TRADING 27112023.xlsx em modo incremental.
2026-09-10 15:38:55 | INFO | bdc.comercializadoras | Registro normalizado (Entrada: 44, Saída: 48).
2026-09-10 15:38:55 | INFO | bdc.comercializadoras | Iniciando validação unificada do registro. CNPJ=30248458000125
2026-09-10 15:38:55 | INFO | bdc.comercializadoras | Validação concluída. CNPJ=30248458000125 ERROS=0 AVISOS=0
2026-09-10 15:38:55 | INFO | bdc.comercializadoras | Iniciando processamento do arquivo ENEL_29.07.2024.xlsx em modo incremental.
2026-09-10 15:38:55 | INFO | bdc.comercializadoras | Registro normalizado (Entrada: 44, Saída: 48).
2026-09-10 15:38:55 | INFO | bdc.comercializadoras | Iniciando validação unificada do registro. CNPJ=30248458000125
2026-09-10 15:38:55 | INFO | bdc.comercializadoras | Validação concluída. CNPJ=30248458000125 ERROS=0 AVISOS=0
2026-09-10 15:38:55 | INFO | bdc.comercializadoras | Iniciando processamento do arquivo ENERCORE 01072026.xlsx em modo incremental.
2026-09-10 15:38:56 | INFO | bdc.comercializadoras | Registro normalizado (Entrada: 44, Saída: 48).
2026-09-10 15:38:56 | INFO | bdc.comercializadoras | Iniciando validação unificada do registro. CNPJ=18416364000112
2026-09-10 15:38:56 | INFO | bdc.comercializadoras | Validação concluída. CNPJ=18416364000112 ERROS=0 AVISOS=0
2026-09-10 15:38:56 | INFO | bdc.comercializadoras | Iniciando processamento do arquivo ENERCORE 07_04_2022.xlsx em modo incremental.
2026-09-10 15:38:56 | INFO | bdc.comercializadoras | Registro normalizado (Entrada: 44, Saída: 48).
2026-09-10 15:38:56 | INFO | bdc.comercializadoras | Iniciando validação unificada do registro. CNPJ=18416364000112
2026-09-10 15:38:56 | INFO | bdc.comercializadoras | Validação concluída. CNPJ=18416364000112 ERROS=0 AVISOS=0
2026-09-10 15:38:56 | INFO | bdc.comercializadoras | Iniciando processamento do arquivo ENERCORE_11042024.xlsx em modo incremental.
2026-09-10 15:38:56 | INFO | bdc.comercializadoras | Registro normalizado (Entrada: 44, Saída: 48).
2026-09-10 15:38:56 | INFO | bdc.comercializadoras | Iniciando validação unificada do registro. CNPJ=18416364000112
2026-09-10 15:38:56 | INFO | bdc.comercializadoras | Validação concluída. CNPJ=18416364000112 ERROS=0 AVISOS=0
2026-09-10 15:38:56 | INFO | bdc.comercializadoras | Iniciando processamento do arquivo ENERCORE_2024.xlsx em modo incremental.
2026-09-10 15:38:57 | INFO | bdc.comercializadoras | Registro normalizado (Entrada: 44, Saída: 48).
2026-09-10 15:38:57 | INFO | bdc.comercializadoras | Iniciando validação unificada do registro. CNPJ=18416364000112
2026-09-10 15:38:57 | INFO | bdc.comercializadoras | Validação concluída. CNPJ=18416364000112 ERROS=0 AVISOS=0
2026-09-10 15:38:57 | INFO | bdc.comercializadoras | Iniciando processamento do arquivo ENERCORE_22032023.xlsx em modo incremental.
2026-09-10 15:38:57 | INFO | bdc.comercializadoras | Registro normalizado (Entrada: 44, Saída: 48).
2026-09-10 15:38:57 | INFO | bdc.comercializadoras | Iniciando validação unificada do registro. CNPJ=18416364000112
2026-09-10 15:38:57 | INFO | bdc.comercializadoras | Validação concluída. CNPJ=18416364000112 ERROS=0 AVISOS=0
2026-09-10 15:38:57 | INFO | bdc.comercializadoras | Iniciando processamento do arquivo ENERGEST 17082026.xlsx em modo incremental.
2026-09-10 15:38:58 | INFO | bdc.comercializadoras | Registro normalizado (Entrada: 44, Saída: 48).
2026-09-10 15:38:58 | INFO | bdc.comercializadoras | Iniciando validação unificada do registro. CNPJ=04029601000188
2026-09-10 15:38:58 | INFO | bdc.comercializadoras | Validação concluída. CNPJ=04029601000188 ERROS=0 AVISOS=0
2026-09-10 15:38:58 | INFO | bdc.comercializadoras | Iniciando processamento do arquivo ENERGETICA 03_03_2022.xlsx em modo incremental.
2026-09-10 15:38:58 | INFO | bdc.comercializadoras | Registro normalizado (Entrada: 44, Saída: 48).
2026-09-10 15:38:58 | INFO | bdc.comercializadoras | Iniciando validação unificada do registro. CNPJ=20978264000121
2026-09-10 15:38:58 | INFO | bdc.comercializadoras | Validação concluída. CNPJ=20978264000121 ERROS=0 AVISOS=0
2026-09-10 15:38:58 | INFO | bdc.comercializadoras | Iniciando processamento do arquivo ENERGISA 07052024.xlsx em modo incremental.
2026-09-10 15:38:58 | INFO | bdc.comercializadoras | Registro normalizado (Entrada: 44, Saída: 48).
2026-09-10 15:38:58 | INFO | bdc.comercializadoras | Iniciando validação unificada do registro. CNPJ=07685694000197
2026-09-10 15:38:58 | INFO | bdc.comercializadoras | Validação concluída. CNPJ=07685694000197 ERROS=0 AVISOS=0
2026-09-10 15:38:58 | INFO | bdc.comercializadoras | Iniciando processamento do arquivo ENERGISA 08052026.xlsx em modo incremental.
2026-09-10 15:38:59 | INFO | bdc.comercializadoras | Registro normalizado (Entrada: 44, Saída: 48).
2026-09-10 15:38:59 | INFO | bdc.comercializadoras | Iniciando validação unificada do registro. CNPJ=07685694000197
2026-09-10 15:38:59 | INFO | bdc.comercializadoras | Validação concluída. CNPJ=07685694000197 ERROS=0 AVISOS=0
2026-09-10 15:38:59 | INFO | bdc.comercializadoras | Iniciando processamento do arquivo ENERGISA 30102025.xlsx em modo incremental.
2026-09-10 15:38:59 | INFO | bdc.comercializadoras | Registro normalizado (Entrada: 44, Saída: 48).
2026-09-10 15:38:59 | INFO | bdc.comercializadoras | Iniciando validação unificada do registro. CNPJ=07685694000197
2026-09-10 15:38:59 | INFO | bdc.comercializadoras | Validação concluída. CNPJ=07685694000197 ERROS=0 AVISOS=0
2026-09-10 15:38:59 | INFO | bdc.comercializadoras | Iniciando processamento do arquivo ENERGISA(GRUPO)_04_09_2021.xlsx em modo incremental.
2026-09-10 15:38:59 | INFO | bdc.comercializadoras | Iniciando processamento do arquivo ENERGIZOU 17_03_2022.xlsx em modo incremental.
2026-09-10 15:39:00 | INFO | bdc.comercializadoras | Registro normalizado (Entrada: 44, Saída: 48).
2026-09-10 15:39:00 | INFO | bdc.comercializadoras | Iniciando validação unificada do registro. CNPJ=30693787000185
2026-09-10 15:39:00 | INFO | bdc.comercializadoras | Validação concluída. CNPJ=30693787000185 ERROS=0 AVISOS=0
2026-09-10 15:39:00 | INFO | bdc.comercializadoras | Iniciando processamento do arquivo ENERGIZOU_05.06.2024.xlsx em modo incremental.
2026-09-10 15:39:00 | INFO | bdc.comercializadoras | Registro normalizado (Entrada: 44, Saída: 48).
2026-09-10 15:39:00 | INFO | bdc.comercializadoras | Iniciando validação unificada do registro. CNPJ=30693787000185
2026-09-10 15:39:00 | INFO | bdc.comercializadoras | Validação concluída. CNPJ=30693787000185 ERROS=0 AVISOS=0
2026-09-10 15:39:00 | INFO | bdc.comercializadoras | Iniciando processamento do arquivo ENERPEIXE 20082026.xlsx em modo incremental.
2026-09-10 15:39:00 | INFO | bdc.comercializadoras | Registro normalizado (Entrada: 44, Saída: 48).
2026-09-10 15:39:00 | INFO | bdc.comercializadoras | Iniciando validação unificada do registro. CNPJ=04426411000102
2026-09-10 15:39:00 | INFO | bdc.comercializadoras | Validação concluída. CNPJ=04426411000102 ERROS=0 AVISOS=0
2026-09-10 15:39:00 | INFO | bdc.comercializadoras | Iniciando processamento do arquivo ENERPEIXE COMERCIALIZADORA16092025.xlsx em modo incremental.
2026-09-10 15:39:01 | INFO | bdc.comercializadoras | Registro normalizado (Entrada: 44, Saída: 48).
2026-09-10 15:39:01 | INFO | bdc.comercializadoras | Iniciando validação unificada do registro. CNPJ=04426411000102
2026-09-10 15:39:01 | INFO | bdc.comercializadoras | Validação concluída. CNPJ=04426411000102 ERROS=0 AVISOS=0
2026-09-10 15:39:01 | INFO | bdc.comercializadoras | Iniciando processamento do arquivo ENEVA 28072026.xlsx em modo incremental.
2026-09-10 15:39:01 | INFO | bdc.comercializadoras | Registro normalizado (Entrada: 44, Saída: 48).
2026-09-10 15:39:01 | INFO | bdc.comercializadoras | Iniciando validação unificada do registro. CNPJ=04423567000121
2026-09-10 15:39:01 | INFO | bdc.comercializadoras | Validação concluída. CNPJ=04423567000121 ERROS=0 AVISOS=0
2026-09-10 15:39:01 | INFO | bdc.comercializadoras | Iniciando processamento do arquivo ENEVA 30102025.xlsx em modo incremental.
2026-09-10 15:39:01 | INFO | bdc.comercializadoras | Registro normalizado (Entrada: 44, Saída: 48).
2026-09-10 15:39:01 | INFO | bdc.comercializadoras | Iniciando validação unificada do registro. CNPJ=04423567000121
2026-09-10 15:39:01 | INFO | bdc.comercializadoras | Validação concluída. CNPJ=04423567000121 ERROS=0 AVISOS=0
2026-09-10 15:39:01 | INFO | bdc.comercializadoras | Iniciando processamento do arquivo ENEVA_05042023.xlsx em modo incremental.
2026-09-10 15:39:02 | INFO | bdc.comercializadoras | Registro normalizado (Entrada: 44, Saída: 48).
2026-09-10 15:39:02 | INFO | bdc.comercializadoras | Iniciando validação unificada do registro. CNPJ=None
2026-09-10 15:39:02 | INFO | bdc.comercializadoras | Validação concluída. CNPJ=None ERROS=1 AVISOS=0
2026-09-10 15:39:02 | WARNING | bdc.comercializadoras | Erros de validação para CNPJ=None: ['GATE_ENGINE ausente: CNPJ']
2026-09-10 15:39:02 | INFO | bdc.comercializadoras | Iniciando processamento do arquivo ENEVA_05_04_2022.xlsx em modo incremental.
2026-09-10 15:39:02 | INFO | bdc.comercializadoras | Iniciando processamento do arquivo ENEVA_29.05.2024.xlsx em modo incremental.
2026-09-10 15:39:02 | INFO | bdc.comercializadoras | Registro normalizado (Entrada: 44, Saída: 48).
2026-09-10 15:39:02 | INFO | bdc.comercializadoras | Iniciando validação unificada do registro. CNPJ=04423567000121
2026-09-10 15:39:02 | INFO | bdc.comercializadoras | Validação concluída. CNPJ=04423567000121 ERROS=0 AVISOS=0
2026-09-10 15:39:02 | INFO | bdc.comercializadoras | Iniciando processamento do arquivo ENEVA_29.05.2024__1.xlsx em modo incremental.
2026-09-10 15:39:02 | INFO | bdc.comercializadoras | Registro normalizado (Entrada: 44, Saída: 48).
2026-09-10 15:39:02 | INFO | bdc.comercializadoras | Iniciando validação unificada do registro. CNPJ=09185485000100
2026-09-10 15:39:02 | INFO | bdc.comercializadoras | Validação concluída. CNPJ=09185485000100 ERROS=0 AVISOS=0
2026-09-10 15:39:02 | INFO | bdc.comercializadoras | Iniciando processamento do arquivo ENEX_17_06_2021.xlsx em modo incremental.
2026-09-10 15:39:03 | INFO | bdc.comercializadoras | Registro normalizado (Entrada: 44, Saída: 48).
2026-09-10 15:39:03 | INFO | bdc.comercializadoras | Iniciando validação unificada do registro. CNPJ=12458962000178
2026-09-10 15:39:03 | INFO | bdc.comercializadoras | Validação concluída. CNPJ=12458962000178 ERROS=0 AVISOS=0
2026-09-10 15:39:03 | INFO | bdc.comercializadoras | Iniciando processamento do arquivo ENGEFORM 25062026.xlsx em modo incremental.
2026-09-10 15:39:03 | INFO | bdc.comercializadoras | Registro normalizado (Entrada: 44, Saída: 48).
2026-09-10 15:39:03 | INFO | bdc.comercializadoras | Iniciando validação unificada do registro. CNPJ=42311687000126
2026-09-10 15:39:03 | INFO | bdc.comercializadoras | Validação concluída. CNPJ=42311687000126 ERROS=0 AVISOS=0
2026-09-10 15:39:03 | INFO | bdc.comercializadoras | Iniciando processamento do arquivo ENGIE 01072025.xlsx em modo incremental.
2026-09-10 15:39:03 | INFO | bdc.comercializadoras | Registro normalizado (Entrada: 44, Saída: 48).
2026-09-10 15:39:03 | INFO | bdc.comercializadoras | Iniciando validação unificada do registro. CNPJ=04100556000100
2026-09-10 15:39:03 | INFO | bdc.comercializadoras | Validação concluída. CNPJ=04100556000100 ERROS=0 AVISOS=0
2026-09-10 15:39:03 | INFO | bdc.comercializadoras | Iniciando processamento do arquivo ENGIE 12052026.xlsx em modo incremental.
2026-09-10 15:39:04 | INFO | bdc.comercializadoras | Registro normalizado (Entrada: 44, Saída: 48).
2026-09-10 15:39:04 | INFO | bdc.comercializadoras | Iniciando validação unificada do registro. CNPJ=04100556000100
2026-09-10 15:39:04 | INFO | bdc.comercializadoras | Validação concluída. CNPJ=04100556000100 ERROS=0 AVISOS=0
2026-09-10 15:39:04 | INFO | bdc.comercializadoras | Iniciando processamento do arquivo ENGIE COM (GRUPO)_06_10_2021.xlsx em modo incremental.
2026-09-10 15:39:04 | INFO | bdc.comercializadoras | Iniciando processamento do arquivo ENGIE TRADING_(GRUPO)_18_10_2021.xlsx em modo incremental.
2026-09-10 15:39:04 | INFO | bdc.comercializadoras | Iniciando processamento do arquivo ENGIECOM_06.06.2024.xlsx em modo incremental.
2026-09-10 15:39:04 | INFO | bdc.comercializadoras | Registro normalizado (Entrada: 44, Saída: 48).
2026-09-10 15:39:04 | INFO | bdc.comercializadoras | Iniciando validação unificada do registro. CNPJ=04100556000100
2026-09-10 15:39:04 | INFO | bdc.comercializadoras | Validação concluída. CNPJ=04100556000100 ERROS=0 AVISOS=0
2026-09-10 15:39:04 | INFO | bdc.comercializadoras | Iniciando processamento do arquivo ENGIE_06.06.2024.xlsx em modo incremental.
2026-09-10 15:39:05 | INFO | bdc.comercializadoras | Registro normalizado (Entrada: 44, Saída: 48).
2026-09-10 15:39:05 | INFO | bdc.comercializadoras | Iniciando validação unificada do registro. CNPJ=31635668000139
2026-09-10 15:39:05 | INFO | bdc.comercializadoras | Validação concluída. CNPJ=31635668000139 ERROS=0 AVISOS=0
2026-09-10 15:39:05 | INFO | bdc.comercializadoras | Iniciando processamento do arquivo EQUATORIAL (ECHO)_25092025.xlsx em modo incremental.
2026-09-10 15:39:05 | INFO | bdc.comercializadoras | Registro normalizado (Entrada: 44, Saída: 48).
2026-09-10 15:39:05 | INFO | bdc.comercializadoras | Iniciando validação unificada do registro. CNPJ=31932088000103
2026-09-10 15:39:05 | INFO | bdc.comercializadoras | Validação concluída. CNPJ=31932088000103 ERROS=0 AVISOS=0
2026-09-10 15:39:05 | INFO | bdc.comercializadoras | Iniciando processamento do arquivo EQUATORIAL RENOVAVEIS 08062026.xlsx em modo incremental.
2026-09-10 15:39:06 | INFO | bdc.comercializadoras | Registro normalizado (Entrada: 44, Saída: 48).
2026-09-10 15:39:06 | INFO | bdc.comercializadoras | Iniciando validação unificada do registro. CNPJ=31932088000103
2026-09-10 15:39:06 | INFO | bdc.comercializadoras | Validação concluída. CNPJ=31932088000103 ERROS=0 AVISOS=0
2026-09-10 15:39:06 | INFO | bdc.comercializadoras | Iniciando processamento do arquivo ESFERA 02_08_2022.xlsx em modo incremental.
2026-09-10 15:39:06 | INFO | bdc.comercializadoras | Registro normalizado (Entrada: 44, Saída: 48).
2026-09-10 15:39:06 | INFO | bdc.comercializadoras | Iniciando validação unificada do registro. CNPJ=26940979000171
2026-09-10 15:39:06 | INFO | bdc.comercializadoras | Validação concluída. CNPJ=26940979000171 ERROS=0 AVISOS=0
2026-09-10 15:39:06 | INFO | bdc.comercializadoras | Iniciando processamento do arquivo ESFERA 26 04 2024.xlsx em modo incremental.
2026-09-10 15:39:06 | INFO | bdc.comercializadoras | Registro normalizado (Entrada: 44, Saída: 48).
2026-09-10 15:39:06 | INFO | bdc.comercializadoras | Iniciando validação unificada do registro. CNPJ=26940979000171
2026-09-10 15:39:06 | INFO | bdc.comercializadoras | Validação concluída. CNPJ=26940979000171 ERROS=0 AVISOS=0
2026-09-10 15:39:06 | INFO | bdc.comercializadoras | Iniciando processamento do arquivo ESFERA 27022024.xlsx em modo incremental.
2026-09-10 15:39:06 | INFO | bdc.comercializadoras | Registro normalizado (Entrada: 44, Saída: 48).
2026-09-10 15:39:06 | INFO | bdc.comercializadoras | Iniciando validação unificada do registro. CNPJ=26940979000171
2026-09-10 15:39:06 | INFO | bdc.comercializadoras | Validação concluída. CNPJ=26940979000171 ERROS=0 AVISOS=0
2026-09-10 15:39:06 | INFO | bdc.comercializadoras | Iniciando processamento do arquivo EVEREST 06_05_2022.xlsx em modo incremental.
2026-09-10 15:39:07 | INFO | bdc.comercializadoras | Registro normalizado (Entrada: 44, Saída: 48).
2026-09-10 15:39:07 | INFO | bdc.comercializadoras | Iniciando validação unificada do registro. CNPJ=21256386000177
2026-09-10 15:39:07 | INFO | bdc.comercializadoras | Validação concluída. CNPJ=21256386000177 ERROS=0 AVISOS=0
2026-09-10 15:39:07 | INFO | bdc.comercializadoras | Iniciando processamento do arquivo EVEREST_03_09_2021.xlsx em modo incremental.
2026-09-10 15:39:07 | INFO | bdc.comercializadoras | Registro normalizado (Entrada: 44, Saída: 48).
2026-09-10 15:39:07 | INFO | bdc.comercializadoras | Iniciando validação unificada do registro. CNPJ=21256386000177
2026-09-10 15:39:07 | INFO | bdc.comercializadoras | Validação concluída. CNPJ=21256386000177 ERROS=0 AVISOS=0
2026-09-10 15:39:07 | INFO | bdc.comercializadoras | Iniciando processamento do arquivo EVO 20112023.xlsx em modo incremental.
2026-09-10 15:39:07 | INFO | bdc.comercializadoras | Registro normalizado (Entrada: 44, Saída: 48).
2026-09-10 15:39:07 | INFO | bdc.comercializadoras | Iniciando validação unificada do registro. CNPJ=30902608000172
2026-09-10 15:39:07 | INFO | bdc.comercializadoras | Validação concluída. CNPJ=30902608000172 ERROS=0 AVISOS=0
2026-09-10 15:39:07 | INFO | bdc.comercializadoras | Iniciando processamento do arquivo EVO ENERGIA 27062025.xlsx em modo incremental.
2026-09-10 15:39:08 | INFO | bdc.comercializadoras | Registro normalizado (Entrada: 44, Saída: 48).
2026-09-10 15:39:08 | INFO | bdc.comercializadoras | Iniciando validação unificada do registro. CNPJ=30902608000172
2026-09-10 15:39:08 | INFO | bdc.comercializadoras | Validação concluída. CNPJ=30902608000172 ERROS=0 AVISOS=0
2026-09-10 15:39:08 | INFO | bdc.comercializadoras | Iniciando processamento do arquivo EVO ENERGIA 30_05_2022.xlsx em modo incremental.
2026-09-10 15:39:08 | INFO | bdc.comercializadoras | Registro normalizado (Entrada: 44, Saída: 48).
2026-09-10 15:39:08 | INFO | bdc.comercializadoras | Iniciando validação unificada do registro. CNPJ=30902608000172
2026-09-10 15:39:08 | INFO | bdc.comercializadoras | Validação concluída. CNPJ=30902608000172 ERROS=0 AVISOS=0
2026-09-10 15:39:08 | INFO | bdc.comercializadoras | Iniciando processamento do arquivo EVO ENERGIA _25_05_2021.xlsx em modo incremental.
2026-09-10 15:39:08 | INFO | bdc.comercializadoras | Registro normalizado (Entrada: 44, Saída: 48).
2026-09-10 15:39:08 | INFO | bdc.comercializadoras | Iniciando validação unificada do registro. CNPJ=30902608000172
2026-09-10 15:39:08 | INFO | bdc.comercializadoras | Validação concluída. CNPJ=30902608000172 ERROS=0 AVISOS=0
2026-09-10 15:39:08 | INFO | bdc.comercializadoras | Iniciando processamento do arquivo EVOLUTION_19_03_2021.xlsx em modo incremental.
2026-09-10 15:39:09 | INFO | bdc.comercializadoras | Registro normalizado (Entrada: 44, Saída: 48).
2026-09-10 15:39:09 | INFO | bdc.comercializadoras | Iniciando validação unificada do registro. CNPJ=31897236000104
2026-09-10 15:39:09 | INFO | bdc.comercializadoras | Validação concluída. CNPJ=31897236000104 ERROS=0 AVISOS=0
2026-09-10 15:39:09 | INFO | bdc.comercializadoras | Iniciando processamento do arquivo EVO_20.05.2024.xlsx em modo incremental.
2026-09-10 15:39:09 | INFO | bdc.comercializadoras | Registro normalizado (Entrada: 44, Saída: 48).
2026-09-10 15:39:09 | INFO | bdc.comercializadoras | Iniciando validação unificada do registro. CNPJ=30902608000172
2026-09-10 15:39:09 | INFO | bdc.comercializadoras | Validação concluída. CNPJ=30902608000172 ERROS=0 AVISOS=0
2026-09-10 15:39:09 | INFO | bdc.comercializadoras | Iniciando processamento do arquivo EXATA_03_09_2021.xlsx em modo incremental.
2026-09-10 15:39:09 | INFO | bdc.comercializadoras | Registro normalizado (Entrada: 44, Saída: 48).
2026-09-10 15:39:09 | INFO | bdc.comercializadoras | Iniciando validação unificada do registro. CNPJ=33931753000170
2026-09-10 15:39:09 | INFO | bdc.comercializadoras | Validação concluída. CNPJ=33931753000170 ERROS=0 AVISOS=0
2026-09-10 15:39:09 | INFO | bdc.comercializadoras | Iniciando processamento do arquivo EXPONENCIAL 01112024.xlsx em modo incremental.
2026-09-10 15:39:09 | INFO | bdc.comercializadoras | Registro normalizado (Entrada: 44, Saída: 48).
2026-09-10 15:39:09 | INFO | bdc.comercializadoras | Iniciando validação unificada do registro. CNPJ=26914969000161
2026-09-10 15:39:09 | INFO | bdc.comercializadoras | Validação concluída. CNPJ=26914969000161 ERROS=0 AVISOS=0
2026-09-10 15:39:09 | INFO | bdc.comercializadoras | Iniciando processamento do arquivo EXPONENCIAL 10_03_2022.xlsx em modo incremental.
2026-09-10 15:39:10 | INFO | bdc.comercializadoras | Registro normalizado (Entrada: 44, Saída: 48).
2026-09-10 15:39:10 | INFO | bdc.comercializadoras | Iniciando validação unificada do registro. CNPJ=26914969000161
2026-09-10 15:39:10 | INFO | bdc.comercializadoras | Validação concluída. CNPJ=26914969000161 ERROS=0 AVISOS=0
2026-09-10 15:39:10 | INFO | bdc.comercializadoras | Iniciando processamento do arquivo Echoenergia Participações.xlsx em modo incremental.
2026-09-10 15:39:10 | INFO | bdc.comercializadoras | Registro normalizado (Entrada: 44, Saída: 48).
2026-09-10 15:39:10 | INFO | bdc.comercializadoras | Iniciando validação unificada do registro. CNPJ=31932088000103
2026-09-10 15:39:10 | INFO | bdc.comercializadoras | Validação concluída. CNPJ=31932088000103 ERROS=0 AVISOS=0
2026-09-10 15:39:10 | INFO | bdc.comercializadoras | Iniciando processamento do arquivo Enel Brasil_25092025.xlsx em modo incremental.
2026-09-10 15:39:10 | INFO | bdc.comercializadoras | Registro normalizado (Entrada: 44, Saída: 48).
2026-09-10 15:39:10 | INFO | bdc.comercializadoras | Iniciando validação unificada do registro. CNPJ=30248458000125
2026-09-10 15:39:10 | INFO | bdc.comercializadoras | Validação concluída. CNPJ=30248458000125 ERROS=0 AVISOS=0
2026-09-10 15:39:11 | INFO | bdc.comercializadoras | Iniciando processamento do arquivo EngieTrading_05092023.xlsx em modo incremental.
2026-09-10 15:39:11 | INFO | bdc.comercializadoras | Registro normalizado (Entrada: 44, Saída: 48).
2026-09-10 15:39:11 | INFO | bdc.comercializadoras | Iniciando validação unificada do registro. CNPJ=31635668000139
2026-09-10 15:39:11 | INFO | bdc.comercializadoras | Validação concluída. CNPJ=31635668000139 ERROS=0 AVISOS=0
2026-09-10 15:39:11 | INFO | bdc.comercializadoras | Iniciando processamento do arquivo Engie_31082023.xlsx em modo incremental.
2026-09-10 15:39:11 | INFO | bdc.comercializadoras | Registro normalizado (Entrada: 44, Saída: 48).
2026-09-10 15:39:11 | INFO | bdc.comercializadoras | Iniciando validação unificada do registro. CNPJ=04100556000100
2026-09-10 15:39:11 | INFO | bdc.comercializadoras | Validação concluída. CNPJ=04100556000100 ERROS=0 AVISOS=0
2026-09-10 15:39:11 | INFO | bdc.comercializadoras | Iniciando processamento do arquivo FIBRA 06082026.xlsx em modo incremental.
2026-09-10 15:39:11 | INFO | bdc.comercializadoras | Registro normalizado (Entrada: 44, Saída: 48).
2026-09-10 15:39:11 | INFO | bdc.comercializadoras | Iniciando validação unificada do registro. CNPJ=08578334000159
2026-09-10 15:39:11 | INFO | bdc.comercializadoras | Validação concluída. CNPJ=08578334000159 ERROS=0 AVISOS=0
2026-09-10 15:39:11 | INFO | bdc.comercializadoras | Iniciando processamento do arquivo FIBRA_GRUPO 24062025.xlsx em modo incremental.
2026-09-10 15:39:12 | INFO | bdc.comercializadoras | Registro normalizado (Entrada: 44, Saída: 48).
2026-09-10 15:39:12 | INFO | bdc.comercializadoras | Iniciando validação unificada do registro. CNPJ=08578334000159
2026-09-10 15:39:12 | INFO | bdc.comercializadoras | Validação concluída. CNPJ=08578334000159 ERROS=0 AVISOS=0
2026-09-10 15:39:12 | INFO | bdc.comercializadoras | Iniciando processamento do arquivo FICHA AMERICA_18.06.2023.xlsx em modo incremental.
2026-09-10 15:39:12 | INFO | bdc.comercializadoras | Registro normalizado (Entrada: 44, Saída: 48).
2026-09-10 15:39:12 | INFO | bdc.comercializadoras | Iniciando validação unificada do registro. CNPJ=None
2026-09-10 15:39:12 | INFO | bdc.comercializadoras | Validação concluída. CNPJ=None ERROS=1 AVISOS=0
2026-09-10 15:39:12 | WARNING | bdc.comercializadoras | Erros de validação para CNPJ=None: ['GATE_ENGINE ausente: CNPJ']
2026-09-10 15:39:12 | INFO | bdc.comercializadoras | Iniciando processamento do arquivo FICHA ARGON_16.06.2023.xlsx em modo incremental.
2026-09-10 15:39:12 | INFO | bdc.comercializadoras | Registro normalizado (Entrada: 44, Saída: 48).
2026-09-10 15:39:12 | INFO | bdc.comercializadoras | Iniciando validação unificada do registro. CNPJ=21642355000154
2026-09-10 15:39:12 | INFO | bdc.comercializadoras | Validação concluída. CNPJ=21642355000154 ERROS=0 AVISOS=0
2026-09-10 15:39:12 | INFO | bdc.comercializadoras | Iniciando processamento do arquivo FICHA BOVEN_16.06.2023.xlsx em modo incremental.
2026-09-10 15:39:12 | INFO | bdc.comercializadoras | Registro normalizado (Entrada: 44, Saída: 48).
2026-09-10 15:39:12 | INFO | bdc.comercializadoras | Iniciando validação unificada do registro. CNPJ=14609649000119
2026-09-10 15:39:12 | INFO | bdc.comercializadoras | Validação concluída. CNPJ=14609649000119 ERROS=0 AVISOS=0
2026-09-10 15:39:12 | INFO | bdc.comercializadoras | Iniciando processamento do arquivo FICHA EXPONENCIAL_16.06.2023.xlsx em modo incremental.
2026-09-10 15:39:13 | INFO | bdc.comercializadoras | Registro normalizado (Entrada: 44, Saída: 48).
2026-09-10 15:39:13 | INFO | bdc.comercializadoras | Iniciando validação unificada do registro. CNPJ=26914969000161
2026-09-10 15:39:13 | INFO | bdc.comercializadoras | Validação concluída. CNPJ=26914969000161 ERROS=0 AVISOS=0
2026-09-10 15:39:13 | INFO | bdc.comercializadoras | Iniciando processamento do arquivo FICHA GOLD_19.06.2023.xlsx em modo incremental.
2026-09-10 15:39:13 | INFO | bdc.comercializadoras | Registro normalizado (Entrada: 44, Saída: 48).
2026-09-10 15:39:13 | INFO | bdc.comercializadoras | Iniciando validação unificada do registro. CNPJ=30483222000173
2026-09-10 15:39:13 | INFO | bdc.comercializadoras | Validação concluída. CNPJ=30483222000173 ERROS=0 AVISOS=0
2026-09-10 15:39:13 | INFO | bdc.comercializadoras | Iniciando processamento do arquivo FICHA MODELO_xx.xx.2024.xlsx em modo incremental.
2026-09-10 15:39:13 | INFO | bdc.comercializadoras | Registro normalizado (Entrada: 44, Saída: 48).
2026-09-10 15:39:13 | INFO | bdc.comercializadoras | Iniciando validação unificada do registro. CNPJ=17386017000121
2026-09-10 15:39:13 | INFO | bdc.comercializadoras | Validação concluída. CNPJ=17386017000121 ERROS=0 AVISOS=0
2026-09-10 15:39:13 | INFO | bdc.comercializadoras | Iniciando processamento do arquivo FICHA MODELO_xx.xx.2025_1.0.xlsx em modo incremental.
2026-09-10 15:39:13 | INFO | bdc.comercializadoras | Registro normalizado (Entrada: 44, Saída: 48).
2026-09-10 15:39:13 | INFO | bdc.comercializadoras | Iniciando validação unificada do registro. CNPJ=04023261000188
2026-09-10 15:39:13 | INFO | bdc.comercializadoras | Validação concluída. CNPJ=04023261000188 ERROS=0 AVISOS=0
2026-09-10 15:39:13 | INFO | bdc.comercializadoras | Iniciando processamento do arquivo FICHA MODELO_xx.xx.xxxx.xlsx em modo incremental.
2026-09-10 15:39:13 | INFO | bdc.comercializadoras | Registro normalizado (Entrada: 44, Saída: 48).
2026-09-10 15:39:13 | INFO | bdc.comercializadoras | Iniciando validação unificada do registro. CNPJ=28397998000129
2026-09-10 15:39:13 | INFO | bdc.comercializadoras | Validação concluída. CNPJ=28397998000129 ERROS=0 AVISOS=0
2026-09-10 15:39:14 | INFO | bdc.comercializadoras | Iniciando processamento do arquivo FICHA MODELO_xx.xx.xxxx__4.xlsx em modo incremental.
2026-09-10 15:39:14 | INFO | bdc.comercializadoras | Registro normalizado (Entrada: 44, Saída: 48).
2026-09-10 15:39:14 | INFO | bdc.comercializadoras | Iniciando validação unificada do registro. CNPJ=28397998000129
2026-09-10 15:39:14 | INFO | bdc.comercializadoras | Validação concluída. CNPJ=28397998000129 ERROS=0 AVISOS=0
2026-09-10 15:39:14 | INFO | bdc.comercializadoras | Iniciando processamento do arquivo FICHA URCA_20.06.2023.xlsx em modo incremental.
2026-09-10 15:39:14 | INFO | bdc.comercializadoras | Registro normalizado (Entrada: 44, Saída: 48).
2026-09-10 15:39:14 | INFO | bdc.comercializadoras | Iniciando validação unificada do registro. CNPJ=32185360000100
2026-09-10 15:39:14 | INFO | bdc.comercializadoras | Validação concluída. CNPJ=32185360000100 ERROS=0 AVISOS=0
2026-09-10 15:39:14 | INFO | bdc.comercializadoras | Iniciando processamento do arquivo FICHA_GERADORAS_LAJARI_PASSO4.xlsx em modo incremental.
2026-09-10 15:39:14 | INFO | bdc.comercializadoras | Registro normalizado (Entrada: 44, Saída: 48).
2026-09-10 15:39:14 | INFO | bdc.comercializadoras | Iniciando validação unificada do registro. CNPJ=09020211000160
2026-09-10 15:39:14 | INFO | bdc.comercializadoras | Validação concluída. CNPJ=09020211000160 ERROS=0 AVISOS=0
2026-09-10 15:39:14 | INFO | bdc.comercializadoras | Iniciando processamento do arquivo FLASH 11072025.xlsx em modo incremental.
2026-09-10 15:39:15 | INFO | bdc.comercializadoras | Registro normalizado (Entrada: 44, Saída: 48).
2026-09-10 15:39:15 | INFO | bdc.comercializadoras | Iniciando validação unificada do registro. CNPJ=30834939000112
2026-09-10 15:39:15 | INFO | bdc.comercializadoras | Validação concluída. CNPJ=30834939000112 ERROS=0 AVISOS=0
2026-09-10 15:39:15 | INFO | bdc.comercializadoras | Iniciando processamento do arquivo FLASH ENERGY 25042024.xlsx em modo incremental.
2026-09-10 15:39:15 | INFO | bdc.comercializadoras | Registro normalizado (Entrada: 44, Saída: 48).
2026-09-10 15:39:15 | INFO | bdc.comercializadoras | Iniciando validação unificada do registro. CNPJ=30834939000112
2026-09-10 15:39:15 | INFO | bdc.comercializadoras | Validação concluída. CNPJ=30834939000112 ERROS=0 AVISOS=0
2026-09-10 15:39:15 | INFO | bdc.comercializadoras | Iniciando processamento do arquivo FLOW_03_09_2021.xlsx em modo incremental.
2026-09-10 15:39:15 | INFO | bdc.comercializadoras | Registro normalizado (Entrada: 44, Saída: 48).
2026-09-10 15:39:15 | INFO | bdc.comercializadoras | Iniciando validação unificada do registro. CNPJ=30840548000100
2026-09-10 15:39:15 | INFO | bdc.comercializadoras | Validação concluída. CNPJ=30840548000100 ERROS=0 AVISOS=0
2026-09-10 15:39:15 | INFO | bdc.comercializadoras | Iniciando processamento do arquivo FOCUS ENERGIA _07_05_2021.xlsx em modo incremental.
2026-09-10 15:39:16 | INFO | bdc.comercializadoras | Registro normalizado (Entrada: 44, Saída: 48).
2026-09-10 15:39:16 | INFO | bdc.comercializadoras | Iniciando validação unificada do registro. CNPJ=07760179000124
2026-09-10 15:39:16 | INFO | bdc.comercializadoras | Validação concluída. CNPJ=07760179000124 ERROS=0 AVISOS=0
2026-09-10 15:39:16 | INFO | bdc.comercializadoras | Iniciando processamento do arquivo FOTOVO 01_09_2022.xlsx em modo incremental.
2026-09-10 15:39:16 | INFO | bdc.comercializadoras | Registro normalizado (Entrada: 44, Saída: 48).
2026-09-10 15:39:16 | INFO | bdc.comercializadoras | Iniciando validação unificada do registro. CNPJ=27483435000190
2026-09-10 15:39:16 | INFO | bdc.comercializadoras | Validação concluída. CNPJ=27483435000190 ERROS=0 AVISOS=0
2026-09-10 15:39:16 | INFO | bdc.comercializadoras | Iniciando processamento do arquivo FOTOVO 30-04-2026.xlsx em modo incremental.
2026-09-10 15:39:16 | INFO | bdc.comercializadoras | Registro normalizado (Entrada: 44, Saída: 48).
2026-09-10 15:39:16 | INFO | bdc.comercializadoras | Iniciando validação unificada do registro. CNPJ=27483435000190
2026-09-10 15:39:16 | INFO | bdc.comercializadoras | Validação concluída. CNPJ=27483435000190 ERROS=0 AVISOS=0
2026-09-10 15:39:16 | INFO | bdc.comercializadoras | Iniciando processamento do arquivo FOTOVO_11.08.2023_.xlsx em modo incremental.
2026-09-10 15:39:16 | INFO | bdc.comercializadoras | Registro normalizado (Entrada: 44, Saída: 48).
2026-09-10 15:39:16 | INFO | bdc.comercializadoras | Iniciando validação unificada do registro. CNPJ=27483435000190
2026-09-10 15:39:16 | INFO | bdc.comercializadoras | Validação concluída. CNPJ=27483435000190 ERROS=0 AVISOS=0
2026-09-10 15:39:17 | INFO | bdc.comercializadoras | Iniciando processamento do arquivo FOTOVO_21.05.2024.xlsx em modo incremental.
2026-09-10 15:39:17 | INFO | bdc.comercializadoras | Registro normalizado (Entrada: 44, Saída: 48).
2026-09-10 15:39:17 | INFO | bdc.comercializadoras | Iniciando validação unificada do registro. CNPJ=27483435000190
2026-09-10 15:39:17 | INFO | bdc.comercializadoras | Validação concluída. CNPJ=27483435000190 ERROS=0 AVISOS=0
2026-09-10 15:39:17 | INFO | bdc.comercializadoras | Iniciando processamento do arquivo FOZ DO CHAPECO RATING 27012026.xlsx em modo incremental.
2026-09-10 15:39:17 | INFO | bdc.comercializadoras | Registro normalizado (Entrada: 44, Saída: 48).
2026-09-10 15:39:17 | INFO | bdc.comercializadoras | Iniciando validação unificada do registro. CNPJ=07829836000142
2026-09-10 15:39:17 | INFO | bdc.comercializadoras | Validação concluída. CNPJ=07829836000142 ERROS=0 AVISOS=0
2026-09-10 15:39:17 | INFO | bdc.comercializadoras | Iniciando processamento do arquivo Fibra Energy 14052025.xlsx em modo incremental.
2026-09-10 15:39:17 | INFO | bdc.comercializadoras | Registro normalizado (Entrada: 44, Saída: 48).
2026-09-10 15:39:17 | INFO | bdc.comercializadoras | Iniciando validação unificada do registro. CNPJ=08578334000159
2026-09-10 15:39:17 | INFO | bdc.comercializadoras | Validação concluída. CNPJ=08578334000159 ERROS=0 AVISOS=0
2026-09-10 15:39:18 | INFO | bdc.comercializadoras | Iniciando processamento do arquivo Fibra_2024.xlsx em modo incremental.
2026-09-10 15:39:18 | INFO | bdc.comercializadoras | Registro normalizado (Entrada: 44, Saída: 48).
2026-09-10 15:39:18 | INFO | bdc.comercializadoras | Iniciando validação unificada do registro. CNPJ=None
2026-09-10 15:39:18 | INFO | bdc.comercializadoras | Validação concluída. CNPJ=None ERROS=1 AVISOS=0
2026-09-10 15:39:18 | WARNING | bdc.comercializadoras | Erros de validação para CNPJ=None: ['GATE_ENGINE ausente: CNPJ']
2026-09-10 15:39:18 | INFO | bdc.comercializadoras | Iniciando processamento do arquivo Ficha Padrão Backup.xlsx em modo incremental.
2026-09-10 15:39:19 | INFO | bdc.comercializadoras | Registro normalizado (Entrada: 44, Saída: 48).
2026-09-10 15:39:19 | INFO | bdc.comercializadoras | Iniciando validação unificada do registro. CNPJ=None
2026-09-10 15:39:19 | INFO | bdc.comercializadoras | Validação concluída. CNPJ=None ERROS=1 AVISOS=0
2026-09-10 15:39:19 | WARNING | bdc.comercializadoras | Erros de validação para CNPJ=None: ['GATE_ENGINE ausente: CNPJ']
2026-09-10 15:39:19 | INFO | bdc.comercializadoras | Iniciando processamento do arquivo Ficha Padrão.xlsx em modo incremental.
2026-09-10 15:39:19 | INFO | bdc.comercializadoras | Registro normalizado (Entrada: 44, Saída: 48).
2026-09-10 15:39:19 | INFO | bdc.comercializadoras | Iniciando validação unificada do registro. CNPJ=None
2026-09-10 15:39:19 | INFO | bdc.comercializadoras | Validação concluída. CNPJ=None ERROS=1 AVISOS=0
2026-09-10 15:39:19 | WARNING | bdc.comercializadoras | Erros de validação para CNPJ=None: ['GATE_ENGINE ausente: CNPJ']
2026-09-10 15:39:19 | INFO | bdc.comercializadoras | Iniciando processamento do arquivo Foz do Chapeco 05082026.xlsx em modo incremental.
2026-09-10 15:39:19 | INFO | bdc.comercializadoras | Registro normalizado (Entrada: 44, Saída: 48).
2026-09-10 15:39:19 | INFO | bdc.comercializadoras | Iniciando validação unificada do registro. CNPJ=04591168000170
2026-09-10 15:39:19 | INFO | bdc.comercializadoras | Validação concluída. CNPJ=04591168000170 ERROS=0 AVISOS=0
2026-09-10 15:39:19 | INFO | bdc.comercializadoras | Iniciando processamento do arquivo GALAPAGOS 30102025.xlsx em modo incremental.
2026-09-10 15:39:19 | INFO | bdc.comercializadoras | Registro normalizado (Entrada: 44, Saída: 48).
2026-09-10 15:39:19 | INFO | bdc.comercializadoras | Iniciando validação unificada do registro. CNPJ=None
2026-09-10 15:39:19 | INFO | bdc.comercializadoras | Validação concluída. CNPJ=None ERROS=1 AVISOS=0
2026-09-10 15:39:19 | WARNING | bdc.comercializadoras | Erros de validação para CNPJ=None: ['GATE_ENGINE ausente: CNPJ']
2026-09-10 15:39:19 | INFO | bdc.comercializadoras | Iniciando processamento do arquivo GALP 11122023.xlsx em modo incremental.
2026-09-10 15:39:20 | INFO | bdc.comercializadoras | Registro normalizado (Entrada: 44, Saída: 48).
2026-09-10 15:39:20 | INFO | bdc.comercializadoras | Iniciando validação unificada do registro. CNPJ=16974249000138
2026-09-10 15:39:20 | INFO | bdc.comercializadoras | Validação concluída. CNPJ=16974249000138 ERROS=0 AVISOS=0
2026-09-10 15:39:20 | INFO | bdc.comercializadoras | Iniciando processamento do arquivo GALP 25112024.xlsx em modo incremental.
2026-09-10 15:39:20 | INFO | bdc.comercializadoras | Registro normalizado (Entrada: 44, Saída: 48).
2026-09-10 15:39:20 | INFO | bdc.comercializadoras | Iniciando validação unificada do registro. CNPJ=16974249000138
2026-09-10 15:39:20 | INFO | bdc.comercializadoras | Validação concluída. CNPJ=16974249000138 ERROS=0 AVISOS=0
2026-09-10 15:39:20 | INFO | bdc.comercializadoras | Iniciando processamento do arquivo GALP 27082025.xlsx em modo incremental.
2026-09-10 15:39:20 | INFO | bdc.comercializadoras | Registro normalizado (Entrada: 44, Saída: 48).
2026-09-10 15:39:20 | INFO | bdc.comercializadoras | Iniciando validação unificada do registro. CNPJ=16974249000138
2026-09-10 15:39:20 | INFO | bdc.comercializadoras | Validação concluída. CNPJ=16974249000138 ERROS=0 AVISOS=0
2026-09-10 15:39:20 | INFO | bdc.comercializadoras | Iniciando processamento do arquivo GALP ENERGIA 10_11_2022.xlsx em modo incremental.
2026-09-10 15:39:21 | INFO | bdc.comercializadoras | Registro normalizado (Entrada: 44, Saída: 48).
2026-09-10 15:39:21 | INFO | bdc.comercializadoras | Iniciando validação unificada do registro. CNPJ=42126753000198
2026-09-10 15:39:21 | INFO | bdc.comercializadoras | Validação concluída. CNPJ=42126753000198 ERROS=0 AVISOS=0
2026-09-10 15:39:21 | INFO | bdc.comercializadoras | Iniciando processamento do arquivo GAMA_06_09_2021.xlsx em modo incremental.
2026-09-10 15:39:21 | INFO | bdc.comercializadoras | Registro normalizado (Entrada: 44, Saída: 48).
2026-09-10 15:39:21 | INFO | bdc.comercializadoras | Iniciando validação unificada do registro. CNPJ=11251784000147
2026-09-10 15:39:21 | INFO | bdc.comercializadoras | Validação concluída. CNPJ=11251784000147 ERROS=0 AVISOS=0
2026-09-10 15:39:21 | INFO | bdc.comercializadoras | Iniciando processamento do arquivo GENCO 23042024.xlsx em modo incremental.
2026-09-10 15:39:21 | INFO | bdc.comercializadoras | Registro normalizado (Entrada: 44, Saída: 48).
2026-09-10 15:39:21 | INFO | bdc.comercializadoras | Iniciando validação unificada do registro. CNPJ=30840548000100
2026-09-10 15:39:21 | INFO | bdc.comercializadoras | Validação concluída. CNPJ=30840548000100 ERROS=0 AVISOS=0
2026-09-10 15:39:22 | INFO | bdc.comercializadoras | Iniciando processamento do arquivo GENCO_04042023.xlsx em modo incremental.
2026-09-10 15:39:22 | INFO | bdc.comercializadoras | Registro normalizado (Entrada: 44, Saída: 48).
2026-09-10 15:39:22 | INFO | bdc.comercializadoras | Iniciando validação unificada do registro. CNPJ=None
2026-09-10 15:39:22 | INFO | bdc.comercializadoras | Validação concluída. CNPJ=None ERROS=1 AVISOS=0
2026-09-10 15:39:22 | WARNING | bdc.comercializadoras | Erros de validação para CNPJ=None: ['GATE_ENGINE ausente: CNPJ']
2026-09-10 15:39:22 | INFO | bdc.comercializadoras | Iniciando processamento do arquivo GENIAL 12_04_2022.xlsx em modo incremental.
2026-09-10 15:39:22 | INFO | bdc.comercializadoras | Registro normalizado (Entrada: 44, Saída: 48).
2026-09-10 15:39:22 | INFO | bdc.comercializadoras | Iniciando validação unificada do registro. CNPJ=18483400000160
2026-09-10 15:39:22 | INFO | bdc.comercializadoras | Validação concluída. CNPJ=18483400000160 ERROS=0 AVISOS=0
2026-09-10 15:39:22 | INFO | bdc.comercializadoras | Iniciando processamento do arquivo GENIAL 27102023.xlsx em modo incremental.
2026-09-10 15:39:23 | INFO | bdc.comercializadoras | Registro normalizado (Entrada: 44, Saída: 48).
2026-09-10 15:39:23 | INFO | bdc.comercializadoras | Iniciando validação unificada do registro. CNPJ=18483400000160
2026-09-10 15:39:23 | INFO | bdc.comercializadoras | Validação concluída. CNPJ=18483400000160 ERROS=0 AVISOS=0
2026-09-10 15:39:23 | INFO | bdc.comercializadoras | Iniciando processamento do arquivo GENIAL ENERGY 15072026.xlsx em modo incremental.
2026-09-10 15:39:23 | INFO | bdc.comercializadoras | Registro normalizado (Entrada: 44, Saída: 48).
2026-09-10 15:39:23 | INFO | bdc.comercializadoras | Iniciando validação unificada do registro. CNPJ=18483400000160
2026-09-10 15:39:23 | INFO | bdc.comercializadoras | Validação concluída. CNPJ=18483400000160 ERROS=0 AVISOS=0
2026-09-10 15:39:23 | INFO | bdc.comercializadoras | Iniciando processamento do arquivo GENIAL_06_09_2021.xlsx em modo incremental.
2026-09-10 15:39:23 | INFO | bdc.comercializadoras | Registro normalizado (Entrada: 44, Saída: 48).
2026-09-10 15:39:23 | INFO | bdc.comercializadoras | Iniciando validação unificada do registro. CNPJ=18483400000160
2026-09-10 15:39:23 | INFO | bdc.comercializadoras | Validação concluída. CNPJ=18483400000160 ERROS=0 AVISOS=0
2026-09-10 15:39:23 | INFO | bdc.comercializadoras | Iniciando processamento do arquivo GENIAL_17.05.2024.xlsx em modo incremental.
2026-09-10 15:39:24 | INFO | bdc.comercializadoras | Registro normalizado (Entrada: 44, Saída: 48).
2026-09-10 15:39:24 | INFO | bdc.comercializadoras | Iniciando validação unificada do registro. CNPJ=18483400000160
2026-09-10 15:39:24 | INFO | bdc.comercializadoras | Validação concluída. CNPJ=18483400000160 ERROS=0 AVISOS=0
2026-09-10 15:39:24 | INFO | bdc.comercializadoras | Iniciando processamento do arquivo GERAMAMORE 27082025.xlsx em modo incremental.
2026-09-10 15:39:24 | INFO | bdc.comercializadoras | Registro normalizado (Entrada: 44, Saída: 48).
2026-09-10 15:39:24 | INFO | bdc.comercializadoras | Iniciando validação unificada do registro. CNPJ=09625739000163
2026-09-10 15:39:24 | INFO | bdc.comercializadoras | Validação concluída. CNPJ=09625739000163 ERROS=0 AVISOS=0
2026-09-10 15:39:24 | INFO | bdc.comercializadoras | Iniciando processamento do arquivo GERAMAMORE_06.06.2024.xlsx em modo incremental.
2026-09-10 15:39:24 | INFO | bdc.comercializadoras | Registro normalizado (Entrada: 44, Saída: 48).
2026-09-10 15:39:24 | INFO | bdc.comercializadoras | Iniciando validação unificada do registro. CNPJ=09625739000163
2026-09-10 15:39:24 | INFO | bdc.comercializadoras | Validação concluída. CNPJ=09625739000163 ERROS=0 AVISOS=0
2026-09-10 15:39:24 | INFO | bdc.comercializadoras | Iniciando processamento do arquivo GERAMAMORÉ 30112023.xlsx em modo incremental.
2026-09-10 15:39:25 | INFO | bdc.comercializadoras | Registro normalizado (Entrada: 44, Saída: 48).
2026-09-10 15:39:25 | INFO | bdc.comercializadoras | Iniciando validação unificada do registro. CNPJ=09625739000163
2026-09-10 15:39:25 | INFO | bdc.comercializadoras | Validação concluída. CNPJ=09625739000163 ERROS=0 AVISOS=0
2026-09-10 15:39:25 | INFO | bdc.comercializadoras | Iniciando processamento do arquivo GERAMAMORÉ RATING 00359795.xlsx em modo incremental.
2026-09-10 15:39:25 | INFO | bdc.comercializadoras | Registro normalizado (Entrada: 44, Saída: 48).
2026-09-10 15:39:25 | INFO | bdc.comercializadoras | Iniciando validação unificada do registro. CNPJ=09625739000163
2026-09-10 15:39:25 | INFO | bdc.comercializadoras | Validação concluída. CNPJ=09625739000163 ERROS=0 AVISOS=0
2026-09-10 15:39:25 | INFO | bdc.comercializadoras | Iniciando processamento do arquivo GERAMAMORÉ_28_10_2021.xlsx em modo incremental.
2026-09-10 15:39:25 | INFO | bdc.comercializadoras | Registro normalizado (Entrada: 44, Saída: 48).
2026-09-10 15:39:25 | INFO | bdc.comercializadoras | Iniciando validação unificada do registro. CNPJ=09625739000163
2026-09-10 15:39:25 | INFO | bdc.comercializadoras | Validação concluída. CNPJ=09625739000163 ERROS=0 AVISOS=0
2026-09-10 15:39:26 | INFO | bdc.comercializadoras | Iniciando processamento do arquivo GERDAU AÇOS LONGOS 23 04 2024.xlsx em modo incremental.
2026-09-10 15:39:26 | INFO | bdc.comercializadoras | Registro normalizado (Entrada: 44, Saída: 48).
2026-09-10 15:39:26 | INFO | bdc.comercializadoras | Iniciando validação unificada do registro. CNPJ=07358761000169
2026-09-10 15:39:26 | INFO | bdc.comercializadoras | Validação concluída. CNPJ=07358761000169 ERROS=0 AVISOS=0
2026-09-10 15:39:26 | INFO | bdc.comercializadoras | Iniciando processamento do arquivo GET_06_09_2021.xlsx em modo incremental.
2026-09-10 15:39:26 | INFO | bdc.comercializadoras | Registro normalizado (Entrada: 44, Saída: 48).
2026-09-10 15:39:26 | INFO | bdc.comercializadoras | Iniciando validação unificada do registro. CNPJ=31557781000143
2026-09-10 15:39:26 | INFO | bdc.comercializadoras | Validação concluída. CNPJ=31557781000143 ERROS=0 AVISOS=0
2026-09-10 15:39:26 | INFO | bdc.comercializadoras | Iniciando processamento do arquivo GO ENERGY 25_05_2022.xlsx em modo incremental.
2026-09-10 15:39:26 | INFO | bdc.comercializadoras | Registro normalizado (Entrada: 44, Saída: 48).
2026-09-10 15:39:26 | INFO | bdc.comercializadoras | Iniciando validação unificada do registro. CNPJ=28803705000166
2026-09-10 15:39:26 | INFO | bdc.comercializadoras | Validação concluída. CNPJ=28803705000166 ERROS=0 AVISOS=0
2026-09-10 15:39:26 | INFO | bdc.comercializadoras | Iniciando processamento do arquivo GO ENERGY 29_11_2021.xlsx em modo incremental.
2026-09-10 15:39:27 | INFO | bdc.comercializadoras | Registro normalizado (Entrada: 44, Saída: 48).
2026-09-10 15:39:27 | INFO | bdc.comercializadoras | Iniciando validação unificada do registro. CNPJ=28803705000166
2026-09-10 15:39:27 | INFO | bdc.comercializadoras | Validação concluída. CNPJ=28803705000166 ERROS=0 AVISOS=0
2026-09-10 15:39:27 | INFO | bdc.comercializadoras | Iniciando processamento do arquivo GOLD 07_04_2022.xlsx em modo incremental.
2026-09-10 15:39:27 | INFO | bdc.comercializadoras | Registro normalizado (Entrada: 44, Saída: 48).
2026-09-10 15:39:27 | INFO | bdc.comercializadoras | Iniciando validação unificada do registro. CNPJ=30483222000173
2026-09-10 15:39:27 | INFO | bdc.comercializadoras | Validação concluída. CNPJ=30483222000173 ERROS=0 AVISOS=0
2026-09-10 15:39:27 | INFO | bdc.comercializadoras | Iniciando processamento do arquivo GOLD 27032024 - Copia.xlsx em modo incremental.
2026-09-10 15:39:27 | INFO | bdc.comercializadoras | Registro normalizado (Entrada: 44, Saída: 48).
2026-09-10 15:39:27 | INFO | bdc.comercializadoras | Iniciando validação unificada do registro. CNPJ=30483222000173
2026-09-10 15:39:27 | INFO | bdc.comercializadoras | Validação concluída. CNPJ=30483222000173 ERROS=0 AVISOS=0
2026-09-10 15:39:28 | INFO | bdc.comercializadoras | Iniciando processamento do arquivo GOLD _05_05_2021.xlsx em modo incremental.
2026-09-10 15:39:28 | INFO | bdc.comercializadoras | Registro normalizado (Entrada: 44, Saída: 48).
2026-09-10 15:39:28 | INFO | bdc.comercializadoras | Iniciando validação unificada do registro. CNPJ=30483222000173
2026-09-10 15:39:28 | INFO | bdc.comercializadoras | Validação concluída. CNPJ=30483222000173 ERROS=0 AVISOS=0
2026-09-10 15:39:28 | INFO | bdc.comercializadoras | Iniciando processamento do arquivo GRID ENERGIA 04092025.xlsx em modo incremental.
2026-09-10 15:39:28 | INFO | bdc.comercializadoras | Registro normalizado (Entrada: 44, Saída: 48).
2026-09-10 15:39:28 | INFO | bdc.comercializadoras | Iniciando validação unificada do registro. CNPJ=32618447000115
2026-09-10 15:39:28 | INFO | bdc.comercializadoras | Validação concluída. CNPJ=32618447000115 ERROS=0 AVISOS=0
2026-09-10 15:39:28 | INFO | bdc.comercializadoras | Iniciando processamento do arquivo GRID ENERGIA 23062026.xlsx em modo incremental.
2026-09-10 15:39:29 | INFO | bdc.comercializadoras | Registro normalizado (Entrada: 44, Saída: 48).
2026-09-10 15:39:29 | INFO | bdc.comercializadoras | Iniciando validação unificada do registro. CNPJ=32618447000115
2026-09-10 15:39:29 | INFO | bdc.comercializadoras | Validação concluída. CNPJ=32618447000115 ERROS=0 AVISOS=0
2026-09-10 15:39:29 | INFO | bdc.comercializadoras | Iniciando processamento do arquivo Genco_22_05_2025.xlsx em modo incremental.
2026-09-10 15:39:29 | INFO | bdc.comercializadoras | Registro normalizado (Entrada: 44, Saída: 48).
2026-09-10 15:39:29 | INFO | bdc.comercializadoras | Iniciando validação unificada do registro. CNPJ=30840548000100
2026-09-10 15:39:29 | INFO | bdc.comercializadoras | Validação concluída. CNPJ=30840548000100 ERROS=0 AVISOS=0
2026-09-10 15:39:29 | INFO | bdc.comercializadoras | Iniciando processamento do arquivo Genial 20052025.xlsx em modo incremental.
2026-09-10 15:39:29 | INFO | bdc.comercializadoras | Registro normalizado (Entrada: 44, Saída: 48).
2026-09-10 15:39:29 | INFO | bdc.comercializadoras | Iniciando validação unificada do registro. CNPJ=18483400000160
2026-09-10 15:39:29 | INFO | bdc.comercializadoras | Validação concluída. CNPJ=18483400000160 ERROS=0 AVISOS=0
2026-09-10 15:39:30 | INFO | bdc.comercializadoras | Iniciando processamento do arquivo Gerdau 01042026.xlsx em modo incremental.
2026-09-10 15:39:30 | INFO | bdc.comercializadoras | Registro normalizado (Entrada: 44, Saída: 48).
2026-09-10 15:39:30 | INFO | bdc.comercializadoras | Iniciando validação unificada do registro. CNPJ=33611500000119
2026-09-10 15:39:30 | INFO | bdc.comercializadoras | Validação concluída. CNPJ=33611500000119 ERROS=0 AVISOS=0
2026-09-10 15:39:30 | INFO | bdc.comercializadoras | Iniciando processamento do arquivo Gerdau Aços Longos_20_09_2021.xlsx em modo incremental.
2026-09-10 15:39:30 | INFO | bdc.comercializadoras | Registro normalizado (Entrada: 44, Saída: 48).
2026-09-10 15:39:30 | INFO | bdc.comercializadoras | Iniciando validação unificada do registro. CNPJ=07358761000169
2026-09-10 15:39:30 | INFO | bdc.comercializadoras | Validação concluída. CNPJ=07358761000169 ERROS=0 AVISOS=0
2026-09-10 15:39:31 | INFO | bdc.comercializadoras | Iniciando processamento do arquivo Grupo BC_19052023.xlsx em modo incremental.
2026-09-10 15:39:31 | INFO | bdc.comercializadoras | Registro normalizado (Entrada: 44, Saída: 48).
2026-09-10 15:39:31 | INFO | bdc.comercializadoras | Iniciando validação unificada do registro. CNPJ=None
2026-09-10 15:39:31 | INFO | bdc.comercializadoras | Validação concluída. CNPJ=None ERROS=1 AVISOS=0
2026-09-10 15:39:31 | WARNING | bdc.comercializadoras | Erros de validação para CNPJ=None: ['GATE_ENGINE ausente: CNPJ']
2026-09-10 15:39:31 | INFO | bdc.comercializadoras | Iniciando processamento do arquivo HUMAITA 09062025.xlsx em modo incremental.
2026-09-10 15:39:31 | INFO | bdc.comercializadoras | Registro normalizado (Entrada: 44, Saída: 48).
2026-09-10 15:39:31 | INFO | bdc.comercializadoras | Iniciando validação unificada do registro. CNPJ=25319200000132
2026-09-10 15:39:31 | INFO | bdc.comercializadoras | Validação concluída. CNPJ=25319200000132 ERROS=0 AVISOS=0
2026-09-10 15:39:31 | INFO | bdc.comercializadoras | Iniciando processamento do arquivo HYDRO ENERGIA_2024.xlsx em modo incremental.
2026-09-10 15:39:32 | INFO | bdc.comercializadoras | Registro normalizado (Entrada: 44, Saída: 48).
2026-09-10 15:39:32 | INFO | bdc.comercializadoras | Iniciando validação unificada do registro. CNPJ=22109465000118
2026-09-10 15:39:32 | INFO | bdc.comercializadoras | Validação concluída. CNPJ=22109465000118 ERROS=0 AVISOS=0
2026-09-10 15:39:32 | INFO | bdc.comercializadoras | Iniciando processamento do arquivo HYDRO Energia 27022024.xlsx em modo incremental.
2026-09-10 15:39:32 | INFO | bdc.comercializadoras | Registro normalizado (Entrada: 44, Saída: 48).
2026-09-10 15:39:32 | INFO | bdc.comercializadoras | Iniciando validação unificada do registro. CNPJ=22109465000118
2026-09-10 15:39:32 | INFO | bdc.comercializadoras | Validação concluída. CNPJ=22109465000118 ERROS=0 AVISOS=0
2026-09-10 15:39:32 | INFO | bdc.comercializadoras | Iniciando processamento do arquivo HYDROENERGIA_19.06.2024.xlsx em modo incremental.
2026-09-10 15:39:33 | INFO | bdc.comercializadoras | Registro normalizado (Entrada: 44, Saída: 48).
2026-09-10 15:39:33 | INFO | bdc.comercializadoras | Iniciando validação unificada do registro. CNPJ=22109465000118
2026-09-10 15:39:33 | INFO | bdc.comercializadoras | Validação concluída. CNPJ=22109465000118 ERROS=0 AVISOS=0
2026-09-10 15:39:33 | INFO | bdc.comercializadoras | Iniciando processamento do arquivo IBITU 05122024 - Copia.xlsx em modo incremental.
2026-09-10 15:39:33 | INFO | bdc.comercializadoras | Registro normalizado (Entrada: 44, Saída: 48).
2026-09-10 15:39:33 | INFO | bdc.comercializadoras | Iniciando validação unificada do registro. CNPJ=11820864000176
2026-09-10 15:39:33 | INFO | bdc.comercializadoras | Validação concluída. CNPJ=11820864000176 ERROS=0 AVISOS=0
2026-09-10 15:39:33 | INFO | bdc.comercializadoras | Iniciando processamento do arquivo IBITU 06_06_2022.xlsx em modo incremental.
2026-09-10 15:39:33 | INFO | bdc.comercializadoras | Registro normalizado (Entrada: 44, Saída: 48).
2026-09-10 15:39:33 | INFO | bdc.comercializadoras | Iniciando validação unificada do registro. CNPJ=11820864000176
2026-09-10 15:39:33 | INFO | bdc.comercializadoras | Validação concluída. CNPJ=11820864000176 ERROS=0 AVISOS=0
2026-09-10 15:39:33 | INFO | bdc.comercializadoras | Iniciando processamento do arquivo IBITU 19062026.xlsx em modo incremental.
2026-09-10 15:39:34 | INFO | bdc.comercializadoras | Registro normalizado (Entrada: 44, Saída: 48).
2026-09-10 15:39:34 | INFO | bdc.comercializadoras | Iniciando validação unificada do registro. CNPJ=11820864000176
2026-09-10 15:39:34 | INFO | bdc.comercializadoras | Validação concluída. CNPJ=11820864000176 ERROS=0 AVISOS=0
2026-09-10 15:39:34 | INFO | bdc.comercializadoras | Iniciando processamento do arquivo IBITU RATING 11112025.xlsx em modo incremental.
2026-09-10 15:39:34 | INFO | bdc.comercializadoras | Registro normalizado (Entrada: 44, Saída: 48).
2026-09-10 15:39:34 | INFO | bdc.comercializadoras | Iniciando validação unificada do registro. CNPJ=11820864000176
2026-09-10 15:39:34 | INFO | bdc.comercializadoras | Validação concluída. CNPJ=11820864000176 ERROS=0 AVISOS=0
2026-09-10 15:39:34 | INFO | bdc.comercializadoras | Iniciando processamento do arquivo IBS 13_06_2022.xlsx em modo incremental.
2026-09-10 15:39:34 | INFO | bdc.comercializadoras | Registro normalizado (Entrada: 44, Saída: 48).
2026-09-10 15:39:34 | INFO | bdc.comercializadoras | Iniciando validação unificada do registro. CNPJ=04462976000137
2026-09-10 15:39:34 | INFO | bdc.comercializadoras | Validação concluída. CNPJ=04462976000137 ERROS=0 AVISOS=0
2026-09-10 15:39:35 | INFO | bdc.comercializadoras | Iniciando processamento do arquivo IBS Energy_04082023.xlsx em modo incremental.
2026-09-10 15:39:35 | INFO | bdc.comercializadoras | Registro normalizado (Entrada: 44, Saída: 48).
2026-09-10 15:39:35 | INFO | bdc.comercializadoras | Iniciando validação unificada do registro. CNPJ=04462976000137
2026-09-10 15:39:35 | INFO | bdc.comercializadoras | Validação concluída. CNPJ=04462976000137 ERROS=0 AVISOS=0
2026-09-10 15:39:35 | INFO | bdc.comercializadoras | Iniciando processamento do arquivo IBS_09_09_2021.xlsx em modo incremental.
2026-09-10 15:39:35 | INFO | bdc.comercializadoras | Registro normalizado (Entrada: 44, Saída: 48).
2026-09-10 15:39:35 | INFO | bdc.comercializadoras | Iniciando validação unificada do registro. CNPJ=04462976000137
2026-09-10 15:39:35 | INFO | bdc.comercializadoras | Validação concluída. CNPJ=04462976000137 ERROS=0 AVISOS=0
2026-09-10 15:39:35 | INFO | bdc.comercializadoras | Iniciando processamento do arquivo IBS_24_06_2024.xlsx em modo incremental.
2026-09-10 15:39:35 | INFO | bdc.comercializadoras | Registro normalizado (Entrada: 44, Saída: 48).
2026-09-10 15:39:35 | INFO | bdc.comercializadoras | Iniciando validação unificada do registro. CNPJ=04462976000137
2026-09-10 15:39:35 | INFO | bdc.comercializadoras | Validação concluída. CNPJ=04462976000137 ERROS=0 AVISOS=0
2026-09-10 15:39:35 | INFO | bdc.comercializadoras | Iniciando processamento do arquivo ICAL ENERGIA 16042026.xlsx em modo incremental.
2026-09-10 15:39:36 | INFO | bdc.comercializadoras | Registro normalizado (Entrada: 44, Saída: 48).
2026-09-10 15:39:36 | INFO | bdc.comercializadoras | Iniciando validação unificada do registro. CNPJ=None
2026-09-10 15:39:36 | INFO | bdc.comercializadoras | Validação concluída. CNPJ=None ERROS=1 AVISOS=0
2026-09-10 15:39:36 | WARNING | bdc.comercializadoras | Erros de validação para CNPJ=None: ['GATE_ENGINE ausente: CNPJ']
2026-09-10 15:39:36 | INFO | bdc.comercializadoras | Iniciando processamento do arquivo IDEAL 25_05_2022 TESTE.xlsx em modo incremental.
2026-09-10 15:39:36 | INFO | bdc.comercializadoras | Registro normalizado (Entrada: 44, Saída: 48).
2026-09-10 15:39:36 | INFO | bdc.comercializadoras | Iniciando validação unificada do registro. CNPJ=17070597000143
2026-09-10 15:39:36 | INFO | bdc.comercializadoras | Validação concluída. CNPJ=17070597000143 ERROS=0 AVISOS=0
2026-09-10 15:39:36 | INFO | bdc.comercializadoras | Iniciando processamento do arquivo IDEAL_09_09_2021.xlsx em modo incremental.
2026-09-10 15:39:37 | INFO | bdc.comercializadoras | Registro normalizado (Entrada: 44, Saída: 48).
2026-09-10 15:39:37 | INFO | bdc.comercializadoras | Iniciando validação unificada do registro. CNPJ=17070597000143
2026-09-10 15:39:37 | INFO | bdc.comercializadoras | Validação concluída. CNPJ=17070597000143 ERROS=0 AVISOS=0
2026-09-10 15:39:37 | INFO | bdc.comercializadoras | Iniciando processamento do arquivo IFT 04-05-2026.xlsx em modo incremental.
2026-09-10 15:39:37 | INFO | bdc.comercializadoras | Registro normalizado (Entrada: 44, Saída: 48).
2026-09-10 15:39:37 | INFO | bdc.comercializadoras | Iniciando validação unificada do registro. CNPJ=15732189000184
2026-09-10 15:39:37 | INFO | bdc.comercializadoras | Validação concluída. CNPJ=15732189000184 ERROS=0 AVISOS=0
2026-09-10 15:39:37 | INFO | bdc.comercializadoras | Iniciando processamento do arquivo IFT COM 27112023.xlsx em modo incremental.
2026-09-10 15:39:37 | INFO | bdc.comercializadoras | Registro normalizado (Entrada: 44, Saída: 48).
2026-09-10 15:39:37 | INFO | bdc.comercializadoras | Iniciando validação unificada do registro. CNPJ=15732189000184
2026-09-10 15:39:37 | INFO | bdc.comercializadoras | Validação concluída. CNPJ=15732189000184 ERROS=0 AVISOS=0
2026-09-10 15:39:37 | INFO | bdc.comercializadoras | Iniciando processamento do arquivo IFT_09_09_2021.xlsx em modo incremental.
2026-09-10 15:39:38 | INFO | bdc.comercializadoras | Registro normalizado (Entrada: 44, Saída: 48).
2026-09-10 15:39:38 | INFO | bdc.comercializadoras | Iniciando validação unificada do registro. CNPJ=15732189000184
2026-09-10 15:39:38 | INFO | bdc.comercializadoras | Validação concluída. CNPJ=15732189000184 ERROS=0 AVISOS=0
2026-09-10 15:39:38 | INFO | bdc.comercializadoras | Iniciando processamento do arquivo IJUÍ 02072026.xlsx em modo incremental.
2026-09-10 15:39:38 | INFO | bdc.comercializadoras | Registro normalizado (Entrada: 44, Saída: 48).
2026-09-10 15:39:38 | INFO | bdc.comercializadoras | Iniciando validação unificada do registro. CNPJ=07823304000106
2026-09-10 15:39:38 | INFO | bdc.comercializadoras | Validação concluída. CNPJ=07823304000106 ERROS=0 AVISOS=0
2026-09-10 15:39:38 | INFO | bdc.comercializadoras | Iniciando processamento do arquivo IJUÍ 13072026.xlsx em modo incremental.
2026-09-10 15:39:39 | INFO | bdc.comercializadoras | Registro normalizado (Entrada: 44, Saída: 48).
2026-09-10 15:39:39 | INFO | bdc.comercializadoras | Iniciando validação unificada do registro. CNPJ=07823304000106
2026-09-10 15:39:39 | INFO | bdc.comercializadoras | Validação concluída. CNPJ=07823304000106 ERROS=0 AVISOS=0
2026-09-10 15:39:39 | INFO | bdc.comercializadoras | Iniciando processamento do arquivo INDRA 15_06_2022.xlsx em modo incremental.
2026-09-10 15:39:39 | INFO | bdc.comercializadoras | Registro normalizado (Entrada: 44, Saída: 48).
2026-09-10 15:39:39 | INFO | bdc.comercializadoras | Iniciando validação unificada do registro. CNPJ=32312466000119
2026-09-10 15:39:39 | INFO | bdc.comercializadoras | Validação concluída. CNPJ=32312466000119 ERROS=0 AVISOS=0
2026-09-10 15:39:39 | INFO | bdc.comercializadoras | Iniciando processamento do arquivo INDRA 16072025.xlsx em modo incremental.
2026-09-10 15:39:39 | INFO | bdc.comercializadoras | Registro normalizado (Entrada: 44, Saída: 48).
2026-09-10 15:39:39 | INFO | bdc.comercializadoras | Iniciando validação unificada do registro. CNPJ=32312466000119
2026-09-10 15:39:39 | INFO | bdc.comercializadoras | Validação concluída. CNPJ=32312466000119 ERROS=0 AVISOS=0
2026-09-10 15:39:40 | INFO | bdc.comercializadoras | Iniciando processamento do arquivo INDRA_09_09_2021.xlsx em modo incremental.
2026-09-10 15:39:40 | INFO | bdc.comercializadoras | Registro normalizado (Entrada: 44, Saída: 48).
2026-09-10 15:39:40 | INFO | bdc.comercializadoras | Iniciando validação unificada do registro. CNPJ=32312466000119
2026-09-10 15:39:40 | INFO | bdc.comercializadoras | Validação concluída. CNPJ=32312466000119 ERROS=0 AVISOS=0
2026-09-10 15:39:40 | INFO | bdc.comercializadoras | Iniciando processamento do arquivo INDRA_11042024.xlsx em modo incremental.
2026-09-10 15:39:40 | INFO | bdc.comercializadoras | Registro normalizado (Entrada: 44, Saída: 48).
2026-09-10 15:39:40 | INFO | bdc.comercializadoras | Iniciando validação unificada do registro. CNPJ=32312466000119
2026-09-10 15:39:40 | INFO | bdc.comercializadoras | Validação concluída. CNPJ=32312466000119 ERROS=0 AVISOS=0
2026-09-10 15:39:40 | INFO | bdc.comercializadoras | Iniciando processamento do arquivo INFINITY 04-05-2026.xlsx em modo incremental.
2026-09-10 15:39:40 | INFO | bdc.comercializadoras | Registro normalizado (Entrada: 44, Saída: 48).
2026-09-10 15:39:40 | INFO | bdc.comercializadoras | Iniciando validação unificada do registro. CNPJ=24479976000157
2026-09-10 15:39:40 | INFO | bdc.comercializadoras | Validação concluída. CNPJ=24479976000157 ERROS=0 AVISOS=0
2026-09-10 15:39:40 | INFO | bdc.comercializadoras | Iniciando processamento do arquivo INFINITY 08_08_2022.xlsx em modo incremental.
2026-09-10 15:39:41 | INFO | bdc.comercializadoras | Registro normalizado (Entrada: 44, Saída: 48).
2026-09-10 15:39:41 | INFO | bdc.comercializadoras | Iniciando validação unificada do registro. CNPJ=15732189000184
2026-09-10 15:39:41 | INFO | bdc.comercializadoras | Validação concluída. CNPJ=15732189000184 ERROS=0 AVISOS=0
2026-09-10 15:39:41 | INFO | bdc.comercializadoras | Iniciando processamento do arquivo INFINITY ENERGIAS 29_11_2021.xlsx em modo incremental.
2026-09-10 15:39:41 | INFO | bdc.comercializadoras | Registro normalizado (Entrada: 44, Saída: 48).
2026-09-10 15:39:41 | INFO | bdc.comercializadoras | Iniciando validação unificada do registro. CNPJ=24479976000157
2026-09-10 15:39:41 | INFO | bdc.comercializadoras | Validação concluída. CNPJ=24479976000157 ERROS=0 AVISOS=0
2026-09-10 15:39:41 | INFO | bdc.comercializadoras | Iniciando processamento do arquivo INFINITY_20.05.2024 v2.xlsx em modo incremental.
2026-09-10 15:39:41 | INFO | bdc.comercializadoras | Registro normalizado (Entrada: 44, Saída: 48).
2026-09-10 15:39:41 | INFO | bdc.comercializadoras | Iniciando validação unificada do registro. CNPJ=24479976000157
2026-09-10 15:39:41 | INFO | bdc.comercializadoras | Validação concluída. CNPJ=24479976000157 ERROS=0 AVISOS=0
2026-09-10 15:39:41 | INFO | bdc.comercializadoras | Iniciando processamento do arquivo INPASA 05082026.xlsx em modo incremental.
2026-09-10 15:39:42 | INFO | bdc.comercializadoras | Registro normalizado (Entrada: 44, Saída: 48).
2026-09-10 15:39:42 | INFO | bdc.comercializadoras | Iniciando validação unificada do registro. CNPJ=29316596000115
2026-09-10 15:39:42 | INFO | bdc.comercializadoras | Validação concluída. CNPJ=29316596000115 ERROS=0 AVISOS=0
2026-09-10 15:39:42 | INFO | bdc.comercializadoras | Iniciando processamento do arquivo IPIRA Energia S.A. - 00484431.xlsx em modo incremental.
2026-09-10 15:39:42 | INFO | bdc.comercializadoras | Registro normalizado (Entrada: 44, Saída: 48).
2026-09-10 15:39:42 | INFO | bdc.comercializadoras | Iniciando validação unificada do registro. CNPJ=26986376000100
2026-09-10 15:39:42 | INFO | bdc.comercializadoras | Validação concluída. CNPJ=26986376000100 ERROS=0 AVISOS=0
2026-09-10 15:39:42 | INFO | bdc.comercializadoras | Iniciando processamento do arquivo ISFIDA RATING 05032026.xlsx em modo incremental.
2026-09-10 15:39:43 | INFO | bdc.comercializadoras | Registro normalizado (Entrada: 44, Saída: 48).
2026-09-10 15:39:43 | INFO | bdc.comercializadoras | Iniciando validação unificada do registro. CNPJ=21366458000139
2026-09-10 15:39:43 | INFO | bdc.comercializadoras | Validação concluída. CNPJ=21366458000139 ERROS=0 AVISOS=0
2026-09-10 15:39:43 | INFO | bdc.comercializadoras | Iniciando processamento do arquivo ITAMBE ENERGETICA 29072026.xlsx em modo incremental.
2026-09-10 15:39:43 | INFO | bdc.comercializadoras | Registro normalizado (Entrada: 44, Saída: 48).
2026-09-10 15:39:43 | INFO | bdc.comercializadoras | Iniciando validação unificada do registro. CNPJ=03926572000194
2026-09-10 15:39:43 | INFO | bdc.comercializadoras | Validação concluída. CNPJ=03926572000194 ERROS=0 AVISOS=0
2026-09-10 15:39:43 | INFO | bdc.comercializadoras | Iniciando processamento do arquivo ITAMBÉ ENERGÉTICA.xlsx em modo incremental.
2026-09-10 15:39:43 | INFO | bdc.comercializadoras | Registro normalizado (Entrada: 44, Saída: 48).
2026-09-10 15:39:43 | INFO | bdc.comercializadoras | Iniciando validação unificada do registro. CNPJ=None
2026-09-10 15:39:43 | INFO | bdc.comercializadoras | Validação concluída. CNPJ=None ERROS=1 AVISOS=0
2026-09-10 15:39:43 | WARNING | bdc.comercializadoras | Erros de validação para CNPJ=None: ['GATE_ENGINE ausente: CNPJ']
2026-09-10 15:39:43 | INFO | bdc.comercializadoras | Iniciando processamento do arquivo ITAU 13062023.xlsx em modo incremental.
2026-09-10 15:39:44 | INFO | bdc.comercializadoras | Registro normalizado (Entrada: 44, Saída: 48).
2026-09-10 15:39:44 | INFO | bdc.comercializadoras | Iniciando validação unificada do registro. CNPJ=31781135000165
2026-09-10 15:39:44 | INFO | bdc.comercializadoras | Validação concluída. CNPJ=31781135000165 ERROS=0 AVISOS=0
2026-09-10 15:39:44 | INFO | bdc.comercializadoras | Iniciando processamento do arquivo ITAU 30102025.xlsx em modo incremental.
2026-09-10 15:39:44 | INFO | bdc.comercializadoras | Registro normalizado (Entrada: 44, Saída: 48).
2026-09-10 15:39:44 | INFO | bdc.comercializadoras | Iniciando validação unificada do registro. CNPJ=31781135000165
2026-09-10 15:39:44 | INFO | bdc.comercializadoras | Validação concluída. CNPJ=31781135000165 ERROS=0 AVISOS=0
2026-09-10 15:39:44 | INFO | bdc.comercializadoras | Iniciando processamento do arquivo ITAU COM 02_05_2022.xlsx em modo incremental.
2026-09-10 15:39:44 | INFO | bdc.comercializadoras | Iniciando processamento do arquivo ITAU COM 28052026.xlsx em modo incremental.
2026-09-10 15:39:45 | INFO | bdc.comercializadoras | Registro normalizado (Entrada: 44, Saída: 48).
2026-09-10 15:39:45 | INFO | bdc.comercializadoras | Iniciando validação unificada do registro. CNPJ=31781135000165
2026-09-10 15:39:45 | INFO | bdc.comercializadoras | Validação concluída. CNPJ=31781135000165 ERROS=0 AVISOS=0
2026-09-10 15:39:45 | INFO | bdc.comercializadoras | Iniciando processamento do arquivo ITAU_05.07.2024.xlsx em modo incremental.
2026-09-10 15:39:45 | INFO | bdc.comercializadoras | Registro normalizado (Entrada: 44, Saída: 48).
2026-09-10 15:39:45 | INFO | bdc.comercializadoras | Iniciando validação unificada do registro. CNPJ=31781135000165
2026-09-10 15:39:45 | INFO | bdc.comercializadoras | Validação concluída. CNPJ=31781135000165 ERROS=0 AVISOS=0
2026-09-10 15:39:45 | INFO | bdc.comercializadoras | Iniciando processamento do arquivo Infinity_17.08.2023.xlsx em modo incremental.
2026-09-10 15:39:45 | INFO | bdc.comercializadoras | Registro normalizado (Entrada: 44, Saída: 48).
2026-09-10 15:39:45 | INFO | bdc.comercializadoras | Iniciando validação unificada do registro. CNPJ=24479976000157
2026-09-10 15:39:45 | INFO | bdc.comercializadoras | Validação concluída. CNPJ=24479976000157 ERROS=0 AVISOS=0
2026-09-10 15:39:46 | INFO | bdc.comercializadoras | Iniciando processamento do arquivo J&F 0108025.xlsx em modo incremental.
2026-09-10 15:39:46 | INFO | bdc.comercializadoras | Registro normalizado (Entrada: 44, Saída: 48).
2026-09-10 15:39:46 | INFO | bdc.comercializadoras | Iniciando validação unificada do registro. CNPJ=None
2026-09-10 15:39:46 | INFO | bdc.comercializadoras | Validação concluída. CNPJ=None ERROS=1 AVISOS=0
2026-09-10 15:39:46 | WARNING | bdc.comercializadoras | Erros de validação para CNPJ=None: ['GATE_ENGINE ausente: CNPJ']
2026-09-10 15:39:46 | INFO | bdc.comercializadoras | Iniciando processamento do arquivo J&F 15092025.xlsx em modo incremental.
2026-09-10 15:39:46 | INFO | bdc.comercializadoras | Registro normalizado (Entrada: 44, Saída: 48).
2026-09-10 15:39:46 | INFO | bdc.comercializadoras | Iniciando validação unificada do registro. CNPJ=00350763000162
2026-09-10 15:39:46 | INFO | bdc.comercializadoras | Validação concluída. CNPJ=00350763000162 ERROS=0 AVISOS=0
2026-09-10 15:39:47 | INFO | bdc.comercializadoras | Iniciando processamento do arquivo J&F 20082026.xlsx em modo incremental.
2026-09-10 15:39:47 | INFO | bdc.comercializadoras | Registro normalizado (Entrada: 44, Saída: 48).
2026-09-10 15:39:47 | INFO | bdc.comercializadoras | Iniciando validação unificada do registro. CNPJ=00350763002297
2026-09-10 15:39:47 | INFO | bdc.comercializadoras | Validação concluída. CNPJ=00350763002297 ERROS=0 AVISOS=0
2026-09-10 15:39:47 | INFO | bdc.comercializadoras | Iniciando processamento do arquivo J&F DF 2024 holding.xlsx em modo incremental.
2026-09-10 15:39:47 | INFO | bdc.comercializadoras | Registro normalizado (Entrada: 44, Saída: 48).
2026-09-10 15:39:47 | INFO | bdc.comercializadoras | Iniciando validação unificada do registro. CNPJ=00350763002297
2026-09-10 15:39:47 | INFO | bdc.comercializadoras | Validação concluída. CNPJ=00350763002297 ERROS=0 AVISOS=0
2026-09-10 15:39:47 | INFO | bdc.comercializadoras | Iniciando processamento do arquivo J&F RATING 06112025.xlsx em modo incremental.
2026-09-10 15:39:48 | INFO | bdc.comercializadoras | Registro normalizado (Entrada: 44, Saída: 48).
2026-09-10 15:39:48 | INFO | bdc.comercializadoras | Iniciando validação unificada do registro. CNPJ=31627849000113
2026-09-10 15:39:48 | INFO | bdc.comercializadoras | Validação concluída. CNPJ=31627849000113 ERROS=0 AVISOS=0
2026-09-10 15:39:48 | INFO | bdc.comercializadoras | Iniciando processamento do arquivo JANDAÍRA I ENERGIAS RENOVÁVEIS S.A._23.07.2024.xlsx em modo incremental.
2026-09-10 15:39:48 | INFO | bdc.comercializadoras | Registro normalizado (Entrada: 44, Saída: 48).
2026-09-10 15:39:48 | INFO | bdc.comercializadoras | Iniciando validação unificada do registro. CNPJ=35823538000180
2026-09-10 15:39:48 | INFO | bdc.comercializadoras | Validação concluída. CNPJ=35823538000180 ERROS=0 AVISOS=0
2026-09-10 15:39:48 | INFO | bdc.comercializadoras | Iniciando processamento do arquivo JANDAÍRA II ENERGIAS RENOVÁVEIS S.A._23.07.2024.xlsx em modo incremental.
2026-09-10 15:39:49 | INFO | bdc.comercializadoras | Registro normalizado (Entrada: 44, Saída: 48).
2026-09-10 15:39:49 | INFO | bdc.comercializadoras | Iniciando validação unificada do registro. CNPJ=35824347000133
2026-09-10 15:39:49 | INFO | bdc.comercializadoras | Validação concluída. CNPJ=35824347000133 ERROS=0 AVISOS=0
2026-09-10 15:39:49 | INFO | bdc.comercializadoras | Iniciando processamento do arquivo JANDAÍRA III ENERGIAS RENOVÁVEIS S.A._23.07.2024.xlsx em modo incremental.
2026-09-10 15:39:49 | INFO | bdc.comercializadoras | Registro normalizado (Entrada: 44, Saída: 48).
2026-09-10 15:39:49 | INFO | bdc.comercializadoras | Iniciando validação unificada do registro. CNPJ=35823536000191
2026-09-10 15:39:49 | INFO | bdc.comercializadoras | Validação concluída. CNPJ=35823536000191 ERROS=0 AVISOS=0
2026-09-10 15:39:49 | INFO | bdc.comercializadoras | Iniciando processamento do arquivo JANDAÍRA IV ENERGIAS RENOVÁVEIS S.A._23.07.2024.xlsx em modo incremental.
2026-09-10 15:39:49 | INFO | bdc.comercializadoras | Registro normalizado (Entrada: 44, Saída: 48).
2026-09-10 15:39:49 | INFO | bdc.comercializadoras | Iniciando validação unificada do registro. CNPJ=35823577000188
2026-09-10 15:39:49 | INFO | bdc.comercializadoras | Validação concluída. CNPJ=35823577000188 ERROS=0 AVISOS=0
2026-09-10 15:39:49 | INFO | bdc.comercializadoras | Iniciando processamento do arquivo JARDIM BOTÂNICO GERAÇÃO 06052026.xlsx em modo incremental.
2026-09-10 15:39:50 | INFO | bdc.comercializadoras | Registro normalizado (Entrada: 44, Saída: 48).
2026-09-10 15:39:50 | INFO | bdc.comercializadoras | Iniciando validação unificada do registro. CNPJ=24550050000100
2026-09-10 15:39:50 | INFO | bdc.comercializadoras | Validação concluída. CNPJ=24550050000100 ERROS=0 AVISOS=0
2026-09-10 15:39:50 | INFO | bdc.comercializadoras | Iniciando processamento do arquivo JBS_08.07.2024.xlsx em modo incremental.
2026-09-10 15:39:50 | INFO | bdc.comercializadoras | Registro normalizado (Entrada: 44, Saída: 48).
2026-09-10 15:39:50 | INFO | bdc.comercializadoras | Iniciando validação unificada do registro. CNPJ=02916265037837
2026-09-10 15:39:50 | INFO | bdc.comercializadoras | Validação concluída. CNPJ=02916265037837 ERROS=0 AVISOS=0
2026-09-10 15:39:50 | INFO | bdc.comercializadoras | Iniciando processamento do arquivo JSAFRA 15072026.xlsx em modo incremental.
2026-09-10 15:39:50 | INFO | bdc.comercializadoras | Registro normalizado (Entrada: 44, Saída: 48).
2026-09-10 15:39:50 | INFO | bdc.comercializadoras | Iniciando validação unificada do registro. CNPJ=53012414000105
2026-09-10 15:39:50 | INFO | bdc.comercializadoras | Validação concluída. CNPJ=53012414000105 ERROS=0 AVISOS=0
2026-09-10 15:39:50 | INFO | bdc.comercializadoras | Iniciando processamento do arquivo KROMA 17112023.xlsx em modo incremental.
2026-09-10 15:39:51 | INFO | bdc.comercializadoras | Registro normalizado (Entrada: 44, Saída: 48).
2026-09-10 15:39:51 | INFO | bdc.comercializadoras | Iniciando validação unificada do registro. CNPJ=10202852000115
2026-09-10 15:39:51 | INFO | bdc.comercializadoras | Validação concluída. CNPJ=10202852000115 ERROS=0 AVISOS=0
2026-09-10 15:39:51 | INFO | bdc.comercializadoras | Iniciando processamento do arquivo KROMA 31_05_2022.xlsx em modo incremental.
2026-09-10 15:39:51 | INFO | bdc.comercializadoras | Registro normalizado (Entrada: 44, Saída: 48).
2026-09-10 15:39:51 | INFO | bdc.comercializadoras | Iniciando validação unificada do registro. CNPJ=10202852000115
2026-09-10 15:39:51 | INFO | bdc.comercializadoras | Validação concluída. CNPJ=10202852000115 ERROS=0 AVISOS=0
2026-09-10 15:39:51 | INFO | bdc.comercializadoras | Iniciando processamento do arquivo KROMA_24_05_2021.xlsx em modo incremental.
2026-09-10 15:39:51 | INFO | bdc.comercializadoras | Registro normalizado (Entrada: 44, Saída: 48).
2026-09-10 15:39:51 | INFO | bdc.comercializadoras | Iniciando validação unificada do registro. CNPJ=10202852000115
2026-09-10 15:39:51 | INFO | bdc.comercializadoras | Validação concluída. CNPJ=10202852000115 ERROS=0 AVISOS=0
2026-09-10 15:39:51 | INFO | bdc.comercializadoras | Iniciando processamento do arquivo LAJARI ENERGETICA RATING 26012026.xlsx em modo incremental.
2026-09-10 15:39:51 | INFO | bdc.comercializadoras | Registro normalizado (Entrada: 44, Saída: 48).
2026-09-10 15:39:51 | INFO | bdc.comercializadoras | Iniciando validação unificada do registro. CNPJ=09020211000160
2026-09-10 15:39:51 | INFO | bdc.comercializadoras | Validação concluída. CNPJ=09020211000160 ERROS=0 AVISOS=0
2026-09-10 15:39:52 | INFO | bdc.comercializadoras | Iniciando processamento do arquivo LDC 30062025.xlsx em modo incremental.
2026-09-10 15:39:52 | INFO | bdc.comercializadoras | Registro normalizado (Entrada: 44, Saída: 48).
2026-09-10 15:39:52 | INFO | bdc.comercializadoras | Iniciando validação unificada do registro. CNPJ=None
2026-09-10 15:39:52 | INFO | bdc.comercializadoras | Validação concluída. CNPJ=None ERROS=1 AVISOS=0
2026-09-10 15:39:52 | WARNING | bdc.comercializadoras | Erros de validação para CNPJ=None: ['GATE_ENGINE ausente: CNPJ']
2026-09-10 15:39:52 | INFO | bdc.comercializadoras | Iniciando processamento do arquivo LDC BRASIL 29102025.xlsx em modo incremental.
2026-09-10 15:39:52 | INFO | bdc.comercializadoras | Registro normalizado (Entrada: 44, Saída: 48).
2026-09-10 15:39:52 | INFO | bdc.comercializadoras | Iniciando validação unificada do registro. CNPJ=None
2026-09-10 15:39:52 | INFO | bdc.comercializadoras | Validação concluída. CNPJ=None ERROS=1 AVISOS=0
2026-09-10 15:39:52 | WARNING | bdc.comercializadoras | Erros de validação para CNPJ=None: ['GATE_ENGINE ausente: CNPJ']
2026-09-10 15:39:52 | INFO | bdc.comercializadoras | Iniciando processamento do arquivo LIBHERTA 01_06_2022.xlsx em modo incremental.
2026-09-10 15:39:53 | INFO | bdc.comercializadoras | Registro normalizado (Entrada: 44, Saída: 48).
2026-09-10 15:39:53 | INFO | bdc.comercializadoras | Iniciando validação unificada do registro. CNPJ=33127947000117
2026-09-10 15:39:53 | INFO | bdc.comercializadoras | Validação concluída. CNPJ=33127947000117 ERROS=0 AVISOS=0
2026-09-10 15:39:53 | INFO | bdc.comercializadoras | Iniciando processamento do arquivo LIBRA 05052026.xlsx em modo incremental.
2026-09-10 15:39:53 | INFO | bdc.comercializadoras | Registro normalizado (Entrada: 44, Saída: 48).
2026-09-10 15:39:53 | INFO | bdc.comercializadoras | Iniciando validação unificada do registro. CNPJ=20557422000170
2026-09-10 15:39:53 | INFO | bdc.comercializadoras | Validação concluída. CNPJ=20557422000170 ERROS=0 AVISOS=0
2026-09-10 15:39:53 | INFO | bdc.comercializadoras | Iniciando processamento do arquivo LIBRA 29 04 2024.xlsx em modo incremental.
2026-09-10 15:39:53 | INFO | bdc.comercializadoras | Registro normalizado (Entrada: 44, Saída: 48).
2026-09-10 15:39:53 | INFO | bdc.comercializadoras | Iniciando validação unificada do registro. CNPJ=20557422000170
2026-09-10 15:39:53 | INFO | bdc.comercializadoras | Validação concluída. CNPJ=20557422000170 ERROS=0 AVISOS=0
2026-09-10 15:39:53 | INFO | bdc.comercializadoras | Iniciando processamento do arquivo LIBRA 30_05_2022.xlsx em modo incremental.
2026-09-10 15:39:54 | INFO | bdc.comercializadoras | Registro normalizado (Entrada: 44, Saída: 48).
2026-09-10 15:39:54 | INFO | bdc.comercializadoras | Iniciando validação unificada do registro. CNPJ=20557422000170
2026-09-10 15:39:54 | INFO | bdc.comercializadoras | Validação concluída. CNPJ=20557422000170 ERROS=0 AVISOS=0
2026-09-10 15:39:54 | INFO | bdc.comercializadoras | Iniciando processamento do arquivo LIBRA COMERCIALIZADORA 01102025.xlsx em modo incremental.
2026-09-10 15:39:54 | INFO | bdc.comercializadoras | Registro normalizado (Entrada: 44, Saída: 48).
2026-09-10 15:39:54 | INFO | bdc.comercializadoras | Iniciando validação unificada do registro. CNPJ=20557422000170
2026-09-10 15:39:54 | INFO | bdc.comercializadoras | Validação concluída. CNPJ=20557422000170 ERROS=0 AVISOS=0
2026-09-10 15:39:54 | INFO | bdc.comercializadoras | Iniciando processamento do arquivo LIBRA COMERCIALIZADORA 27032026.xlsx em modo incremental.
2026-09-10 15:39:54 | INFO | bdc.comercializadoras | Registro normalizado (Entrada: 44, Saída: 48).
2026-09-10 15:39:54 | INFO | bdc.comercializadoras | Iniciando validação unificada do registro. CNPJ=20557422000170
2026-09-10 15:39:54 | INFO | bdc.comercializadoras | Validação concluída. CNPJ=20557422000170 ERROS=0 AVISOS=0
2026-09-10 15:39:55 | INFO | bdc.comercializadoras | Iniciando processamento do arquivo LIBRA_09_09_2021.xlsx em modo incremental.
2026-09-10 15:39:55 | INFO | bdc.comercializadoras | Registro normalizado (Entrada: 44, Saída: 48).
2026-09-10 15:39:55 | INFO | bdc.comercializadoras | Iniciando validação unificada do registro. CNPJ=20557422000170
2026-09-10 15:39:55 | INFO | bdc.comercializadoras | Validação concluída. CNPJ=20557422000170 ERROS=0 AVISOS=0
2026-09-10 15:39:55 | INFO | bdc.comercializadoras | Iniciando processamento do arquivo LIBRA_2024.xlsx em modo incremental.
2026-09-10 15:39:55 | INFO | bdc.comercializadoras | Registro normalizado (Entrada: 44, Saída: 48).
2026-09-10 15:39:55 | INFO | bdc.comercializadoras | Iniciando validação unificada do registro. CNPJ=20557422000170
2026-09-10 15:39:55 | INFO | bdc.comercializadoras | Validação concluída. CNPJ=20557422000170 ERROS=0 AVISOS=0
2026-09-10 15:39:56 | INFO | bdc.comercializadoras | Iniciando processamento do arquivo LIGHT 18 04 2024.xlsx em modo incremental.
2026-09-10 15:39:56 | INFO | bdc.comercializadoras | Registro normalizado (Entrada: 44, Saída: 48).
2026-09-10 15:39:56 | INFO | bdc.comercializadoras | Iniciando validação unificada do registro. CNPJ=11315117000180
2026-09-10 15:39:56 | INFO | bdc.comercializadoras | Validação concluída. CNPJ=11315117000180 ERROS=0 AVISOS=0
2026-09-10 15:39:56 | INFO | bdc.comercializadoras | Iniciando processamento do arquivo LIGHT COM  RATING 22122025.xlsx em modo incremental.
2026-09-10 15:39:56 | INFO | bdc.comercializadoras | Registro normalizado (Entrada: 44, Saída: 48).
2026-09-10 15:39:56 | INFO | bdc.comercializadoras | Iniciando validação unificada do registro. CNPJ=11315117000180
2026-09-10 15:39:56 | INFO | bdc.comercializadoras | Validação concluída. CNPJ=11315117000180 ERROS=0 AVISOS=0
2026-09-10 15:39:56 | INFO | bdc.comercializadoras | Iniciando processamento do arquivo LIGHT COM 07052026.xlsx em modo incremental.
2026-09-10 15:39:56 | INFO | bdc.comercializadoras | Registro normalizado (Entrada: 44, Saída: 48).
2026-09-10 15:39:56 | INFO | bdc.comercializadoras | Iniciando validação unificada do registro. CNPJ=11315117000180
2026-09-10 15:39:56 | INFO | bdc.comercializadoras | Validação concluída. CNPJ=11315117000180 ERROS=0 AVISOS=0
2026-09-10 15:39:57 | INFO | bdc.comercializadoras | Iniciando processamento do arquivo LIGHT_(GRUPO)_18_10_2021.xlsx em modo incremental.
2026-09-10 15:39:57 | INFO | bdc.comercializadoras | Iniciando processamento do arquivo LIGHT_10_09_2021.xlsx em modo incremental.
2026-09-10 15:39:57 | INFO | bdc.comercializadoras | Registro normalizado (Entrada: 44, Saída: 48).
2026-09-10 15:39:57 | INFO | bdc.comercializadoras | Iniciando validação unificada do registro. CNPJ=11315117000180
2026-09-10 15:39:57 | INFO | bdc.comercializadoras | Validação concluída. CNPJ=11315117000180 ERROS=0 AVISOS=0
2026-09-10 15:39:57 | INFO | bdc.comercializadoras | Iniciando processamento do arquivo LIGHT_2024.xlsx em modo incremental.
2026-09-10 15:39:58 | INFO | bdc.comercializadoras | Registro normalizado (Entrada: 44, Saída: 48).
2026-09-10 15:39:58 | INFO | bdc.comercializadoras | Iniciando validação unificada do registro. CNPJ=11315117000180
2026-09-10 15:39:58 | INFO | bdc.comercializadoras | Validação concluída. CNPJ=11315117000180 ERROS=0 AVISOS=0
2026-09-10 15:39:58 | INFO | bdc.comercializadoras | Iniciando processamento do arquivo LIVEN 22042026.xlsx em modo incremental.
2026-09-10 15:39:59 | INFO | bdc.comercializadoras | Registro normalizado (Entrada: 44, Saída: 48).
2026-09-10 15:39:59 | INFO | bdc.comercializadoras | Iniciando validação unificada do registro. CNPJ=43344428000164
2026-09-10 15:39:59 | INFO | bdc.comercializadoras | Validação concluída. CNPJ=43344428000164 ERROS=0 AVISOS=0
2026-09-10 15:39:59 | INFO | bdc.comercializadoras | Iniciando processamento do arquivo LIVEN COM 17092025.xlsx em modo incremental.
2026-09-10 15:39:59 | INFO | bdc.comercializadoras | Registro normalizado (Entrada: 44, Saída: 48).
2026-09-10 15:39:59 | INFO | bdc.comercializadoras | Iniciando validação unificada do registro. CNPJ=43344428000164
2026-09-10 15:39:59 | INFO | bdc.comercializadoras | Validação concluída. CNPJ=43344428000164 ERROS=0 AVISOS=0
2026-09-10 15:39:59 | INFO | bdc.comercializadoras | Iniciando processamento do arquivo LOG 27112023.xlsx em modo incremental.
2026-09-10 15:39:59 | INFO | bdc.comercializadoras | Registro normalizado (Entrada: 44, Saída: 48).
2026-09-10 15:39:59 | INFO | bdc.comercializadoras | Iniciando validação unificada do registro. CNPJ=15042149000100
2026-09-10 15:39:59 | INFO | bdc.comercializadoras | Validação concluída. CNPJ=15042149000100 ERROS=0 AVISOS=0
2026-09-10 15:39:59 | INFO | bdc.comercializadoras | Iniciando processamento do arquivo LOG ENERGIA 01_06_2022.xlsx em modo incremental.
2026-09-10 15:40:00 | INFO | bdc.comercializadoras | Registro normalizado (Entrada: 44, Saída: 48).
2026-09-10 15:40:00 | INFO | bdc.comercializadoras | Iniciando validação unificada do registro. CNPJ=15042149000100
2026-09-10 15:40:00 | INFO | bdc.comercializadoras | Validação concluída. CNPJ=15042149000100 ERROS=0 AVISOS=0
2026-09-10 15:40:00 | INFO | bdc.comercializadoras | Iniciando processamento do arquivo LOG ENERGIA 29092025.xlsx em modo incremental.
2026-09-10 15:40:00 | INFO | bdc.comercializadoras | Registro normalizado (Entrada: 44, Saída: 48).
2026-09-10 15:40:00 | INFO | bdc.comercializadoras | Iniciando validação unificada do registro. CNPJ=15042149000100
2026-09-10 15:40:00 | INFO | bdc.comercializadoras | Validação concluída. CNPJ=15042149000100 ERROS=0 AVISOS=0
2026-09-10 15:40:00 | INFO | bdc.comercializadoras | Iniciando processamento do arquivo LOG_10_09_2021.xlsx em modo incremental.
2026-09-10 15:40:01 | INFO | bdc.comercializadoras | Registro normalizado (Entrada: 44, Saída: 48).
2026-09-10 15:40:01 | INFO | bdc.comercializadoras | Iniciando validação unificada do registro. CNPJ=15042149000100
2026-09-10 15:40:01 | INFO | bdc.comercializadoras | Validação concluída. CNPJ=15042149000100 ERROS=0 AVISOS=0
2026-09-10 15:40:01 | INFO | bdc.comercializadoras | Iniciando processamento do arquivo LOG_17.05.2024.xlsx em modo incremental.
2026-09-10 15:40:01 | INFO | bdc.comercializadoras | Registro normalizado (Entrada: 44, Saída: 48).
2026-09-10 15:40:01 | INFO | bdc.comercializadoras | Iniciando validação unificada do registro. CNPJ=15042149000100
2026-09-10 15:40:01 | INFO | bdc.comercializadoras | Validação concluída. CNPJ=15042149000100 ERROS=0 AVISOS=0
2026-09-10 15:40:01 | INFO | bdc.comercializadoras | Iniciando processamento do arquivo LOTUS_13.06.2024.xlsx em modo incremental.
2026-09-10 15:40:01 | INFO | bdc.comercializadoras | Registro normalizado (Entrada: 44, Saída: 48).
2026-09-10 15:40:01 | INFO | bdc.comercializadoras | Iniciando validação unificada do registro. CNPJ=41806999000148
2026-09-10 15:40:01 | INFO | bdc.comercializadoras | Validação concluída. CNPJ=41806999000148 ERROS=0 AVISOS=0
2026-09-10 15:40:01 | INFO | bdc.comercializadoras | Iniciando processamento do arquivo LUDFOR 08052025.xlsx em modo incremental.
2026-09-10 15:40:02 | INFO | bdc.comercializadoras | Registro normalizado (Entrada: 44, Saída: 48).
2026-09-10 15:40:02 | INFO | bdc.comercializadoras | Iniciando validação unificada do registro. CNPJ=29270235000185
2026-09-10 15:40:02 | INFO | bdc.comercializadoras | Validação concluída. CNPJ=29270235000185 ERROS=0 AVISOS=0
2026-09-10 15:40:02 | INFO | bdc.comercializadoras | Iniciando processamento do arquivo LUDFOR 11062026.xlsx em modo incremental.
2026-09-10 15:40:02 | INFO | bdc.comercializadoras | Registro normalizado (Entrada: 44, Saída: 48).
2026-09-10 15:40:02 | INFO | bdc.comercializadoras | Iniciando validação unificada do registro. CNPJ=35224835000100
2026-09-10 15:40:02 | INFO | bdc.comercializadoras | Validação concluída. CNPJ=35224835000100 ERROS=0 AVISOS=0
2026-09-10 15:40:02 | INFO | bdc.comercializadoras | Iniciando processamento do arquivo LUDFOR COM 08052025.xlsx em modo incremental.
2026-09-10 15:40:03 | INFO | bdc.comercializadoras | Registro normalizado (Entrada: 44, Saída: 48).
2026-09-10 15:40:03 | INFO | bdc.comercializadoras | Iniciando validação unificada do registro. CNPJ=29270235000185
2026-09-10 15:40:03 | INFO | bdc.comercializadoras | Validação concluída. CNPJ=29270235000185 ERROS=0 AVISOS=0
2026-09-10 15:40:03 | INFO | bdc.comercializadoras | Iniciando processamento do arquivo LUDFOR_09_09_2021.xlsx em modo incremental.
2026-09-10 15:40:04 | INFO | bdc.comercializadoras | Registro normalizado (Entrada: 44, Saída: 48).
2026-09-10 15:40:04 | INFO | bdc.comercializadoras | Iniciando validação unificada do registro. CNPJ=07725608000122
2026-09-10 15:40:04 | INFO | bdc.comercializadoras | Validação concluída. CNPJ=07725608000122 ERROS=0 AVISOS=0
2026-09-10 15:40:04 | INFO | bdc.comercializadoras | Iniciando processamento do arquivo LUDFOR_19062023.xlsx em modo incremental.
2026-09-10 15:40:04 | INFO | bdc.comercializadoras | Registro normalizado (Entrada: 44, Saída: 48).
2026-09-10 15:40:04 | INFO | bdc.comercializadoras | Iniciando validação unificada do registro. CNPJ=29270235000185
2026-09-10 15:40:04 | INFO | bdc.comercializadoras | Validação concluída. CNPJ=29270235000185 ERROS=0 AVISOS=0
2026-09-10 15:40:04 | INFO | bdc.comercializadoras | Iniciando processamento do arquivo LUDFOR_20.05.2024.xlsx em modo incremental.
2026-09-10 15:40:04 | INFO | bdc.comercializadoras | Registro normalizado (Entrada: 44, Saída: 48).
2026-09-10 15:40:04 | INFO | bdc.comercializadoras | Iniciando validação unificada do registro. CNPJ=29270235000185
2026-09-10 15:40:04 | INFO | bdc.comercializadoras | Validação concluída. CNPJ=29270235000185 ERROS=0 AVISOS=0
2026-09-10 15:40:04 | INFO | bdc.comercializadoras | Iniciando processamento do arquivo LUX 01_06_2022.xlsx em modo incremental.
2026-09-10 15:40:05 | INFO | bdc.comercializadoras | Registro normalizado (Entrada: 44, Saída: 48).
2026-09-10 15:40:05 | INFO | bdc.comercializadoras | Iniciando validação unificada do registro. CNPJ=28397998000129
2026-09-10 15:40:05 | INFO | bdc.comercializadoras | Validação concluída. CNPJ=28397998000129 ERROS=0 AVISOS=0
2026-09-10 15:40:05 | INFO | bdc.comercializadoras | Iniciando processamento do arquivo LUX 19082026.xlsx em modo incremental.
2026-09-10 15:40:05 | INFO | bdc.comercializadoras | Registro normalizado (Entrada: 44, Saída: 48).
2026-09-10 15:40:05 | INFO | bdc.comercializadoras | Iniciando validação unificada do registro. CNPJ=28397998000129
2026-09-10 15:40:05 | INFO | bdc.comercializadoras | Validação concluída. CNPJ=28397998000129 ERROS=0 AVISOS=0
2026-09-10 15:40:05 | INFO | bdc.comercializadoras | Iniciando processamento do arquivo LUX 21052025.xlsx em modo incremental.
2026-09-10 15:40:05 | INFO | bdc.comercializadoras | Registro normalizado (Entrada: 44, Saída: 48).
2026-09-10 15:40:05 | INFO | bdc.comercializadoras | Iniciando validação unificada do registro. CNPJ=28397998000129
2026-09-10 15:40:05 | INFO | bdc.comercializadoras | Validação concluída. CNPJ=28397998000129 ERROS=0 AVISOS=0
2026-09-10 15:40:06 | INFO | bdc.comercializadoras | Iniciando processamento do arquivo LUX RATING 02032026.xlsx em modo incremental.
2026-09-10 15:40:06 | INFO | bdc.comercializadoras | Registro normalizado (Entrada: 44, Saída: 48).
2026-09-10 15:40:06 | INFO | bdc.comercializadoras | Iniciando validação unificada do registro. CNPJ=28397998000129
2026-09-10 15:40:06 | INFO | bdc.comercializadoras | Validação concluída. CNPJ=28397998000129 ERROS=0 AVISOS=0
2026-09-10 15:40:06 | INFO | bdc.comercializadoras | Iniciando processamento do arquivo Ludfor geradora 16072026.xlsx em modo incremental.
2026-09-10 15:40:06 | INFO | bdc.comercializadoras | Registro normalizado (Entrada: 44, Saída: 48).
2026-09-10 15:40:06 | INFO | bdc.comercializadoras | Iniciando validação unificada do registro. CNPJ=35224835000100
2026-09-10 15:40:06 | INFO | bdc.comercializadoras | Validação concluída. CNPJ=35224835000100 ERROS=0 AVISOS=0
2026-09-10 15:40:06 | INFO | bdc.comercializadoras | Iniciando processamento do arquivo LÉROS_10_09_2021.xlsx em modo incremental.
2026-09-10 15:40:07 | INFO | bdc.comercializadoras | Registro normalizado (Entrada: 44, Saída: 48).
2026-09-10 15:40:07 | INFO | bdc.comercializadoras | Iniciando validação unificada do registro. CNPJ=11017349000152
2026-09-10 15:40:07 | INFO | bdc.comercializadoras | Validação concluída. CNPJ=11017349000152 ERROS=0 AVISOS=0
2026-09-10 15:40:07 | INFO | bdc.comercializadoras | Iniciando processamento do arquivo MARACANA 06082026.xlsx em modo incremental.
2026-09-10 15:40:07 | INFO | bdc.comercializadoras | Registro normalizado (Entrada: 44, Saída: 48).
2026-09-10 15:40:07 | INFO | bdc.comercializadoras | Iniciando validação unificada do registro. CNPJ=08032643000129
2026-09-10 15:40:07 | INFO | bdc.comercializadoras | Validação concluída. CNPJ=08032643000129 ERROS=0 AVISOS=0
2026-09-10 15:40:07 | INFO | bdc.comercializadoras | Iniciando processamento do arquivo MARACANÃ ENERGÉTICA RATING 22012026.xlsx em modo incremental.
2026-09-10 15:40:08 | INFO | bdc.comercializadoras | Registro normalizado (Entrada: 44, Saída: 48).
2026-09-10 15:40:08 | INFO | bdc.comercializadoras | Iniciando validação unificada do registro. CNPJ=08032643000129
2026-09-10 15:40:08 | INFO | bdc.comercializadoras | Validação concluída. CNPJ=08032643000129 ERROS=0 AVISOS=0
2026-09-10 15:40:08 | INFO | bdc.comercializadoras | Iniciando processamento do arquivo MASSARI_13.06.2024.xlsx em modo incremental.
2026-09-10 15:40:08 | INFO | bdc.comercializadoras | Registro normalizado (Entrada: 44, Saída: 48).
2026-09-10 15:40:08 | INFO | bdc.comercializadoras | Iniciando validação unificada do registro. CNPJ=38183972000131
2026-09-10 15:40:08 | INFO | bdc.comercializadoras | Validação concluída. CNPJ=38183972000131 ERROS=0 AVISOS=0
2026-09-10 15:40:08 | INFO | bdc.comercializadoras | Iniciando processamento do arquivo MATRIX 26_05_2022.xlsx em modo incremental.
2026-09-10 15:40:09 | INFO | bdc.comercializadoras | Registro normalizado (Entrada: 44, Saída: 48).
2026-09-10 15:40:09 | INFO | bdc.comercializadoras | Iniciando validação unificada do registro. CNPJ=17858631000149
2026-09-10 15:40:09 | INFO | bdc.comercializadoras | Validação concluída. CNPJ=17858631000149 ERROS=0 AVISOS=0
2026-09-10 15:40:09 | INFO | bdc.comercializadoras | Iniciando processamento do arquivo MATRIX COM 17072026.xlsx em modo incremental.
2026-09-10 15:40:09 | INFO | bdc.comercializadoras | Registro normalizado (Entrada: 44, Saída: 48).
2026-09-10 15:40:09 | INFO | bdc.comercializadoras | Iniciando validação unificada do registro. CNPJ=17858631000149
2026-09-10 15:40:09 | INFO | bdc.comercializadoras | Validação concluída. CNPJ=17858631000149 ERROS=0 AVISOS=0
2026-09-10 15:40:09 | INFO | bdc.comercializadoras | Iniciando processamento do arquivo MATRIX_18_06_2021.xlsx em modo incremental.
2026-09-10 15:40:10 | INFO | bdc.comercializadoras | Registro normalizado (Entrada: 44, Saída: 48).
2026-09-10 15:40:10 | INFO | bdc.comercializadoras | Iniciando validação unificada do registro. CNPJ=17858631000149
2026-09-10 15:40:10 | INFO | bdc.comercializadoras | Validação concluída. CNPJ=17858631000149 ERROS=0 AVISOS=0
2026-09-10 15:40:10 | INFO | bdc.comercializadoras | Iniciando processamento do arquivo MATRIX_19.06.2024.xlsx em modo incremental.
2026-09-10 15:40:10 | INFO | bdc.comercializadoras | Registro normalizado (Entrada: 44, Saída: 48).
2026-09-10 15:40:10 | INFO | bdc.comercializadoras | Iniciando validação unificada do registro. CNPJ=17858631000149
2026-09-10 15:40:10 | INFO | bdc.comercializadoras | Validação concluída. CNPJ=17858631000149 ERROS=0 AVISOS=0
2026-09-10 15:40:10 | INFO | bdc.comercializadoras | Iniciando processamento do arquivo MATRIX_PURA_03042025.xlsx em modo incremental.
2026-09-10 15:40:11 | INFO | bdc.comercializadoras | Registro normalizado (Entrada: 44, Saída: 48).
2026-09-10 15:40:11 | INFO | bdc.comercializadoras | Iniciando validação unificada do registro. CNPJ=17858631000149
2026-09-10 15:40:11 | INFO | bdc.comercializadoras | Validação concluída. CNPJ=17858631000149 ERROS=0 AVISOS=0
2026-09-10 15:40:11 | INFO | bdc.comercializadoras | Iniciando processamento do arquivo MAXIMA 01_02_2023.xlsx em modo incremental.
2026-09-10 15:40:11 | INFO | bdc.comercializadoras | Registro normalizado (Entrada: 44, Saída: 48).
2026-09-10 15:40:11 | INFO | bdc.comercializadoras | Iniciando validação unificada do registro. CNPJ=12630054000110
2026-09-10 15:40:11 | INFO | bdc.comercializadoras | Validação concluída. CNPJ=12630054000110 ERROS=0 AVISOS=0
2026-09-10 15:40:11 | INFO | bdc.comercializadoras | Iniciando processamento do arquivo MAXIMA_18_06_2021.xlsx em modo incremental.
2026-09-10 15:40:12 | INFO | bdc.comercializadoras | Registro normalizado (Entrada: 44, Saída: 48).
2026-09-10 15:40:12 | INFO | bdc.comercializadoras | Iniciando validação unificada do registro. CNPJ=12630054000110
2026-09-10 15:40:12 | INFO | bdc.comercializadoras | Validação concluída. CNPJ=12630054000110 ERROS=0 AVISOS=0
2026-09-10 15:40:12 | INFO | bdc.comercializadoras | Iniciando processamento do arquivo MAXIMA_21.05.2024.xlsx em modo incremental.
2026-09-10 15:40:12 | INFO | bdc.comercializadoras | Registro normalizado (Entrada: 44, Saída: 48).
2026-09-10 15:40:12 | INFO | bdc.comercializadoras | Iniciando validação unificada do registro. CNPJ=12630054000110
2026-09-10 15:40:12 | INFO | bdc.comercializadoras | Validação concluída. CNPJ=12630054000110 ERROS=0 AVISOS=0
2026-09-10 15:40:12 | INFO | bdc.comercializadoras | Iniciando processamento do arquivo MEGA 04_07_2022.xlsx em modo incremental.
2026-09-10 15:40:13 | INFO | bdc.comercializadoras | Registro normalizado (Entrada: 44, Saída: 48).
2026-09-10 15:40:13 | INFO | bdc.comercializadoras | Iniciando validação unificada do registro. CNPJ=15054480000140
2026-09-10 15:40:13 | INFO | bdc.comercializadoras | Validação concluída. CNPJ=15054480000140 ERROS=0 AVISOS=0
2026-09-10 15:40:13 | INFO | bdc.comercializadoras | Iniciando processamento do arquivo MEGA WATT_26_10_2021.xlsx em modo incremental.
2026-09-10 15:40:13 | INFO | bdc.comercializadoras | Registro normalizado (Entrada: 44, Saída: 48).
2026-09-10 15:40:13 | INFO | bdc.comercializadoras | Iniciando validação unificada do registro. CNPJ=15027346000150
2026-09-10 15:40:13 | INFO | bdc.comercializadoras | Validação concluída. CNPJ=15027346000150 ERROS=0 AVISOS=0
2026-09-10 15:40:13 | INFO | bdc.comercializadoras | Iniciando processamento do arquivo MEGA_12052023.xlsx em modo incremental.
2026-09-10 15:40:13 | INFO | bdc.comercializadoras | Registro normalizado (Entrada: 44, Saída: 48).
2026-09-10 15:40:13 | INFO | bdc.comercializadoras | Iniciando validação unificada do registro. CNPJ=15054480000140
2026-09-10 15:40:13 | INFO | bdc.comercializadoras | Validação concluída. CNPJ=15054480000140 ERROS=0 AVISOS=0
2026-09-10 15:40:13 | INFO | bdc.comercializadoras | Iniciando processamento do arquivo MEGA_16_09_2021.xlsx em modo incremental.
2026-09-10 15:40:13 | INFO | bdc.comercializadoras | Registro normalizado (Entrada: 44, Saída: 48).
2026-09-10 15:40:13 | INFO | bdc.comercializadoras | Iniciando validação unificada do registro. CNPJ=15054480000140
2026-09-10 15:40:13 | INFO | bdc.comercializadoras | Validação concluída. CNPJ=15054480000140 ERROS=0 AVISOS=0
2026-09-10 15:40:14 | INFO | bdc.comercializadoras | Iniciando processamento do arquivo MEGA_20.06.2024.xlsx em modo incremental.
2026-09-10 15:40:14 | INFO | bdc.comercializadoras | Registro normalizado (Entrada: 44, Saída: 48).
2026-09-10 15:40:14 | INFO | bdc.comercializadoras | Iniciando validação unificada do registro. CNPJ=15054480000140
2026-09-10 15:40:14 | INFO | bdc.comercializadoras | Validação concluída. CNPJ=15054480000140 ERROS=0 AVISOS=0
2026-09-10 15:40:14 | INFO | bdc.comercializadoras | Iniciando processamento do arquivo MENDUBIM GERAÇÃO 19112024.xlsx em modo incremental.
2026-09-10 15:40:14 | INFO | bdc.comercializadoras | Registro normalizado (Entrada: 44, Saída: 48).
2026-09-10 15:40:14 | INFO | bdc.comercializadoras | Iniciando validação unificada do registro. CNPJ=37640312000170
2026-09-10 15:40:14 | INFO | bdc.comercializadoras | Validação concluída. CNPJ=37640312000170 ERROS=0 AVISOS=0
2026-09-10 15:40:14 | INFO | bdc.comercializadoras | Iniciando processamento do arquivo MERCATTO COM RATING 14012026.xlsx em modo incremental.
2026-09-10 15:40:14 | INFO | bdc.comercializadoras | Registro normalizado (Entrada: 44, Saída: 48).
2026-09-10 15:40:14 | INFO | bdc.comercializadoras | Iniciando validação unificada do registro. CNPJ=21484454000155
2026-09-10 15:40:14 | INFO | bdc.comercializadoras | Validação concluída. CNPJ=21484454000155 ERROS=0 AVISOS=0
2026-09-10 15:40:14 | INFO | bdc.comercializadoras | Iniciando processamento do arquivo MERCATTOCOM_13.05.2024.xlsx em modo incremental.
2026-09-10 15:40:15 | INFO | bdc.comercializadoras | Registro normalizado (Entrada: 44, Saída: 48).
2026-09-10 15:40:15 | INFO | bdc.comercializadoras | Iniciando validação unificada do registro. CNPJ=37028928000194
2026-09-10 15:40:15 | INFO | bdc.comercializadoras | Validação concluída. CNPJ=37028928000194 ERROS=0 AVISOS=0
2026-09-10 15:40:15 | INFO | bdc.comercializadoras | Iniciando processamento do arquivo MERCATTOENERGIA_13.05.2024.xlsx em modo incremental.
2026-09-10 15:40:15 | INFO | bdc.comercializadoras | Registro normalizado (Entrada: 44, Saída: 48).
2026-09-10 15:40:15 | INFO | bdc.comercializadoras | Iniciando validação unificada do registro. CNPJ=21484454000155
2026-09-10 15:40:15 | INFO | bdc.comercializadoras | Validação concluída. CNPJ=21484454000155 ERROS=0 AVISOS=0
2026-09-10 15:40:15 | INFO | bdc.comercializadoras | Iniciando processamento do arquivo MERCURIO_13.05.2024.xlsx em modo incremental.
2026-09-10 15:40:15 | INFO | bdc.comercializadoras | Registro normalizado (Entrada: 44, Saída: 48).
2026-09-10 15:40:15 | INFO | bdc.comercializadoras | Iniciando validação unificada do registro. CNPJ=29362082000104
2026-09-10 15:40:15 | INFO | bdc.comercializadoras | Validação concluída. CNPJ=29362082000104 ERROS=0 AVISOS=0
2026-09-10 15:40:15 | INFO | bdc.comercializadoras | Iniciando processamento do arquivo MERITO 14_11_2022.xlsx em modo incremental.
2026-09-10 15:40:16 | INFO | bdc.comercializadoras | Registro normalizado (Entrada: 44, Saída: 48).
2026-09-10 15:40:16 | INFO | bdc.comercializadoras | Iniciando validação unificada do registro. CNPJ=26474919000100
2026-09-10 15:40:16 | INFO | bdc.comercializadoras | Validação concluída. CNPJ=26474919000100 ERROS=0 AVISOS=0
2026-09-10 15:40:16 | INFO | bdc.comercializadoras | Iniciando processamento do arquivo MERITO_18_06_2021.xlsx em modo incremental.
2026-09-10 15:40:16 | INFO | bdc.comercializadoras | Registro normalizado (Entrada: 44, Saída: 48).
2026-09-10 15:40:16 | INFO | bdc.comercializadoras | Iniciando validação unificada do registro. CNPJ=26474919000100
2026-09-10 15:40:16 | INFO | bdc.comercializadoras | Validação concluída. CNPJ=26474919000100 ERROS=0 AVISOS=0
2026-09-10 15:40:16 | INFO | bdc.comercializadoras | Iniciando processamento do arquivo MEZ 12122023.xlsx em modo incremental.
2026-09-10 15:40:16 | INFO | bdc.comercializadoras | Registro normalizado (Entrada: 44, Saída: 48).
2026-09-10 15:40:16 | INFO | bdc.comercializadoras | Iniciando validação unificada do registro. CNPJ=36537518000106
2026-09-10 15:40:16 | INFO | bdc.comercializadoras | Validação concluída. CNPJ=36537518000106 ERROS=0 AVISOS=0
2026-09-10 15:40:16 | INFO | bdc.comercializadoras | Iniciando processamento do arquivo MIGRATIO 02072025.xlsx em modo incremental.
2026-09-10 15:40:17 | INFO | bdc.comercializadoras | Registro normalizado (Entrada: 44, Saída: 48).
2026-09-10 15:40:17 | INFO | bdc.comercializadoras | Iniciando validação unificada do registro. CNPJ=15458171000136
2026-09-10 15:40:17 | INFO | bdc.comercializadoras | Validação concluída. CNPJ=15458171000136 ERROS=0 AVISOS=0
2026-09-10 15:40:17 | INFO | bdc.comercializadoras | Iniciando processamento do arquivo MIGRATIO 02_06_2022.xlsx em modo incremental.
2026-09-10 15:40:17 | INFO | bdc.comercializadoras | Registro normalizado (Entrada: 44, Saída: 48).
2026-09-10 15:40:17 | INFO | bdc.comercializadoras | Iniciando validação unificada do registro. CNPJ=15458171000136
2026-09-10 15:40:17 | INFO | bdc.comercializadoras | Validação concluída. CNPJ=15458171000136 ERROS=0 AVISOS=0
2026-09-10 15:40:17 | INFO | bdc.comercializadoras | Iniciando processamento do arquivo MIGRATIO_17_06_2021.xlsx em modo incremental.
2026-09-10 15:40:18 | INFO | bdc.comercializadoras | Registro normalizado (Entrada: 44, Saída: 48).
2026-09-10 15:40:18 | INFO | bdc.comercializadoras | Iniciando validação unificada do registro. CNPJ=15458171000136
2026-09-10 15:40:18 | INFO | bdc.comercializadoras | Validação concluída. CNPJ=15458171000136 ERROS=0 AVISOS=0
2026-09-10 15:40:18 | INFO | bdc.comercializadoras | Iniciando processamento do arquivo MINERVA 02_06_2022.xlsx em modo incremental.
2026-09-10 15:40:18 | INFO | bdc.comercializadoras | Registro normalizado (Entrada: 44, Saída: 48).
2026-09-10 15:40:18 | INFO | bdc.comercializadoras | Iniciando validação unificada do registro. CNPJ=24510849000173
2026-09-10 15:40:18 | INFO | bdc.comercializadoras | Validação concluída. CNPJ=24510849000173 ERROS=0 AVISOS=0
2026-09-10 15:40:18 | INFO | bdc.comercializadoras | Iniciando processamento do arquivo MINERVA 05_06_2025.xlsx em modo incremental.
2026-09-10 15:40:19 | INFO | bdc.comercializadoras | Registro normalizado (Entrada: 44, Saída: 48).
2026-09-10 15:40:19 | INFO | bdc.comercializadoras | Iniciando validação unificada do registro. CNPJ=24510849000173
2026-09-10 15:40:19 | INFO | bdc.comercializadoras | Validação concluída. CNPJ=24510849000173 ERROS=0 AVISOS=0
2026-09-10 15:40:19 | INFO | bdc.comercializadoras | Iniciando processamento do arquivo MINERVA 25 04 2024.xlsx em modo incremental.
2026-09-10 15:40:19 | INFO | bdc.comercializadoras | Registro normalizado (Entrada: 44, Saída: 48).
2026-09-10 15:40:19 | INFO | bdc.comercializadoras | Iniciando validação unificada do registro. CNPJ=24510849000173
2026-09-10 15:40:19 | INFO | bdc.comercializadoras | Validação concluída. CNPJ=24510849000173 ERROS=0 AVISOS=0
2026-09-10 15:40:19 | INFO | bdc.comercializadoras | Iniciando processamento do arquivo MINERVA COM 04082026.xlsx em modo incremental.
2026-09-10 15:40:19 | INFO | bdc.comercializadoras | Registro normalizado (Entrada: 44, Saída: 48).
2026-09-10 15:40:19 | INFO | bdc.comercializadoras | Iniciando validação unificada do registro. CNPJ=24510849000173
2026-09-10 15:40:19 | INFO | bdc.comercializadoras | Validação concluída. CNPJ=24510849000173 ERROS=0 AVISOS=0
2026-09-10 15:40:19 | INFO | bdc.comercializadoras | Iniciando processamento do arquivo MINERVA RATING.xlsx em modo incremental.
2026-09-10 15:40:20 | INFO | bdc.comercializadoras | Registro normalizado (Entrada: 44, Saída: 48).
2026-09-10 15:40:20 | INFO | bdc.comercializadoras | Iniciando validação unificada do registro. CNPJ=24510849000173
2026-09-10 15:40:20 | INFO | bdc.comercializadoras | Validação concluída. CNPJ=24510849000173 ERROS=0 AVISOS=0
2026-09-10 15:40:20 | INFO | bdc.comercializadoras | Iniciando processamento do arquivo Matrix -grupo- 03042025(Recuperado Automaticamente).xlsx em modo incremental.
2026-09-10 15:40:20 | INFO | bdc.comercializadoras | Registro normalizado (Entrada: 44, Saída: 48).
2026-09-10 15:40:20 | INFO | bdc.comercializadoras | Iniciando validação unificada do registro. CNPJ=17858631000149
2026-09-10 15:40:20 | INFO | bdc.comercializadoras | Validação concluída. CNPJ=17858631000149 ERROS=0 AVISOS=0
2026-09-10 15:40:21 | INFO | bdc.comercializadoras | Iniciando processamento do arquivo Matrix -grupo- 03042025.xlsx em modo incremental.
2026-09-10 15:40:21 | INFO | bdc.comercializadoras | Registro normalizado (Entrada: 44, Saída: 48).
2026-09-10 15:40:21 | INFO | bdc.comercializadoras | Iniciando validação unificada do registro. CNPJ=None
2026-09-10 15:40:21 | INFO | bdc.comercializadoras | Validação concluída. CNPJ=None ERROS=1 AVISOS=0
2026-09-10 15:40:21 | WARNING | bdc.comercializadoras | Erros de validação para CNPJ=None: ['GATE_ENGINE ausente: CNPJ']
2026-09-10 15:40:21 | INFO | bdc.comercializadoras | Iniciando processamento do arquivo Matrix Grupo 1 11032024.xlsx em modo incremental.
2026-09-10 15:40:22 | INFO | bdc.comercializadoras | Registro normalizado (Entrada: 44, Saída: 48).
2026-09-10 15:40:22 | INFO | bdc.comercializadoras | Iniciando validação unificada do registro. CNPJ=17858631000149
2026-09-10 15:40:22 | INFO | bdc.comercializadoras | Validação concluída. CNPJ=17858631000149 ERROS=0 AVISOS=0
2026-09-10 15:40:22 | INFO | bdc.comercializadoras | Iniciando processamento do arquivo Maxima 21112023.xlsx em modo incremental.
2026-09-10 15:40:22 | INFO | bdc.comercializadoras | Registro normalizado (Entrada: 44, Saída: 48).
2026-09-10 15:40:22 | INFO | bdc.comercializadoras | Iniciando validação unificada do registro. CNPJ=12630054000110
2026-09-10 15:40:22 | INFO | bdc.comercializadoras | Validação concluída. CNPJ=12630054000110 ERROS=0 AVISOS=0
2026-09-10 15:40:22 | INFO | bdc.comercializadoras | Iniciando processamento do arquivo Migratio_07062023.xlsx em modo incremental.
2026-09-10 15:40:22 | INFO | bdc.comercializadoras | Registro normalizado (Entrada: 44, Saída: 48).
2026-09-10 15:40:22 | INFO | bdc.comercializadoras | Iniciando validação unificada do registro. CNPJ=15458171000136
2026-09-10 15:40:22 | INFO | bdc.comercializadoras | Validação concluída. CNPJ=15458171000136 ERROS=0 AVISOS=0
2026-09-10 15:40:22 | INFO | bdc.comercializadoras | Iniciando processamento do arquivo Minerva_12062023.xlsx em modo incremental.
2026-09-10 15:40:22 | INFO | bdc.comercializadoras | Registro normalizado (Entrada: 44, Saída: 48).
2026-09-10 15:40:22 | INFO | bdc.comercializadoras | Iniciando validação unificada do registro. CNPJ=24510849000173
2026-09-10 15:40:22 | INFO | bdc.comercializadoras | Validação concluída. CNPJ=24510849000173 ERROS=0 AVISOS=0
2026-09-10 15:40:22 | INFO | bdc.comercializadoras | Iniciando processamento do arquivo NC ENERGIA 21_06_2022.xlsx em modo incremental.
2026-09-10 15:40:22 | INFO | bdc.comercializadoras | Iniciando processamento do arquivo NC_30.07.2024.xlsx em modo incremental.
2026-09-10 15:40:23 | INFO | bdc.comercializadoras | Registro normalizado (Entrada: 44, Saída: 48).
2026-09-10 15:40:23 | INFO | bdc.comercializadoras | Iniciando validação unificada do registro. CNPJ=04023261000188
2026-09-10 15:40:23 | INFO | bdc.comercializadoras | Validação concluída. CNPJ=04023261000188 ERROS=0 AVISOS=0
2026-09-10 15:40:23 | INFO | bdc.comercializadoras | Iniciando processamento do arquivo NEC ENERGIA 06072026.xlsx em modo incremental.
2026-09-10 15:40:23 | INFO | bdc.comercializadoras | Registro normalizado (Entrada: 44, Saída: 48).
2026-09-10 15:40:23 | INFO | bdc.comercializadoras | Iniciando validação unificada do registro. CNPJ=54252354000152
2026-09-10 15:40:23 | INFO | bdc.comercializadoras | Validação concluída. CNPJ=54252354000152 ERROS=0 AVISOS=0
2026-09-10 15:40:23 | INFO | bdc.comercializadoras | Iniciando processamento do arquivo NEC ENERGIA 18082026.xlsx em modo incremental.
2026-09-10 15:40:23 | INFO | bdc.comercializadoras | Registro normalizado (Entrada: 44, Saída: 48).
2026-09-10 15:40:23 | INFO | bdc.comercializadoras | Iniciando validação unificada do registro. CNPJ=38126813000103
2026-09-10 15:40:23 | INFO | bdc.comercializadoras | Validação concluída. CNPJ=38126813000103 ERROS=0 AVISOS=0
2026-09-10 15:40:23 | INFO | bdc.comercializadoras | Iniciando processamento do arquivo NEC GERACAO 18082026.xlsx em modo incremental.
2026-09-10 15:40:24 | INFO | bdc.comercializadoras | Registro normalizado (Entrada: 44, Saída: 48).
2026-09-10 15:40:24 | INFO | bdc.comercializadoras | Iniciando validação unificada do registro. CNPJ=54252354000152
2026-09-10 15:40:24 | INFO | bdc.comercializadoras | Validação concluída. CNPJ=54252354000152 ERROS=0 AVISOS=0
2026-09-10 15:40:24 | INFO | bdc.comercializadoras | Iniciando processamento do arquivo NEO ENERGIA 01102025.xlsx em modo incremental.
2026-09-10 15:40:24 | INFO | bdc.comercializadoras | Registro normalizado (Entrada: 44, Saída: 48).
2026-09-10 15:40:24 | INFO | bdc.comercializadoras | Iniciando validação unificada do registro. CNPJ=04023261000188
2026-09-10 15:40:24 | INFO | bdc.comercializadoras | Validação concluída. CNPJ=04023261000188 ERROS=0 AVISOS=0
2026-09-10 15:40:24 | INFO | bdc.comercializadoras | Iniciando processamento do arquivo NEOENERGIA RATING 24032026.xlsx em modo incremental.
2026-09-10 15:40:25 | INFO | bdc.comercializadoras | Registro normalizado (Entrada: 44, Saída: 48).
2026-09-10 15:40:25 | INFO | bdc.comercializadoras | Iniciando validação unificada do registro. CNPJ=04023261000188
2026-09-10 15:40:25 | INFO | bdc.comercializadoras | Validação concluída. CNPJ=04023261000188 ERROS=0 AVISOS=0
2026-09-10 15:40:25 | INFO | bdc.comercializadoras | Iniciando processamento do arquivo NEW COM 02_08_2022.xlsx em modo incremental.
2026-09-10 15:40:25 | INFO | bdc.comercializadoras | Registro normalizado (Entrada: 44, Saída: 48).
2026-09-10 15:40:25 | INFO | bdc.comercializadoras | Iniciando validação unificada do registro. CNPJ=28758086000135
2026-09-10 15:40:25 | INFO | bdc.comercializadoras | Validação concluída. CNPJ=28758086000135 ERROS=0 AVISOS=0
2026-09-10 15:40:25 | INFO | bdc.comercializadoras | Iniciando processamento do arquivo NEWAVE 15042024.xlsx em modo incremental.
2026-09-10 15:40:26 | INFO | bdc.comercializadoras | Registro normalizado (Entrada: 44, Saída: 48).
2026-09-10 15:40:26 | INFO | bdc.comercializadoras | Iniciando validação unificada do registro. CNPJ=42823087000147
2026-09-10 15:40:26 | INFO | bdc.comercializadoras | Validação concluída. CNPJ=42823087000147 ERROS=0 AVISOS=0
2026-09-10 15:40:26 | INFO | bdc.comercializadoras | Iniciando processamento do arquivo NEWAVE 27032026.xlsx em modo incremental.
2026-09-10 15:40:26 | INFO | bdc.comercializadoras | Registro normalizado (Entrada: 44, Saída: 48).
2026-09-10 15:40:26 | INFO | bdc.comercializadoras | Iniciando validação unificada do registro. CNPJ=33524912000111
2026-09-10 15:40:26 | INFO | bdc.comercializadoras | Validação concluída. CNPJ=33524912000111 ERROS=0 AVISOS=0
2026-09-10 15:40:26 | INFO | bdc.comercializadoras | Iniciando processamento do arquivo NEWAVE_2024.xlsx em modo incremental.
2026-09-10 15:40:27 | INFO | bdc.comercializadoras | Registro normalizado (Entrada: 44, Saída: 48).
2026-09-10 15:40:27 | INFO | bdc.comercializadoras | Iniciando validação unificada do registro. CNPJ=42823087000147
2026-09-10 15:40:27 | INFO | bdc.comercializadoras | Validação concluída. CNPJ=42823087000147 ERROS=0 AVISOS=0
2026-09-10 15:40:27 | INFO | bdc.comercializadoras | Iniciando processamento do arquivo NEWCOM RATING 27012026.xlsx em modo incremental.
2026-09-10 15:40:27 | INFO | bdc.comercializadoras | Registro normalizado (Entrada: 44, Saída: 48).
2026-09-10 15:40:27 | INFO | bdc.comercializadoras | Iniciando validação unificada do registro. CNPJ=28758086000135
2026-09-10 15:40:28 | INFO | bdc.comercializadoras | Validação concluída. CNPJ=28758086000135 ERROS=0 AVISOS=0
2026-09-10 15:40:28 | INFO | bdc.comercializadoras | Iniciando processamento do arquivo NEWCOM_09102024.xlsx em modo incremental.
2026-09-10 15:40:28 | INFO | bdc.comercializadoras | Registro normalizado (Entrada: 44, Saída: 48).
2026-09-10 15:40:28 | INFO | bdc.comercializadoras | Iniciando validação unificada do registro. CNPJ=28758086000135
2026-09-10 15:40:28 | INFO | bdc.comercializadoras | Validação concluída. CNPJ=28758086000135 ERROS=0 AVISOS=0
2026-09-10 15:40:28 | INFO | bdc.comercializadoras | Iniciando processamento do arquivo NEWCOM_19072023.xlsx em modo incremental.
2026-09-10 15:40:28 | INFO | bdc.comercializadoras | Registro normalizado (Entrada: 44, Saída: 48).
2026-09-10 15:40:28 | INFO | bdc.comercializadoras | Iniciando validação unificada do registro. CNPJ=28758086000135
2026-09-10 15:40:28 | INFO | bdc.comercializadoras | Validação concluída. CNPJ=28758086000135 ERROS=0 AVISOS=0
2026-09-10 15:40:28 | INFO | bdc.comercializadoras | Iniciando processamento do arquivo NEWEN_09_09_2021.xlsx em modo incremental.
2026-09-10 15:40:29 | INFO | bdc.comercializadoras | Registro normalizado (Entrada: 44, Saída: 48).
2026-09-10 15:40:29 | INFO | bdc.comercializadoras | Iniciando validação unificada do registro. CNPJ=32235159000181
2026-09-10 15:40:29 | INFO | bdc.comercializadoras | Validação concluída. CNPJ=32235159000181 ERROS=0 AVISOS=0
2026-09-10 15:40:29 | INFO | bdc.comercializadoras | Iniciando processamento do arquivo NORSK HYDRO 16042026.xlsx em modo incremental.
2026-09-10 15:40:29 | INFO | bdc.comercializadoras | Registro normalizado (Entrada: 44, Saída: 48).
2026-09-10 15:40:29 | INFO | bdc.comercializadoras | Iniciando validação unificada do registro. CNPJ=22109465000118
2026-09-10 15:40:29 | INFO | bdc.comercializadoras | Validação concluída. CNPJ=22109465000118 ERROS=0 AVISOS=0
2026-09-10 15:40:29 | INFO | bdc.comercializadoras | Iniciando processamento do arquivo NORSK HYDRO ENERGIA 09072026.xlsx em modo incremental.
2026-09-10 15:40:30 | INFO | bdc.comercializadoras | Registro normalizado (Entrada: 44, Saída: 48).
2026-09-10 15:40:30 | INFO | bdc.comercializadoras | Iniciando validação unificada do registro. CNPJ=22109465000118
2026-09-10 15:40:30 | INFO | bdc.comercializadoras | Validação concluída. CNPJ=22109465000118 ERROS=0 AVISOS=0
2026-09-10 15:40:30 | INFO | bdc.comercializadoras | Iniciando processamento do arquivo NORTE ENERGIA 14052026.xlsx em modo incremental.
2026-09-10 15:40:30 | INFO | bdc.comercializadoras | Registro normalizado (Entrada: 44, Saída: 48).
2026-09-10 15:40:30 | INFO | bdc.comercializadoras | Iniciando validação unificada do registro. CNPJ=12300288000107
2026-09-10 15:40:30 | INFO | bdc.comercializadoras | Validação concluída. CNPJ=12300288000107 ERROS=0 AVISOS=0
2026-09-10 15:40:30 | INFO | bdc.comercializadoras | Iniciando processamento do arquivo NOVA - 03042025.xlsx em modo incremental.
2026-09-10 15:40:30 | INFO | bdc.comercializadoras | Iniciando processamento do arquivo NOVA 25 04 2024.xlsx em modo incremental.
2026-09-10 15:40:30 | INFO | bdc.comercializadoras | Registro normalizado (Entrada: 44, Saída: 48).
2026-09-10 15:40:30 | INFO | bdc.comercializadoras | Iniciando validação unificada do registro. CNPJ=11182210000164
2026-09-10 15:40:30 | INFO | bdc.comercializadoras | Validação concluída. CNPJ=11182210000164 ERROS=0 AVISOS=0
2026-09-10 15:40:30 | INFO | bdc.comercializadoras | Iniciando processamento do arquivo NOVA ENERGIA 08_06_2022.xlsx em modo incremental.
2026-09-10 15:40:31 | INFO | bdc.comercializadoras | Registro normalizado (Entrada: 44, Saída: 48).
2026-09-10 15:40:31 | INFO | bdc.comercializadoras | Iniciando validação unificada do registro. CNPJ=11182210000164
2026-09-10 15:40:31 | INFO | bdc.comercializadoras | Validação concluída. CNPJ=11182210000164 ERROS=0 AVISOS=0
2026-09-10 15:40:31 | INFO | bdc.comercializadoras | Iniciando processamento do arquivo NOVA GUAPORE 12082026.xlsx em modo incremental.
2026-09-10 15:40:31 | INFO | bdc.comercializadoras | Registro normalizado (Entrada: 44, Saída: 48).
2026-09-10 15:40:31 | INFO | bdc.comercializadoras | Iniciando validação unificada do registro. CNPJ=22976970000160
2026-09-10 15:40:31 | INFO | bdc.comercializadoras | Validação concluída. CNPJ=22976970000160 ERROS=0 AVISOS=0
2026-09-10 15:40:31 | INFO | bdc.comercializadoras | Iniciando processamento do arquivo NOVA_ENERGIA2024.xlsx em modo incremental.
2026-09-10 15:40:32 | INFO | bdc.comercializadoras | Registro normalizado (Entrada: 44, Saída: 48).
2026-09-10 15:40:32 | INFO | bdc.comercializadoras | Iniciando validação unificada do registro. CNPJ=11182210000164
2026-09-10 15:40:32 | INFO | bdc.comercializadoras | Validação concluída. CNPJ=11182210000164 ERROS=0 AVISOS=0
2026-09-10 15:40:32 | INFO | bdc.comercializadoras | Iniciando processamento do arquivo Neoenergia 25082023.xlsx em modo incremental.
2026-09-10 15:40:32 | INFO | bdc.comercializadoras | Registro normalizado (Entrada: 44, Saída: 48).
2026-09-10 15:40:32 | INFO | bdc.comercializadoras | Iniciando validação unificada do registro. CNPJ=04023261000188
2026-09-10 15:40:32 | INFO | bdc.comercializadoras | Validação concluída. CNPJ=04023261000188 ERROS=0 AVISOS=0
2026-09-10 15:40:32 | INFO | bdc.comercializadoras | Iniciando processamento do arquivo Nova Energia_16_06_2021.xlsx em modo incremental.
2026-09-10 15:40:33 | INFO | bdc.comercializadoras | Registro normalizado (Entrada: 44, Saída: 48).
2026-09-10 15:40:33 | INFO | bdc.comercializadoras | Iniciando validação unificada do registro. CNPJ=11182210000164
2026-09-10 15:40:33 | INFO | bdc.comercializadoras | Validação concluída. CNPJ=11182210000164 ERROS=0 AVISOS=0
2026-09-10 15:40:33 | INFO | bdc.comercializadoras | Iniciando processamento do arquivo OLYMPE 1311223.xlsx em modo incremental.
2026-09-10 15:40:33 | INFO | bdc.comercializadoras | Registro normalizado (Entrada: 44, Saída: 48).
2026-09-10 15:40:33 | INFO | bdc.comercializadoras | Iniciando validação unificada do registro. CNPJ=32168500000123
2026-09-10 15:40:33 | INFO | bdc.comercializadoras | Validação concluída. CNPJ=32168500000123 ERROS=0 AVISOS=0
2026-09-10 15:40:33 | INFO | bdc.comercializadoras | Iniciando processamento do arquivo OLYMPE 24042024.xlsx em modo incremental.
2026-09-10 15:40:33 | INFO | bdc.comercializadoras | Registro normalizado (Entrada: 44, Saída: 48).
2026-09-10 15:40:33 | INFO | bdc.comercializadoras | Iniciando validação unificada do registro. CNPJ=32168500000123
2026-09-10 15:40:33 | INFO | bdc.comercializadoras | Validação concluída. CNPJ=32168500000123 ERROS=0 AVISOS=0
2026-09-10 15:40:33 | INFO | bdc.comercializadoras | Iniciando processamento do arquivo OLYMPE 26_10_2022.xlsx em modo incremental.
2026-09-10 15:40:34 | INFO | bdc.comercializadoras | Registro normalizado (Entrada: 44, Saída: 48).
2026-09-10 15:40:34 | INFO | bdc.comercializadoras | Iniciando validação unificada do registro. CNPJ=32168500000123
2026-09-10 15:40:34 | INFO | bdc.comercializadoras | Validação concluída. CNPJ=32168500000123 ERROS=0 AVISOS=0
2026-09-10 15:40:34 | INFO | bdc.comercializadoras | Iniciando processamento do arquivo OMEGA 13_07_2022.xlsx em modo incremental.
2026-09-10 15:40:34 | INFO | bdc.comercializadoras | Iniciando processamento do arquivo OMG_07062023.xlsx em modo incremental.
2026-09-10 15:40:34 | INFO | bdc.comercializadoras | Registro normalizado (Entrada: 44, Saída: 48).
2026-09-10 15:40:34 | INFO | bdc.comercializadoras | Iniciando validação unificada do registro. CNPJ=09149503000106
2026-09-10 15:40:34 | INFO | bdc.comercializadoras | Validação concluída. CNPJ=09149503000106 ERROS=0 AVISOS=0
2026-09-10 15:40:34 | INFO | bdc.comercializadoras | Iniciando processamento do arquivo PACIFICO 18032024.xlsx em modo incremental.
2026-09-10 15:40:34 | INFO | bdc.comercializadoras | Registro normalizado (Entrada: 44, Saída: 48).
2026-09-10 15:40:34 | INFO | bdc.comercializadoras | Iniciando validação unificada do registro. CNPJ=45829681000133
2026-09-10 15:40:34 | INFO | bdc.comercializadoras | Validação concluída. CNPJ=45829681000133 ERROS=0 AVISOS=0
2026-09-10 15:40:34 | INFO | bdc.comercializadoras | Iniciando processamento do arquivo PACIFICO_10062023.xlsx em modo incremental.
2026-09-10 15:40:35 | INFO | bdc.comercializadoras | Registro normalizado (Entrada: 44, Saída: 48).
2026-09-10 15:40:35 | INFO | bdc.comercializadoras | Iniciando validação unificada do registro. CNPJ=45829681000133
2026-09-10 15:40:35 | INFO | bdc.comercializadoras | Validação concluída. CNPJ=45829681000133 ERROS=0 AVISOS=0
2026-09-10 15:40:35 | INFO | bdc.comercializadoras | Iniciando processamento do arquivo PACTO 25 04 2024.xlsx em modo incremental.
2026-09-10 15:40:35 | INFO | bdc.comercializadoras | Registro normalizado (Entrada: 44, Saída: 48).
2026-09-10 15:40:35 | INFO | bdc.comercializadoras | Iniciando validação unificada do registro. CNPJ=23412242000198
2026-09-10 15:40:35 | INFO | bdc.comercializadoras | Validação concluída. CNPJ=23412242000198 ERROS=0 AVISOS=0
2026-09-10 15:40:35 | INFO | bdc.comercializadoras | Iniciando processamento do arquivo PACTO_11.08.2023.xlsx em modo incremental.
2026-09-10 15:40:35 | INFO | bdc.comercializadoras | Registro normalizado (Entrada: 44, Saída: 48).
2026-09-10 15:40:35 | INFO | bdc.comercializadoras | Iniciando validação unificada do registro. CNPJ=23412242000198
2026-09-10 15:40:35 | INFO | bdc.comercializadoras | Validação concluída. CNPJ=23412242000198 ERROS=0 AVISOS=0
2026-09-10 15:40:35 | INFO | bdc.comercializadoras | Iniciando processamento do arquivo PACTO_2024.xlsx em modo incremental.
2026-09-10 15:40:36 | INFO | bdc.comercializadoras | Registro normalizado (Entrada: 44, Saída: 48).
2026-09-10 15:40:36 | INFO | bdc.comercializadoras | Iniciando validação unificada do registro. CNPJ=23412242000198
2026-09-10 15:40:36 | INFO | bdc.comercializadoras | Validação concluída. CNPJ=23412242000198 ERROS=0 AVISOS=0
2026-09-10 15:40:36 | INFO | bdc.comercializadoras | Iniciando processamento do arquivo PAECOM 29052026.xlsx em modo incremental.
2026-09-10 15:40:37 | INFO | bdc.comercializadoras | Registro normalizado (Entrada: 44, Saída: 48).
2026-09-10 15:40:37 | INFO | bdc.comercializadoras | Iniciando validação unificada do registro. CNPJ=48251703000119
2026-09-10 15:40:37 | INFO | bdc.comercializadoras | Validação concluída. CNPJ=48251703000119 ERROS=0 AVISOS=0
2026-09-10 15:40:37 | INFO | bdc.comercializadoras | Iniciando processamento do arquivo PANENERGY 05042024.xlsx em modo incremental.
2026-09-10 15:40:37 | INFO | bdc.comercializadoras | Registro normalizado (Entrada: 44, Saída: 48).
2026-09-10 15:40:37 | INFO | bdc.comercializadoras | Iniciando validação unificada do registro. CNPJ=48251703000119
2026-09-10 15:40:37 | INFO | bdc.comercializadoras | Validação concluída. CNPJ=48251703000119 ERROS=0 AVISOS=0
2026-09-10 15:40:37 | INFO | bdc.comercializadoras | Iniciando processamento do arquivo PARACATU RATING 26022026.xlsx em modo incremental.
2026-09-10 15:40:37 | INFO | bdc.comercializadoras | Registro normalizado (Entrada: 44, Saída: 48).
2026-09-10 15:40:37 | INFO | bdc.comercializadoras | Iniciando validação unificada do registro. CNPJ=08793343000162
2026-09-10 15:40:37 | INFO | bdc.comercializadoras | Validação concluída. CNPJ=08793343000162 ERROS=0 AVISOS=0
2026-09-10 15:40:37 | INFO | bdc.comercializadoras | Iniciando processamento do arquivo PARATY 02_06_2022.xlsx em modo incremental.
2026-09-10 15:40:38 | INFO | bdc.comercializadoras | Registro normalizado (Entrada: 44, Saída: 48).
2026-09-10 15:40:38 | INFO | bdc.comercializadoras | Iniciando validação unificada do registro. CNPJ=31102147000116
2026-09-10 15:40:38 | INFO | bdc.comercializadoras | Validação concluída. CNPJ=31102147000116 ERROS=0 AVISOS=0
2026-09-10 15:40:38 | INFO | bdc.comercializadoras | Iniciando processamento do arquivo PARATY ENERGIA 01102025.xlsx em modo incremental.
2026-09-10 15:40:38 | INFO | bdc.comercializadoras | Registro normalizado (Entrada: 44, Saída: 48).
2026-09-10 15:40:38 | INFO | bdc.comercializadoras | Iniciando validação unificada do registro. CNPJ=31102147000116
2026-09-10 15:40:38 | INFO | bdc.comercializadoras | Validação concluída. CNPJ=31102147000116 ERROS=0 AVISOS=0
2026-09-10 15:40:38 | INFO | bdc.comercializadoras | Iniciando processamento do arquivo PARATY_05.07.2024.xlsx em modo incremental.
2026-09-10 15:40:39 | INFO | bdc.comercializadoras | Registro normalizado (Entrada: 44, Saída: 48).
2026-09-10 15:40:39 | INFO | bdc.comercializadoras | Iniciando validação unificada do registro. CNPJ=34867956000107
2026-09-10 15:40:39 | INFO | bdc.comercializadoras | Validação concluída. CNPJ=34867956000107 ERROS=0 AVISOS=0
2026-09-10 15:40:39 | INFO | bdc.comercializadoras | Iniciando processamento do arquivo PBEN_12.06.2024.xlsx em modo incremental.
2026-09-10 15:40:39 | INFO | bdc.comercializadoras | Registro normalizado (Entrada: 44, Saída: 48).
2026-09-10 15:40:39 | INFO | bdc.comercializadoras | Iniciando validação unificada do registro. CNPJ=03538572000117
2026-09-10 15:40:39 | INFO | bdc.comercializadoras | Validação concluída. CNPJ=03538572000117 ERROS=0 AVISOS=0
2026-09-10 15:40:39 | INFO | bdc.comercializadoras | Iniciando processamento do arquivo PCH - NOVA GUARPORE RATING.xlsx em modo incremental.
2026-09-10 15:40:39 | INFO | bdc.comercializadoras | Registro normalizado (Entrada: 44, Saída: 48).
2026-09-10 15:40:39 | INFO | bdc.comercializadoras | Iniciando validação unificada do registro. CNPJ=22976970000160
2026-09-10 15:40:39 | INFO | bdc.comercializadoras | Validação concluída. CNPJ=22976970000160 ERROS=0 AVISOS=0
2026-09-10 15:40:39 | INFO | bdc.comercializadoras | Iniciando processamento do arquivo PCH MOINHO  RATING 26012026.xlsx em modo incremental.
2026-09-10 15:40:40 | INFO | bdc.comercializadoras | Registro normalizado (Entrada: 44, Saída: 48).
2026-09-10 15:40:40 | INFO | bdc.comercializadoras | Iniciando validação unificada do registro. CNPJ=21467516000110
2026-09-10 15:40:40 | INFO | bdc.comercializadoras | Validação concluída. CNPJ=21467516000110 ERROS=0 AVISOS=0
2026-09-10 15:40:40 | INFO | bdc.comercializadoras | Iniciando processamento do arquivo PCH VERDE 2 ENERGETICA RATING 23012026.xlsx em modo incremental.
2026-09-10 15:40:40 | INFO | bdc.comercializadoras | Registro normalizado (Entrada: 44, Saída: 48).
2026-09-10 15:40:40 | INFO | bdc.comercializadoras | Iniciando validação unificada do registro. CNPJ=None
2026-09-10 15:40:40 | INFO | bdc.comercializadoras | Validação concluída. CNPJ=None ERROS=1 AVISOS=0
2026-09-10 15:40:40 | WARNING | bdc.comercializadoras | Erros de validação para CNPJ=None: ['GATE_ENGINE ausente: CNPJ']
2026-09-10 15:40:40 | INFO | bdc.comercializadoras | Iniciando processamento do arquivo PETRA 09_03_ 2022.xlsx em modo incremental.
2026-09-10 15:40:40 | INFO | bdc.comercializadoras | Registro normalizado (Entrada: 44, Saída: 48).
2026-09-10 15:40:40 | INFO | bdc.comercializadoras | Iniciando validação unificada do registro. CNPJ=28120534000170
2026-09-10 15:40:40 | INFO | bdc.comercializadoras | Validação concluída. CNPJ=28120534000170 ERROS=0 AVISOS=0
2026-09-10 15:40:41 | INFO | bdc.comercializadoras | Iniciando processamento do arquivo PETRA_06_05_2021( modelo novo).xlsx em modo incremental.
2026-09-10 15:40:41 | INFO | bdc.comercializadoras | Registro normalizado (Entrada: 44, Saída: 48).
2026-09-10 15:40:41 | INFO | bdc.comercializadoras | Iniciando validação unificada do registro. CNPJ=28120534000170
2026-09-10 15:40:41 | INFO | bdc.comercializadoras | Validação concluída. CNPJ=28120534000170 ERROS=0 AVISOS=0
2026-09-10 15:40:41 | INFO | bdc.comercializadoras | Iniciando processamento do arquivo PETROBRAS PIE 03062025.xlsx em modo incremental.
2026-09-10 15:40:42 | INFO | bdc.comercializadoras | Registro normalizado (Entrada: 44, Saída: 48).
2026-09-10 15:40:42 | INFO | bdc.comercializadoras | Iniciando validação unificada do registro. CNPJ=33000167000101
2026-09-10 15:40:42 | INFO | bdc.comercializadoras | Validação concluída. CNPJ=33000167000101 ERROS=0 AVISOS=0
2026-09-10 15:40:42 | INFO | bdc.comercializadoras | Iniciando processamento do arquivo PIE RP 17_11_2022.xlsx em modo incremental.
2026-09-10 15:40:42 | INFO | bdc.comercializadoras | Registro normalizado (Entrada: 44, Saída: 48).
2026-09-10 15:40:42 | INFO | bdc.comercializadoras | Iniciando validação unificada do registro. CNPJ=04810290000190
2026-09-10 15:40:42 | INFO | bdc.comercializadoras | Validação concluída. CNPJ=04810290000190 ERROS=0 AVISOS=0
2026-09-10 15:40:42 | INFO | bdc.comercializadoras | Iniciando processamento do arquivo PLURAL ENERGIA 20_07_2022.xlsx em modo incremental.
2026-09-10 15:40:42 | INFO | bdc.comercializadoras | Registro normalizado (Entrada: 44, Saída: 48).
2026-09-10 15:40:42 | INFO | bdc.comercializadoras | Iniciando validação unificada do registro. CNPJ=29270235000185
2026-09-10 15:40:42 | INFO | bdc.comercializadoras | Validação concluída. CNPJ=29270235000185 ERROS=0 AVISOS=0
2026-09-10 15:40:42 | INFO | bdc.comercializadoras | Iniciando processamento do arquivo POLLARIX 03062026.xlsx em modo incremental.
2026-09-10 15:40:43 | INFO | bdc.comercializadoras | Registro normalizado (Entrada: 44, Saída: 48).
2026-09-10 15:40:43 | INFO | bdc.comercializadoras | Iniciando validação unificada do registro. CNPJ=04755710000182
2026-09-10 15:40:43 | INFO | bdc.comercializadoras | Validação concluída. CNPJ=04755710000182 ERROS=0 AVISOS=0
2026-09-10 15:40:43 | INFO | bdc.comercializadoras | Iniciando processamento do arquivo PONTOON 10072025.xlsx em modo incremental.
2026-09-10 15:40:43 | INFO | bdc.comercializadoras | Registro normalizado (Entrada: 44, Saída: 48).
2026-09-10 15:40:43 | INFO | bdc.comercializadoras | Iniciando validação unificada do registro. CNPJ=39237248000106
2026-09-10 15:40:43 | INFO | bdc.comercializadoras | Validação concluída. CNPJ=39237248000106 ERROS=0 AVISOS=0
2026-09-10 15:40:43 | INFO | bdc.comercializadoras | Iniciando processamento do arquivo PONTOON_29_08_2024.xlsx em modo incremental.
2026-09-10 15:40:43 | INFO | bdc.comercializadoras | Registro normalizado (Entrada: 44, Saída: 48).
2026-09-10 15:40:43 | INFO | bdc.comercializadoras | Iniciando validação unificada do registro. CNPJ=39237248000106
2026-09-10 15:40:43 | INFO | bdc.comercializadoras | Validação concluída. CNPJ=39237248000106 ERROS=0 AVISOS=0
2026-09-10 15:40:43 | INFO | bdc.comercializadoras | Iniciando processamento do arquivo POWER COM 02_05_2022.xlsx em modo incremental.
2026-09-10 15:40:44 | INFO | bdc.comercializadoras | Registro normalizado (Entrada: 44, Saída: 48).
2026-09-10 15:40:44 | INFO | bdc.comercializadoras | Iniciando validação unificada do registro. CNPJ=22153641000119
2026-09-10 15:40:44 | INFO | bdc.comercializadoras | Validação concluída. CNPJ=22153641000119 ERROS=0 AVISOS=0
2026-09-10 15:40:44 | INFO | bdc.comercializadoras | Iniciando processamento do arquivo POWER COM 14_06_2022.xlsx em modo incremental.
2026-09-10 15:40:44 | INFO | bdc.comercializadoras | Registro normalizado (Entrada: 44, Saída: 48).
2026-09-10 15:40:44 | INFO | bdc.comercializadoras | Iniciando validação unificada do registro. CNPJ=29883520000171
2026-09-10 15:40:44 | INFO | bdc.comercializadoras | Validação concluída. CNPJ=29883520000171 ERROS=0 AVISOS=0
2026-09-10 15:40:44 | INFO | bdc.comercializadoras | Iniciando processamento do arquivo PRIME ENERGY 02_06_2022.xlsx em modo incremental.
2026-09-10 15:40:45 | INFO | bdc.comercializadoras | Registro normalizado (Entrada: 44, Saída: 48).
2026-09-10 15:40:45 | INFO | bdc.comercializadoras | Iniciando validação unificada do registro. CNPJ=17040615000144
2026-09-10 15:40:45 | INFO | bdc.comercializadoras | Validação concluída. CNPJ=17040615000144 ERROS=0 AVISOS=0
2026-09-10 15:40:45 | INFO | bdc.comercializadoras | Iniciando processamento do arquivo PRIME ENERGY 02_08_2022.xlsx em modo incremental.
2026-09-10 15:40:45 | INFO | bdc.comercializadoras | Registro normalizado (Entrada: 44, Saída: 48).
2026-09-10 15:40:45 | INFO | bdc.comercializadoras | Iniciando validação unificada do registro. CNPJ=12809025000110
2026-09-10 15:40:45 | INFO | bdc.comercializadoras | Validação concluída. CNPJ=12809025000110 ERROS=0 AVISOS=0
2026-09-10 15:40:45 | INFO | bdc.comercializadoras | Iniciando processamento do arquivo PRIME ENERGY _21_06_2021.xlsx em modo incremental.
2026-09-10 15:40:46 | INFO | bdc.comercializadoras | Registro normalizado (Entrada: 44, Saída: 48).
2026-09-10 15:40:46 | INFO | bdc.comercializadoras | Iniciando validação unificada do registro. CNPJ=12809025000110
2026-09-10 15:40:46 | INFO | bdc.comercializadoras | Validação concluída. CNPJ=12809025000110 ERROS=0 AVISOS=0
2026-09-10 15:40:46 | INFO | bdc.comercializadoras | Iniciando processamento do arquivo PRIME_12.07.2024.xlsx em modo incremental.
2026-09-10 15:40:46 | INFO | bdc.comercializadoras | Registro normalizado (Entrada: 44, Saída: 48).
2026-09-10 15:40:46 | INFO | bdc.comercializadoras | Iniciando validação unificada do registro. CNPJ=12809025000110
2026-09-10 15:40:46 | INFO | bdc.comercializadoras | Validação concluída. CNPJ=12809025000110 ERROS=0 AVISOS=0
2026-09-10 15:40:46 | INFO | bdc.comercializadoras | Iniciando processamento do arquivo PRIME_16.06.2023.xlsx em modo incremental.
2026-09-10 15:40:46 | INFO | bdc.comercializadoras | Registro normalizado (Entrada: 44, Saída: 48).
2026-09-10 15:40:46 | INFO | bdc.comercializadoras | Iniciando validação unificada do registro. CNPJ=12809025000110
2026-09-10 15:40:46 | INFO | bdc.comercializadoras | Validação concluída. CNPJ=12809025000110 ERROS=0 AVISOS=0
2026-09-10 15:40:46 | INFO | bdc.comercializadoras | Iniciando processamento do arquivo PWR ENERGIA_15_06_2021.xlsx em modo incremental.
2026-09-10 15:40:47 | INFO | bdc.comercializadoras | Registro normalizado (Entrada: 44, Saída: 48).
2026-09-10 15:40:47 | INFO | bdc.comercializadoras | Iniciando validação unificada do registro. CNPJ=29883520000171
2026-09-10 15:40:47 | INFO | bdc.comercializadoras | Validação concluída. CNPJ=29883520000171 ERROS=0 AVISOS=0
2026-09-10 15:40:47 | INFO | bdc.comercializadoras | Iniciando processamento do arquivo Paraty 28062024.xlsx em modo incremental.
2026-09-10 15:40:47 | INFO | bdc.comercializadoras | Registro normalizado (Entrada: 44, Saída: 48).
2026-09-10 15:40:47 | INFO | bdc.comercializadoras | Iniciando validação unificada do registro. CNPJ=31102147000116
2026-09-10 15:40:47 | INFO | bdc.comercializadoras | Validação concluída. CNPJ=31102147000116 ERROS=0 AVISOS=0
2026-09-10 15:40:47 | INFO | bdc.comercializadoras | Iniciando processamento do arquivo Paraty Energia_30052023.xlsx em modo incremental.
2026-09-10 15:40:47 | INFO | bdc.comercializadoras | Registro normalizado (Entrada: 44, Saída: 48).
2026-09-10 15:40:47 | INFO | bdc.comercializadoras | Iniciando validação unificada do registro. CNPJ=31102147000116
2026-09-10 15:40:47 | INFO | bdc.comercializadoras | Validação concluída. CNPJ=31102147000116 ERROS=0 AVISOS=0
2026-09-10 15:40:47 | INFO | bdc.comercializadoras | Iniciando processamento do arquivo Passo_5_Sao_Martinho_Rating_Final.xlsx em modo incremental.
2026-09-10 15:40:47 | INFO | bdc.comercializadoras | Iniciando processamento do arquivo QAIR 01042026.xlsx em modo incremental.
2026-09-10 15:40:47 | INFO | bdc.comercializadoras | Registro normalizado (Entrada: 44, Saída: 48).
2026-09-10 15:40:47 | INFO | bdc.comercializadoras | Iniciando validação unificada do registro. CNPJ=08666285000106
2026-09-10 15:40:47 | INFO | bdc.comercializadoras | Validação concluída. CNPJ=08666285000106 ERROS=0 AVISOS=0
2026-09-10 15:40:48 | INFO | bdc.comercializadoras | Iniciando processamento do arquivo QAIR BRASIL (iniciante)_10_10_22.xlsx em modo incremental.
2026-09-10 15:40:48 | INFO | bdc.comercializadoras | Registro normalizado (Entrada: 44, Saída: 48).
2026-09-10 15:40:48 | INFO | bdc.comercializadoras | Iniciando validação unificada do registro. CNPJ=39608949000104
2026-09-10 15:40:48 | INFO | bdc.comercializadoras | Validação concluída. CNPJ=39608949000104 ERROS=0 AVISOS=0
2026-09-10 15:40:48 | INFO | bdc.comercializadoras | Iniciando processamento do arquivo QAIR_13.06.2024.xlsx em modo incremental.
2026-09-10 15:40:48 | INFO | bdc.comercializadoras | Registro normalizado (Entrada: 44, Saída: 48).
2026-09-10 15:40:48 | INFO | bdc.comercializadoras | Iniciando validação unificada do registro. CNPJ=39608949000104
2026-09-10 15:40:48 | INFO | bdc.comercializadoras | Validação concluída. CNPJ=39608949000104 ERROS=0 AVISOS=0
2026-09-10 15:40:48 | INFO | bdc.comercializadoras | Iniciando processamento do arquivo RAHCROL_10_09_2021.xlsx em modo incremental.
2026-09-10 15:40:49 | INFO | bdc.comercializadoras | Registro normalizado (Entrada: 44, Saída: 48).
2026-09-10 15:40:49 | INFO | bdc.comercializadoras | Iniciando validação unificada do registro. CNPJ=09222477000196
2026-09-10 15:40:49 | INFO | bdc.comercializadoras | Validação concluída. CNPJ=09222477000196 ERROS=0 AVISOS=0
2026-09-10 15:40:49 | INFO | bdc.comercializadoras | Iniciando processamento do arquivo RBE 01072025.xlsx em modo incremental.
2026-09-10 15:40:49 | INFO | bdc.comercializadoras | Registro normalizado (Entrada: 44, Saída: 48).
2026-09-10 15:40:49 | INFO | bdc.comercializadoras | Iniciando validação unificada do registro. CNPJ=13338734000127
2026-09-10 15:40:49 | INFO | bdc.comercializadoras | Validação concluída. CNPJ=13338734000127 ERROS=0 AVISOS=0
2026-09-10 15:40:49 | INFO | bdc.comercializadoras | Iniciando processamento do arquivo RBE 15_06_2022.xlsx em modo incremental.
2026-09-10 15:40:50 | INFO | bdc.comercializadoras | Registro normalizado (Entrada: 44, Saída: 48).
2026-09-10 15:40:50 | INFO | bdc.comercializadoras | Iniciando validação unificada do registro. CNPJ=13338734000127
2026-09-10 15:40:50 | INFO | bdc.comercializadoras | Validação concluída. CNPJ=13338734000127 ERROS=0 AVISOS=0
2026-09-10 15:40:50 | INFO | bdc.comercializadoras | Iniciando processamento do arquivo RBE 31102023.xlsx em modo incremental.
2026-09-10 15:40:50 | INFO | bdc.comercializadoras | Registro normalizado (Entrada: 44, Saída: 48).
2026-09-10 15:40:50 | INFO | bdc.comercializadoras | Iniciando validação unificada do registro. CNPJ=13338734000127
2026-09-10 15:40:50 | INFO | bdc.comercializadoras | Validação concluída. CNPJ=13338734000127 ERROS=0 AVISOS=0
2026-09-10 15:40:50 | INFO | bdc.comercializadoras | Iniciando processamento do arquivo RBE_05.06.2024.xlsx em modo incremental.
2026-09-10 15:40:50 | INFO | bdc.comercializadoras | Registro normalizado (Entrada: 44, Saída: 48).
2026-09-10 15:40:50 | INFO | bdc.comercializadoras | Iniciando validação unificada do registro. CNPJ=13338734000127
2026-09-10 15:40:50 | INFO | bdc.comercializadoras | Validação concluída. CNPJ=13338734000127 ERROS=0 AVISOS=0
2026-09-10 15:40:50 | INFO | bdc.comercializadoras | Iniciando processamento do arquivo RENOVA 12062026.xlsx em modo incremental.
2026-09-10 15:40:51 | INFO | bdc.comercializadoras | Registro normalizado (Entrada: 44, Saída: 48).
2026-09-10 15:40:51 | INFO | bdc.comercializadoras | Iniciando validação unificada do registro. CNPJ=17204923000168
2026-09-10 15:40:51 | INFO | bdc.comercializadoras | Validação concluída. CNPJ=17204923000168 ERROS=0 AVISOS=0
2026-09-10 15:40:51 | INFO | bdc.comercializadoras | Iniciando processamento do arquivo RENOVA 26082025.xlsx em modo incremental.
2026-09-10 15:40:51 | INFO | bdc.comercializadoras | Registro normalizado (Entrada: 44, Saída: 48).
2026-09-10 15:40:51 | INFO | bdc.comercializadoras | Iniciando validação unificada do registro. CNPJ=17204923000168
2026-09-10 15:40:51 | INFO | bdc.comercializadoras | Validação concluída. CNPJ=17204923000168 ERROS=0 AVISOS=0
2026-09-10 15:40:51 | INFO | bdc.comercializadoras | Iniciando processamento do arquivo RENOVA BR RI.xlsx em modo incremental.
2026-09-10 15:40:52 | INFO | bdc.comercializadoras | Registro normalizado (Entrada: 44, Saída: 48).
2026-09-10 15:40:52 | INFO | bdc.comercializadoras | Iniciando validação unificada do registro. CNPJ=17204923000168
2026-09-10 15:40:52 | INFO | bdc.comercializadoras | Validação concluída. CNPJ=17204923000168 ERROS=0 AVISOS=0
2026-09-10 15:40:52 | INFO | bdc.comercializadoras | Iniciando processamento do arquivo RENOVA COM 27082025.xlsx em modo incremental.
2026-09-10 15:40:52 | INFO | bdc.comercializadoras | Registro normalizado (Entrada: 44, Saída: 48).
2026-09-10 15:40:52 | INFO | bdc.comercializadoras | Iniciando validação unificada do registro. CNPJ=17204923000168
2026-09-10 15:40:52 | INFO | bdc.comercializadoras | Validação concluída. CNPJ=17204923000168 ERROS=0 AVISOS=0
2026-09-10 15:40:52 | INFO | bdc.comercializadoras | Iniciando processamento do arquivo RIALMA V 06072026.xlsx em modo incremental.
2026-09-10 15:40:53 | INFO | bdc.comercializadoras | Registro normalizado (Entrada: 44, Saída: 48).
2026-09-10 15:40:53 | INFO | bdc.comercializadoras | Iniciando validação unificada do registro. CNPJ=11040403000180
2026-09-10 15:40:53 | INFO | bdc.comercializadoras | Validação concluída. CNPJ=11040403000180 ERROS=0 AVISOS=0
2026-09-10 15:40:53 | INFO | bdc.comercializadoras | Iniciando processamento do arquivo RIO ENERGY (GRUPO) 23_08_2022.xlsx em modo incremental.
2026-09-10 15:40:53 | INFO | bdc.comercializadoras | Iniciando processamento do arquivo RIO ENERGY 17_11_2021.xlsx em modo incremental.
2026-09-10 15:40:53 | INFO | bdc.comercializadoras | Registro normalizado (Entrada: 44, Saída: 48).
2026-09-10 15:40:53 | INFO | bdc.comercializadoras | Iniciando validação unificada do registro. CNPJ=16775973000132
2026-09-10 15:40:53 | INFO | bdc.comercializadoras | Validação concluída. CNPJ=16775973000132 ERROS=0 AVISOS=0
2026-09-10 15:40:53 | INFO | bdc.comercializadoras | Iniciando processamento do arquivo RIO PARANAPANEMA 13042026.xlsx em modo incremental.
2026-09-10 15:40:54 | INFO | bdc.comercializadoras | Registro normalizado (Entrada: 44, Saída: 48).
2026-09-10 15:40:54 | INFO | bdc.comercializadoras | Iniciando validação unificada do registro. CNPJ=02998301000181
2026-09-10 15:40:54 | INFO | bdc.comercializadoras | Validação concluída. CNPJ=02998301000181 ERROS=0 AVISOS=0
2026-09-10 15:40:54 | INFO | bdc.comercializadoras | Iniciando processamento do arquivo RZK 10112023.xlsx em modo incremental.
2026-09-10 15:40:54 | INFO | bdc.comercializadoras | Registro normalizado (Entrada: 44, Saída: 48).
2026-09-10 15:40:54 | INFO | bdc.comercializadoras | Iniciando validação unificada do registro. CNPJ=26562346000177
2026-09-10 15:40:54 | INFO | bdc.comercializadoras | Validação concluída. CNPJ=26562346000177 ERROS=0 AVISOS=0
2026-09-10 15:40:54 | INFO | bdc.comercializadoras | Iniciando processamento do arquivo RZK_16.05.2024.xlsx em modo incremental.
2026-09-10 15:40:54 | INFO | bdc.comercializadoras | Registro normalizado (Entrada: 44, Saída: 48).
2026-09-10 15:40:54 | INFO | bdc.comercializadoras | Iniciando validação unificada do registro. CNPJ=26562346000177
2026-09-10 15:40:54 | INFO | bdc.comercializadoras | Validação concluída. CNPJ=26562346000177 ERROS=0 AVISOS=0
2026-09-10 15:40:55 | INFO | bdc.comercializadoras | Iniciando processamento do arquivo RZK_26_10_2021.xlsx em modo incremental.
2026-09-10 15:40:55 | INFO | bdc.comercializadoras | Registro normalizado (Entrada: 44, Saída: 48).
2026-09-10 15:40:55 | INFO | bdc.comercializadoras | Iniciando validação unificada do registro. CNPJ=26562346000177
2026-09-10 15:40:55 | INFO | bdc.comercializadoras | Validação concluída. CNPJ=26562346000177 ERROS=0 AVISOS=0
2026-09-10 15:40:55 | INFO | bdc.comercializadoras | Iniciando processamento do arquivo Rio Canoas (CTG) 17042026.xlsx em modo incremental.
2026-09-10 15:40:56 | INFO | bdc.comercializadoras | Registro normalizado (Entrada: 44, Saída: 48).
2026-09-10 15:40:56 | INFO | bdc.comercializadoras | Iniciando validação unificada do registro. CNPJ=11316814000156
2026-09-10 15:40:56 | INFO | bdc.comercializadoras | Validação concluída. CNPJ=11316814000156 ERROS=0 AVISOS=0
2026-09-10 15:40:56 | INFO | bdc.comercializadoras | Iniciando processamento do arquivo Rio Energy_28032023.xlsx em modo incremental.
2026-09-10 15:40:56 | INFO | bdc.comercializadoras | Registro normalizado (Entrada: 44, Saída: 48).
2026-09-10 15:40:56 | INFO | bdc.comercializadoras | Iniciando validação unificada do registro. CNPJ=16775973000132
2026-09-10 15:40:56 | INFO | bdc.comercializadoras | Validação concluída. CNPJ=16775973000132 ERROS=0 AVISOS=0
2026-09-10 15:40:56 | INFO | bdc.comercializadoras | Iniciando processamento do arquivo Rio Parana 14042026.xlsx em modo incremental.
2026-09-10 15:40:56 | INFO | bdc.comercializadoras | Registro normalizado (Entrada: 44, Saída: 48).
2026-09-10 15:40:56 | INFO | bdc.comercializadoras | Iniciando validação unificada do registro. CNPJ=23096269000119
2026-09-10 15:40:56 | INFO | bdc.comercializadoras | Validação concluída. CNPJ=23096269000119 ERROS=0 AVISOS=0
2026-09-10 15:40:56 | INFO | bdc.comercializadoras | Iniciando processamento do arquivo SAFIRA 08_06_2022.xlsx em modo incremental.
2026-09-10 15:40:57 | INFO | bdc.comercializadoras | Registro normalizado (Entrada: 44, Saída: 48).
2026-09-10 15:40:57 | INFO | bdc.comercializadoras | Iniciando validação unificada do registro. CNPJ=11482752000152
2026-09-10 15:40:57 | INFO | bdc.comercializadoras | Validação concluída. CNPJ=11482752000152 ERROS=0 AVISOS=0
2026-09-10 15:40:57 | INFO | bdc.comercializadoras | Iniciando processamento do arquivo SAFIRA 11042024.xlsx em modo incremental.
2026-09-10 15:40:57 | INFO | bdc.comercializadoras | Registro normalizado (Entrada: 44, Saída: 48).
2026-09-10 15:40:57 | INFO | bdc.comercializadoras | Iniciando validação unificada do registro. CNPJ=09495582000107
2026-09-10 15:40:57 | INFO | bdc.comercializadoras | Validação concluída. CNPJ=09495582000107 ERROS=0 AVISOS=0
2026-09-10 15:40:57 | INFO | bdc.comercializadoras | Iniciando processamento do arquivo SAFIRA 27032026 DF 2024.xlsx em modo incremental.
2026-09-10 15:40:58 | INFO | bdc.comercializadoras | Registro normalizado (Entrada: 44, Saída: 48).
2026-09-10 15:40:58 | INFO | bdc.comercializadoras | Iniciando validação unificada do registro. CNPJ=09495582000107
2026-09-10 15:40:58 | INFO | bdc.comercializadoras | Validação concluída. CNPJ=09495582000107 ERROS=0 AVISOS=0
2026-09-10 15:40:58 | INFO | bdc.comercializadoras | Iniciando processamento do arquivo SAFIRA ADM.xlsx em modo incremental.
2026-09-10 15:40:58 | INFO | bdc.comercializadoras | Registro normalizado (Entrada: 44, Saída: 48).
2026-09-10 15:40:58 | INFO | bdc.comercializadoras | Iniciando validação unificada do registro. CNPJ=09495582000107
2026-09-10 15:40:58 | INFO | bdc.comercializadoras | Validação concluída. CNPJ=09495582000107 ERROS=0 AVISOS=0
2026-09-10 15:40:58 | INFO | bdc.comercializadoras | Iniciando processamento do arquivo SAFIRA COM_05_03_2021.xlsx em modo incremental.
2026-09-10 15:40:59 | INFO | bdc.comercializadoras | Registro normalizado (Entrada: 44, Saída: 48).
2026-09-10 15:40:59 | INFO | bdc.comercializadoras | Iniciando validação unificada do registro. CNPJ=09495582000107
2026-09-10 15:40:59 | INFO | bdc.comercializadoras | Validação concluída. CNPJ=09495582000107 ERROS=0 AVISOS=0
2026-09-10 15:40:59 | INFO | bdc.comercializadoras | Iniciando processamento do arquivo SAFIRA Holding 2023.xlsx em modo incremental.
2026-09-10 15:40:59 | INFO | bdc.comercializadoras | Registro normalizado (Entrada: 44, Saída: 48).
2026-09-10 15:40:59 | INFO | bdc.comercializadoras | Iniciando validação unificada do registro. CNPJ=None
2026-09-10 15:40:59 | INFO | bdc.comercializadoras | Validação concluída. CNPJ=None ERROS=1 AVISOS=0
2026-09-10 15:40:59 | WARNING | bdc.comercializadoras | Erros de validação para CNPJ=None: ['GATE_ENGINE ausente: CNPJ']
2026-09-10 15:40:59 | INFO | bdc.comercializadoras | Iniciando processamento do arquivo SAFIRA Holding.xlsx em modo incremental.
2026-09-10 15:41:00 | INFO | bdc.comercializadoras | Registro normalizado (Entrada: 44, Saída: 48).
2026-09-10 15:41:00 | INFO | bdc.comercializadoras | Iniciando validação unificada do registro. CNPJ=None
2026-09-10 15:41:00 | INFO | bdc.comercializadoras | Validação concluída. CNPJ=None ERROS=1 AVISOS=0
2026-09-10 15:41:00 | WARNING | bdc.comercializadoras | Erros de validação para CNPJ=None: ['GATE_ENGINE ausente: CNPJ']
2026-09-10 15:41:00 | INFO | bdc.comercializadoras | Iniciando processamento do arquivo SAFIRA VAREJISTA_2023.xlsx em modo incremental.
2026-09-10 15:41:00 | INFO | bdc.comercializadoras | Registro normalizado (Entrada: 44, Saída: 48).
2026-09-10 15:41:00 | INFO | bdc.comercializadoras | Iniciando validação unificada do registro. CNPJ=11482752000152
2026-09-10 15:41:00 | INFO | bdc.comercializadoras | Validação concluída. CNPJ=11482752000152 ERROS=0 AVISOS=0
2026-09-10 15:41:00 | INFO | bdc.comercializadoras | Iniciando processamento do arquivo SAFIRA VAREJISTA_2024.xlsx em modo incremental.
2026-09-10 15:41:01 | INFO | bdc.comercializadoras | Registro normalizado (Entrada: 44, Saída: 48).
2026-09-10 15:41:01 | INFO | bdc.comercializadoras | Iniciando validação unificada do registro. CNPJ=11482752000152
2026-09-10 15:41:01 | INFO | bdc.comercializadoras | Validação concluída. CNPJ=11482752000152 ERROS=0 AVISOS=0
2026-09-10 15:41:01 | INFO | bdc.comercializadoras | Iniciando processamento do arquivo SAFIRA_12_05_2022.xlsx em modo incremental.
2026-09-10 15:41:02 | INFO | bdc.comercializadoras | Registro normalizado (Entrada: 44, Saída: 48).
2026-09-10 15:41:02 | INFO | bdc.comercializadoras | Iniciando validação unificada do registro. CNPJ=09495582000107
2026-09-10 15:41:02 | INFO | bdc.comercializadoras | Validação concluída. CNPJ=09495582000107 ERROS=0 AVISOS=0
2026-09-10 15:41:02 | INFO | bdc.comercializadoras | Iniciando processamento do arquivo SAFIRA_27042023.xlsx em modo incremental.
2026-09-10 15:41:02 | INFO | bdc.comercializadoras | Registro normalizado (Entrada: 44, Saída: 48).
2026-09-10 15:41:02 | INFO | bdc.comercializadoras | Iniciando validação unificada do registro. CNPJ=09495582000107
2026-09-10 15:41:02 | INFO | bdc.comercializadoras | Validação concluída. CNPJ=09495582000107 ERROS=0 AVISOS=0
2026-09-10 15:41:02 | INFO | bdc.comercializadoras | Iniciando processamento do arquivo SAFRA 10072025.xlsx em modo incremental.
2026-09-10 15:41:02 | INFO | bdc.comercializadoras | Registro normalizado (Entrada: 44, Saída: 48).
2026-09-10 15:41:02 | INFO | bdc.comercializadoras | Iniciando validação unificada do registro. CNPJ=53012414000105
2026-09-10 15:41:02 | INFO | bdc.comercializadoras | Validação concluída. CNPJ=53012414000105 ERROS=0 AVISOS=0
2026-09-10 15:41:03 | INFO | bdc.comercializadoras | Iniciando processamento do arquivo SANTA HELENA ENERGIA 15062026.xlsx em modo incremental.
2026-09-10 15:41:03 | INFO | bdc.comercializadoras | Registro normalizado (Entrada: 44, Saída: 48).
2026-09-10 15:41:03 | INFO | bdc.comercializadoras | Iniciando validação unificada do registro. CNPJ=12150746000160
2026-09-10 15:41:03 | INFO | bdc.comercializadoras | Validação concluída. CNPJ=12150746000160 ERROS=0 AVISOS=0
2026-09-10 15:41:03 | INFO | bdc.comercializadoras | Iniciando processamento do arquivo SANTA MARIA 11082026.xlsx em modo incremental.
2026-09-10 15:41:03 | INFO | bdc.comercializadoras | Registro normalizado (Entrada: 44, Saída: 48).
2026-09-10 15:41:03 | INFO | bdc.comercializadoras | Iniciando validação unificada do registro. CNPJ=32023463000165
2026-09-10 15:41:03 | INFO | bdc.comercializadoras | Validação concluída. CNPJ=32023463000165 ERROS=0 AVISOS=0
2026-09-10 15:41:03 | INFO | bdc.comercializadoras | Iniciando processamento do arquivo SANTA MARIA_09_09_2021.xlsx em modo incremental.
2026-09-10 15:41:04 | INFO | bdc.comercializadoras | Registro normalizado (Entrada: 44, Saída: 48).
2026-09-10 15:41:04 | INFO | bdc.comercializadoras | Iniciando validação unificada do registro. CNPJ=32023463000165
2026-09-10 15:41:04 | INFO | bdc.comercializadoras | Validação concluída. CNPJ=32023463000165 ERROS=0 AVISOS=0
2026-09-10 15:41:04 | INFO | bdc.comercializadoras | Iniciando processamento do arquivo SANTA MARIA_16.05.2024.xlsx em modo incremental.
2026-09-10 15:41:04 | INFO | bdc.comercializadoras | Registro normalizado (Entrada: 44, Saída: 48).
2026-09-10 15:41:04 | INFO | bdc.comercializadoras | Iniciando validação unificada do registro. CNPJ=32023463000165
2026-09-10 15:41:04 | INFO | bdc.comercializadoras | Validação concluída. CNPJ=32023463000165 ERROS=0 AVISOS=0
2026-09-10 15:41:04 | INFO | bdc.comercializadoras | Iniciando processamento do arquivo SANTA MARIA_2024.xlsx em modo incremental.
2026-09-10 15:41:05 | INFO | bdc.comercializadoras | Registro normalizado (Entrada: 44, Saída: 48).
2026-09-10 15:41:05 | INFO | bdc.comercializadoras | Iniciando validação unificada do registro. CNPJ=32023463000165
2026-09-10 15:41:05 | INFO | bdc.comercializadoras | Validação concluída. CNPJ=32023463000165 ERROS=0 AVISOS=0
2026-09-10 15:41:05 | INFO | bdc.comercializadoras | Iniciando processamento do arquivo SANTADER_26.06.2024.xlsx em modo incremental.
2026-09-10 15:41:05 | INFO | bdc.comercializadoras | Registro normalizado (Entrada: 44, Saída: 48).
2026-09-10 15:41:05 | INFO | bdc.comercializadoras | Iniciando validação unificada do registro. CNPJ=04270778000171
2026-09-10 15:41:05 | INFO | bdc.comercializadoras | Validação concluída. CNPJ=04270778000171 ERROS=0 AVISOS=0
2026-09-10 15:41:05 | INFO | bdc.comercializadoras | Iniciando processamento do arquivo SANTANDER RATING 24102025.xlsx em modo incremental.
2026-09-10 15:41:05 | INFO | bdc.comercializadoras | Registro normalizado (Entrada: 44, Saída: 48).
2026-09-10 15:41:05 | INFO | bdc.comercializadoras | Iniciando validação unificada do registro. CNPJ=04270778000171
2026-09-10 15:41:05 | INFO | bdc.comercializadoras | Validação concluída. CNPJ=04270778000171 ERROS=0 AVISOS=0
2026-09-10 15:41:05 | INFO | bdc.comercializadoras | Iniciando processamento do arquivo SEB 16102024.xlsx em modo incremental.
2026-09-10 15:41:06 | INFO | bdc.comercializadoras | Registro normalizado (Entrada: 44, Saída: 48).
2026-09-10 15:41:06 | INFO | bdc.comercializadoras | Iniciando validação unificada do registro. CNPJ=27796415000250
2026-09-10 15:41:06 | INFO | bdc.comercializadoras | Validação concluída. CNPJ=27796415000250 ERROS=0 AVISOS=0
2026-09-10 15:41:06 | INFO | bdc.comercializadoras | Iniciando processamento do arquivo SEB 16102024__1.xlsx em modo incremental.
2026-09-10 15:41:06 | INFO | bdc.comercializadoras | Registro normalizado (Entrada: 44, Saída: 48).
2026-09-10 15:41:06 | INFO | bdc.comercializadoras | Iniciando validação unificada do registro. CNPJ=27796415000170
2026-09-10 15:41:06 | INFO | bdc.comercializadoras | Validação concluída. CNPJ=27796415000170 ERROS=0 AVISOS=0
2026-09-10 15:41:06 | INFO | bdc.comercializadoras | Iniciando processamento do arquivo SEB RATING 17112025.xlsx em modo incremental.
2026-09-10 15:41:06 | INFO | bdc.comercializadoras | Registro normalizado (Entrada: 44, Saída: 48).
2026-09-10 15:41:06 | INFO | bdc.comercializadoras | Iniciando validação unificada do registro. CNPJ=27796415000170
2026-09-10 15:41:06 | INFO | bdc.comercializadoras | Validação concluída. CNPJ=27796415000170 ERROS=0 AVISOS=0
2026-09-10 15:41:07 | INFO | bdc.comercializadoras | Iniciando processamento do arquivo SEB RATING 2023.xlsx em modo incremental.
2026-09-10 15:41:07 | INFO | bdc.comercializadoras | Registro normalizado (Entrada: 44, Saída: 48).
2026-09-10 15:41:07 | INFO | bdc.comercializadoras | Iniciando validação unificada do registro. CNPJ=27796415000170
2026-09-10 15:41:07 | INFO | bdc.comercializadoras | Validação concluída. CNPJ=27796415000170 ERROS=0 AVISOS=0
2026-09-10 15:41:07 | INFO | bdc.comercializadoras | Iniciando processamento do arquivo SEMPER 02062026.xlsx em modo incremental.
2026-09-10 15:41:08 | INFO | bdc.comercializadoras | Registro normalizado (Entrada: 44, Saída: 48).
2026-09-10 15:41:08 | INFO | bdc.comercializadoras | Iniciando validação unificada do registro. CNPJ=48591179000125
2026-09-10 15:41:08 | INFO | bdc.comercializadoras | Validação concluída. CNPJ=48591179000125 ERROS=0 AVISOS=0
2026-09-10 15:41:08 | INFO | bdc.comercializadoras | Iniciando processamento do arquivo SERENA 15072025.xlsx em modo incremental.
2026-09-10 15:41:08 | INFO | bdc.comercializadoras | Registro normalizado (Entrada: 44, Saída: 48).
2026-09-10 15:41:08 | INFO | bdc.comercializadoras | Iniciando validação unificada do registro. CNPJ=09149503000106
2026-09-10 15:41:08 | INFO | bdc.comercializadoras | Validação concluída. CNPJ=09149503000106 ERROS=0 AVISOS=0
2026-09-10 15:41:08 | INFO | bdc.comercializadoras | Iniciando processamento do arquivo SERENA 18 04 2024.xlsx em modo incremental.
2026-09-10 15:41:08 | INFO | bdc.comercializadoras | Registro normalizado (Entrada: 44, Saída: 48).
2026-09-10 15:41:08 | INFO | bdc.comercializadoras | Iniciando validação unificada do registro. CNPJ=09149503000106
2026-09-10 15:41:08 | INFO | bdc.comercializadoras | Validação concluída. CNPJ=09149503000106 ERROS=0 AVISOS=0
2026-09-10 15:41:08 | INFO | bdc.comercializadoras | Iniciando processamento do arquivo SERRA DAS VACAS HOLDING II.xlsx em modo incremental.
2026-09-10 15:41:09 | INFO | bdc.comercializadoras | Registro normalizado (Entrada: 44, Saída: 48).
2026-09-10 15:41:09 | INFO | bdc.comercializadoras | Iniciando validação unificada do registro. CNPJ=24011952000179
2026-09-10 15:41:09 | INFO | bdc.comercializadoras | Validação concluída. CNPJ=24011952000179 ERROS=0 AVISOS=0
2026-09-10 15:41:09 | INFO | bdc.comercializadoras | Iniciando processamento do arquivo SGS BRASIL 10_03_2022.xlsx em modo incremental.
2026-09-10 15:41:09 | INFO | bdc.comercializadoras | Registro normalizado (Entrada: 44, Saída: 48).
2026-09-10 15:41:09 | INFO | bdc.comercializadoras | Iniciando validação unificada do registro. CNPJ=23422037000103
2026-09-10 15:41:09 | INFO | bdc.comercializadoras | Validação concluída. CNPJ=23422037000103 ERROS=0 AVISOS=0
2026-09-10 15:41:10 | INFO | bdc.comercializadoras | Iniciando processamento do arquivo SGS Brasil 19-01-2023.xlsx em modo incremental.
2026-09-10 15:41:10 | INFO | bdc.comercializadoras | Registro normalizado (Entrada: 44, Saída: 48).
2026-09-10 15:41:10 | INFO | bdc.comercializadoras | Iniciando validação unificada do registro. CNPJ=09625739000163
2026-09-10 15:41:10 | INFO | bdc.comercializadoras | Validação concluída. CNPJ=09625739000163 ERROS=0 AVISOS=0
2026-09-10 15:41:10 | INFO | bdc.comercializadoras | Iniciando processamento do arquivo SHELL 07052026.xlsx em modo incremental.
2026-09-10 15:41:10 | INFO | bdc.comercializadoras | Registro normalizado (Entrada: 44, Saída: 48).
2026-09-10 15:41:10 | INFO | bdc.comercializadoras | Iniciando validação unificada do registro. CNPJ=27796415000170
2026-09-10 15:41:10 | INFO | bdc.comercializadoras | Validação concluída. CNPJ=27796415000170 ERROS=0 AVISOS=0
2026-09-10 15:41:10 | INFO | bdc.comercializadoras | Iniciando processamento do arquivo SHELL ENERGY 08_08_2022.xlsx em modo incremental.
2026-09-10 15:41:11 | INFO | bdc.comercializadoras | Registro normalizado (Entrada: 44, Saída: 48).
2026-09-10 15:41:11 | INFO | bdc.comercializadoras | Iniciando validação unificada do registro. CNPJ=27796415000170
2026-09-10 15:41:11 | INFO | bdc.comercializadoras | Validação concluída. CNPJ=27796415000170 ERROS=0 AVISOS=0
2026-09-10 15:41:11 | INFO | bdc.comercializadoras | Iniciando processamento do arquivo SIMPLE 02072026.xlsx em modo incremental.
2026-09-10 15:41:11 | INFO | bdc.comercializadoras | Registro normalizado (Entrada: 44, Saída: 48).
2026-09-10 15:41:11 | INFO | bdc.comercializadoras | Iniciando validação unificada do registro. CNPJ=15667402000111
2026-09-10 15:41:11 | INFO | bdc.comercializadoras | Validação concluída. CNPJ=15667402000111 ERROS=0 AVISOS=0
2026-09-10 15:41:11 | INFO | bdc.comercializadoras | Iniciando processamento do arquivo SIMPLE 06_06_2022.xlsx em modo incremental.
2026-09-10 15:41:12 | INFO | bdc.comercializadoras | Registro normalizado (Entrada: 44, Saída: 48).
2026-09-10 15:41:12 | INFO | bdc.comercializadoras | Iniciando validação unificada do registro. CNPJ=17112981000161
2026-09-10 15:41:12 | INFO | bdc.comercializadoras | Validação concluída. CNPJ=17112981000161 ERROS=0 AVISOS=0
2026-09-10 15:41:12 | INFO | bdc.comercializadoras | Iniciando processamento do arquivo SIMPLE 27032024.xlsx em modo incremental.
2026-09-10 15:41:12 | INFO | bdc.comercializadoras | Registro normalizado (Entrada: 44, Saída: 48).
2026-09-10 15:41:12 | INFO | bdc.comercializadoras | Iniciando validação unificada do registro. CNPJ=17112981000161
2026-09-10 15:41:12 | INFO | bdc.comercializadoras | Validação concluída. CNPJ=17112981000161 ERROS=0 AVISOS=0
2026-09-10 15:41:12 | INFO | bdc.comercializadoras | Iniciando processamento do arquivo SIMPLE _14_06_2021.xlsx em modo incremental.
2026-09-10 15:41:12 | INFO | bdc.comercializadoras | Registro normalizado (Entrada: 44, Saída: 48).
2026-09-10 15:41:12 | INFO | bdc.comercializadoras | Iniciando validação unificada do registro. CNPJ=17112981000161
2026-09-10 15:41:12 | INFO | bdc.comercializadoras | Validação concluída. CNPJ=17112981000161 ERROS=0 AVISOS=0
2026-09-10 15:41:12 | INFO | bdc.comercializadoras | Iniciando processamento do arquivo SIMPLE_2024.xlsx em modo incremental.
2026-09-10 15:41:13 | INFO | bdc.comercializadoras | Registro normalizado (Entrada: 44, Saída: 48).
2026-09-10 15:41:13 | INFO | bdc.comercializadoras | Iniciando validação unificada do registro. CNPJ=17112981000161
2026-09-10 15:41:13 | INFO | bdc.comercializadoras | Validação concluída. CNPJ=17112981000161 ERROS=0 AVISOS=0
2026-09-10 15:41:13 | INFO | bdc.comercializadoras | Iniciando processamento do arquivo SIMPLE_22032023.xlsx em modo incremental.
2026-09-10 15:41:13 | INFO | bdc.comercializadoras | Registro normalizado (Entrada: 44, Saída: 48).
2026-09-10 15:41:13 | INFO | bdc.comercializadoras | Iniciando validação unificada do registro. CNPJ=None
2026-09-10 15:41:13 | INFO | bdc.comercializadoras | Validação concluída. CNPJ=None ERROS=1 AVISOS=0
2026-09-10 15:41:13 | WARNING | bdc.comercializadoras | Erros de validação para CNPJ=None: ['GATE_ENGINE ausente: CNPJ']
2026-09-10 15:41:13 | INFO | bdc.comercializadoras | Iniciando processamento do arquivo SKOPOS 02062026.xlsx em modo incremental.
2026-09-10 15:41:14 | INFO | bdc.comercializadoras | Registro normalizado (Entrada: 44, Saída: 48).
2026-09-10 15:41:14 | INFO | bdc.comercializadoras | Iniciando validação unificada do registro. CNPJ=29340729000199
2026-09-10 15:41:14 | INFO | bdc.comercializadoras | Validação concluída. CNPJ=29340729000199 ERROS=0 AVISOS=0
2026-09-10 15:41:14 | INFO | bdc.comercializadoras | Iniciando processamento do arquivo SKOPOS 08_08_2022.xlsx em modo incremental.
2026-09-10 15:41:14 | INFO | bdc.comercializadoras | Registro normalizado (Entrada: 44, Saída: 48).
2026-09-10 15:41:14 | INFO | bdc.comercializadoras | Iniciando validação unificada do registro. CNPJ=29340729000199
2026-09-10 15:41:14 | INFO | bdc.comercializadoras | Validação concluída. CNPJ=29340729000199 ERROS=0 AVISOS=0
2026-09-10 15:41:14 | INFO | bdc.comercializadoras | Iniciando processamento do arquivo SKOPOS 24 04 2024.xlsx em modo incremental.
2026-09-10 15:41:14 | INFO | bdc.comercializadoras | Registro normalizado (Entrada: 44, Saída: 48).
2026-09-10 15:41:14 | INFO | bdc.comercializadoras | Iniciando validação unificada do registro. CNPJ=29340729000199
2026-09-10 15:41:14 | INFO | bdc.comercializadoras | Validação concluída. CNPJ=29340729000199 ERROS=0 AVISOS=0
2026-09-10 15:41:14 | INFO | bdc.comercializadoras | Iniciando processamento do arquivo SKOPOS 26082025.xlsx em modo incremental.
2026-09-10 15:41:15 | INFO | bdc.comercializadoras | Registro normalizado (Entrada: 44, Saída: 48).
2026-09-10 15:41:15 | INFO | bdc.comercializadoras | Iniciando validação unificada do registro. CNPJ=29340729000199
2026-09-10 15:41:15 | INFO | bdc.comercializadoras | Validação concluída. CNPJ=29340729000199 ERROS=0 AVISOS=0
2026-09-10 15:41:15 | INFO | bdc.comercializadoras | Iniciando processamento do arquivo SKOPOS 27032026 df 2024.xlsx em modo incremental.
2026-09-10 15:41:15 | INFO | bdc.comercializadoras | Registro normalizado (Entrada: 44, Saída: 48).
2026-09-10 15:41:15 | INFO | bdc.comercializadoras | Iniciando validação unificada do registro. CNPJ=29340729000199
2026-09-10 15:41:15 | INFO | bdc.comercializadoras | Validação concluída. CNPJ=29340729000199 ERROS=0 AVISOS=0
2026-09-10 15:41:15 | INFO | bdc.comercializadoras | Iniciando processamento do arquivo SKOPOS_09_09_2021.xlsx em modo incremental.
2026-09-10 15:41:15 | INFO | bdc.comercializadoras | Registro normalizado (Entrada: 44, Saída: 48).
2026-09-10 15:41:15 | INFO | bdc.comercializadoras | Iniciando validação unificada do registro. CNPJ=29340729000199
2026-09-10 15:41:15 | INFO | bdc.comercializadoras | Validação concluída. CNPJ=29340729000199 ERROS=0 AVISOS=0
2026-09-10 15:41:15 | INFO | bdc.comercializadoras | Iniciando processamento do arquivo SKOPOS_14072023.xlsx em modo incremental.
2026-09-10 15:41:16 | INFO | bdc.comercializadoras | Registro normalizado (Entrada: 44, Saída: 48).
2026-09-10 15:41:16 | INFO | bdc.comercializadoras | Iniciando validação unificada do registro. CNPJ=29340729000199
2026-09-10 15:41:16 | INFO | bdc.comercializadoras | Validação concluída. CNPJ=29340729000199 ERROS=0 AVISOS=0
2026-09-10 15:41:16 | INFO | bdc.comercializadoras | Iniciando processamento do arquivo SOL SERRA DO MEL III SPE S.A_20.05.2024.xlsx em modo incremental.
2026-09-10 15:41:16 | INFO | bdc.comercializadoras | Registro normalizado (Entrada: 44, Saída: 48).
2026-09-10 15:41:16 | INFO | bdc.comercializadoras | Iniciando validação unificada do registro. CNPJ=39702802000189
2026-09-10 15:41:16 | INFO | bdc.comercializadoras | Validação concluída. CNPJ=39702802000189 ERROS=0 AVISOS=0
2026-09-10 15:41:16 | INFO | bdc.comercializadoras | Iniciando processamento do arquivo SOL SERRA DO MEL IV SPE S.A_20.05.2024.xlsx em modo incremental.
2026-09-10 15:41:16 | INFO | bdc.comercializadoras | Registro normalizado (Entrada: 44, Saída: 48).
2026-09-10 15:41:16 | INFO | bdc.comercializadoras | Iniciando validação unificada do registro. CNPJ=34818458000174
2026-09-10 15:41:16 | INFO | bdc.comercializadoras | Validação concluída. CNPJ=34818458000174 ERROS=0 AVISOS=0
2026-09-10 15:41:16 | INFO | bdc.comercializadoras | Iniciando processamento do arquivo SOL SERRA DO MEL V SPE S.A_20.05.2024.xlsx em modo incremental.
2026-09-10 15:41:17 | INFO | bdc.comercializadoras | Registro normalizado (Entrada: 44, Saída: 48).
2026-09-10 15:41:17 | INFO | bdc.comercializadoras | Iniciando validação unificada do registro. CNPJ=34818597000106
2026-09-10 15:41:17 | INFO | bdc.comercializadoras | Validação concluída. CNPJ=34818597000106 ERROS=0 AVISOS=0
2026-09-10 15:41:17 | INFO | bdc.comercializadoras | Iniciando processamento do arquivo SOL SERRA DO MEL VI SPE S.A_20.05.2024.xlsx em modo incremental.
2026-09-10 15:41:17 | INFO | bdc.comercializadoras | Registro normalizado (Entrada: 44, Saída: 48).
2026-09-10 15:41:17 | INFO | bdc.comercializadoras | Iniciando validação unificada do registro. CNPJ=29350168000109
2026-09-10 15:41:17 | INFO | bdc.comercializadoras | Validação concluída. CNPJ=29350168000109 ERROS=0 AVISOS=0
2026-09-10 15:41:17 | INFO | bdc.comercializadoras | Iniciando processamento do arquivo SOLAR ENERGIA RATING COM 13012026.xlsx em modo incremental.
2026-09-10 15:41:17 | INFO | bdc.comercializadoras | Registro normalizado (Entrada: 44, Saída: 48).
2026-09-10 15:41:17 | INFO | bdc.comercializadoras | Iniciando validação unificada do registro. CNPJ=41501877000143
2026-09-10 15:41:17 | INFO | bdc.comercializadoras | Validação concluída. CNPJ=41501877000143 ERROS=0 AVISOS=0
2026-09-10 15:41:17 | INFO | bdc.comercializadoras | Iniciando processamento do arquivo SOLENERGIAS 06_06_2022.xlsx em modo incremental.
2026-09-10 15:41:18 | INFO | bdc.comercializadoras | Registro normalizado (Entrada: 44, Saída: 48).
2026-09-10 15:41:18 | INFO | bdc.comercializadoras | Iniciando validação unificada do registro. CNPJ=13459301000120
2026-09-10 15:41:18 | INFO | bdc.comercializadoras | Validação concluída. CNPJ=13459301000120 ERROS=0 AVISOS=0
2026-09-10 15:41:18 | INFO | bdc.comercializadoras | Iniciando processamento do arquivo SOLENERGIAS_05.06.2024.xlsx em modo incremental.
2026-09-10 15:41:18 | INFO | bdc.comercializadoras | Registro normalizado (Entrada: 44, Saída: 48).
2026-09-10 15:41:18 | INFO | bdc.comercializadoras | Iniciando validação unificada do registro. CNPJ=13459301000120
2026-09-10 15:41:18 | INFO | bdc.comercializadoras | Validação concluída. CNPJ=13459301000120 ERROS=0 AVISOS=0
2026-09-10 15:41:18 | INFO | bdc.comercializadoras | Iniciando processamento do arquivo SPIC 13072026.xlsx em modo incremental.
2026-09-10 15:41:18 | INFO | bdc.comercializadoras | Registro normalizado (Entrada: 44, Saída: 48).
2026-09-10 15:41:18 | INFO | bdc.comercializadoras | Iniciando validação unificada do registro. CNPJ=42902392000124
2026-09-10 15:41:18 | INFO | bdc.comercializadoras | Validação concluída. CNPJ=42902392000124 ERROS=0 AVISOS=0
2026-09-10 15:41:18 | INFO | bdc.comercializadoras | Iniciando processamento do arquivo SPIC BRASIL 01_12_2022.xlsx em modo incremental.
2026-09-10 15:41:19 | INFO | bdc.comercializadoras | Iniciando processamento do arquivo SPIC BRASIL 07052026.xlsx em modo incremental.
2026-09-10 15:41:19 | INFO | bdc.comercializadoras | Registro normalizado (Entrada: 44, Saída: 48).
2026-09-10 15:41:19 | INFO | bdc.comercializadoras | Iniciando validação unificada do registro. CNPJ=None
2026-09-10 15:41:19 | INFO | bdc.comercializadoras | Validação concluída. CNPJ=None ERROS=1 AVISOS=0
2026-09-10 15:41:19 | WARNING | bdc.comercializadoras | Erros de validação para CNPJ=None: ['GATE_ENGINE ausente: CNPJ']
2026-09-10 15:41:19 | INFO | bdc.comercializadoras | Iniciando processamento do arquivo SPIC BRASIL C 13112024.xlsx em modo incremental.
2026-09-10 15:41:19 | INFO | bdc.comercializadoras | Registro normalizado (Entrada: 44, Saída: 48).
2026-09-10 15:41:19 | INFO | bdc.comercializadoras | Iniciando validação unificada do registro. CNPJ=42902392000124
2026-09-10 15:41:19 | INFO | bdc.comercializadoras | Validação concluída. CNPJ=42902392000124 ERROS=0 AVISOS=0
2026-09-10 15:41:19 | INFO | bdc.comercializadoras | Iniciando processamento do arquivo SPIC COM 27062025.xlsx em modo incremental.
2026-09-10 15:41:20 | INFO | bdc.comercializadoras | Registro normalizado (Entrada: 44, Saída: 48).
2026-09-10 15:41:20 | INFO | bdc.comercializadoras | Iniciando validação unificada do registro. CNPJ=42902392000124
2026-09-10 15:41:20 | INFO | bdc.comercializadoras | Validação concluída. CNPJ=42902392000124 ERROS=0 AVISOS=0
2026-09-10 15:41:20 | INFO | bdc.comercializadoras | Iniciando processamento do arquivo SPOT_12.06.2024.xlsx em modo incremental.
2026-09-10 15:41:20 | INFO | bdc.comercializadoras | Registro normalizado (Entrada: 44, Saída: 48).
2026-09-10 15:41:20 | INFO | bdc.comercializadoras | Iniciando validação unificada do registro. CNPJ=10466806000123
2026-09-10 15:41:20 | INFO | bdc.comercializadoras | Validação concluída. CNPJ=10466806000123 ERROS=0 AVISOS=0
2026-09-10 15:41:20 | INFO | bdc.comercializadoras | Iniciando processamento do arquivo SQUADRA 16_11_2022.xlsx em modo incremental.
2026-09-10 15:41:20 | INFO | bdc.comercializadoras | Registro normalizado (Entrada: 44, Saída: 48).
2026-09-10 15:41:20 | INFO | bdc.comercializadoras | Iniciando validação unificada do registro. CNPJ=30966130000144
2026-09-10 15:41:20 | INFO | bdc.comercializadoras | Validação concluída. CNPJ=30966130000144 ERROS=0 AVISOS=0
2026-09-10 15:41:20 | INFO | bdc.comercializadoras | Iniciando processamento do arquivo SQUADRA_18 04 2024.xlsx em modo incremental.
2026-09-10 15:41:21 | INFO | bdc.comercializadoras | Registro normalizado (Entrada: 44, Saída: 48).
2026-09-10 15:41:21 | INFO | bdc.comercializadoras | Iniciando validação unificada do registro. CNPJ=30966130000144
2026-09-10 15:41:21 | INFO | bdc.comercializadoras | Validação concluída. CNPJ=30966130000144 ERROS=0 AVISOS=0
2026-09-10 15:41:21 | INFO | bdc.comercializadoras | Iniciando processamento do arquivo SQUADRA_29032023.xlsx em modo incremental.
2026-09-10 15:41:21 | INFO | bdc.comercializadoras | Registro normalizado (Entrada: 44, Saída: 48).
2026-09-10 15:41:21 | INFO | bdc.comercializadoras | Iniciando validação unificada do registro. CNPJ=30966130000144
2026-09-10 15:41:21 | INFO | bdc.comercializadoras | Validação concluída. CNPJ=30966130000144 ERROS=0 AVISOS=0
2026-09-10 15:41:21 | INFO | bdc.comercializadoras | Iniciando processamento do arquivo STAKRAFT_05.07.2024.xlsx em modo incremental.
2026-09-10 15:41:21 | INFO | bdc.comercializadoras | Registro normalizado (Entrada: 44, Saída: 48).
2026-09-10 15:41:21 | INFO | bdc.comercializadoras | Iniciando validação unificada do registro. CNPJ=08573833000153
2026-09-10 15:41:21 | INFO | bdc.comercializadoras | Validação concluída. CNPJ=08573833000153 ERROS=0 AVISOS=0
2026-09-10 15:41:21 | INFO | bdc.comercializadoras | Iniciando processamento do arquivo STATKRAFT 13082026.xlsx em modo incremental.
2026-09-10 15:41:22 | INFO | bdc.comercializadoras | Registro normalizado (Entrada: 44, Saída: 48).
2026-09-10 15:41:22 | INFO | bdc.comercializadoras | Iniciando validação unificada do registro. CNPJ=41808680000151
2026-09-10 15:41:22 | INFO | bdc.comercializadoras | Validação concluída. CNPJ=41808680000151 ERROS=0 AVISOS=0
2026-09-10 15:41:22 | INFO | bdc.comercializadoras | Iniciando processamento do arquivo STATKRAFT 24_06_2022.xlsx em modo incremental.
2026-09-10 15:41:22 | INFO | bdc.comercializadoras | Iniciando processamento do arquivo STATKRAFT 27082025.xlsx em modo incremental.
2026-09-10 15:41:22 | INFO | bdc.comercializadoras | Registro normalizado (Entrada: 44, Saída: 48).
2026-09-10 15:41:22 | INFO | bdc.comercializadoras | Iniciando validação unificada do registro. CNPJ=08573833000153
2026-09-10 15:41:22 | INFO | bdc.comercializadoras | Validação concluída. CNPJ=08573833000153 ERROS=0 AVISOS=0
2026-09-10 15:41:22 | INFO | bdc.comercializadoras | Iniciando processamento do arquivo STATKRAFT INVESTIMENTOS 29092025.xlsx em modo incremental.
2026-09-10 15:41:23 | INFO | bdc.comercializadoras | Registro normalizado (Entrada: 44, Saída: 48).
2026-09-10 15:41:23 | INFO | bdc.comercializadoras | Iniciando validação unificada do registro. CNPJ=41808680000151
2026-09-10 15:41:23 | INFO | bdc.comercializadoras | Validação concluída. CNPJ=41808680000151 ERROS=0 AVISOS=0
2026-09-10 15:41:23 | INFO | bdc.comercializadoras | Iniciando processamento do arquivo STATKRAFT_29052023.xlsx em modo incremental.
2026-09-10 15:41:23 | INFO | bdc.comercializadoras | Registro normalizado (Entrada: 44, Saída: 48).
2026-09-10 15:41:23 | INFO | bdc.comercializadoras | Iniciando validação unificada do registro. CNPJ=None
2026-09-10 15:41:23 | INFO | bdc.comercializadoras | Validação concluída. CNPJ=None ERROS=1 AVISOS=0
2026-09-10 15:41:23 | WARNING | bdc.comercializadoras | Erros de validação para CNPJ=None: ['GATE_ENGINE ausente: CNPJ']
2026-09-10 15:41:23 | INFO | bdc.comercializadoras | Iniciando processamento do arquivo STIMA 06_06_2022.xlsx em modo incremental.
2026-09-10 15:41:23 | INFO | bdc.comercializadoras | Registro normalizado (Entrada: 44, Saída: 48).
2026-09-10 15:41:23 | INFO | bdc.comercializadoras | Iniciando validação unificada do registro. CNPJ=25099255000184
2026-09-10 15:41:23 | INFO | bdc.comercializadoras | Validação concluída. CNPJ=25099255000184 ERROS=0 AVISOS=0
2026-09-10 15:41:23 | INFO | bdc.comercializadoras | Iniciando processamento do arquivo STIMA 11042024.xlsx em modo incremental.
2026-09-10 15:41:24 | INFO | bdc.comercializadoras | Registro normalizado (Entrada: 44, Saída: 48).
2026-09-10 15:41:24 | INFO | bdc.comercializadoras | Iniciando validação unificada do registro. CNPJ=25099255000184
2026-09-10 15:41:24 | INFO | bdc.comercializadoras | Validação concluída. CNPJ=25099255000184 ERROS=0 AVISOS=0
2026-09-10 15:41:24 | INFO | bdc.comercializadoras | Iniciando processamento do arquivo STIMA_10_09_2021.xlsx em modo incremental.
2026-09-10 15:41:24 | INFO | bdc.comercializadoras | Registro normalizado (Entrada: 44, Saída: 48).
2026-09-10 15:41:24 | INFO | bdc.comercializadoras | Iniciando validação unificada do registro. CNPJ=25099255000184
2026-09-10 15:41:24 | INFO | bdc.comercializadoras | Validação concluída. CNPJ=25099255000184 ERROS=0 AVISOS=0
2026-09-10 15:41:24 | INFO | bdc.comercializadoras | Iniciando processamento do arquivo STIMA_30052023.xlsx em modo incremental.
2026-09-10 15:41:24 | INFO | bdc.comercializadoras | Registro normalizado (Entrada: 44, Saída: 48).
2026-09-10 15:41:24 | INFO | bdc.comercializadoras | Iniciando validação unificada do registro. CNPJ=25099255000184
2026-09-10 15:41:24 | INFO | bdc.comercializadoras | Validação concluída. CNPJ=25099255000184 ERROS=0 AVISOS=0
2026-09-10 15:41:24 | INFO | bdc.comercializadoras | Iniciando processamento do arquivo SUDOESTE ENERGIA 14_06_2022.xlsx em modo incremental.
2026-09-10 15:41:25 | INFO | bdc.comercializadoras | Registro normalizado (Entrada: 44, Saída: 48).
2026-09-10 15:41:25 | INFO | bdc.comercializadoras | Iniciando validação unificada do registro. CNPJ=03358698000100
2026-09-10 15:41:25 | INFO | bdc.comercializadoras | Validação concluída. CNPJ=03358698000100 ERROS=0 AVISOS=0
2026-09-10 15:41:25 | INFO | bdc.comercializadoras | Iniciando processamento do arquivo SUZANO 13122023.xlsx em modo incremental.
2026-09-10 15:41:25 | INFO | bdc.comercializadoras | Registro normalizado (Entrada: 44, Saída: 48).
2026-09-10 15:41:25 | INFO | bdc.comercializadoras | Iniciando validação unificada do registro. CNPJ=16404287000155
2026-09-10 15:41:25 | INFO | bdc.comercializadoras | Validação concluída. CNPJ=16404287000155 ERROS=0 AVISOS=0
2026-09-10 15:41:25 | INFO | bdc.comercializadoras | Iniciando processamento do arquivo SUZANO_04.07.2024.xlsx em modo incremental.
2026-09-10 15:41:25 | INFO | bdc.comercializadoras | Registro normalizado (Entrada: 44, Saída: 48).
2026-09-10 15:41:25 | INFO | bdc.comercializadoras | Iniciando validação unificada do registro. CNPJ=16404287067730
2026-09-10 15:41:25 | INFO | bdc.comercializadoras | Validação concluída. CNPJ=16404287067730 ERROS=0 AVISOS=0
2026-09-10 15:41:25 | INFO | bdc.comercializadoras | Iniciando processamento do arquivo SUZANO_COPILOT.xlsx em modo incremental.
2026-09-10 15:41:25 | INFO | bdc.comercializadoras | Iniciando processamento do arquivo Santander 13062023.xlsx em modo incremental.
2026-09-10 15:41:26 | INFO | bdc.comercializadoras | Registro normalizado (Entrada: 44, Saída: 48).
2026-09-10 15:41:26 | INFO | bdc.comercializadoras | Iniciando validação unificada do registro. CNPJ=04270778000171
2026-09-10 15:41:26 | INFO | bdc.comercializadoras | Validação concluída. CNPJ=04270778000171 ERROS=0 AVISOS=0
2026-09-10 15:41:26 | INFO | bdc.comercializadoras | Iniciando processamento do arquivo Semper_2024.xlsx em modo incremental.
2026-09-10 15:41:26 | INFO | bdc.comercializadoras | Registro normalizado (Entrada: 44, Saída: 48).
2026-09-10 15:41:26 | INFO | bdc.comercializadoras | Iniciando validação unificada do registro. CNPJ=48591179000125
2026-09-10 15:41:26 | INFO | bdc.comercializadoras | Validação concluída. CNPJ=48591179000125 ERROS=0 AVISOS=0
2026-09-10 15:41:27 | INFO | bdc.comercializadoras | Iniciando processamento do arquivo Squadra_2024.xlsx em modo incremental.
2026-09-10 15:41:27 | INFO | bdc.comercializadoras | Registro normalizado (Entrada: 44, Saída: 48).
2026-09-10 15:41:27 | INFO | bdc.comercializadoras | Iniciando validação unificada do registro. CNPJ=30966130000144
2026-09-10 15:41:27 | INFO | bdc.comercializadoras | Validação concluída. CNPJ=30966130000144 ERROS=0 AVISOS=0
2026-09-10 15:41:27 | INFO | bdc.comercializadoras | Iniciando processamento do arquivo Stima_2024.xlsx em modo incremental.
2026-09-10 15:41:28 | INFO | bdc.comercializadoras | Registro normalizado (Entrada: 44, Saída: 48).
2026-09-10 15:41:28 | INFO | bdc.comercializadoras | Iniciando validação unificada do registro. CNPJ=25099255000184
2026-09-10 15:41:28 | INFO | bdc.comercializadoras | Validação concluída. CNPJ=25099255000184 ERROS=0 AVISOS=0
2026-09-10 15:41:28 | INFO | bdc.comercializadoras | Iniciando processamento do arquivo TAKODA_13.06.2024.xlsx em modo incremental.
2026-09-10 15:41:28 | INFO | bdc.comercializadoras | Registro normalizado (Entrada: 44, Saída: 48).
2026-09-10 15:41:28 | INFO | bdc.comercializadoras | Iniciando validação unificada do registro. CNPJ=35458657000181
2026-09-10 15:41:28 | INFO | bdc.comercializadoras | Validação concluída. CNPJ=35458657000181 ERROS=0 AVISOS=0
2026-09-10 15:41:28 | INFO | bdc.comercializadoras | Iniciando processamento do arquivo TCCOM_18032024.xlsx em modo incremental.
2026-09-10 15:41:28 | INFO | bdc.comercializadoras | Registro normalizado (Entrada: 44, Saída: 48).
2026-09-10 15:41:28 | INFO | bdc.comercializadoras | Iniciando validação unificada do registro. CNPJ=49983274000137
2026-09-10 15:41:28 | INFO | bdc.comercializadoras | Validação concluída. CNPJ=49983274000137 ERROS=0 AVISOS=0
2026-09-10 15:41:28 | INFO | bdc.comercializadoras | Iniciando processamento do arquivo TEMPO 08_08_2022.xlsx em modo incremental.
2026-09-10 15:41:29 | INFO | bdc.comercializadoras | Registro normalizado (Entrada: 44, Saída: 48).
2026-09-10 15:41:29 | INFO | bdc.comercializadoras | Iniciando validação unificada do registro. CNPJ=29000095000125
2026-09-10 15:41:29 | INFO | bdc.comercializadoras | Validação concluída. CNPJ=29000095000125 ERROS=0 AVISOS=0
2026-09-10 15:41:29 | INFO | bdc.comercializadoras | Iniciando processamento do arquivo TEMPO 20112023.xlsx em modo incremental.
2026-09-10 15:41:29 | INFO | bdc.comercializadoras | Registro normalizado (Entrada: 44, Saída: 48).
2026-09-10 15:41:29 | INFO | bdc.comercializadoras | Iniciando validação unificada do registro. CNPJ=29000095000125
2026-09-10 15:41:29 | INFO | bdc.comercializadoras | Validação concluída. CNPJ=29000095000125 ERROS=0 AVISOS=0
2026-09-10 15:41:29 | INFO | bdc.comercializadoras | Iniciando processamento do arquivo TEMPO_21.05.2024.xlsx em modo incremental.
2026-09-10 15:41:29 | INFO | bdc.comercializadoras | Registro normalizado (Entrada: 44, Saída: 48).
2026-09-10 15:41:29 | INFO | bdc.comercializadoras | Iniciando validação unificada do registro. CNPJ=29000095000125
2026-09-10 15:41:29 | INFO | bdc.comercializadoras | Validação concluída. CNPJ=29000095000125 ERROS=0 AVISOS=0
2026-09-10 15:41:29 | INFO | bdc.comercializadoras | Iniciando processamento do arquivo TEREOS 15072026.xlsx em modo incremental.
2026-09-10 15:41:30 | INFO | bdc.comercializadoras | Registro normalizado (Entrada: 44, Saída: 48).
2026-09-10 15:41:30 | INFO | bdc.comercializadoras | Iniciando validação unificada do registro. CNPJ=None
2026-09-10 15:41:30 | INFO | bdc.comercializadoras | Validação concluída. CNPJ=None ERROS=1 AVISOS=0
2026-09-10 15:41:30 | WARNING | bdc.comercializadoras | Erros de validação para CNPJ=None: ['GATE_ENGINE ausente: CNPJ']
2026-09-10 15:41:30 | INFO | bdc.comercializadoras | Iniciando processamento do arquivo TESLA 06_06_2022.xlsx em modo incremental.
2026-09-10 15:41:30 | INFO | bdc.comercializadoras | Registro normalizado (Entrada: 44, Saída: 48).
2026-09-10 15:41:30 | INFO | bdc.comercializadoras | Iniciando validação unificada do registro. CNPJ=20726794000182
2026-09-10 15:41:30 | INFO | bdc.comercializadoras | Validação concluída. CNPJ=20726794000182 ERROS=0 AVISOS=0
2026-09-10 15:41:30 | INFO | bdc.comercializadoras | Iniciando processamento do arquivo THERA 08_08_2022.xlsx em modo incremental.
2026-09-10 15:41:30 | INFO | bdc.comercializadoras | Registro normalizado (Entrada: 44, Saída: 48).
2026-09-10 15:41:30 | INFO | bdc.comercializadoras | Iniciando validação unificada do registro. CNPJ=27690671000188
2026-09-10 15:41:30 | INFO | bdc.comercializadoras | Validação concluída. CNPJ=27690671000188 ERROS=0 AVISOS=0
2026-09-10 15:41:31 | INFO | bdc.comercializadoras | Iniciando processamento do arquivo THERA 30102025.xlsx em modo incremental.
2026-09-10 15:41:31 | INFO | bdc.comercializadoras | Registro normalizado (Entrada: 44, Saída: 48).
2026-09-10 15:41:31 | INFO | bdc.comercializadoras | Iniciando validação unificada do registro. CNPJ=27690671000188
2026-09-10 15:41:31 | INFO | bdc.comercializadoras | Validação concluída. CNPJ=27690671000188 ERROS=0 AVISOS=0
2026-09-10 15:41:31 | INFO | bdc.comercializadoras | Iniciando processamento do arquivo THERA_04.06.2024.xlsx em modo incremental.
2026-09-10 15:41:31 | INFO | bdc.comercializadoras | Registro normalizado (Entrada: 44, Saída: 48).
2026-09-10 15:41:31 | INFO | bdc.comercializadoras | Iniciando validação unificada do registro. CNPJ=27690671000188
2026-09-10 15:41:31 | INFO | bdc.comercializadoras | Validação concluída. CNPJ=27690671000188 ERROS=0 AVISOS=0
2026-09-10 15:41:31 | INFO | bdc.comercializadoras | Iniciando processamento do arquivo THERA_08_06_2021.xlsx em modo incremental.
2026-09-10 15:41:32 | INFO | bdc.comercializadoras | Registro normalizado (Entrada: 44, Saída: 48).
2026-09-10 15:41:32 | INFO | bdc.comercializadoras | Iniciando validação unificada do registro. CNPJ=27690671000188
2026-09-10 15:41:32 | INFO | bdc.comercializadoras | Validação concluída. CNPJ=27690671000188 ERROS=0 AVISOS=0
2026-09-10 15:41:32 | INFO | bdc.comercializadoras | Iniciando processamento do arquivo THERA_10102023.xlsx em modo incremental.
2026-09-10 15:41:32 | INFO | bdc.comercializadoras | Registro normalizado (Entrada: 44, Saída: 48).
2026-09-10 15:41:32 | INFO | bdc.comercializadoras | Iniciando validação unificada do registro. CNPJ=27690671000188
2026-09-10 15:41:32 | INFO | bdc.comercializadoras | Validação concluída. CNPJ=27690671000188 ERROS=0 AVISOS=0
2026-09-10 15:41:32 | INFO | bdc.comercializadoras | Iniciando processamento do arquivo THOPEN 09072025.xlsx em modo incremental.
2026-09-10 15:41:33 | INFO | bdc.comercializadoras | Registro normalizado (Entrada: 44, Saída: 48).
2026-09-10 15:41:33 | INFO | bdc.comercializadoras | Iniciando validação unificada do registro. CNPJ=26562346000177
2026-09-10 15:41:33 | INFO | bdc.comercializadoras | Validação concluída. CNPJ=26562346000177 ERROS=0 AVISOS=0
2026-09-10 15:41:33 | INFO | bdc.comercializadoras | Iniciando processamento do arquivo THOPEN ENERGIA 20072026.xlsx em modo incremental.
2026-09-10 15:41:33 | INFO | bdc.comercializadoras | Registro normalizado (Entrada: 44, Saída: 48).
2026-09-10 15:41:33 | INFO | bdc.comercializadoras | Iniciando validação unificada do registro. CNPJ=28133664000148
2026-09-10 15:41:33 | INFO | bdc.comercializadoras | Validação concluída. CNPJ=28133664000148 ERROS=0 AVISOS=0
2026-09-10 15:41:33 | INFO | bdc.comercializadoras | Iniciando processamento do arquivo THOPEN ENERGY RATING 28112025.xlsx em modo incremental.
2026-09-10 15:41:34 | INFO | bdc.comercializadoras | Registro normalizado (Entrada: 44, Saída: 48).
2026-09-10 15:41:34 | INFO | bdc.comercializadoras | Iniciando validação unificada do registro. CNPJ=26562346000177
2026-09-10 15:41:34 | INFO | bdc.comercializadoras | Validação concluída. CNPJ=26562346000177 ERROS=0 AVISOS=0
2026-09-10 15:41:34 | INFO | bdc.comercializadoras | Iniciando processamento do arquivo TIMBRO TRADING 15072026.xlsx em modo incremental.
2026-09-10 15:41:34 | INFO | bdc.comercializadoras | Registro normalizado (Entrada: 44, Saída: 48).
2026-09-10 15:41:34 | INFO | bdc.comercializadoras | Iniciando validação unificada do registro. CNPJ=None
2026-09-10 15:41:34 | INFO | bdc.comercializadoras | Validação concluída. CNPJ=None ERROS=1 AVISOS=0
2026-09-10 15:41:34 | WARNING | bdc.comercializadoras | Erros de validação para CNPJ=None: ['GATE_ENGINE ausente: CNPJ']
2026-09-10 15:41:34 | INFO | bdc.comercializadoras | Iniciando processamento do arquivo TRADENER 17052024.xlsx em modo incremental.
2026-09-10 15:41:34 | INFO | bdc.comercializadoras | Registro normalizado (Entrada: 44, Saída: 48).
2026-09-10 15:41:34 | INFO | bdc.comercializadoras | Iniciando validação unificada do registro. CNPJ=02691745000170
2026-09-10 15:41:34 | INFO | bdc.comercializadoras | Validação concluída. CNPJ=02691745000170 ERROS=0 AVISOS=0
2026-09-10 15:41:35 | INFO | bdc.comercializadoras | Iniciando processamento do arquivo TRADENER 29_08_2022.xlsx em modo incremental.
2026-09-10 15:41:35 | INFO | bdc.comercializadoras | Registro normalizado (Entrada: 44, Saída: 48).
2026-09-10 15:41:35 | INFO | bdc.comercializadoras | Iniciando validação unificada do registro. CNPJ=02691745000170
2026-09-10 15:41:35 | INFO | bdc.comercializadoras | Validação concluída. CNPJ=02691745000170 ERROS=0 AVISOS=0
2026-09-10 15:41:35 | INFO | bdc.comercializadoras | Iniciando processamento do arquivo TRADENER_02_09_2021.xlsx em modo incremental.
2026-09-10 15:41:35 | INFO | bdc.comercializadoras | Registro normalizado (Entrada: 44, Saída: 48).
2026-09-10 15:41:35 | INFO | bdc.comercializadoras | Iniciando validação unificada do registro. CNPJ=02691745000170
2026-09-10 15:41:35 | INFO | bdc.comercializadoras | Validação concluída. CNPJ=02691745000170 ERROS=0 AVISOS=0
2026-09-10 15:41:35 | INFO | bdc.comercializadoras | Iniciando processamento do arquivo TRADENER_10042025.xlsx em modo incremental.
2026-09-10 15:41:36 | INFO | bdc.comercializadoras | Registro normalizado (Entrada: 44, Saída: 48).
2026-09-10 15:41:36 | INFO | bdc.comercializadoras | Iniciando validação unificada do registro. CNPJ=02691745000170
2026-09-10 15:41:36 | INFO | bdc.comercializadoras | Validação concluída. CNPJ=02691745000170 ERROS=0 AVISOS=0
2026-09-10 15:41:36 | INFO | bdc.comercializadoras | Iniciando processamento do arquivo TRIA 04082026.xlsx em modo incremental.
2026-09-10 15:41:37 | INFO | bdc.comercializadoras | Registro normalizado (Entrada: 44, Saída: 48).
2026-09-10 15:41:37 | INFO | bdc.comercializadoras | Iniciando validação unificada do registro. CNPJ=46494301000110
2026-09-10 15:41:37 | INFO | bdc.comercializadoras | Validação concluída. CNPJ=46494301000110 ERROS=0 AVISOS=0
2026-09-10 15:41:37 | INFO | bdc.comercializadoras | Iniciando processamento do arquivo TRIA 22052025.xlsx em modo incremental.
2026-09-10 15:41:37 | INFO | bdc.comercializadoras | Registro normalizado (Entrada: 44, Saída: 48).
2026-09-10 15:41:37 | INFO | bdc.comercializadoras | Iniciando validação unificada do registro. CNPJ=46494301000110
2026-09-10 15:41:37 | INFO | bdc.comercializadoras | Validação concluída. CNPJ=46494301000110 ERROS=0 AVISOS=0
2026-09-10 15:41:37 | INFO | bdc.comercializadoras | Iniciando processamento do arquivo TRIA 27032026 df 2024.xlsx em modo incremental.
2026-09-10 15:41:38 | INFO | bdc.comercializadoras | Registro normalizado (Entrada: 44, Saída: 48).
2026-09-10 15:41:38 | INFO | bdc.comercializadoras | Iniciando validação unificada do registro. CNPJ=46494301000110
2026-09-10 15:41:38 | INFO | bdc.comercializadoras | Validação concluída. CNPJ=46494301000110 ERROS=0 AVISOS=0
2026-09-10 15:41:38 | INFO | bdc.comercializadoras | Iniciando processamento do arquivo TRIA RATING 28102025.xlsx em modo incremental.
2026-09-10 15:41:38 | INFO | bdc.comercializadoras | Registro normalizado (Entrada: 44, Saída: 48).
2026-09-10 15:41:38 | INFO | bdc.comercializadoras | Iniciando validação unificada do registro. CNPJ=46494301000110
2026-09-10 15:41:38 | INFO | bdc.comercializadoras | Validação concluída. CNPJ=46494301000110 ERROS=0 AVISOS=0
2026-09-10 15:41:38 | INFO | bdc.comercializadoras | Iniciando processamento do arquivo TRIA_03.06.2024.xlsx em modo incremental.
2026-09-10 15:41:38 | INFO | bdc.comercializadoras | Registro normalizado (Entrada: 44, Saída: 48).
2026-09-10 15:41:38 | INFO | bdc.comercializadoras | Iniciando validação unificada do registro. CNPJ=46494301000110
2026-09-10 15:41:38 | INFO | bdc.comercializadoras | Validação concluída. CNPJ=46494301000110 ERROS=0 AVISOS=0
2026-09-10 15:41:38 | INFO | bdc.comercializadoras | Iniciando processamento do arquivo TRIEX 26032026.xlsx em modo incremental.
2026-09-10 15:41:39 | INFO | bdc.comercializadoras | Registro normalizado (Entrada: 44, Saída: 48).
2026-09-10 15:41:39 | INFO | bdc.comercializadoras | Iniciando validação unificada do registro. CNPJ=50729198000117
2026-09-10 15:41:39 | INFO | bdc.comercializadoras | Validação concluída. CNPJ=50729198000117 ERROS=0 AVISOS=0
2026-09-10 15:41:39 | INFO | bdc.comercializadoras | Iniciando processamento do arquivo TRINITY 06_06_2022.xlsx em modo incremental.
2026-09-10 15:41:39 | INFO | bdc.comercializadoras | Registro normalizado (Entrada: 44, Saída: 48).
2026-09-10 15:41:39 | INFO | bdc.comercializadoras | Iniciando validação unificada do registro. CNPJ=17077752000153
2026-09-10 15:41:39 | INFO | bdc.comercializadoras | Validação concluída. CNPJ=17077752000153 ERROS=0 AVISOS=0
2026-09-10 15:41:39 | INFO | bdc.comercializadoras | Iniciando processamento do arquivo TRINITY ENERGIA_09_06_2021.xlsx em modo incremental.
2026-09-10 15:41:40 | INFO | bdc.comercializadoras | Registro normalizado (Entrada: 44, Saída: 48).
2026-09-10 15:41:40 | INFO | bdc.comercializadoras | Iniciando validação unificada do registro. CNPJ=17077752000153
2026-09-10 15:41:40 | INFO | bdc.comercializadoras | Validação concluída. CNPJ=17077752000153 ERROS=0 AVISOS=0
2026-09-10 15:41:40 | INFO | bdc.comercializadoras | Iniciando processamento do arquivo TRINITY_09062023.xlsx em modo incremental.
2026-09-10 15:41:40 | INFO | bdc.comercializadoras | Registro normalizado (Entrada: 44, Saída: 48).
2026-09-10 15:41:40 | INFO | bdc.comercializadoras | Iniciando validação unificada do registro. CNPJ=None
2026-09-10 15:41:40 | INFO | bdc.comercializadoras | Validação concluída. CNPJ=None ERROS=1 AVISOS=0
2026-09-10 15:41:40 | WARNING | bdc.comercializadoras | Erros de validação para CNPJ=None: ['GATE_ENGINE ausente: CNPJ']
2026-09-10 15:41:40 | INFO | bdc.comercializadoras | Iniciando processamento do arquivo TRINITY_16.05.2024 v2.xlsx em modo incremental.
2026-09-10 15:41:40 | INFO | bdc.comercializadoras | Registro normalizado (Entrada: 44, Saída: 48).
2026-09-10 15:41:40 | INFO | bdc.comercializadoras | Iniciando validação unificada do registro. CNPJ=17077752000153
2026-09-10 15:41:40 | INFO | bdc.comercializadoras | Validação concluída. CNPJ=17077752000153 ERROS=0 AVISOS=0
2026-09-10 15:41:41 | INFO | bdc.comercializadoras | Iniciando processamento do arquivo TRUE 14042026.xlsx em modo incremental.
2026-09-10 15:41:41 | INFO | bdc.comercializadoras | Registro normalizado (Entrada: 44, Saída: 48).
2026-09-10 15:41:41 | INFO | bdc.comercializadoras | Iniciando validação unificada do registro. CNPJ=18185035000108
2026-09-10 15:41:41 | INFO | bdc.comercializadoras | Validação concluída. CNPJ=18185035000108 ERROS=0 AVISOS=0
2026-09-10 15:41:41 | INFO | bdc.comercializadoras | Iniciando processamento do arquivo TRUE 22-05-2025.xlsx em modo incremental.
2026-09-10 15:41:41 | INFO | bdc.comercializadoras | Registro normalizado (Entrada: 44, Saída: 48).
2026-09-10 15:41:41 | INFO | bdc.comercializadoras | Iniciando validação unificada do registro. CNPJ=18185035000108
2026-09-10 15:41:41 | INFO | bdc.comercializadoras | Validação concluída. CNPJ=18185035000108 ERROS=0 AVISOS=0
2026-09-10 15:41:42 | INFO | bdc.comercializadoras | Iniciando processamento do arquivo TRUE 22_03_2022.xlsx em modo incremental.
2026-09-10 15:41:42 | INFO | bdc.comercializadoras | Registro normalizado (Entrada: 44, Saída: 48).
2026-09-10 15:41:42 | INFO | bdc.comercializadoras | Iniciando validação unificada do registro. CNPJ=18185035000108
2026-09-10 15:41:42 | INFO | bdc.comercializadoras | Validação concluída. CNPJ=18185035000108 ERROS=0 AVISOS=0
2026-09-10 15:41:42 | INFO | bdc.comercializadoras | Iniciando processamento do arquivo TRUE 29 04 2024.xlsx em modo incremental.
2026-09-10 15:41:42 | INFO | bdc.comercializadoras | Registro normalizado (Entrada: 44, Saída: 48).
2026-09-10 15:41:42 | INFO | bdc.comercializadoras | Iniciando validação unificada do registro. CNPJ=18185035000108
2026-09-10 15:41:42 | INFO | bdc.comercializadoras | Validação concluída. CNPJ=18185035000108 ERROS=0 AVISOS=0
2026-09-10 15:41:42 | INFO | bdc.comercializadoras | Iniciando processamento do arquivo TRUE _06_05_2021.xlsx em modo incremental.
2026-09-10 15:41:43 | INFO | bdc.comercializadoras | Registro normalizado (Entrada: 44, Saída: 48).
2026-09-10 15:41:43 | INFO | bdc.comercializadoras | Iniciando validação unificada do registro. CNPJ=18185035000108
2026-09-10 15:41:43 | INFO | bdc.comercializadoras | Validação concluída. CNPJ=18185035000108 ERROS=0 AVISOS=0
2026-09-10 15:41:43 | INFO | bdc.comercializadoras | Iniciando processamento do arquivo TRUE_31032023.xlsx em modo incremental.
2026-09-10 15:41:43 | INFO | bdc.comercializadoras | Registro normalizado (Entrada: 44, Saída: 48).
2026-09-10 15:41:43 | INFO | bdc.comercializadoras | Iniciando validação unificada do registro. CNPJ=None
2026-09-10 15:41:43 | INFO | bdc.comercializadoras | Validação concluída. CNPJ=None ERROS=1 AVISOS=0
2026-09-10 15:41:43 | WARNING | bdc.comercializadoras | Erros de validação para CNPJ=None: ['GATE_ENGINE ausente: CNPJ']
2026-09-10 15:41:43 | INFO | bdc.comercializadoras | Iniciando processamento do arquivo TYR 16072025.xlsx em modo incremental.
2026-09-10 15:41:43 | INFO | bdc.comercializadoras | Registro normalizado (Entrada: 44, Saída: 48).
2026-09-10 15:41:44 | INFO | bdc.comercializadoras | Iniciando validação unificada do registro. CNPJ=29362082000104
2026-09-10 15:41:44 | INFO | bdc.comercializadoras | Validação concluída. CNPJ=29362082000104 ERROS=0 AVISOS=0
2026-09-10 15:41:44 | INFO | bdc.comercializadoras | Iniciando processamento do arquivo Tempo Energia_10_06_2021.xlsx em modo incremental.
2026-09-10 15:41:44 | INFO | bdc.comercializadoras | Registro normalizado (Entrada: 44, Saída: 48).
2026-09-10 15:41:44 | INFO | bdc.comercializadoras | Iniciando validação unificada do registro. CNPJ=29000095000125
2026-09-10 15:41:44 | INFO | bdc.comercializadoras | Validação concluída. CNPJ=29000095000125 ERROS=0 AVISOS=0
2026-09-10 15:41:44 | INFO | bdc.comercializadoras | Iniciando processamento do arquivo Tradener_15092023 - Copia.xlsx em modo incremental.
2026-09-10 15:41:44 | INFO | bdc.comercializadoras | Registro normalizado (Entrada: 44, Saída: 48).
2026-09-10 15:41:44 | INFO | bdc.comercializadoras | Iniciando validação unificada do registro. CNPJ=02691745000170
2026-09-10 15:41:44 | INFO | bdc.comercializadoras | Validação concluída. CNPJ=02691745000170 ERROS=0 AVISOS=0
2026-09-10 15:41:44 | INFO | bdc.comercializadoras | Iniciando processamento do arquivo UHE SAO SIMAO 14052026.xlsx em modo incremental.
2026-09-10 15:41:45 | INFO | bdc.comercializadoras | Registro normalizado (Entrada: 44, Saída: 48).
2026-09-10 15:41:45 | INFO | bdc.comercializadoras | Iniciando validação unificada do registro. CNPJ=27352303000120
2026-09-10 15:41:45 | INFO | bdc.comercializadoras | Validação concluída. CNPJ=27352303000120 ERROS=0 AVISOS=0
2026-09-10 15:41:45 | INFO | bdc.comercializadoras | Iniciando processamento do arquivo UHE SAO SIMAO 29082025.xlsx em modo incremental.
2026-09-10 15:41:45 | INFO | bdc.comercializadoras | Registro normalizado (Entrada: 44, Saída: 48).
2026-09-10 15:41:45 | INFO | bdc.comercializadoras | Iniciando validação unificada do registro. CNPJ=None
2026-09-10 15:41:45 | INFO | bdc.comercializadoras | Validação concluída. CNPJ=None ERROS=1 AVISOS=0
2026-09-10 15:41:45 | WARNING | bdc.comercializadoras | Erros de validação para CNPJ=None: ['GATE_ENGINE ausente: CNPJ']
2026-09-10 15:41:45 | INFO | bdc.comercializadoras | Iniciando processamento do arquivo ULTRAGAZ 12122025.xlsx em modo incremental.
2026-09-10 15:41:46 | INFO | bdc.comercializadoras | Registro normalizado (Entrada: 44, Saída: 48).
2026-09-10 15:41:46 | INFO | bdc.comercializadoras | Iniciando validação unificada do registro. CNPJ=26914969000161
2026-09-10 15:41:46 | INFO | bdc.comercializadoras | Validação concluída. CNPJ=26914969000161 ERROS=0 AVISOS=0
2026-09-10 15:41:46 | INFO | bdc.comercializadoras | Iniciando processamento do arquivo ULTRAGAZ 14052026.xlsx em modo incremental.
2026-09-10 15:41:46 | INFO | bdc.comercializadoras | Registro normalizado (Entrada: 44, Saída: 48).
2026-09-10 15:41:46 | INFO | bdc.comercializadoras | Iniciando validação unificada do registro. CNPJ=26914969000161
2026-09-10 15:41:46 | INFO | bdc.comercializadoras | Validação concluída. CNPJ=26914969000161 ERROS=0 AVISOS=0
2026-09-10 15:41:46 | INFO | bdc.comercializadoras | Iniciando processamento do arquivo URCA 08_08_2022.xlsx em modo incremental.
2026-09-10 15:41:47 | INFO | bdc.comercializadoras | Registro normalizado (Entrada: 44, Saída: 48).
2026-09-10 15:41:47 | INFO | bdc.comercializadoras | Iniciando validação unificada do registro. CNPJ=32185360000100
2026-09-10 15:41:47 | INFO | bdc.comercializadoras | Validação concluída. CNPJ=32185360000100 ERROS=0 AVISOS=0
2026-09-10 15:41:47 | INFO | bdc.comercializadoras | Iniciando processamento do arquivo URCA 11 04 2024.xlsx em modo incremental.
2026-09-10 15:41:47 | INFO | bdc.comercializadoras | Registro normalizado (Entrada: 44, Saída: 48).
2026-09-10 15:41:47 | INFO | bdc.comercializadoras | Iniciando validação unificada do registro. CNPJ=32185360000100
2026-09-10 15:41:47 | INFO | bdc.comercializadoras | Validação concluída. CNPJ=32185360000100 ERROS=0 AVISOS=0
2026-09-10 15:41:47 | INFO | bdc.comercializadoras | Iniciando processamento do arquivo URCA_09_09_2021.xlsx em modo incremental.
2026-09-10 15:41:47 | INFO | bdc.comercializadoras | Registro normalizado (Entrada: 44, Saída: 48).
2026-09-10 15:41:47 | INFO | bdc.comercializadoras | Iniciando validação unificada do registro. CNPJ=32185360000100
2026-09-10 15:41:47 | INFO | bdc.comercializadoras | Validação concluída. CNPJ=32185360000100 ERROS=0 AVISOS=0
2026-09-10 15:41:47 | INFO | bdc.comercializadoras | Iniciando processamento do arquivo URUCUIA 23062026.xlsx em modo incremental.
2026-09-10 15:41:48 | INFO | bdc.comercializadoras | Registro normalizado (Entrada: 44, Saída: 48).
2026-09-10 15:41:48 | INFO | bdc.comercializadoras | Iniciando validação unificada do registro. CNPJ=55935046000194
2026-09-10 15:41:48 | INFO | bdc.comercializadoras | Validação concluída. CNPJ=55935046000194 ERROS=0 AVISOS=0
2026-09-10 15:41:48 | INFO | bdc.comercializadoras | Iniciando processamento do arquivo USINA MONTE ALEGRE 15072026.xlsx em modo incremental.
2026-09-10 15:41:48 | INFO | bdc.comercializadoras | Registro normalizado (Entrada: 44, Saída: 48).
2026-09-10 15:41:48 | INFO | bdc.comercializadoras | Iniciando validação unificada do registro. CNPJ=22587687000146
2026-09-10 15:41:48 | INFO | bdc.comercializadoras | Validação concluída. CNPJ=22587687000146 ERROS=0 AVISOS=0
2026-09-10 15:41:48 | INFO | bdc.comercializadoras | Iniciando processamento do arquivo UTE VALE DO PARANA.xlsx em modo incremental.
2026-09-10 15:41:49 | INFO | bdc.comercializadoras | Registro normalizado (Entrada: 44, Saída: 48).
2026-09-10 15:41:49 | INFO | bdc.comercializadoras | Iniciando validação unificada do registro. CNPJ=05938884000143
2026-09-10 15:41:49 | INFO | bdc.comercializadoras | Validação concluída. CNPJ=05938884000143 ERROS=0 AVISOS=0
2026-09-10 15:41:49 | INFO | bdc.comercializadoras | Iniciando processamento do arquivo VIBRA ENERGIA RATING 06112025.xlsx em modo incremental.
2026-09-10 15:41:49 | INFO | bdc.comercializadoras | Registro normalizado (Entrada: 44, Saída: 48).
2026-09-10 15:41:49 | INFO | bdc.comercializadoras | Iniciando validação unificada do registro. CNPJ=25369840000157
2026-09-10 15:41:49 | INFO | bdc.comercializadoras | Validação concluída. CNPJ=25369840000157 ERROS=0 AVISOS=0
2026-09-10 15:41:49 | INFO | bdc.comercializadoras | Iniciando processamento do arquivo VITOL 05062026.xlsx em modo incremental.
2026-09-10 15:41:49 | INFO | bdc.comercializadoras | Registro normalizado (Entrada: 44, Saída: 48).
2026-09-10 15:41:49 | INFO | bdc.comercializadoras | Iniciando validação unificada do registro. CNPJ=43308969000137
2026-09-10 15:41:49 | INFO | bdc.comercializadoras | Validação concluída. CNPJ=43308969000137 ERROS=0 AVISOS=0
2026-09-10 15:41:50 | INFO | bdc.comercializadoras | Iniciando processamento do arquivo VITOL 30 04 2024.xlsx em modo incremental.
2026-09-10 15:41:50 | INFO | bdc.comercializadoras | Registro normalizado (Entrada: 44, Saída: 48).
2026-09-10 15:41:50 | INFO | bdc.comercializadoras | Iniciando validação unificada do registro. CNPJ=43308969000137
2026-09-10 15:41:50 | INFO | bdc.comercializadoras | Validação concluída. CNPJ=43308969000137 ERROS=0 AVISOS=0
2026-09-10 15:41:50 | INFO | bdc.comercializadoras | Iniciando processamento do arquivo VITOL POWER 20072026.xlsx em modo incremental.
2026-09-10 15:41:50 | INFO | bdc.comercializadoras | Registro normalizado (Entrada: 44, Saída: 48).
2026-09-10 15:41:50 | INFO | bdc.comercializadoras | Iniciando validação unificada do registro. CNPJ=43308969000137
2026-09-10 15:41:50 | INFO | bdc.comercializadoras | Validação concluída. CNPJ=43308969000137 ERROS=0 AVISOS=0
2026-09-10 15:41:50 | INFO | bdc.comercializadoras | Iniciando processamento do arquivo VIVAZ ENERGIA 15_06_2022.xlsx em modo incremental.
2026-09-10 15:41:51 | INFO | bdc.comercializadoras | Registro normalizado (Entrada: 44, Saída: 48).
2026-09-10 15:41:51 | INFO | bdc.comercializadoras | Iniciando validação unificada do registro. CNPJ=26537119000191
2026-09-10 15:41:51 | INFO | bdc.comercializadoras | Validação concluída. CNPJ=26537119000191 ERROS=0 AVISOS=0
2026-09-10 15:41:51 | INFO | bdc.comercializadoras | Iniciando processamento do arquivo VIX 17_11_2021.xlsx em modo incremental.
2026-09-10 15:41:51 | INFO | bdc.comercializadoras | Registro normalizado (Entrada: 44, Saída: 48).
2026-09-10 15:41:51 | INFO | bdc.comercializadoras | Iniciando validação unificada do registro. CNPJ=30206620000142
2026-09-10 15:41:51 | INFO | bdc.comercializadoras | Validação concluída. CNPJ=30206620000142 ERROS=0 AVISOS=0
2026-09-10 15:41:51 | INFO | bdc.comercializadoras | Iniciando processamento do arquivo VOLTALIA (GRUPO) 24_08_2022.xlsx em modo incremental.
2026-09-10 15:41:51 | INFO | bdc.comercializadoras | Iniciando processamento do arquivo VOLTALIA RATING 06112025.xlsx em modo incremental.
2026-09-10 15:41:52 | INFO | bdc.comercializadoras | Registro normalizado (Entrada: 44, Saída: 48).
2026-09-10 15:41:52 | INFO | bdc.comercializadoras | Iniciando validação unificada do registro. CNPJ=29350168000109
2026-09-10 15:41:52 | INFO | bdc.comercializadoras | Validação concluída. CNPJ=29350168000109 ERROS=0 AVISOS=0
2026-09-10 15:41:52 | INFO | bdc.comercializadoras | Iniciando processamento do arquivo VOLTALIA_2024.xlsx em modo incremental.
2026-09-10 15:41:52 | INFO | bdc.comercializadoras | Registro normalizado (Entrada: 44, Saída: 48).
2026-09-10 15:41:52 | INFO | bdc.comercializadoras | Iniciando validação unificada do registro. CNPJ=29350168000109
2026-09-10 15:41:52 | INFO | bdc.comercializadoras | Validação concluída. CNPJ=29350168000109 ERROS=0 AVISOS=0
2026-09-10 15:41:52 | INFO | bdc.comercializadoras | Iniciando processamento do arquivo VOTENER (GRUPO)_14_10_2021.xlsx em modo incremental.
2026-09-10 15:41:53 | INFO | bdc.comercializadoras | Iniciando processamento do arquivo VOTENER_09_06_2021.xlsx em modo incremental.
2026-09-10 15:41:53 | INFO | bdc.comercializadoras | Registro normalizado (Entrada: 44, Saída: 48).
2026-09-10 15:41:53 | INFO | bdc.comercializadoras | Iniciando validação unificada do registro. CNPJ=03984862000194
2026-09-10 15:41:53 | INFO | bdc.comercializadoras | Validação concluída. CNPJ=03984862000194 ERROS=0 AVISOS=0
2026-09-10 15:41:53 | INFO | bdc.comercializadoras | Iniciando processamento do arquivo Vitol 04062025.xlsx em modo incremental.
2026-09-10 15:41:53 | INFO | bdc.comercializadoras | Registro normalizado (Entrada: 44, Saída: 48).
2026-09-10 15:41:53 | INFO | bdc.comercializadoras | Iniciando validação unificada do registro. CNPJ=43308969000137
2026-09-10 15:41:53 | INFO | bdc.comercializadoras | Validação concluída. CNPJ=43308969000137 ERROS=0 AVISOS=0
2026-09-10 15:41:53 | INFO | bdc.comercializadoras | Iniciando processamento do arquivo Vitol 27032026 df 2025.xlsx em modo incremental.
2026-09-10 15:41:54 | INFO | bdc.comercializadoras | Registro normalizado (Entrada: 44, Saída: 48).
2026-09-10 15:41:54 | INFO | bdc.comercializadoras | Iniciando validação unificada do registro. CNPJ=43308969000137
2026-09-10 15:41:54 | INFO | bdc.comercializadoras | Validação concluída. CNPJ=43308969000137 ERROS=0 AVISOS=0
2026-09-10 15:41:54 | INFO | bdc.comercializadoras | Iniciando processamento do arquivo Vitol Power Brasil.xlsx em modo incremental.
2026-09-10 15:41:54 | INFO | bdc.comercializadoras | Registro normalizado (Entrada: 44, Saída: 48).
2026-09-10 15:41:54 | INFO | bdc.comercializadoras | Iniciando validação unificada do registro. CNPJ=43308969000137
2026-09-10 15:41:54 | INFO | bdc.comercializadoras | Validação concluída. CNPJ=43308969000137 ERROS=0 AVISOS=0
2026-09-10 15:41:54 | INFO | bdc.comercializadoras | Iniciando processamento do arquivo W7_25_05_2021.xlsx em modo incremental.
2026-09-10 15:41:55 | INFO | bdc.comercializadoras | Registro normalizado (Entrada: 44, Saída: 48).
2026-09-10 15:41:55 | INFO | bdc.comercializadoras | Iniciando validação unificada do registro. CNPJ=32783106000103
2026-09-10 15:41:55 | INFO | bdc.comercializadoras | Validação concluída. CNPJ=32783106000103 ERROS=0 AVISOS=0
2026-09-10 15:41:55 | INFO | bdc.comercializadoras | Iniciando processamento do arquivo WD AGROINDUSTRIAL 13072026.xlsx em modo incremental.
2026-09-10 15:41:55 | INFO | bdc.comercializadoras | Registro normalizado (Entrada: 44, Saída: 48).
2026-09-10 15:41:55 | INFO | bdc.comercializadoras | Iniciando validação unificada do registro. CNPJ=01105558000102
2026-09-10 15:41:55 | INFO | bdc.comercializadoras | Validação concluída. CNPJ=01105558000102 ERROS=0 AVISOS=0
2026-09-10 15:41:55 | INFO | bdc.comercializadoras | Iniciando processamento do arquivo WORLDSE_20.06.2024.xlsx em modo incremental.
2026-09-10 15:41:55 | INFO | bdc.comercializadoras | Registro normalizado (Entrada: 44, Saída: 48).
2026-09-10 15:41:55 | INFO | bdc.comercializadoras | Iniciando validação unificada do registro. CNPJ=28423185000166
2026-09-10 15:41:55 | INFO | bdc.comercializadoras | Validação concluída. CNPJ=28423185000166 ERROS=0 AVISOS=0
2026-09-10 15:41:55 | INFO | bdc.comercializadoras | Iniciando processamento do arquivo WX ENERGIA(RAIZEN)_04.07.2024.xlsx em modo incremental.
2026-09-10 15:41:56 | INFO | bdc.comercializadoras | Registro normalizado (Entrada: 44, Saída: 48).
2026-09-10 15:41:56 | INFO | bdc.comercializadoras | Iniciando validação unificada do registro. CNPJ=13777004000122
2026-09-10 15:41:56 | INFO | bdc.comercializadoras | Validação concluída. CNPJ=13777004000122 ERROS=0 AVISOS=0
2026-09-10 15:41:56 | INFO | bdc.comercializadoras | Iniciando processamento do arquivo WX ENERGY_10_09_2021.xlsx em modo incremental.
2026-09-10 15:41:56 | INFO | bdc.comercializadoras | Registro normalizado (Entrada: 44, Saída: 48).
2026-09-10 15:41:56 | INFO | bdc.comercializadoras | Iniciando validação unificada do registro. CNPJ=13777004000122
2026-09-10 15:41:56 | INFO | bdc.comercializadoras | Validação concluída. CNPJ=13777004000122 ERROS=0 AVISOS=0
2026-09-10 15:41:56 | INFO | bdc.comercializadoras | Iniciando processamento do arquivo WXE - RAÍZEN 25082023.xlsx em modo incremental.
2026-09-10 15:41:56 | INFO | bdc.comercializadoras | Registro normalizado (Entrada: 44, Saída: 48).
2026-09-10 15:41:56 | INFO | bdc.comercializadoras | Iniciando validação unificada do registro. CNPJ=13777004000122
2026-09-10 15:41:56 | INFO | bdc.comercializadoras | Validação concluída. CNPJ=13777004000122 ERROS=0 AVISOS=0
2026-09-10 15:41:56 | INFO | bdc.comercializadoras | Iniciando processamento do arquivo XP 05092025.xlsx em modo incremental.
2026-09-10 15:41:57 | INFO | bdc.comercializadoras | Registro normalizado (Entrada: 44, Saída: 48).
2026-09-10 15:41:57 | INFO | bdc.comercializadoras | Iniciando validação unificada do registro. CNPJ=34475373000130
2026-09-10 15:41:57 | INFO | bdc.comercializadoras | Validação concluída. CNPJ=34475373000130 ERROS=0 AVISOS=0
2026-09-10 15:41:57 | INFO | bdc.comercializadoras | Iniciando processamento do arquivo XP 19052025.xlsx em modo incremental.
2026-09-10 15:41:57 | INFO | bdc.comercializadoras | Registro normalizado (Entrada: 44, Saída: 48).
2026-09-10 15:41:57 | INFO | bdc.comercializadoras | Iniciando validação unificada do registro. CNPJ=34475373000130
2026-09-10 15:41:57 | INFO | bdc.comercializadoras | Validação concluída. CNPJ=34475373000130 ERROS=0 AVISOS=0
2026-09-10 15:41:57 | INFO | bdc.comercializadoras | Iniciando processamento do arquivo XP COM 17072026.xlsx em modo incremental.
2026-09-10 15:41:58 | INFO | bdc.comercializadoras | Registro normalizado (Entrada: 44, Saída: 48).
2026-09-10 15:41:58 | INFO | bdc.comercializadoras | Iniciando validação unificada do registro. CNPJ=34475373000130
2026-09-10 15:41:58 | INFO | bdc.comercializadoras | Validação concluída. CNPJ=34475373000130 ERROS=0 AVISOS=0
2026-09-10 15:41:58 | INFO | bdc.comercializadoras | Iniciando processamento do arquivo XP COMERCIALIZADORA 14_07_2022.xlsx em modo incremental.
2026-09-10 15:41:58 | INFO | bdc.comercializadoras | Registro normalizado (Entrada: 44, Saída: 48).
2026-09-10 15:41:58 | INFO | bdc.comercializadoras | Iniciando validação unificada do registro. CNPJ=34475373000130
2026-09-10 15:41:58 | INFO | bdc.comercializadoras | Validação concluída. CNPJ=34475373000130 ERROS=0 AVISOS=0
2026-09-10 15:41:58 | INFO | bdc.comercializadoras | Iniciando processamento do arquivo XP RATING 13112025.xlsx em modo incremental.
2026-09-10 15:41:59 | INFO | bdc.comercializadoras | Registro normalizado (Entrada: 44, Saída: 48).
2026-09-10 15:41:59 | INFO | bdc.comercializadoras | Iniciando validação unificada do registro. CNPJ=34475373000130
2026-09-10 15:41:59 | INFO | bdc.comercializadoras | Validação concluída. CNPJ=34475373000130 ERROS=0 AVISOS=0
2026-09-10 15:41:59 | INFO | bdc.comercializadoras | Iniciando processamento do arquivo XP_03112023.xlsx em modo incremental.
2026-09-10 15:41:59 | INFO | bdc.comercializadoras | Registro normalizado (Entrada: 44, Saída: 48).
2026-09-10 15:41:59 | INFO | bdc.comercializadoras | Iniciando validação unificada do registro. CNPJ=34475373000130
2026-09-10 15:41:59 | INFO | bdc.comercializadoras | Validação concluída. CNPJ=34475373000130 ERROS=0 AVISOS=0
2026-09-10 15:41:59 | INFO | bdc.comercializadoras | Iniciando processamento do arquivo XP_06_09_2021.xlsx em modo incremental.
2026-09-10 15:41:59 | INFO | bdc.comercializadoras | Registro normalizado (Entrada: 44, Saída: 48).
2026-09-10 15:41:59 | INFO | bdc.comercializadoras | Iniciando validação unificada do registro. CNPJ=34475373000130
2026-09-10 15:41:59 | INFO | bdc.comercializadoras | Validação concluída. CNPJ=34475373000130 ERROS=0 AVISOS=0
2026-09-10 15:41:59 | INFO | bdc.comercializadoras | Iniciando processamento do arquivo ZEST 15042024.xlsx em modo incremental.
2026-09-10 15:42:00 | INFO | bdc.comercializadoras | Registro normalizado (Entrada: 44, Saída: 48).
2026-09-10 15:42:00 | INFO | bdc.comercializadoras | Iniciando validação unificada do registro. CNPJ=35487170000127
2026-09-10 15:42:00 | INFO | bdc.comercializadoras | Validação concluída. CNPJ=35487170000127 ERROS=0 AVISOS=0
2026-09-10 15:42:00 | INFO | bdc.comercializadoras | Iniciando processamento do arquivo ZEST 27062025.xlsx em modo incremental.
2026-09-10 15:42:00 | INFO | bdc.comercializadoras | Registro normalizado (Entrada: 44, Saída: 48).
2026-09-10 15:42:00 | INFO | bdc.comercializadoras | Iniciando validação unificada do registro. CNPJ=35487170000127
2026-09-10 15:42:00 | INFO | bdc.comercializadoras | Validação concluída. CNPJ=35487170000127 ERROS=0 AVISOS=0
2026-09-10 15:42:00 | INFO | bdc.comercializadoras | Iniciando processamento do arquivo ZEST _05_05_2021(modelo novo).xlsx em modo incremental.
2026-09-10 15:42:01 | INFO | bdc.comercializadoras | Registro normalizado (Entrada: 44, Saída: 48).
2026-09-10 15:42:01 | INFO | bdc.comercializadoras | Iniciando validação unificada do registro. CNPJ=35487170000127
2026-09-10 15:42:01 | INFO | bdc.comercializadoras | Validação concluída. CNPJ=35487170000127 ERROS=0 AVISOS=0
2026-09-10 15:42:01 | INFO | bdc.comercializadoras | Iniciando processamento do arquivo ZEST_26_04_2022.xlsx em modo incremental.
2026-09-10 15:42:01 | INFO | bdc.comercializadoras | Registro normalizado (Entrada: 44, Saída: 48).
2026-09-10 15:42:01 | INFO | bdc.comercializadoras | Iniciando validação unificada do registro. CNPJ=35487170000127
2026-09-10 15:42:01 | INFO | bdc.comercializadoras | Validação concluída. CNPJ=35487170000127 ERROS=0 AVISOS=0
2026-09-10 15:42:01 | INFO | bdc.comercializadoras | Iniciando processamento do arquivo ZETA 18_04_2022.xlsx em modo incremental.
2026-09-10 15:42:02 | INFO | bdc.comercializadoras | Registro normalizado (Entrada: 44, Saída: 48).
2026-09-10 15:42:02 | INFO | bdc.comercializadoras | Iniciando validação unificada do registro. CNPJ=17386017000121
2026-09-10 15:42:02 | INFO | bdc.comercializadoras | Validação concluída. CNPJ=17386017000121 ERROS=0 AVISOS=0
2026-09-10 15:42:02 | INFO | bdc.comercializadoras | Iniciando processamento do arquivo ZETA Energia_16_06_2021.xlsx em modo incremental.
2026-09-10 15:42:02 | INFO | bdc.comercializadoras | Registro normalizado (Entrada: 44, Saída: 48).
2026-09-10 15:42:02 | INFO | bdc.comercializadoras | Iniciando validação unificada do registro. CNPJ=17386017000121
2026-09-10 15:42:02 | INFO | bdc.comercializadoras | Validação concluída. CNPJ=17386017000121 ERROS=0 AVISOS=0
2026-09-10 15:42:02 | INFO | bdc.comercializadoras | Iniciando processamento do arquivo ZETA_17032023.xlsx em modo incremental.
2026-09-10 15:42:02 | INFO | bdc.comercializadoras | Registro normalizado (Entrada: 44, Saída: 48).
2026-09-10 15:42:02 | INFO | bdc.comercializadoras | Iniciando validação unificada do registro. CNPJ=None
2026-09-10 15:42:02 | INFO | bdc.comercializadoras | Validação concluída. CNPJ=None ERROS=1 AVISOS=0
2026-09-10 15:42:02 | WARNING | bdc.comercializadoras | Erros de validação para CNPJ=None: ['GATE_ENGINE ausente: CNPJ']
2026-09-10 15:42:03 | INFO | bdc.comercializadoras | Resumo do processamento: {'run_id': 'BDC_20260910_153728', 'arquivos_recebidos': 751, 'registros_silver': 690, 'metricas_qualidade': {'cobertura_fco': '41.7%'}}
