2026-09-16 13:36:18 | INFO | bdc.consumidores | Carregando Mapping de Consumidores: C:\Users\C807951\Desktop\BDC\ENTRADAS\control\mappings\mapping_fichas_consumidores.json
2026-09-16 13:36:18 | INFO | bdc.consumidores | Mapping de Consumidores carregado e validado com sucesso. Quantidade de registros: 27
2026-09-16 13:36:18 | INFO | bdc.consumidores | Iniciando carga dos layouts de consumidores.
2026-09-16 13:36:18 | DEBUG | bdc.consumidores | Layout 'layout_ficha_consumidor_v1' - Campo 'DADOS_CADASTRAIS': sem âncora estática. Retornará vazio.
2026-09-16 13:36:18 | DEBUG | bdc.consumidores | Layout 'layout_ficha_consumidor_v2' - Campo 'DADOS_CADASTRAIS': sem âncora estática. Retornará vazio.
2026-09-16 13:36:18 | INFO | bdc.consumidores | Layouts de consumidores carregados com sucesso. Quantidade: 2
2026-09-16 13:36:18 | INFO | bdc.consumidores | Lendo master catalog consumidores: C:\Users\C807951\Desktop\BDC\ENTRADAS\control\quality\master_catalog_consumidores.json
2026-09-16 13:36:18 | INFO | bdc.consumidores | Nenhuma base de Carga Manual encontrada em C:\Users\C807951\Desktop\BDC\SAIDAS\silver\governanca_carga_manual\eventos_manuais_consolidados.parquet
2026-09-16 13:36:18 | INFO | bdc.consumidores | Iniciando processamento de 729 fichas (729 normais, 0 reprocessamento).
2026-09-16 13:36:18 | INFO | bdc.consumidores | Iniciando processamento do arquivo 3R PETROLEUM  22042024.xlsx em modo incremental.
2026-09-16 13:36:18 | INFO | bdc.consumidores | Extração competitiva: Vencedor padrao_1 identificado para 3R PETROLEUM  22042024.xlsx.
2026-09-16 13:36:18 | INFO | bdc.consumidores | Registro normalizado (Entrada: 28, Saída: 30).
2026-09-16 13:36:18 | INFO | bdc.consumidores | Classificação documental para 3R PETROLEUM  22042024.xlsx: tipo=>=5MWm analise=detalhada
2026-09-16 13:36:18 | INFO | bdc.consumidores | Iniciando validação unificada do registro. CNPJ=12091809000155
2026-09-16 13:36:18 | INFO | bdc.consumidores | Validação concluída. CNPJ=12091809000155 ERROS=0 AVISOS=0
2026-09-16 13:36:18 | INFO | bdc.consumidores | Validação condicional concluída para 12091809000155. Tipo=detalhada ERROS=3 AVISOS=1
2026-09-16 13:36:18 | INFO | bdc.consumidores | Ficha processada com sucesso: 3R PETROLEUM  22042024.xlsx.
2026-09-16 13:36:18 | INFO | bdc.consumidores | Iniciando processamento do arquivo 3R PETROLEUM 13082025.xlsx em modo incremental.
2026-09-16 13:36:18 | INFO | bdc.consumidores | Extração competitiva: Vencedor padrao_1 identificado para 3R PETROLEUM 13082025.xlsx.
2026-09-16 13:36:18 | INFO | bdc.consumidores | Registro normalizado (Entrada: 28, Saída: 30).
2026-09-16 13:36:18 | INFO | bdc.consumidores | Classificação documental para 3R PETROLEUM 13082025.xlsx: tipo=>=5MWm analise=detalhada
2026-09-16 13:36:18 | INFO | bdc.consumidores | Iniciando validação unificada do registro. CNPJ=12091809000155
2026-09-16 13:36:18 | INFO | bdc.consumidores | Validação concluída. CNPJ=12091809000155 ERROS=0 AVISOS=1
2026-09-16 13:36:18 | INFO | bdc.consumidores | Validação condicional concluída para 12091809000155. Tipo=detalhada ERROS=2 AVISOS=2
2026-09-16 13:36:18 | INFO | bdc.consumidores | Ficha processada com sucesso: 3R PETROLEUM 13082025.xlsx.
2026-09-16 13:36:18 | INFO | bdc.consumidores | Iniciando processamento do arquivo 3R PETROLEUM RATING 19112025.xlsx em modo incremental.
2026-09-16 13:36:19 | INFO | bdc.consumidores | Extração competitiva: Vencedor padrao_2 identificado para 3R PETROLEUM RATING 19112025.xlsx.
2026-09-16 13:36:19 | INFO | bdc.consumidores | Registro normalizado (Entrada: 28, Saída: 30).
2026-09-16 13:36:19 | INFO | bdc.consumidores | Classificação documental para 3R PETROLEUM RATING 19112025.xlsx: tipo=>=5MWm analise=detalhada
2026-09-16 13:36:19 | INFO | bdc.consumidores | Iniciando validação unificada do registro. CNPJ=12091809000155
2026-09-16 13:36:19 | INFO | bdc.consumidores | Validação concluída. CNPJ=12091809000155 ERROS=0 AVISOS=1
2026-09-16 13:36:19 | INFO | bdc.consumidores | Validação condicional concluída para 12091809000155. Tipo=detalhada ERROS=1 AVISOS=1
2026-09-16 13:36:19 | INFO | bdc.consumidores | Iniciando processamento do arquivo A 100 ROW Serviços de Dados 10082023.xlsx em modo incremental.
2026-09-16 13:36:19 | INFO | bdc.consumidores | Extração competitiva: Vencedor padrao_1 identificado para A 100 ROW Serviços de Dados 10082023.xlsx.
2026-09-16 13:36:19 | INFO | bdc.consumidores | Registro normalizado (Entrada: 28, Saída: 30).
2026-09-16 13:36:19 | INFO | bdc.consumidores | Classificação documental para A 100 ROW Serviços de Dados 10082023.xlsx: tipo=>=5MWm analise=detalhada
2026-09-16 13:36:19 | INFO | bdc.consumidores | Iniciando validação unificada do registro. CNPJ=12147176000150
2026-09-16 13:36:19 | INFO | bdc.consumidores | Validação concluída. CNPJ=12147176000150 ERROS=0 AVISOS=1
2026-09-16 13:36:19 | INFO | bdc.consumidores | Validação condicional concluída para 12147176000150. Tipo=detalhada ERROS=2 AVISOS=2
2026-09-16 13:36:19 | INFO | bdc.consumidores | Ficha processada com sucesso: A 100 ROW Serviços de Dados 10082023.xlsx.
2026-09-16 13:36:19 | INFO | bdc.consumidores | Iniciando processamento do arquivo ACO CEARENSE RATING 07012026.xlsx em modo incremental.
2026-09-16 13:36:19 | INFO | bdc.consumidores | Extração competitiva: Vencedor padrao_2 identificado para ACO CEARENSE RATING 07012026.xlsx.
2026-09-16 13:36:19 | INFO | bdc.consumidores | Registro normalizado (Entrada: 28, Saída: 30).
2026-09-16 13:36:19 | INFO | bdc.consumidores | Classificação documental para ACO CEARENSE RATING 07012026.xlsx: tipo=>=5MWm analise=detalhada
2026-09-16 13:36:19 | INFO | bdc.consumidores | Iniciando validação unificada do registro. CNPJ=00990842000138
2026-09-16 13:36:19 | INFO | bdc.consumidores | Validação concluída. CNPJ=00990842000138 ERROS=0 AVISOS=1
2026-09-16 13:36:19 | INFO | bdc.consumidores | Validação condicional concluída para 00990842000138. Tipo=detalhada ERROS=0 AVISOS=1
2026-09-16 13:36:19 | INFO | bdc.consumidores | Ficha processada com sucesso: ACO CEARENSE RATING 07012026.xlsx.
2026-09-16 13:36:19 | INFO | bdc.consumidores | Iniciando processamento do arquivo ACUCAREIRA ZILOR 27032026.xlsx em modo incremental.
2026-09-16 13:36:19 | INFO | bdc.consumidores | Extração competitiva: Vencedor padrao_2 identificado para ACUCAREIRA ZILOR 27032026.xlsx.
2026-09-16 13:36:19 | INFO | bdc.consumidores | Registro normalizado (Entrada: 28, Saída: 30).
2026-09-16 13:36:19 | INFO | bdc.consumidores | Classificação documental para ACUCAREIRA ZILOR 27032026.xlsx: tipo=>=5MWm analise=detalhada
2026-09-16 13:36:19 | INFO | bdc.consumidores | Iniciando validação unificada do registro. CNPJ=60855574000173
2026-09-16 13:36:19 | INFO | bdc.consumidores | Validação concluída. CNPJ=60855574000173 ERROS=0 AVISOS=1
2026-09-16 13:36:19 | INFO | bdc.consumidores | Validação condicional concluída para 60855574000173. Tipo=detalhada ERROS=0 AVISOS=1
2026-09-16 13:36:19 | INFO | bdc.consumidores | Ficha processada com sucesso: ACUCAREIRA ZILOR 27032026.xlsx.
2026-09-16 13:36:19 | INFO | bdc.consumidores | Iniciando processamento do arquivo ADECOAGRO 10042026.xlsx em modo incremental.
2026-09-16 13:36:19 | INFO | bdc.consumidores | Extração competitiva: Vencedor padrao_2 identificado para ADECOAGRO 10042026.xlsx.
2026-09-16 13:36:19 | INFO | bdc.consumidores | Registro normalizado (Entrada: 28, Saída: 30).
2026-09-16 13:36:19 | INFO | bdc.consumidores | Classificação documental para ADECOAGRO 10042026.xlsx: tipo=>=5MWm analise=detalhada
2026-09-16 13:36:19 | INFO | bdc.consumidores | Iniciando validação unificada do registro. CNPJ=07903169000109
2026-09-16 13:36:19 | INFO | bdc.consumidores | Validação concluída. CNPJ=07903169000109 ERROS=0 AVISOS=1
2026-09-16 13:36:19 | INFO | bdc.consumidores | Validação condicional concluída para 07903169000109. Tipo=detalhada ERROS=0 AVISOS=1
2026-09-16 13:36:19 | INFO | bdc.consumidores | Ficha processada com sucesso: ADECOAGRO 10042026.xlsx.
2026-09-16 13:36:19 | INFO | bdc.consumidores | Iniciando processamento do arquivo AEBES HEJSN 01122023.xlsx em modo incremental.
2026-09-16 13:36:19 | INFO | bdc.consumidores | Extração competitiva: Vencedor padrao_1 identificado para AEBES HEJSN 01122023.xlsx.
2026-09-16 13:36:19 | INFO | bdc.consumidores | Registro normalizado (Entrada: 28, Saída: 30).
2026-09-16 13:36:19 | INFO | bdc.consumidores | Classificação documental para AEBES HEJSN 01122023.xlsx: tipo=>=5MWm analise=detalhada
2026-09-16 13:36:19 | INFO | bdc.consumidores | Iniciando validação unificada do registro. CNPJ=28127926000242
2026-09-16 13:36:19 | INFO | bdc.consumidores | Validação concluída. CNPJ=28127926000242 ERROS=0 AVISOS=0
2026-09-16 13:36:19 | INFO | bdc.consumidores | Validação condicional concluída para 28127926000242. Tipo=detalhada ERROS=3 AVISOS=1
2026-09-16 13:36:19 | INFO | bdc.consumidores | Ficha processada com sucesso: AEBES HEJSN 01122023.xlsx.
2026-09-16 13:36:19 | INFO | bdc.consumidores | Iniciando processamento do arquivo AEGEA 17072025.xlsx em modo incremental.
2026-09-16 13:36:20 | INFO | bdc.consumidores | Extração competitiva: Vencedor padrao_1 identificado para AEGEA 17072025.xlsx.
2026-09-16 13:36:20 | INFO | bdc.consumidores | Registro normalizado (Entrada: 28, Saída: 30).
2026-09-16 13:36:20 | INFO | bdc.consumidores | Classificação documental para AEGEA 17072025.xlsx: tipo=>=5MWm analise=detalhada
2026-09-16 13:36:20 | INFO | bdc.consumidores | Iniciando validação unificada do registro. CNPJ=42644220000106
2026-09-16 13:36:20 | INFO | bdc.consumidores | Validação concluída. CNPJ=42644220000106 ERROS=0 AVISOS=1
2026-09-16 13:36:20 | INFO | bdc.consumidores | Validação condicional concluída para 42644220000106. Tipo=detalhada ERROS=2 AVISOS=2
2026-09-16 13:36:20 | INFO | bdc.consumidores | Ficha processada com sucesso: AEGEA 17072025.xlsx.
2026-09-16 13:36:20 | INFO | bdc.consumidores | Iniciando processamento do arquivo AEGEA 20-07-2022.xlsx em modo incremental.
2026-09-16 13:36:20 | INFO | bdc.consumidores | Extração competitiva: Vencedor padrao_1 identificado para AEGEA 20-07-2022.xlsx.
2026-09-16 13:36:20 | INFO | bdc.consumidores | Registro normalizado (Entrada: 28, Saída: 30).
2026-09-16 13:36:20 | INFO | bdc.consumidores | Classificação documental para AEGEA 20-07-2022.xlsx: tipo=>=5MWm analise=detalhada
2026-09-16 13:36:20 | INFO | bdc.consumidores | Iniciando validação unificada do registro. CNPJ=08827501000158
2026-09-16 13:36:20 | INFO | bdc.consumidores | Validação concluída. CNPJ=08827501000158 ERROS=0 AVISOS=0
2026-09-16 13:36:20 | INFO | bdc.consumidores | Validação condicional concluída para 08827501000158. Tipo=detalhada ERROS=2 AVISOS=1
2026-09-16 13:36:20 | INFO | bdc.consumidores | Ficha processada com sucesso: AEGEA 20-07-2022.xlsx.
2026-09-16 13:36:20 | INFO | bdc.consumidores | Iniciando processamento do arquivo AEGEA RATING 09122025.xlsx em modo incremental.
2026-09-16 13:36:20 | INFO | bdc.consumidores | Extração competitiva: Vencedor padrao_2 identificado para AEGEA RATING 09122025.xlsx.
2026-09-16 13:36:20 | INFO | bdc.consumidores | Registro normalizado (Entrada: 28, Saída: 30).
2026-09-16 13:36:20 | INFO | bdc.consumidores | Classificação documental para AEGEA RATING 09122025.xlsx: tipo=>=5MWm analise=detalhada
2026-09-16 13:36:20 | INFO | bdc.consumidores | Iniciando validação unificada do registro. CNPJ=42644220000106
2026-09-16 13:36:20 | INFO | bdc.consumidores | Validação concluída. CNPJ=42644220000106 ERROS=0 AVISOS=1
2026-09-16 13:36:20 | INFO | bdc.consumidores | Validação condicional concluída para 42644220000106. Tipo=detalhada ERROS=1 AVISOS=1
2026-09-16 13:36:20 | INFO | bdc.consumidores | Iniciando processamento do arquivo AEGEA SANEAMENTO 23072026.xlsx em modo incremental.
2026-09-16 13:36:20 | INFO | bdc.consumidores | Extração competitiva: Vencedor padrao_2 identificado para AEGEA SANEAMENTO 23072026.xlsx.
2026-09-16 13:36:20 | INFO | bdc.consumidores | Registro normalizado (Entrada: 28, Saída: 30).
2026-09-16 13:36:20 | INFO | bdc.consumidores | Classificação documental para AEGEA SANEAMENTO 23072026.xlsx: tipo=<5MWm analise=simplificada
2026-09-16 13:36:20 | INFO | bdc.consumidores | Iniciando validação unificada do registro. CNPJ=08827501000158
2026-09-16 13:36:20 | INFO | bdc.consumidores | Validação concluída. CNPJ=08827501000158 ERROS=0 AVISOS=0
2026-09-16 13:36:20 | INFO | bdc.consumidores | Validação condicional concluída para 08827501000158. Tipo=simplificada ERROS=1 AVISOS=1
2026-09-16 13:36:20 | INFO | bdc.consumidores | Ficha processada com sucesso: AEGEA SANEAMENTO 23072026.xlsx.
2026-09-16 13:36:20 | INFO | bdc.consumidores | Iniciando processamento do arquivo AEGEA_RIO4_16122024.xlsx em modo incremental.
2026-09-16 13:36:20 | INFO | bdc.consumidores | Extração competitiva: Vencedor padrao_1 identificado para AEGEA_RIO4_16122024.xlsx.
2026-09-16 13:36:20 | INFO | bdc.consumidores | Registro normalizado (Entrada: 28, Saída: 30).
2026-09-16 13:36:20 | INFO | bdc.consumidores | Classificação documental para AEGEA_RIO4_16122024.xlsx: tipo=>=5MWm analise=detalhada
2026-09-16 13:36:20 | INFO | bdc.consumidores | Iniciando validação unificada do registro. CNPJ=42644220000106
2026-09-16 13:36:20 | INFO | bdc.consumidores | Validação concluída. CNPJ=42644220000106 ERROS=0 AVISOS=1
2026-09-16 13:36:20 | INFO | bdc.consumidores | Validação condicional concluída para 42644220000106. Tipo=detalhada ERROS=2 AVISOS=2
2026-09-16 13:36:20 | INFO | bdc.consumidores | Ficha processada com sucesso: AEGEA_RIO4_16122024.xlsx.
2026-09-16 13:36:20 | INFO | bdc.consumidores | Iniciando processamento do arquivo AEROPORTO DE GUARULHOS 28082025.xlsx em modo incremental.
2026-09-16 13:36:20 | INFO | bdc.consumidores | Extração competitiva: Vencedor padrao_1 identificado para AEROPORTO DE GUARULHOS 28082025.xlsx.
2026-09-16 13:36:20 | INFO | bdc.consumidores | Registro normalizado (Entrada: 28, Saída: 30).
2026-09-16 13:36:20 | INFO | bdc.consumidores | Classificação documental para AEROPORTO DE GUARULHOS 28082025.xlsx: tipo=>=5MWm analise=detalhada
2026-09-16 13:36:20 | INFO | bdc.consumidores | Iniciando validação unificada do registro. CNPJ=15578569000106
2026-09-16 13:36:20 | INFO | bdc.consumidores | Validação concluída. CNPJ=15578569000106 ERROS=0 AVISOS=1
2026-09-16 13:36:20 | INFO | bdc.consumidores | Validação condicional concluída para 15578569000106. Tipo=detalhada ERROS=2 AVISOS=2
2026-09-16 13:36:20 | INFO | bdc.consumidores | Ficha processada com sucesso: AEROPORTO DE GUARULHOS 28082025.xlsx.
2026-09-16 13:36:20 | INFO | bdc.consumidores | Iniciando processamento do arquivo AEROPORTO DE GUARULHOS 28082025_consiste.xlsx em modo incremental.
2026-09-16 13:36:20 | INFO | bdc.consumidores | Extração competitiva: Vencedor padrao_1 identificado para AEROPORTO DE GUARULHOS 28082025_consiste.xlsx.
2026-09-16 13:36:21 | INFO | bdc.consumidores | Registro normalizado (Entrada: 28, Saída: 30).
2026-09-16 13:36:21 | INFO | bdc.consumidores | Classificação documental para AEROPORTO DE GUARULHOS 28082025_consiste.xlsx: tipo=>=5MWm analise=detalhada
2026-09-16 13:36:21 | INFO | bdc.consumidores | Iniciando validação unificada do registro. CNPJ=15578569000106
2026-09-16 13:36:21 | INFO | bdc.consumidores | Validação concluída. CNPJ=15578569000106 ERROS=0 AVISOS=1
2026-09-16 13:36:21 | INFO | bdc.consumidores | Validação condicional concluída para 15578569000106. Tipo=detalhada ERROS=2 AVISOS=2
2026-09-16 13:36:21 | INFO | bdc.consumidores | Iniciando processamento do arquivo AEROPORTO DE GUARULHOS RATING 04112025.xlsx em modo incremental.
2026-09-16 13:36:21 | INFO | bdc.consumidores | Extração competitiva: Vencedor padrao_2 identificado para AEROPORTO DE GUARULHOS RATING 04112025.xlsx.
2026-09-16 13:36:21 | INFO | bdc.consumidores | Registro normalizado (Entrada: 28, Saída: 30).
2026-09-16 13:36:21 | INFO | bdc.consumidores | Classificação documental para AEROPORTO DE GUARULHOS RATING 04112025.xlsx: tipo=>=5MWm analise=detalhada
2026-09-16 13:36:21 | INFO | bdc.consumidores | Iniciando validação unificada do registro. CNPJ=15578569000106
2026-09-16 13:36:21 | INFO | bdc.consumidores | Validação concluída. CNPJ=15578569000106 ERROS=0 AVISOS=1
2026-09-16 13:36:21 | INFO | bdc.consumidores | Validação condicional concluída para 15578569000106. Tipo=detalhada ERROS=1 AVISOS=1
2026-09-16 13:36:21 | INFO | bdc.consumidores | Iniciando processamento do arquivo AEROPORTOS DO NORDESTE_16032023.xlsx em modo incremental.
2026-09-16 13:36:21 | INFO | bdc.consumidores | Extração competitiva: Vencedor padrao_1 identificado para AEROPORTOS DO NORDESTE_16032023.xlsx.
2026-09-16 13:36:21 | INFO | bdc.consumidores | Registro normalizado (Entrada: 28, Saída: 30).
2026-09-16 13:36:21 | INFO | bdc.consumidores | Classificação documental para AEROPORTOS DO NORDESTE_16032023.xlsx: tipo=>=5MWm analise=detalhada
2026-09-16 13:36:21 | INFO | bdc.consumidores | Iniciando validação unificada do registro. CNPJ=33919741000120
2026-09-16 13:36:21 | INFO | bdc.consumidores | Validação concluída. CNPJ=33919741000120 ERROS=0 AVISOS=1
2026-09-16 13:36:21 | INFO | bdc.consumidores | Validação condicional concluída para 33919741000120. Tipo=detalhada ERROS=2 AVISOS=2
2026-09-16 13:36:21 | INFO | bdc.consumidores | Ficha processada com sucesso: AEROPORTOS DO NORDESTE_16032023.xlsx.
2026-09-16 13:36:21 | INFO | bdc.consumidores | Iniciando processamento do arquivo AGRONORTE RATING 02032026.xlsx em modo incremental.
2026-09-16 13:36:21 | INFO | bdc.consumidores | Extração competitiva: Vencedor padrao_2 identificado para AGRONORTE RATING 02032026.xlsx.
2026-09-16 13:36:21 | INFO | bdc.consumidores | Registro normalizado (Entrada: 28, Saída: 30).
2026-09-16 13:36:21 | INFO | bdc.consumidores | Classificação documental para AGRONORTE RATING 02032026.xlsx: tipo=>=5MWm analise=detalhada
2026-09-16 13:36:21 | INFO | bdc.consumidores | Iniciando validação unificada do registro. CNPJ=03503798000182
2026-09-16 13:36:21 | INFO | bdc.consumidores | Validação concluída. CNPJ=03503798000182 ERROS=0 AVISOS=1
2026-09-16 13:36:21 | INFO | bdc.consumidores | Validação condicional concluída para 03503798000182. Tipo=detalhada ERROS=2 AVISOS=1
2026-09-16 13:36:21 | INFO | bdc.consumidores | Ficha processada com sucesso: AGRONORTE RATING 02032026.xlsx.
2026-09-16 13:36:21 | INFO | bdc.consumidores | Iniciando processamento do arquivo AGROPÉU 18062025.xlsx em modo incremental.
2026-09-16 13:36:21 | INFO | bdc.consumidores | Extração competitiva: Vencedor padrao_1 identificado para AGROPÉU 18062025.xlsx.
2026-09-16 13:36:21 | INFO | bdc.consumidores | Registro normalizado (Entrada: 28, Saída: 30).
2026-09-16 13:36:21 | INFO | bdc.consumidores | Classificação documental para AGROPÉU 18062025.xlsx: tipo=>=5MWm analise=detalhada
2026-09-16 13:36:21 | INFO | bdc.consumidores | Iniciando validação unificada do registro. CNPJ=16617789000164
2026-09-16 13:36:21 | INFO | bdc.consumidores | Validação concluída. CNPJ=16617789000164 ERROS=0 AVISOS=1
2026-09-16 13:36:21 | INFO | bdc.consumidores | Validação condicional concluída para 16617789000164. Tipo=detalhada ERROS=2 AVISOS=2
2026-09-16 13:36:21 | INFO | bdc.consumidores | Ficha processada com sucesso: AGROPÉU 18062025.xlsx.
2026-09-16 13:36:21 | INFO | bdc.consumidores | Iniciando processamento do arquivo AGUAS DO RIO 4.xlsx em modo incremental.
2026-09-16 13:36:21 | INFO | bdc.consumidores | Extração competitiva: Vencedor padrao_2 identificado para AGUAS DO RIO 4.xlsx.
2026-09-16 13:36:21 | INFO | bdc.consumidores | Registro normalizado (Entrada: 28, Saída: 30).
2026-09-16 13:36:21 | INFO | bdc.consumidores | Classificação documental para AGUAS DO RIO 4.xlsx: tipo=<5MWm analise=simplificada
2026-09-16 13:36:21 | INFO | bdc.consumidores | Iniciando validação unificada do registro. CNPJ=42644220000106
2026-09-16 13:36:21 | INFO | bdc.consumidores | Validação concluída. CNPJ=42644220000106 ERROS=0 AVISOS=0
2026-09-16 13:36:21 | INFO | bdc.consumidores | Validação condicional concluída para 42644220000106. Tipo=simplificada ERROS=1 AVISOS=1
2026-09-16 13:36:21 | INFO | bdc.consumidores | Ficha processada com sucesso: AGUAS DO RIO 4.xlsx.
2026-09-16 13:36:21 | INFO | bdc.consumidores | Iniciando processamento do arquivo AHLSTROM-MUNKSJO 27052026.xlsx em modo incremental.
2026-09-16 13:36:22 | INFO | bdc.consumidores | Extração competitiva: Vencedor padrao_1 identificado para AHLSTROM-MUNKSJO 27052026.xlsx.
2026-09-16 13:36:22 | INFO | bdc.consumidores | Registro normalizado (Entrada: 28, Saída: 30).
2026-09-16 13:36:22 | INFO | bdc.consumidores | Classificação documental para AHLSTROM-MUNKSJO 27052026.xlsx: tipo=<5MWm analise=simplificada
2026-09-16 13:36:22 | INFO | bdc.consumidores | Iniciando validação unificada do registro. CNPJ=None
2026-09-16 13:36:22 | INFO | bdc.consumidores | Validação concluída. CNPJ=None ERROS=3 AVISOS=0
2026-09-16 13:36:22 | WARNING | bdc.consumidores | Erros de validação para CNPJ=None: ['GATE_ENGINE ausente: CNPJ', 'GATE_ENGINE ausente: EMPRESA', 'GATE_ENGINE ausente: DATA_DEMONSTRACAO_FINANCEIRA']
2026-09-16 13:36:22 | INFO | bdc.consumidores | Validação condicional concluída para None. Tipo=simplificada ERROS=4 AVISOS=1
2026-09-16 13:36:22 | INFO | bdc.consumidores | Iniciando processamento do arquivo AIR LIQUIDE 06072026.xlsx em modo incremental.
2026-09-16 13:36:22 | INFO | bdc.consumidores | Extração competitiva: Vencedor padrao_1 identificado para AIR LIQUIDE 06072026.xlsx.
2026-09-16 13:36:22 | INFO | bdc.consumidores | Registro normalizado (Entrada: 28, Saída: 30).
2026-09-16 13:36:22 | INFO | bdc.consumidores | Classificação documental para AIR LIQUIDE 06072026.xlsx: tipo=<5MWm analise=simplificada
2026-09-16 13:36:22 | INFO | bdc.consumidores | Iniciando validação unificada do registro. CNPJ=None
2026-09-16 13:36:22 | INFO | bdc.consumidores | Validação concluída. CNPJ=None ERROS=3 AVISOS=0
2026-09-16 13:36:22 | WARNING | bdc.consumidores | Erros de validação para CNPJ=None: ['GATE_ENGINE ausente: CNPJ', 'GATE_ENGINE ausente: EMPRESA', 'GATE_ENGINE ausente: DATA_DEMONSTRACAO_FINANCEIRA']
2026-09-16 13:36:22 | INFO | bdc.consumidores | Validação condicional concluída para None. Tipo=simplificada ERROS=4 AVISOS=1
2026-09-16 13:36:22 | INFO | bdc.consumidores | Iniciando processamento do arquivo ALBRAS 21072026.xlsx em modo incremental.
2026-09-16 13:36:22 | INFO | bdc.consumidores | Extração competitiva: Vencedor padrao_2 identificado para ALBRAS 21072026.xlsx.
2026-09-16 13:36:22 | INFO | bdc.consumidores | Registro normalizado (Entrada: 28, Saída: 30).
2026-09-16 13:36:22 | INFO | bdc.consumidores | Classificação documental para ALBRAS 21072026.xlsx: tipo=<5MWm analise=simplificada
2026-09-16 13:36:22 | INFO | bdc.consumidores | Iniciando validação unificada do registro. CNPJ=05053020000144
2026-09-16 13:36:22 | INFO | bdc.consumidores | Validação concluída. CNPJ=05053020000144 ERROS=0 AVISOS=0
2026-09-16 13:36:22 | INFO | bdc.consumidores | Validação condicional concluída para 05053020000144. Tipo=simplificada ERROS=1 AVISOS=1
2026-09-16 13:36:22 | INFO | bdc.consumidores | Ficha processada com sucesso: ALBRAS 21072026.xlsx.
2026-09-16 13:36:22 | INFO | bdc.consumidores | Iniciando processamento do arquivo ALBRAS 27052025.xlsx em modo incremental.
2026-09-16 13:36:22 | INFO | bdc.consumidores | Extração competitiva: Vencedor padrao_1 identificado para ALBRAS 27052025.xlsx.
2026-09-16 13:36:22 | INFO | bdc.consumidores | Registro normalizado (Entrada: 28, Saída: 30).
2026-09-16 13:36:22 | INFO | bdc.consumidores | Classificação documental para ALBRAS 27052025.xlsx: tipo=>=5MWm analise=detalhada
2026-09-16 13:36:22 | INFO | bdc.consumidores | Iniciando validação unificada do registro. CNPJ=05053020000144
2026-09-16 13:36:22 | INFO | bdc.consumidores | Validação concluída. CNPJ=05053020000144 ERROS=0 AVISOS=1
2026-09-16 13:36:22 | INFO | bdc.consumidores | Validação condicional concluída para 05053020000144. Tipo=detalhada ERROS=2 AVISOS=2
2026-09-16 13:36:22 | INFO | bdc.consumidores | Ficha processada com sucesso: ALBRAS 27052025.xlsx.
2026-09-16 13:36:22 | INFO | bdc.consumidores | Iniciando processamento do arquivo ALBRAS RATING 05012026.xlsx em modo incremental.
2026-09-16 13:36:22 | INFO | bdc.consumidores | Extração competitiva: Vencedor padrao_2 identificado para ALBRAS RATING 05012026.xlsx.
2026-09-16 13:36:22 | INFO | bdc.consumidores | Registro normalizado (Entrada: 28, Saída: 30).
2026-09-16 13:36:22 | INFO | bdc.consumidores | Classificação documental para ALBRAS RATING 05012026.xlsx: tipo=>=5MWm analise=detalhada
2026-09-16 13:36:22 | INFO | bdc.consumidores | Iniciando validação unificada do registro. CNPJ=05053020000144
2026-09-16 13:36:22 | INFO | bdc.consumidores | Validação concluída. CNPJ=05053020000144 ERROS=0 AVISOS=1
2026-09-16 13:36:22 | INFO | bdc.consumidores | Validação condicional concluída para 05053020000144. Tipo=detalhada ERROS=1 AVISOS=1
2026-09-16 13:36:22 | INFO | bdc.consumidores | Iniciando processamento do arquivo ALCOA 08042026.xlsx em modo incremental.
2026-09-16 13:36:22 | INFO | bdc.consumidores | Extração competitiva: Vencedor padrao_2 identificado para ALCOA 08042026.xlsx.
2026-09-16 13:36:22 | INFO | bdc.consumidores | Registro normalizado (Entrada: 28, Saída: 30).
2026-09-16 13:36:22 | INFO | bdc.consumidores | Classificação documental para ALCOA 08042026.xlsx: tipo=>=5MWm analise=detalhada
2026-09-16 13:36:22 | INFO | bdc.consumidores | Iniciando validação unificada do registro. CNPJ=23637697000101
2026-09-16 13:36:22 | INFO | bdc.consumidores | Validação concluída. CNPJ=23637697000101 ERROS=0 AVISOS=1
2026-09-16 13:36:22 | INFO | bdc.consumidores | Validação condicional concluída para 23637697000101. Tipo=detalhada ERROS=0 AVISOS=1
2026-09-16 13:36:22 | INFO | bdc.consumidores | Ficha processada com sucesso: ALCOA 08042026.xlsx.
2026-09-16 13:36:22 | INFO | bdc.consumidores | Iniciando processamento do arquivo ALCOA ALUMINIO 30052025.xlsx em modo incremental.
2026-09-16 13:36:22 | INFO | bdc.consumidores | Extração competitiva: Vencedor padrao_1 identificado para ALCOA ALUMINIO 30052025.xlsx.
2026-09-16 13:36:22 | INFO | bdc.consumidores | Registro normalizado (Entrada: 28, Saída: 30).
2026-09-16 13:36:22 | INFO | bdc.consumidores | Classificação documental para ALCOA ALUMINIO 30052025.xlsx: tipo=>=5MWm analise=detalhada
2026-09-16 13:36:22 | INFO | bdc.consumidores | Iniciando validação unificada do registro. CNPJ=23637697000101
2026-09-16 13:36:22 | INFO | bdc.consumidores | Validação concluída. CNPJ=23637697000101 ERROS=0 AVISOS=1
2026-09-16 13:36:22 | INFO | bdc.consumidores | Validação condicional concluída para 23637697000101. Tipo=detalhada ERROS=2 AVISOS=2
2026-09-16 13:36:22 | INFO | bdc.consumidores | Ficha processada com sucesso: ALCOA ALUMINIO 30052025.xlsx.
2026-09-16 13:36:22 | INFO | bdc.consumidores | Iniciando processamento do arquivo ALCOA ALUMINIO RATING 01122025.xlsx em modo incremental.
2026-09-16 13:36:22 | INFO | bdc.consumidores | Extração competitiva: Vencedor padrao_2 identificado para ALCOA ALUMINIO RATING 01122025.xlsx.
2026-09-16 13:36:23 | INFO | bdc.consumidores | Registro normalizado (Entrada: 28, Saída: 30).
2026-09-16 13:36:23 | INFO | bdc.consumidores | Classificação documental para ALCOA ALUMINIO RATING 01122025.xlsx: tipo=>=5MWm analise=detalhada
2026-09-16 13:36:23 | INFO | bdc.consumidores | Iniciando validação unificada do registro. CNPJ=23637697000101
2026-09-16 13:36:23 | INFO | bdc.consumidores | Validação concluída. CNPJ=23637697000101 ERROS=0 AVISOS=1
2026-09-16 13:36:23 | INFO | bdc.consumidores | Validação condicional concluída para 23637697000101. Tipo=detalhada ERROS=1 AVISOS=1
2026-09-16 13:36:23 | INFO | bdc.consumidores | Iniciando processamento do arquivo ALCOA WORLD 13052026.xlsx em modo incremental.
2026-09-16 13:36:23 | INFO | bdc.consumidores | Extração competitiva: Vencedor padrao_1 identificado para ALCOA WORLD 13052026.xlsx.
2026-09-16 13:36:23 | INFO | bdc.consumidores | Registro normalizado (Entrada: 28, Saída: 30).
2026-09-16 13:36:23 | INFO | bdc.consumidores | Classificação documental para ALCOA WORLD 13052026.xlsx: tipo=<5MWm analise=simplificada
2026-09-16 13:36:23 | INFO | bdc.consumidores | Iniciando validação unificada do registro. CNPJ=None
2026-09-16 13:36:23 | INFO | bdc.consumidores | Validação concluída. CNPJ=None ERROS=3 AVISOS=0
2026-09-16 13:36:23 | WARNING | bdc.consumidores | Erros de validação para CNPJ=None: ['GATE_ENGINE ausente: CNPJ', 'GATE_ENGINE ausente: EMPRESA', 'GATE_ENGINE ausente: DATA_DEMONSTRACAO_FINANCEIRA']
2026-09-16 13:36:23 | INFO | bdc.consumidores | Validação condicional concluída para None. Tipo=simplificada ERROS=4 AVISOS=1
2026-09-16 13:36:23 | INFO | bdc.consumidores | Iniciando processamento do arquivo ALCOESTE BIOENERTIA 04-05-2026.xlsx em modo incremental.
2026-09-16 13:36:23 | INFO | bdc.consumidores | Extração competitiva: Vencedor padrao_2 identificado para ALCOESTE BIOENERTIA 04-05-2026.xlsx.
2026-09-16 13:36:23 | INFO | bdc.consumidores | Registro normalizado (Entrada: 28, Saída: 30).
2026-09-16 13:36:23 | INFO | bdc.consumidores | Classificação documental para ALCOESTE BIOENERTIA 04-05-2026.xlsx: tipo=>=5MWm analise=detalhada
2026-09-16 13:36:23 | INFO | bdc.consumidores | Iniciando validação unificada do registro. CNPJ=43545284000104
2026-09-16 13:36:23 | INFO | bdc.consumidores | Validação concluída. CNPJ=43545284000104 ERROS=0 AVISOS=1
2026-09-16 13:36:23 | INFO | bdc.consumidores | Validação condicional concluída para 43545284000104. Tipo=detalhada ERROS=0 AVISOS=1
2026-09-16 13:36:23 | INFO | bdc.consumidores | Ficha processada com sucesso: ALCOESTE BIOENERTIA 04-05-2026.xlsx.
2026-09-16 13:36:23 | INFO | bdc.consumidores | Iniciando processamento do arquivo ALCOESTE FERNANDÓPOLIS 22052026.xlsx em modo incremental.
2026-09-16 13:36:23 | INFO | bdc.consumidores | Extração competitiva: Vencedor padrao_2 identificado para ALCOESTE FERNANDÓPOLIS 22052026.xlsx.
2026-09-16 13:36:23 | INFO | bdc.consumidores | Registro normalizado (Entrada: 28, Saída: 30).
2026-09-16 13:36:23 | INFO | bdc.consumidores | Classificação documental para ALCOESTE FERNANDÓPOLIS 22052026.xlsx: tipo=>=5MWm analise=detalhada
2026-09-16 13:36:23 | INFO | bdc.consumidores | Iniciando validação unificada do registro. CNPJ=43545284000104
2026-09-16 13:36:23 | INFO | bdc.consumidores | Validação concluída. CNPJ=43545284000104 ERROS=0 AVISOS=1
2026-09-16 13:36:23 | INFO | bdc.consumidores | Validação condicional concluída para 43545284000104. Tipo=detalhada ERROS=1 AVISOS=1
2026-09-16 13:36:23 | INFO | bdc.consumidores | Ficha processada com sucesso: ALCOESTE FERNANDÓPOLIS 22052026.xlsx.
2026-09-16 13:36:23 | INFO | bdc.consumidores | Iniciando processamento do arquivo ALIANSCE SONAE_29062023.xlsx em modo incremental.
2026-09-16 13:36:23 | INFO | bdc.consumidores | Extração competitiva: Vencedor padrao_1 identificado para ALIANSCE SONAE_29062023.xlsx.
2026-09-16 13:36:23 | INFO | bdc.consumidores | Registro normalizado (Entrada: 28, Saída: 30).
2026-09-16 13:36:23 | INFO | bdc.consumidores | Classificação documental para ALIANSCE SONAE_29062023.xlsx: tipo=>=5MWm analise=detalhada
2026-09-16 13:36:23 | INFO | bdc.consumidores | Iniciando validação unificada do registro. CNPJ=05878397000132
2026-09-16 13:36:23 | INFO | bdc.consumidores | Validação concluída. CNPJ=05878397000132 ERROS=0 AVISOS=1
2026-09-16 13:36:23 | INFO | bdc.consumidores | Validação condicional concluída para 05878397000132. Tipo=detalhada ERROS=2 AVISOS=2
2026-09-16 13:36:23 | INFO | bdc.consumidores | Ficha processada com sucesso: ALIANSCE SONAE_29062023.xlsx.
2026-09-16 13:36:23 | INFO | bdc.consumidores | Iniciando processamento do arquivo ALIANÇA GERAÇÃO 17072025.xlsx em modo incremental.
2026-09-16 13:36:23 | INFO | bdc.consumidores | Extração competitiva: Vencedor padrao_1 identificado para ALIANÇA GERAÇÃO 17072025.xlsx.
2026-09-16 13:36:23 | INFO | bdc.consumidores | Registro normalizado (Entrada: 28, Saída: 30).
2026-09-16 13:36:23 | INFO | bdc.consumidores | Classificação documental para ALIANÇA GERAÇÃO 17072025.xlsx: tipo=>=5MWm analise=detalhada
2026-09-16 13:36:23 | INFO | bdc.consumidores | Iniciando validação unificada do registro. CNPJ=12009135000105
2026-09-16 13:36:23 | INFO | bdc.consumidores | Validação concluída. CNPJ=12009135000105 ERROS=0 AVISOS=1
2026-09-16 13:36:23 | INFO | bdc.consumidores | Validação condicional concluída para 12009135000105. Tipo=detalhada ERROS=2 AVISOS=2
2026-09-16 13:36:23 | INFO | bdc.consumidores | Ficha processada com sucesso: ALIANÇA GERAÇÃO 17072025.xlsx.
2026-09-16 13:36:23 | INFO | bdc.consumidores | Iniciando processamento do arquivo ALIANÇA GERAÇÃO RATING 28012026.xlsx em modo incremental.
2026-09-16 13:36:23 | INFO | bdc.consumidores | Extração competitiva: Vencedor padrao_2 identificado para ALIANÇA GERAÇÃO RATING 28012026.xlsx.
2026-09-16 13:36:23 | INFO | bdc.consumidores | Registro normalizado (Entrada: 28, Saída: 30).
2026-09-16 13:36:23 | INFO | bdc.consumidores | Classificação documental para ALIANÇA GERAÇÃO RATING 28012026.xlsx: tipo=>=5MWm analise=detalhada
2026-09-16 13:36:23 | INFO | bdc.consumidores | Iniciando validação unificada do registro. CNPJ=12009135000105
2026-09-16 13:36:23 | INFO | bdc.consumidores | Validação concluída. CNPJ=12009135000105 ERROS=0 AVISOS=1
2026-09-16 13:36:23 | INFO | bdc.consumidores | Validação condicional concluída para 12009135000105. Tipo=detalhada ERROS=0 AVISOS=1
2026-09-16 13:36:23 | INFO | bdc.consumidores | Iniciando processamento do arquivo ALLIANCE RATING 04022025.xlsx em modo incremental.
2026-09-16 13:36:23 | INFO | bdc.consumidores | Extração competitiva: Vencedor padrao_2 identificado para ALLIANCE RATING 04022025.xlsx.
2026-09-16 13:36:24 | INFO | bdc.consumidores | Registro normalizado (Entrada: 28, Saída: 30).
2026-09-16 13:36:24 | INFO | bdc.consumidores | Classificação documental para ALLIANCE RATING 04022025.xlsx: tipo=>=5MWm analise=detalhada
2026-09-16 13:36:24 | INFO | bdc.consumidores | Iniciando validação unificada do registro. CNPJ=05297665000122
2026-09-16 13:36:24 | INFO | bdc.consumidores | Validação concluída. CNPJ=05297665000122 ERROS=0 AVISOS=0
2026-09-16 13:36:24 | INFO | bdc.consumidores | Validação condicional concluída para 05297665000122. Tipo=detalhada ERROS=1 AVISOS=0
2026-09-16 13:36:24 | INFO | bdc.consumidores | Ficha processada com sucesso: ALLIANCE RATING 04022025.xlsx.
2026-09-16 13:36:24 | INFO | bdc.consumidores | Iniciando processamento do arquivo ALUNORTE 17062026.xlsx em modo incremental.
2026-09-16 13:36:24 | INFO | bdc.consumidores | Extração competitiva: Vencedor padrao_2 identificado para ALUNORTE 17062026.xlsx.
2026-09-16 13:36:24 | INFO | bdc.consumidores | Registro normalizado (Entrada: 28, Saída: 30).
2026-09-16 13:36:24 | INFO | bdc.consumidores | Classificação documental para ALUNORTE 17062026.xlsx: tipo=<5MWm analise=simplificada
2026-09-16 13:36:24 | INFO | bdc.consumidores | Iniciando validação unificada do registro. CNPJ=05848387000154
2026-09-16 13:36:24 | INFO | bdc.consumidores | Validação concluída. CNPJ=05848387000154 ERROS=0 AVISOS=0
2026-09-16 13:36:24 | INFO | bdc.consumidores | Validação condicional concluída para 05848387000154. Tipo=simplificada ERROS=1 AVISOS=1
2026-09-16 13:36:24 | INFO | bdc.consumidores | Ficha processada com sucesso: ALUNORTE 17062026.xlsx.
2026-09-16 13:36:24 | INFO | bdc.consumidores | Iniciando processamento do arquivo ALUNORTE RATING 18122025.xlsx em modo incremental.
2026-09-16 13:36:24 | INFO | bdc.consumidores | Extração competitiva: Vencedor padrao_2 identificado para ALUNORTE RATING 18122025.xlsx.
2026-09-16 13:36:24 | INFO | bdc.consumidores | Registro normalizado (Entrada: 28, Saída: 30).
2026-09-16 13:36:24 | INFO | bdc.consumidores | Classificação documental para ALUNORTE RATING 18122025.xlsx: tipo=>=5MWm analise=detalhada
2026-09-16 13:36:24 | INFO | bdc.consumidores | Iniciando validação unificada do registro. CNPJ=05848387000154
2026-09-16 13:36:24 | INFO | bdc.consumidores | Validação concluída. CNPJ=05848387000154 ERROS=0 AVISOS=1
2026-09-16 13:36:24 | INFO | bdc.consumidores | Validação condicional concluída para 05848387000154. Tipo=detalhada ERROS=0 AVISOS=1
2026-09-16 13:36:24 | INFO | bdc.consumidores | Ficha processada com sucesso: ALUNORTE RATING 18122025.xlsx.
2026-09-16 13:36:24 | INFO | bdc.consumidores | Iniciando processamento do arquivo AMBIENTAL - NESTOR DE BARROS 31072026.xlsx em modo incremental.
2026-09-16 13:36:24 | INFO | bdc.consumidores | Extração competitiva: Vencedor padrao_2 identificado para AMBIENTAL - NESTOR DE BARROS 31072026.xlsx.
2026-09-16 13:36:24 | INFO | bdc.consumidores | Registro normalizado (Entrada: 28, Saída: 30).
2026-09-16 13:36:24 | INFO | bdc.consumidores | Classificação documental para AMBIENTAL - NESTOR DE BARROS 31072026.xlsx: tipo=<5MWm analise=simplificada
2026-09-16 13:36:24 | INFO | bdc.consumidores | Iniciando validação unificada do registro. CNPJ=08405256000190
2026-09-16 13:36:24 | INFO | bdc.consumidores | Validação concluída. CNPJ=08405256000190 ERROS=0 AVISOS=0
2026-09-16 13:36:24 | INFO | bdc.consumidores | Validação condicional concluída para 08405256000190. Tipo=simplificada ERROS=1 AVISOS=1
2026-09-16 13:36:24 | INFO | bdc.consumidores | Ficha processada com sucesso: AMBIENTAL - NESTOR DE BARROS 31072026.xlsx.
2026-09-16 13:36:24 | INFO | bdc.consumidores | Iniciando processamento do arquivo AMELPLAST RATING 29012026.xlsx em modo incremental.
2026-09-16 13:36:24 | INFO | bdc.consumidores | Extração competitiva: Vencedor padrao_2 identificado para AMELPLAST RATING 29012026.xlsx.
2026-09-16 13:36:24 | INFO | bdc.consumidores | Registro normalizado (Entrada: 28, Saída: 30).
2026-09-16 13:36:24 | INFO | bdc.consumidores | Classificação documental para AMELPLAST RATING 29012026.xlsx: tipo=>=5MWm analise=detalhada
2026-09-16 13:36:24 | INFO | bdc.consumidores | Iniciando validação unificada do registro. CNPJ=40797554000186
2026-09-16 13:36:24 | INFO | bdc.consumidores | Validação concluída. CNPJ=40797554000186 ERROS=0 AVISOS=0
2026-09-16 13:36:24 | INFO | bdc.consumidores | Validação condicional concluída para 40797554000186. Tipo=detalhada ERROS=0 AVISOS=0
2026-09-16 13:36:24 | INFO | bdc.consumidores | Ficha processada com sucesso: AMELPLAST RATING 29012026.xlsx.
2026-09-16 13:36:24 | INFO | bdc.consumidores | Iniciando processamento do arquivo ANGLO AMERICAN 03072026.xlsx em modo incremental.
2026-09-16 13:36:24 | INFO | bdc.consumidores | Extração competitiva: Vencedor padrao_2 identificado para ANGLO AMERICAN 03072026.xlsx.
2026-09-16 13:36:24 | INFO | bdc.consumidores | Registro normalizado (Entrada: 28, Saída: 30).
2026-09-16 13:36:24 | INFO | bdc.consumidores | Classificação documental para ANGLO AMERICAN 03072026.xlsx: tipo=<5MWm analise=simplificada
2026-09-16 13:36:24 | INFO | bdc.consumidores | Iniciando validação unificada do registro. CNPJ=42184226000130
2026-09-16 13:36:24 | INFO | bdc.consumidores | Validação concluída. CNPJ=42184226000130 ERROS=0 AVISOS=0
2026-09-16 13:36:24 | INFO | bdc.consumidores | Validação condicional concluída para 42184226000130. Tipo=simplificada ERROS=1 AVISOS=1
2026-09-16 13:36:24 | INFO | bdc.consumidores | Ficha processada com sucesso: ANGLO AMERICAN 03072026.xlsx.
2026-09-16 13:36:24 | INFO | bdc.consumidores | Iniciando processamento do arquivo ANGLO AMERICAN 31.12.2023.xlsx em modo incremental.
2026-09-16 13:36:24 | INFO | bdc.consumidores | Extração competitiva: Vencedor padrao_1 identificado para ANGLO AMERICAN 31.12.2023.xlsx.
2026-09-16 13:36:24 | INFO | bdc.consumidores | Registro normalizado (Entrada: 28, Saída: 30).
2026-09-16 13:36:24 | INFO | bdc.consumidores | Classificação documental para ANGLO AMERICAN 31.12.2023.xlsx: tipo=>=5MWm analise=detalhada
2026-09-16 13:36:24 | INFO | bdc.consumidores | Iniciando validação unificada do registro. CNPJ=42184226001969
2026-09-16 13:36:24 | INFO | bdc.consumidores | Validação concluída. CNPJ=42184226001969 ERROS=0 AVISOS=1
2026-09-16 13:36:24 | INFO | bdc.consumidores | Validação condicional concluída para 42184226001969. Tipo=detalhada ERROS=2 AVISOS=2
2026-09-16 13:36:24 | INFO | bdc.consumidores | Ficha processada com sucesso: ANGLO AMERICAN 31.12.2023.xlsx.
2026-09-16 13:36:25 | INFO | bdc.consumidores | Iniciando processamento do arquivo ANGLO AMERICAN RATING 14102025.xlsx em modo incremental.
2026-09-16 13:36:25 | INFO | bdc.consumidores | Extração competitiva: Vencedor padrao_2 identificado para ANGLO AMERICAN RATING 14102025.xlsx.
2026-09-16 13:36:25 | INFO | bdc.consumidores | Registro normalizado (Entrada: 28, Saída: 30).
2026-09-16 13:36:25 | INFO | bdc.consumidores | Classificação documental para ANGLO AMERICAN RATING 14102025.xlsx: tipo=>=5MWm analise=detalhada
2026-09-16 13:36:25 | INFO | bdc.consumidores | Iniciando validação unificada do registro. CNPJ=02359572000430
2026-09-16 13:36:25 | INFO | bdc.consumidores | Validação concluída. CNPJ=02359572000430 ERROS=0 AVISOS=1
2026-09-16 13:36:25 | INFO | bdc.consumidores | Validação condicional concluída para 02359572000430. Tipo=detalhada ERROS=0 AVISOS=1
2026-09-16 13:36:25 | INFO | bdc.consumidores | Ficha processada com sucesso: ANGLO AMERICAN RATING 14102025.xlsx.
2026-09-16 13:36:25 | INFO | bdc.consumidores | Iniciando processamento do arquivo APERAM RATING 18032026.xlsx em modo incremental.
2026-09-16 13:36:25 | INFO | bdc.consumidores | Extração competitiva: Vencedor padrao_2 identificado para APERAM RATING 18032026.xlsx.
2026-09-16 13:36:25 | INFO | bdc.consumidores | Registro normalizado (Entrada: 28, Saída: 30).
2026-09-16 13:36:25 | INFO | bdc.consumidores | Classificação documental para APERAM RATING 18032026.xlsx: tipo=>=5MWm analise=detalhada
2026-09-16 13:36:25 | INFO | bdc.consumidores | Iniciando validação unificada do registro. CNPJ=33390170000189
2026-09-16 13:36:25 | INFO | bdc.consumidores | Validação concluída. CNPJ=33390170000189 ERROS=0 AVISOS=1
2026-09-16 13:36:25 | INFO | bdc.consumidores | Validação condicional concluída para 33390170000189. Tipo=detalhada ERROS=0 AVISOS=1
2026-09-16 13:36:25 | INFO | bdc.consumidores | Ficha processada com sucesso: APERAM RATING 18032026.xlsx.
2026-09-16 13:36:25 | INFO | bdc.consumidores | Iniciando processamento do arquivo ARAMART 28072026.xlsx em modo incremental.
2026-09-16 13:36:25 | INFO | bdc.consumidores | Extração competitiva: Vencedor padrao_2 identificado para ARAMART 28072026.xlsx.
2026-09-16 13:36:25 | INFO | bdc.consumidores | Registro normalizado (Entrada: 28, Saída: 30).
2026-09-16 13:36:25 | INFO | bdc.consumidores | Classificação documental para ARAMART 28072026.xlsx: tipo=<5MWm analise=simplificada
2026-09-16 13:36:25 | INFO | bdc.consumidores | Iniciando validação unificada do registro. CNPJ=13416922000126
2026-09-16 13:36:25 | INFO | bdc.consumidores | Validação concluída. CNPJ=13416922000126 ERROS=0 AVISOS=0
2026-09-16 13:36:25 | INFO | bdc.consumidores | Validação condicional concluída para 13416922000126. Tipo=simplificada ERROS=1 AVISOS=1
2026-09-16 13:36:25 | INFO | bdc.consumidores | Ficha processada com sucesso: ARAMART 28072026.xlsx.
2026-09-16 13:36:25 | INFO | bdc.consumidores | Iniciando processamento do arquivo ARAUCO - 27032025.xlsx em modo incremental.
2026-09-16 13:36:25 | INFO | bdc.consumidores | Extração competitiva: Vencedor padrao_1 identificado para ARAUCO - 27032025.xlsx.
2026-09-16 13:36:25 | INFO | bdc.consumidores | Registro normalizado (Entrada: 28, Saída: 30).
2026-09-16 13:36:25 | INFO | bdc.consumidores | Classificação documental para ARAUCO - 27032025.xlsx: tipo=>=5MWm analise=detalhada
2026-09-16 13:36:25 | INFO | bdc.consumidores | Iniciando validação unificada do registro. CNPJ=47658073000139
2026-09-16 13:36:25 | INFO | bdc.consumidores | Validação concluída. CNPJ=47658073000139 ERROS=0 AVISOS=1
2026-09-16 13:36:25 | INFO | bdc.consumidores | Validação condicional concluída para 47658073000139. Tipo=detalhada ERROS=2 AVISOS=2
2026-09-16 13:36:25 | INFO | bdc.consumidores | Ficha processada com sucesso: ARAUCO - 27032025.xlsx.
2026-09-16 13:36:25 | INFO | bdc.consumidores | Iniciando processamento do arquivo ARCELORMITTAL - 00350481.xlsx em modo incremental.
2026-09-16 13:36:25 | INFO | bdc.consumidores | Extração competitiva: Vencedor padrao_1 identificado para ARCELORMITTAL - 00350481.xlsx.
2026-09-16 13:36:25 | INFO | bdc.consumidores | Registro normalizado (Entrada: 28, Saída: 30).
2026-09-16 13:36:25 | INFO | bdc.consumidores | Classificação documental para ARCELORMITTAL - 00350481.xlsx: tipo=>=5MWm analise=detalhada
2026-09-16 13:36:25 | INFO | bdc.consumidores | Iniciando validação unificada do registro. CNPJ=09509535000167
2026-09-16 13:36:25 | INFO | bdc.consumidores | Validação concluída. CNPJ=09509535000167 ERROS=0 AVISOS=1
2026-09-16 13:36:25 | INFO | bdc.consumidores | Validação condicional concluída para 09509535000167. Tipo=detalhada ERROS=2 AVISOS=2
2026-09-16 13:36:25 | INFO | bdc.consumidores | Ficha processada com sucesso: ARCELORMITTAL - 00350481.xlsx.
2026-09-16 13:36:25 | INFO | bdc.consumidores | Iniciando processamento do arquivo ARCELORMITTAL 13052026.xlsx em modo incremental.
2026-09-16 13:36:25 | INFO | bdc.consumidores | Extração competitiva: Vencedor padrao_2 identificado para ARCELORMITTAL 13052026.xlsx.
2026-09-16 13:36:25 | INFO | bdc.consumidores | Registro normalizado (Entrada: 28, Saída: 30).
2026-09-16 13:36:25 | INFO | bdc.consumidores | Classificação documental para ARCELORMITTAL 13052026.xlsx: tipo=>=5MWm analise=detalhada
2026-09-16 13:36:25 | INFO | bdc.consumidores | Iniciando validação unificada do registro. CNPJ=17469701000177
2026-09-16 13:36:25 | INFO | bdc.consumidores | Validação concluída. CNPJ=17469701000177 ERROS=0 AVISOS=0
2026-09-16 13:36:25 | INFO | bdc.consumidores | Validação condicional concluída para 17469701000177. Tipo=detalhada ERROS=3 AVISOS=0
2026-09-16 13:36:25 | INFO | bdc.consumidores | Ficha processada com sucesso: ARCELORMITTAL 13052026.xlsx.
2026-09-16 13:36:25 | INFO | bdc.consumidores | Iniciando processamento do arquivo ARCELORMITTAL PECEM 17072026.xlsx em modo incremental.
2026-09-16 13:36:26 | INFO | bdc.consumidores | Extração competitiva: Vencedor padrao_1 identificado para ARCELORMITTAL PECEM 17072026.xlsx.
2026-09-16 13:36:26 | INFO | bdc.consumidores | Registro normalizado (Entrada: 28, Saída: 30).
2026-09-16 13:36:26 | INFO | bdc.consumidores | Classificação documental para ARCELORMITTAL PECEM 17072026.xlsx: tipo=<5MWm analise=simplificada
2026-09-16 13:36:26 | INFO | bdc.consumidores | Iniciando validação unificada do registro. CNPJ=None
2026-09-16 13:36:26 | INFO | bdc.consumidores | Validação concluída. CNPJ=None ERROS=3 AVISOS=0
2026-09-16 13:36:26 | WARNING | bdc.consumidores | Erros de validação para CNPJ=None: ['GATE_ENGINE ausente: CNPJ', 'GATE_ENGINE ausente: EMPRESA', 'GATE_ENGINE ausente: DATA_DEMONSTRACAO_FINANCEIRA']
2026-09-16 13:36:26 | INFO | bdc.consumidores | Validação condicional concluída para None. Tipo=simplificada ERROS=4 AVISOS=1
2026-09-16 13:36:26 | INFO | bdc.consumidores | Iniciando processamento do arquivo ARCELORMITTAL RATING 05112025.xlsx em modo incremental.
2026-09-16 13:36:26 | INFO | bdc.consumidores | Extração competitiva: Vencedor padrao_2 identificado para ARCELORMITTAL RATING 05112025.xlsx.
2026-09-16 13:36:26 | INFO | bdc.consumidores | Registro normalizado (Entrada: 28, Saída: 30).
2026-09-16 13:36:26 | INFO | bdc.consumidores | Classificação documental para ARCELORMITTAL RATING 05112025.xlsx: tipo=>=5MWm analise=detalhada
2026-09-16 13:36:26 | INFO | bdc.consumidores | Iniciando validação unificada do registro. CNPJ=17469701000177
2026-09-16 13:36:26 | INFO | bdc.consumidores | Validação concluída. CNPJ=17469701000177 ERROS=0 AVISOS=1
2026-09-16 13:36:26 | INFO | bdc.consumidores | Validação condicional concluída para 17469701000177. Tipo=detalhada ERROS=1 AVISOS=1
2026-09-16 13:36:26 | INFO | bdc.consumidores | Ficha processada com sucesso: ARCELORMITTAL RATING 05112025.xlsx.
2026-09-16 13:36:26 | INFO | bdc.consumidores | Iniciando processamento do arquivo ARLANXEO_21032023.xlsx em modo incremental.
2026-09-16 13:36:26 | INFO | bdc.consumidores | Extração competitiva: Vencedor padrao_1 identificado para ARLANXEO_21032023.xlsx.
2026-09-16 13:36:26 | INFO | bdc.consumidores | Registro normalizado (Entrada: 28, Saída: 30).
2026-09-16 13:36:26 | INFO | bdc.consumidores | Classificação documental para ARLANXEO_21032023.xlsx: tipo=>=5MWm analise=detalhada
2026-09-16 13:36:26 | INFO | bdc.consumidores | Iniciando validação unificada do registro. CNPJ=29667227000177
2026-09-16 13:36:26 | INFO | bdc.consumidores | Validação concluída. CNPJ=29667227000177 ERROS=0 AVISOS=0
2026-09-16 13:36:26 | INFO | bdc.consumidores | Validação condicional concluída para 29667227000177. Tipo=detalhada ERROS=2 AVISOS=1
2026-09-16 13:36:26 | INFO | bdc.consumidores | Ficha processada com sucesso: ARLANXEO_21032023.xlsx.
2026-09-16 13:36:26 | INFO | bdc.consumidores | Iniciando processamento do arquivo ASCENTY 09072025.xlsx em modo incremental.
2026-09-16 13:36:26 | INFO | bdc.consumidores | Extração competitiva: Vencedor padrao_1 identificado para ASCENTY 09072025.xlsx.
2026-09-16 13:36:26 | INFO | bdc.consumidores | Registro normalizado (Entrada: 28, Saída: 30).
2026-09-16 13:36:26 | INFO | bdc.consumidores | Classificação documental para ASCENTY 09072025.xlsx: tipo=>=5MWm analise=detalhada
2026-09-16 13:36:26 | INFO | bdc.consumidores | Iniciando validação unificada do registro. CNPJ=13743550000142
2026-09-16 13:36:26 | INFO | bdc.consumidores | Validação concluída. CNPJ=13743550000142 ERROS=0 AVISOS=0
2026-09-16 13:36:26 | INFO | bdc.consumidores | Validação condicional concluída para 13743550000142. Tipo=detalhada ERROS=2 AVISOS=1
2026-09-16 13:36:26 | INFO | bdc.consumidores | Ficha processada com sucesso: ASCENTY 09072025.xlsx.
2026-09-16 13:36:26 | INFO | bdc.consumidores | Iniciando processamento do arquivo ASCENTY 21052026.xlsx em modo incremental.
2026-09-16 13:36:26 | INFO | bdc.consumidores | Extração competitiva: Vencedor padrao_2 identificado para ASCENTY 21052026.xlsx.
2026-09-16 13:36:26 | INFO | bdc.consumidores | Registro normalizado (Entrada: 28, Saída: 30).
2026-09-16 13:36:26 | INFO | bdc.consumidores | Classificação documental para ASCENTY 21052026.xlsx: tipo=>=5MWm analise=detalhada
2026-09-16 13:36:26 | INFO | bdc.consumidores | Iniciando validação unificada do registro. CNPJ=13743550000142
2026-09-16 13:36:26 | INFO | bdc.consumidores | Validação concluída. CNPJ=13743550000142 ERROS=0 AVISOS=1
2026-09-16 13:36:26 | INFO | bdc.consumidores | Validação condicional concluída para 13743550000142. Tipo=detalhada ERROS=1 AVISOS=1
2026-09-16 13:36:26 | INFO | bdc.consumidores | Ficha processada com sucesso: ASCENTY 21052026.xlsx.
2026-09-16 13:36:26 | INFO | bdc.consumidores | Iniciando processamento do arquivo ASCENTY RATING 13102023.xlsx em modo incremental.
2026-09-16 13:36:26 | INFO | bdc.consumidores | Extração competitiva: Vencedor padrao_1 identificado para ASCENTY RATING 13102023.xlsx.
2026-09-16 13:36:26 | INFO | bdc.consumidores | Registro normalizado (Entrada: 28, Saída: 30).
2026-09-16 13:36:26 | INFO | bdc.consumidores | Classificação documental para ASCENTY RATING 13102023.xlsx: tipo=<5MWm analise=simplificada
2026-09-16 13:36:26 | INFO | bdc.consumidores | Iniciando validação unificada do registro. CNPJ=None
2026-09-16 13:36:26 | INFO | bdc.consumidores | Validação concluída. CNPJ=None ERROS=3 AVISOS=0
2026-09-16 13:36:26 | WARNING | bdc.consumidores | Erros de validação para CNPJ=None: ['GATE_ENGINE ausente: CNPJ', 'GATE_ENGINE ausente: EMPRESA', 'GATE_ENGINE ausente: DATA_DEMONSTRACAO_FINANCEIRA']
2026-09-16 13:36:26 | INFO | bdc.consumidores | Validação condicional concluída para None. Tipo=simplificada ERROS=4 AVISOS=1
2026-09-16 13:36:26 | INFO | bdc.consumidores | Iniciando processamento do arquivo ASSAI ATACADISTA 25.07.2024.xlsx em modo incremental.
2026-09-16 13:36:26 | INFO | bdc.consumidores | Extração competitiva: Vencedor padrao_1 identificado para ASSAI ATACADISTA 25.07.2024.xlsx.
2026-09-16 13:36:26 | INFO | bdc.consumidores | Registro normalizado (Entrada: 28, Saída: 30).
2026-09-16 13:36:26 | INFO | bdc.consumidores | Classificação documental para ASSAI ATACADISTA 25.07.2024.xlsx: tipo=>=5MWm analise=detalhada
2026-09-16 13:36:26 | INFO | bdc.consumidores | Iniciando validação unificada do registro. CNPJ=06057223000171
2026-09-16 13:36:26 | INFO | bdc.consumidores | Validação concluída. CNPJ=06057223000171 ERROS=0 AVISOS=1
2026-09-16 13:36:26 | INFO | bdc.consumidores | Validação condicional concluída para 06057223000171. Tipo=detalhada ERROS=2 AVISOS=2
2026-09-16 13:36:27 | INFO | bdc.consumidores | Ficha processada com sucesso: ASSAI ATACADISTA 25.07.2024.xlsx.
2026-09-16 13:36:27 | INFO | bdc.consumidores | Iniciando processamento do arquivo ASSAI RATING 09032026.xlsx em modo incremental.
2026-09-16 13:36:27 | INFO | bdc.consumidores | Extração competitiva: Vencedor padrao_2 identificado para ASSAI RATING 09032026.xlsx.
2026-09-16 13:36:27 | INFO | bdc.consumidores | Registro normalizado (Entrada: 28, Saída: 30).
2026-09-16 13:36:27 | INFO | bdc.consumidores | Classificação documental para ASSAI RATING 09032026.xlsx: tipo=>=5MWm analise=detalhada
2026-09-16 13:36:27 | INFO | bdc.consumidores | Iniciando validação unificada do registro. CNPJ=06057223000171
2026-09-16 13:36:27 | INFO | bdc.consumidores | Validação concluída. CNPJ=06057223000171 ERROS=0 AVISOS=1
2026-09-16 13:36:27 | INFO | bdc.consumidores | Validação condicional concluída para 06057223000171. Tipo=detalhada ERROS=0 AVISOS=1
2026-09-16 13:36:27 | INFO | bdc.consumidores | Ficha processada com sucesso: ASSAI RATING 09032026.xlsx.
2026-09-16 13:36:27 | INFO | bdc.consumidores | Iniciando processamento do arquivo ASUN RATING 24102025.xlsx em modo incremental.
2026-09-16 13:36:27 | INFO | bdc.consumidores | Extração competitiva: Vencedor padrao_1 identificado para ASUN RATING 24102025.xlsx.
2026-09-16 13:36:27 | INFO | bdc.consumidores | Registro normalizado (Entrada: 28, Saída: 30).
2026-09-16 13:36:27 | INFO | bdc.consumidores | Classificação documental para ASUN RATING 24102025.xlsx: tipo=<5MWm analise=simplificada
2026-09-16 13:36:27 | INFO | bdc.consumidores | Iniciando validação unificada do registro. CNPJ=None
2026-09-16 13:36:27 | INFO | bdc.consumidores | Validação concluída. CNPJ=None ERROS=3 AVISOS=0
2026-09-16 13:36:27 | WARNING | bdc.consumidores | Erros de validação para CNPJ=None: ['GATE_ENGINE ausente: CNPJ', 'GATE_ENGINE ausente: EMPRESA', 'GATE_ENGINE ausente: DATA_DEMONSTRACAO_FINANCEIRA']
2026-09-16 13:36:27 | INFO | bdc.consumidores | Validação condicional concluída para None. Tipo=simplificada ERROS=4 AVISOS=1
2026-09-16 13:36:27 | INFO | bdc.consumidores | Iniciando processamento do arquivo ATVOS BIOENERGIA BRENCO RATING 22122025.xlsx em modo incremental.
2026-09-16 13:36:27 | INFO | bdc.consumidores | Extração competitiva: Vencedor padrao_2 identificado para ATVOS BIOENERGIA BRENCO RATING 22122025.xlsx.
2026-09-16 13:36:27 | INFO | bdc.consumidores | Registro normalizado (Entrada: 28, Saída: 30).
2026-09-16 13:36:27 | INFO | bdc.consumidores | Classificação documental para ATVOS BIOENERGIA BRENCO RATING 22122025.xlsx: tipo=>=5MWm analise=detalhada
2026-09-16 13:36:27 | INFO | bdc.consumidores | Iniciando validação unificada do registro. CNPJ=08070566000100
2026-09-16 13:36:27 | INFO | bdc.consumidores | Validação concluída. CNPJ=08070566000100 ERROS=0 AVISOS=1
2026-09-16 13:36:27 | INFO | bdc.consumidores | Validação condicional concluída para 08070566000100. Tipo=detalhada ERROS=0 AVISOS=1
2026-09-16 13:36:27 | INFO | bdc.consumidores | Ficha processada com sucesso: ATVOS BIOENERGIA BRENCO RATING 22122025.xlsx.
2026-09-16 13:36:27 | INFO | bdc.consumidores | Iniciando processamento do arquivo ATVOS BIOENERGIA CONQUISTA DO PONTAL RATING 23122025.xlsx em modo incremental.
2026-09-16 13:36:27 | INFO | bdc.consumidores | Extração competitiva: Vencedor padrao_2 identificado para ATVOS BIOENERGIA CONQUISTA DO PONTAL RATING 23122025.xlsx.
2026-09-16 13:36:27 | INFO | bdc.consumidores | Registro normalizado (Entrada: 28, Saída: 30).
2026-09-16 13:36:27 | INFO | bdc.consumidores | Classificação documental para ATVOS BIOENERGIA CONQUISTA DO PONTAL RATING 23122025.xlsx: tipo=>=5MWm analise=detalhada
2026-09-16 13:36:27 | INFO | bdc.consumidores | Iniciando validação unificada do registro. CNPJ=07298800000180
2026-09-16 13:36:27 | INFO | bdc.consumidores | Validação concluída. CNPJ=07298800000180 ERROS=0 AVISOS=1
2026-09-16 13:36:27 | INFO | bdc.consumidores | Validação condicional concluída para 07298800000180. Tipo=detalhada ERROS=0 AVISOS=1
2026-09-16 13:36:27 | INFO | bdc.consumidores | Ficha processada com sucesso: ATVOS BIOENERGIA CONQUISTA DO PONTAL RATING 23122025.xlsx.
2026-09-16 13:36:27 | INFO | bdc.consumidores | Iniciando processamento do arquivo ATVOS BIOENERGIA ELDORADO RATING 22122025.xlsx em modo incremental.
2026-09-16 13:36:27 | INFO | bdc.consumidores | Extração competitiva: Vencedor padrao_2 identificado para ATVOS BIOENERGIA ELDORADO RATING 22122025.xlsx.
2026-09-16 13:36:27 | INFO | bdc.consumidores | Registro normalizado (Entrada: 28, Saída: 30).
2026-09-16 13:36:27 | INFO | bdc.consumidores | Classificação documental para ATVOS BIOENERGIA ELDORADO RATING 22122025.xlsx: tipo=>=5MWm analise=detalhada
2026-09-16 13:36:27 | INFO | bdc.consumidores | Iniciando validação unificada do registro. CNPJ=05620523000154
2026-09-16 13:36:27 | INFO | bdc.consumidores | Validação concluída. CNPJ=05620523000154 ERROS=0 AVISOS=1
2026-09-16 13:36:27 | INFO | bdc.consumidores | Validação condicional concluída para 05620523000154. Tipo=detalhada ERROS=0 AVISOS=1
2026-09-16 13:36:27 | INFO | bdc.consumidores | Ficha processada com sucesso: ATVOS BIOENERGIA ELDORADO RATING 22122025.xlsx.
2026-09-16 13:36:27 | INFO | bdc.consumidores | Iniciando processamento do arquivo ATVOS BIOENERGIA RIO CLARO RATING 23122025.xlsx em modo incremental.
2026-09-16 13:36:27 | INFO | bdc.consumidores | Extração competitiva: Vencedor padrao_1 identificado para ATVOS BIOENERGIA RIO CLARO RATING 23122025.xlsx.
2026-09-16 13:36:27 | INFO | bdc.consumidores | Registro normalizado (Entrada: 28, Saída: 30).
2026-09-16 13:36:27 | INFO | bdc.consumidores | Classificação documental para ATVOS BIOENERGIA RIO CLARO RATING 23122025.xlsx: tipo=<5MWm analise=simplificada
2026-09-16 13:36:27 | INFO | bdc.consumidores | Iniciando validação unificada do registro. CNPJ=None
2026-09-16 13:36:27 | INFO | bdc.consumidores | Validação concluída. CNPJ=None ERROS=3 AVISOS=0
2026-09-16 13:36:27 | WARNING | bdc.consumidores | Erros de validação para CNPJ=None: ['GATE_ENGINE ausente: CNPJ', 'GATE_ENGINE ausente: EMPRESA', 'GATE_ENGINE ausente: DATA_DEMONSTRACAO_FINANCEIRA']
2026-09-16 13:36:27 | INFO | bdc.consumidores | Validação condicional concluída para None. Tipo=simplificada ERROS=4 AVISOS=1
2026-09-16 13:36:27 | INFO | bdc.consumidores | Iniciando processamento do arquivo ATVOS BIOENERGIA SANTA LUZIA.xlsx em modo incremental.
2026-09-16 13:36:28 | INFO | bdc.consumidores | Extração competitiva: Vencedor padrao_2 identificado para ATVOS BIOENERGIA SANTA LUZIA.xlsx.
2026-09-16 13:36:28 | INFO | bdc.consumidores | Registro normalizado (Entrada: 28, Saída: 30).
2026-09-16 13:36:28 | INFO | bdc.consumidores | Classificação documental para ATVOS BIOENERGIA SANTA LUZIA.xlsx: tipo=>=5MWm analise=detalhada
2026-09-16 13:36:28 | INFO | bdc.consumidores | Iniciando validação unificada do registro. CNPJ=08906558000142
2026-09-16 13:36:28 | INFO | bdc.consumidores | Validação concluída. CNPJ=08906558000142 ERROS=0 AVISOS=1
2026-09-16 13:36:28 | INFO | bdc.consumidores | Validação condicional concluída para 08906558000142. Tipo=detalhada ERROS=0 AVISOS=1
2026-09-16 13:36:28 | INFO | bdc.consumidores | Ficha processada com sucesso: ATVOS BIOENERGIA SANTA LUZIA.xlsx.
2026-09-16 13:36:28 | INFO | bdc.consumidores | Iniciando processamento do arquivo AURORA 10082023.xlsx em modo incremental.
2026-09-16 13:36:28 | INFO | bdc.consumidores | Extração competitiva: Vencedor padrao_1 identificado para AURORA 10082023.xlsx.
2026-09-16 13:36:28 | INFO | bdc.consumidores | Registro normalizado (Entrada: 28, Saída: 30).
2026-09-16 13:36:28 | INFO | bdc.consumidores | Classificação documental para AURORA 10082023.xlsx: tipo=>=5MWm analise=detalhada
2026-09-16 13:36:28 | INFO | bdc.consumidores | Iniciando validação unificada do registro. CNPJ=83310441000117
2026-09-16 13:36:28 | INFO | bdc.consumidores | Validação concluída. CNPJ=83310441000117 ERROS=0 AVISOS=1
2026-09-16 13:36:28 | INFO | bdc.consumidores | Validação condicional concluída para 83310441000117. Tipo=detalhada ERROS=2 AVISOS=2
2026-09-16 13:36:28 | INFO | bdc.consumidores | Ficha processada com sucesso: AURORA 10082023.xlsx.
2026-09-16 13:36:28 | INFO | bdc.consumidores | Iniciando processamento do arquivo AURORA ALIMENTOS 20072026.xlsx em modo incremental.
2026-09-16 13:36:28 | INFO | bdc.consumidores | Extração competitiva: Vencedor padrao_2 identificado para AURORA ALIMENTOS 20072026.xlsx.
2026-09-16 13:36:28 | INFO | bdc.consumidores | Registro normalizado (Entrada: 28, Saída: 30).
2026-09-16 13:36:28 | INFO | bdc.consumidores | Classificação documental para AURORA ALIMENTOS 20072026.xlsx: tipo=<5MWm analise=simplificada
2026-09-16 13:36:28 | INFO | bdc.consumidores | Iniciando validação unificada do registro. CNPJ=83310441000117
2026-09-16 13:36:28 | INFO | bdc.consumidores | Validação concluída. CNPJ=83310441000117 ERROS=0 AVISOS=0
2026-09-16 13:36:28 | INFO | bdc.consumidores | Validação condicional concluída para 83310441000117. Tipo=simplificada ERROS=1 AVISOS=1
2026-09-16 13:36:28 | INFO | bdc.consumidores | Ficha processada com sucesso: AURORA ALIMENTOS 20072026.xlsx.
2026-09-16 13:36:28 | INFO | bdc.consumidores | Iniciando processamento do arquivo AUTODROMO ENERGÉTICA 13062025.xlsx em modo incremental.
2026-09-16 13:36:28 | INFO | bdc.consumidores | Extração competitiva: Vencedor padrao_1 identificado para AUTODROMO ENERGÉTICA 13062025.xlsx.
2026-09-16 13:36:28 | INFO | bdc.consumidores | Registro normalizado (Entrada: 28, Saída: 30).
2026-09-16 13:36:28 | INFO | bdc.consumidores | Classificação documental para AUTODROMO ENERGÉTICA 13062025.xlsx: tipo=>=5MWm analise=detalhada
2026-09-16 13:36:28 | INFO | bdc.consumidores | Iniciando validação unificada do registro. CNPJ=07647793000184
2026-09-16 13:36:28 | INFO | bdc.consumidores | Validação concluída. CNPJ=07647793000184 ERROS=0 AVISOS=1
2026-09-16 13:36:28 | INFO | bdc.consumidores | Validação condicional concluída para 07647793000184. Tipo=detalhada ERROS=2 AVISOS=2
2026-09-16 13:36:28 | INFO | bdc.consumidores | Ficha processada com sucesso: AUTODROMO ENERGÉTICA 13062025.xlsx.
2026-09-16 13:36:28 | INFO | bdc.consumidores | Iniciando processamento do arquivo AVENORTE_20092023.xlsx em modo incremental.
2026-09-16 13:36:28 | INFO | bdc.consumidores | Extração competitiva: Vencedor padrao_1 identificado para AVENORTE_20092023.xlsx.
2026-09-16 13:36:28 | INFO | bdc.consumidores | Registro normalizado (Entrada: 28, Saída: 30).
2026-09-16 13:36:28 | INFO | bdc.consumidores | Classificação documental para AVENORTE_20092023.xlsx: tipo=>=5MWm analise=detalhada
2026-09-16 13:36:28 | INFO | bdc.consumidores | Iniciando validação unificada do registro. CNPJ=01682147000171
2026-09-16 13:36:28 | INFO | bdc.consumidores | Validação concluída. CNPJ=01682147000171 ERROS=0 AVISOS=0
2026-09-16 13:36:28 | INFO | bdc.consumidores | Validação condicional concluída para 01682147000171. Tipo=detalhada ERROS=2 AVISOS=1
2026-09-16 13:36:28 | INFO | bdc.consumidores | Ficha processada com sucesso: AVENORTE_20092023.xlsx.
2026-09-16 13:36:28 | INFO | bdc.consumidores | Iniciando processamento do arquivo AVENORTE_30062023.xlsx em modo incremental.
2026-09-16 13:36:28 | INFO | bdc.consumidores | Extração competitiva: Vencedor padrao_1 identificado para AVENORTE_30062023.xlsx.
2026-09-16 13:36:28 | INFO | bdc.consumidores | Registro normalizado (Entrada: 28, Saída: 30).
2026-09-16 13:36:28 | INFO | bdc.consumidores | Classificação documental para AVENORTE_30062023.xlsx: tipo=>=5MWm analise=detalhada
2026-09-16 13:36:28 | INFO | bdc.consumidores | Iniciando validação unificada do registro. CNPJ=01682147000171
2026-09-16 13:36:28 | INFO | bdc.consumidores | Validação concluída. CNPJ=01682147000171 ERROS=0 AVISOS=0
2026-09-16 13:36:28 | INFO | bdc.consumidores | Validação condicional concluída para 01682147000171. Tipo=detalhada ERROS=2 AVISOS=1
2026-09-16 13:36:28 | INFO | bdc.consumidores | Ficha processada com sucesso: AVENORTE_30062023.xlsx.
2026-09-16 13:36:28 | INFO | bdc.consumidores | Iniciando processamento do arquivo Aeroporto Confins 25032025.xlsx em modo incremental.
2026-09-16 13:36:28 | INFO | bdc.consumidores | Extração competitiva: Vencedor padrao_1 identificado para Aeroporto Confins 25032025.xlsx.
2026-09-16 13:36:28 | INFO | bdc.consumidores | Registro normalizado (Entrada: 28, Saída: 30).
2026-09-16 13:36:28 | INFO | bdc.consumidores | Classificação documental para Aeroporto Confins 25032025.xlsx: tipo=>=5MWm analise=detalhada
2026-09-16 13:36:28 | INFO | bdc.consumidores | Iniciando validação unificada do registro. CNPJ=19674909000153
2026-09-16 13:36:28 | INFO | bdc.consumidores | Validação concluída. CNPJ=19674909000153 ERROS=0 AVISOS=0
2026-09-16 13:36:28 | INFO | bdc.consumidores | Validação condicional concluída para 19674909000153. Tipo=detalhada ERROS=2 AVISOS=1
2026-09-16 13:36:29 | INFO | bdc.consumidores | Ficha processada com sucesso: Aeroporto Confins 25032025.xlsx.
2026-09-16 13:36:29 | INFO | bdc.consumidores | Iniciando processamento do arquivo Anglo Amercia 27022024 v2.xlsx em modo incremental.
2026-09-16 13:36:29 | INFO | bdc.consumidores | Extração competitiva: Vencedor padrao_1 identificado para Anglo Amercia 27022024 v2.xlsx.
2026-09-16 13:36:29 | INFO | bdc.consumidores | Registro normalizado (Entrada: 28, Saída: 30).
2026-09-16 13:36:29 | INFO | bdc.consumidores | Classificação documental para Anglo Amercia 27022024 v2.xlsx: tipo=>=5MWm analise=detalhada
2026-09-16 13:36:29 | INFO | bdc.consumidores | Iniciando validação unificada do registro. CNPJ=42184226001969
2026-09-16 13:36:29 | INFO | bdc.consumidores | Validação concluída. CNPJ=42184226001969 ERROS=0 AVISOS=1
2026-09-16 13:36:29 | INFO | bdc.consumidores | Validação condicional concluída para 42184226001969. Tipo=detalhada ERROS=2 AVISOS=2
2026-09-16 13:36:29 | INFO | bdc.consumidores | Ficha processada com sucesso: Anglo Amercia 27022024 v2.xlsx.
2026-09-16 13:36:29 | INFO | bdc.consumidores | Iniciando processamento do arquivo Anglo Amercia 27022024.xlsx em modo incremental.
2026-09-16 13:36:29 | INFO | bdc.consumidores | Extração competitiva: Vencedor padrao_1 identificado para Anglo Amercia 27022024.xlsx.
2026-09-16 13:36:29 | INFO | bdc.consumidores | Registro normalizado (Entrada: 28, Saída: 30).
2026-09-16 13:36:29 | INFO | bdc.consumidores | Classificação documental para Anglo Amercia 27022024.xlsx: tipo=>=5MWm analise=detalhada
2026-09-16 13:36:29 | INFO | bdc.consumidores | Iniciando validação unificada do registro. CNPJ=02359572000430
2026-09-16 13:36:29 | INFO | bdc.consumidores | Validação concluída. CNPJ=02359572000430 ERROS=0 AVISOS=1
2026-09-16 13:36:29 | INFO | bdc.consumidores | Validação condicional concluída para 02359572000430. Tipo=detalhada ERROS=2 AVISOS=2
2026-09-16 13:36:29 | INFO | bdc.consumidores | Ficha processada com sucesso: Anglo Amercia 27022024.xlsx.
2026-09-16 13:36:29 | INFO | bdc.consumidores | Iniciando processamento do arquivo Ardagh Metal 26_09_2022.xlsx em modo incremental.
2026-09-16 13:36:29 | INFO | bdc.consumidores | Extração competitiva: Vencedor padrao_1 identificado para Ardagh Metal 26_09_2022.xlsx.
2026-09-16 13:36:29 | INFO | bdc.consumidores | Registro normalizado (Entrada: 28, Saída: 30).
2026-09-16 13:36:29 | INFO | bdc.consumidores | Classificação documental para Ardagh Metal 26_09_2022.xlsx: tipo=>=5MWm analise=detalhada
2026-09-16 13:36:29 | INFO | bdc.consumidores | Iniciando validação unificada do registro. CNPJ=24168115000158
2026-09-16 13:36:29 | INFO | bdc.consumidores | Validação concluída. CNPJ=24168115000158 ERROS=0 AVISOS=0
2026-09-16 13:36:29 | INFO | bdc.consumidores | Validação condicional concluída para 24168115000158. Tipo=detalhada ERROS=2 AVISOS=1
2026-09-16 13:36:29 | INFO | bdc.consumidores | Ficha processada com sucesso: Ardagh Metal 26_09_2022.xlsx.
2026-09-16 13:36:29 | INFO | bdc.consumidores | Iniciando processamento do arquivo Assaí Atacadista_24072023.xlsx em modo incremental.
2026-09-16 13:36:29 | INFO | bdc.consumidores | Extração competitiva: Vencedor padrao_1 identificado para Assaí Atacadista_24072023.xlsx.
2026-09-16 13:36:29 | INFO | bdc.consumidores | Registro normalizado (Entrada: 28, Saída: 30).
2026-09-16 13:36:29 | INFO | bdc.consumidores | Classificação documental para Assaí Atacadista_24072023.xlsx: tipo=>=5MWm analise=detalhada
2026-09-16 13:36:29 | INFO | bdc.consumidores | Iniciando validação unificada do registro. CNPJ=06057223000171
2026-09-16 13:36:29 | INFO | bdc.consumidores | Validação concluída. CNPJ=06057223000171 ERROS=0 AVISOS=1
2026-09-16 13:36:29 | INFO | bdc.consumidores | Validação condicional concluída para 06057223000171. Tipo=detalhada ERROS=2 AVISOS=2
2026-09-16 13:36:29 | INFO | bdc.consumidores | Ficha processada com sucesso: Assaí Atacadista_24072023.xlsx.
2026-09-16 13:36:29 | INFO | bdc.consumidores | Iniciando processamento do arquivo Assaí atacadista 25032025.xlsx em modo incremental.
2026-09-16 13:36:29 | INFO | bdc.consumidores | Extração competitiva: Vencedor padrao_1 identificado para Assaí atacadista 25032025.xlsx.
2026-09-16 13:36:29 | INFO | bdc.consumidores | Registro normalizado (Entrada: 28, Saída: 30).
2026-09-16 13:36:29 | INFO | bdc.consumidores | Classificação documental para Assaí atacadista 25032025.xlsx: tipo=>=5MWm analise=detalhada
2026-09-16 13:36:29 | INFO | bdc.consumidores | Iniciando validação unificada do registro. CNPJ=06057223000171
2026-09-16 13:36:29 | INFO | bdc.consumidores | Validação concluída. CNPJ=06057223000171 ERROS=0 AVISOS=1
2026-09-16 13:36:29 | INFO | bdc.consumidores | Validação condicional concluída para 06057223000171. Tipo=detalhada ERROS=2 AVISOS=2
2026-09-16 13:36:29 | INFO | bdc.consumidores | Ficha processada com sucesso: Assaí atacadista 25032025.xlsx.
2026-09-16 13:36:29 | INFO | bdc.consumidores | Iniciando processamento do arquivo Associação Hospitalar Santana - Avaliação Middle.xlsx em modo incremental.
2026-09-16 13:36:29 | INFO | bdc.consumidores | Extração competitiva: Vencedor padrao_1 identificado para Associação Hospitalar Santana - Avaliação Middle.xlsx.
2026-09-16 13:36:29 | INFO | bdc.consumidores | Registro normalizado (Entrada: 28, Saída: 30).
2026-09-16 13:36:29 | INFO | bdc.consumidores | Classificação documental para Associação Hospitalar Santana - Avaliação Middle.xlsx: tipo=>=5MWm analise=detalhada
2026-09-16 13:36:29 | INFO | bdc.consumidores | Iniciando validação unificada do registro. CNPJ=15186359000172
2026-09-16 13:36:29 | INFO | bdc.consumidores | Validação concluída. CNPJ=15186359000172 ERROS=0 AVISOS=1
2026-09-16 13:36:29 | INFO | bdc.consumidores | Validação condicional concluída para 15186359000172. Tipo=detalhada ERROS=2 AVISOS=2
2026-09-16 13:36:29 | INFO | bdc.consumidores | Ficha processada com sucesso: Associação Hospitalar Santana - Avaliação Middle.xlsx.
2026-09-16 13:36:29 | INFO | bdc.consumidores | Iniciando processamento do arquivo Associação do Hospital de Jaragiuá - Avaliação Middle.xlsx em modo incremental.
2026-09-16 13:36:29 | INFO | bdc.consumidores | Extração competitiva: Vencedor padrao_1 identificado para Associação do Hospital de Jaragiuá - Avaliação Middle.xlsx.
2026-09-16 13:36:29 | INFO | bdc.consumidores | Registro normalizado (Entrada: 28, Saída: 30).
2026-09-16 13:36:29 | INFO | bdc.consumidores | Classificação documental para Associação do Hospital de Jaragiuá - Avaliação Middle.xlsx: tipo=>=5MWm analise=detalhada
2026-09-16 13:36:30 | INFO | bdc.consumidores | Iniciando validação unificada do registro. CNPJ=39913479000192
2026-09-16 13:36:30 | INFO | bdc.consumidores | Validação concluída. CNPJ=39913479000192 ERROS=0 AVISOS=1
2026-09-16 13:36:30 | INFO | bdc.consumidores | Validação condicional concluída para 39913479000192. Tipo=detalhada ERROS=2 AVISOS=2
2026-09-16 13:36:30 | INFO | bdc.consumidores | Ficha processada com sucesso: Associação do Hospital de Jaragiuá - Avaliação Middle.xlsx.
2026-09-16 13:36:30 | INFO | bdc.consumidores | Iniciando processamento do arquivo BALL_02032023.xlsx em modo incremental.
2026-09-16 13:36:30 | INFO | bdc.consumidores | Extração competitiva: Vencedor padrao_1 identificado para BALL_02032023.xlsx.
2026-09-16 13:36:30 | INFO | bdc.consumidores | Registro normalizado (Entrada: 28, Saída: 30).
2026-09-16 13:36:30 | INFO | bdc.consumidores | Classificação documental para BALL_02032023.xlsx: tipo=>=5MWm analise=detalhada
2026-09-16 13:36:30 | INFO | bdc.consumidores | Iniciando validação unificada do registro. CNPJ=00771979000100
2026-09-16 13:36:30 | INFO | bdc.consumidores | Validação concluída. CNPJ=00771979000100 ERROS=0 AVISOS=0
2026-09-16 13:36:30 | INFO | bdc.consumidores | Validação condicional concluída para 00771979000100. Tipo=detalhada ERROS=2 AVISOS=1
2026-09-16 13:36:30 | INFO | bdc.consumidores | Ficha processada com sucesso: BALL_02032023.xlsx.
2026-09-16 13:36:30 | INFO | bdc.consumidores | Iniciando processamento do arquivo BASF 14072026.xlsx em modo incremental.
2026-09-16 13:36:30 | INFO | bdc.consumidores | Extração competitiva: Vencedor padrao_2 identificado para BASF 14072026.xlsx.
2026-09-16 13:36:30 | INFO | bdc.consumidores | Registro normalizado (Entrada: 28, Saída: 30).
2026-09-16 13:36:30 | INFO | bdc.consumidores | Classificação documental para BASF 14072026.xlsx: tipo=<5MWm analise=simplificada
2026-09-16 13:36:30 | INFO | bdc.consumidores | Iniciando validação unificada do registro. CNPJ=48539407000118
2026-09-16 13:36:30 | INFO | bdc.consumidores | Validação concluída. CNPJ=48539407000118 ERROS=0 AVISOS=0
2026-09-16 13:36:30 | INFO | bdc.consumidores | Validação condicional concluída para 48539407000118. Tipo=simplificada ERROS=1 AVISOS=1
2026-09-16 13:36:30 | INFO | bdc.consumidores | Ficha processada com sucesso: BASF 14072026.xlsx.
2026-09-16 13:36:30 | INFO | bdc.consumidores | Iniciando processamento do arquivo BASF 23062026.xlsx em modo incremental.
2026-09-16 13:36:30 | INFO | bdc.consumidores | Extração competitiva: Vencedor padrao_1 identificado para BASF 23062026.xlsx.
2026-09-16 13:36:30 | INFO | bdc.consumidores | Registro normalizado (Entrada: 28, Saída: 30).
2026-09-16 13:36:30 | INFO | bdc.consumidores | Classificação documental para BASF 23062026.xlsx: tipo=<5MWm analise=simplificada
2026-09-16 13:36:30 | INFO | bdc.consumidores | Iniciando validação unificada do registro. CNPJ=None
2026-09-16 13:36:30 | INFO | bdc.consumidores | Validação concluída. CNPJ=None ERROS=3 AVISOS=0
2026-09-16 13:36:30 | WARNING | bdc.consumidores | Erros de validação para CNPJ=None: ['GATE_ENGINE ausente: CNPJ', 'GATE_ENGINE ausente: EMPRESA', 'GATE_ENGINE ausente: DATA_DEMONSTRACAO_FINANCEIRA']
2026-09-16 13:36:30 | INFO | bdc.consumidores | Validação condicional concluída para None. Tipo=simplificada ERROS=4 AVISOS=1
2026-09-16 13:36:30 | INFO | bdc.consumidores | Iniciando processamento do arquivo BASF 25082025.xlsx em modo incremental.
2026-09-16 13:36:30 | INFO | bdc.consumidores | Extração competitiva: Vencedor padrao_1 identificado para BASF 25082025.xlsx.
2026-09-16 13:36:30 | INFO | bdc.consumidores | Registro normalizado (Entrada: 28, Saída: 30).
2026-09-16 13:36:30 | INFO | bdc.consumidores | Classificação documental para BASF 25082025.xlsx: tipo=>=5MWm analise=detalhada
2026-09-16 13:36:30 | INFO | bdc.consumidores | Iniciando validação unificada do registro. CNPJ=48539407000118
2026-09-16 13:36:30 | INFO | bdc.consumidores | Validação concluída. CNPJ=48539407000118 ERROS=0 AVISOS=0
2026-09-16 13:36:30 | INFO | bdc.consumidores | Validação condicional concluída para 48539407000118. Tipo=detalhada ERROS=2 AVISOS=1
2026-09-16 13:36:30 | INFO | bdc.consumidores | Ficha processada com sucesso: BASF 25082025.xlsx.
2026-09-16 13:36:30 | INFO | bdc.consumidores | Iniciando processamento do arquivo BASF RATING 14102025.xlsx em modo incremental.
2026-09-16 13:36:30 | INFO | bdc.consumidores | Extração competitiva: Vencedor padrao_1 identificado para BASF RATING 14102025.xlsx.
2026-09-16 13:36:30 | INFO | bdc.consumidores | Registro normalizado (Entrada: 28, Saída: 30).
2026-09-16 13:36:30 | INFO | bdc.consumidores | Classificação documental para BASF RATING 14102025.xlsx: tipo=<5MWm analise=simplificada
2026-09-16 13:36:30 | INFO | bdc.consumidores | Iniciando validação unificada do registro. CNPJ=None
2026-09-16 13:36:30 | INFO | bdc.consumidores | Validação concluída. CNPJ=None ERROS=3 AVISOS=0
2026-09-16 13:36:30 | WARNING | bdc.consumidores | Erros de validação para CNPJ=None: ['GATE_ENGINE ausente: CNPJ', 'GATE_ENGINE ausente: EMPRESA', 'GATE_ENGINE ausente: DATA_DEMONSTRACAO_FINANCEIRA']
2026-09-16 13:36:30 | INFO | bdc.consumidores | Validação condicional concluída para None. Tipo=simplificada ERROS=4 AVISOS=1
2026-09-16 13:36:30 | INFO | bdc.consumidores | Iniciando processamento do arquivo BE8 RATING 11122025.xlsx em modo incremental.
2026-09-16 13:36:30 | INFO | bdc.consumidores | Extração competitiva: Vencedor padrao_2 identificado para BE8 RATING 11122025.xlsx.
2026-09-16 13:36:30 | INFO | bdc.consumidores | Registro normalizado (Entrada: 28, Saída: 30).
2026-09-16 13:36:30 | INFO | bdc.consumidores | Classificação documental para BE8 RATING 11122025.xlsx: tipo=>=5MWm analise=detalhada
2026-09-16 13:36:30 | INFO | bdc.consumidores | Iniciando validação unificada do registro. CNPJ=07322382000119
2026-09-16 13:36:30 | INFO | bdc.consumidores | Validação concluída. CNPJ=07322382000119 ERROS=0 AVISOS=0
2026-09-16 13:36:30 | INFO | bdc.consumidores | Validação condicional concluída para 07322382000119. Tipo=detalhada ERROS=0 AVISOS=0
2026-09-16 13:36:30 | INFO | bdc.consumidores | Ficha processada com sucesso: BE8 RATING 11122025.xlsx.
2026-09-16 13:36:31 | INFO | bdc.consumidores | Iniciando processamento do arquivo BE8_26_08_2024.xlsx em modo incremental.
2026-09-16 13:36:31 | INFO | bdc.consumidores | Extração competitiva: Vencedor padrao_1 identificado para BE8_26_08_2024.xlsx.
2026-09-16 13:36:31 | INFO | bdc.consumidores | Registro normalizado (Entrada: 28, Saída: 30).
2026-09-16 13:36:31 | INFO | bdc.consumidores | Classificação documental para BE8_26_08_2024.xlsx: tipo=>=5MWm analise=detalhada
2026-09-16 13:36:31 | INFO | bdc.consumidores | Iniciando validação unificada do registro. CNPJ=07322382000119
2026-09-16 13:36:31 | INFO | bdc.consumidores | Validação concluída. CNPJ=07322382000119 ERROS=0 AVISOS=0
2026-09-16 13:36:31 | INFO | bdc.consumidores | Validação condicional concluída para 07322382000119. Tipo=detalhada ERROS=2 AVISOS=1
2026-09-16 13:36:31 | INFO | bdc.consumidores | Ficha processada com sucesso: BE8_26_08_2024.xlsx.
2026-09-16 13:36:31 | INFO | bdc.consumidores | Iniciando processamento do arquivo BELLO_01062023.xlsx em modo incremental.
2026-09-16 13:36:31 | INFO | bdc.consumidores | Extração competitiva: Vencedor padrao_1 identificado para BELLO_01062023.xlsx.
2026-09-16 13:36:31 | INFO | bdc.consumidores | Registro normalizado (Entrada: 28, Saída: 30).
2026-09-16 13:36:31 | INFO | bdc.consumidores | Classificação documental para BELLO_01062023.xlsx: tipo=>=5MWm analise=detalhada
2026-09-16 13:36:31 | INFO | bdc.consumidores | Iniciando validação unificada do registro. CNPJ=08201770000104
2026-09-16 13:36:31 | INFO | bdc.consumidores | Validação concluída. CNPJ=08201770000104 ERROS=0 AVISOS=0
2026-09-16 13:36:31 | INFO | bdc.consumidores | Validação condicional concluída para 08201770000104. Tipo=detalhada ERROS=2 AVISOS=1
2026-09-16 13:36:31 | INFO | bdc.consumidores | Ficha processada com sucesso: BELLO_01062023.xlsx.
2026-09-16 13:36:31 | INFO | bdc.consumidores | Iniciando processamento do arquivo BERNECK 03072025.xlsx em modo incremental.
2026-09-16 13:36:31 | INFO | bdc.consumidores | Extração competitiva: Vencedor padrao_1 identificado para BERNECK 03072025.xlsx.
2026-09-16 13:36:31 | INFO | bdc.consumidores | Registro normalizado (Entrada: 28, Saída: 30).
2026-09-16 13:36:31 | INFO | bdc.consumidores | Classificação documental para BERNECK 03072025.xlsx: tipo=>=5MWm analise=detalhada
2026-09-16 13:36:31 | INFO | bdc.consumidores | Iniciando validação unificada do registro. CNPJ=81905176000194
2026-09-16 13:36:31 | INFO | bdc.consumidores | Validação concluída. CNPJ=81905176000194 ERROS=0 AVISOS=0
2026-09-16 13:36:31 | INFO | bdc.consumidores | Validação condicional concluída para 81905176000194. Tipo=detalhada ERROS=2 AVISOS=1
2026-09-16 13:36:31 | INFO | bdc.consumidores | Ficha processada com sucesso: BERNECK 03072025.xlsx.
2026-09-16 13:36:31 | INFO | bdc.consumidores | Iniciando processamento do arquivo BERNECK 08102025.xlsx em modo incremental.
2026-09-16 13:36:31 | INFO | bdc.consumidores | Extração competitiva: Vencedor padrao_1 identificado para BERNECK 08102025.xlsx.
2026-09-16 13:36:31 | INFO | bdc.consumidores | Registro normalizado (Entrada: 28, Saída: 30).
2026-09-16 13:36:31 | INFO | bdc.consumidores | Classificação documental para BERNECK 08102025.xlsx: tipo=<5MWm analise=simplificada
2026-09-16 13:36:31 | INFO | bdc.consumidores | Iniciando validação unificada do registro. CNPJ=None
2026-09-16 13:36:31 | INFO | bdc.consumidores | Validação concluída. CNPJ=None ERROS=3 AVISOS=0
2026-09-16 13:36:31 | WARNING | bdc.consumidores | Erros de validação para CNPJ=None: ['GATE_ENGINE ausente: CNPJ', 'GATE_ENGINE ausente: EMPRESA', 'GATE_ENGINE ausente: DATA_DEMONSTRACAO_FINANCEIRA']
2026-09-16 13:36:31 | INFO | bdc.consumidores | Validação condicional concluída para None. Tipo=simplificada ERROS=4 AVISOS=1
2026-09-16 13:36:31 | INFO | bdc.consumidores | Iniciando processamento do arquivo BIOENERGIA BARRA_30062023.xlsx em modo incremental.
2026-09-16 13:36:31 | INFO | bdc.consumidores | Extração competitiva: Vencedor padrao_1 identificado para BIOENERGIA BARRA_30062023.xlsx.
2026-09-16 13:36:31 | INFO | bdc.consumidores | Registro normalizado (Entrada: 28, Saída: 30).
2026-09-16 13:36:31 | INFO | bdc.consumidores | Classificação documental para BIOENERGIA BARRA_30062023.xlsx: tipo=>=5MWm analise=detalhada
2026-09-16 13:36:31 | INFO | bdc.consumidores | Iniciando validação unificada do registro. CNPJ=18788137000118
2026-09-16 13:36:31 | INFO | bdc.consumidores | Validação concluída. CNPJ=18788137000118 ERROS=0 AVISOS=1
2026-09-16 13:36:31 | INFO | bdc.consumidores | Validação condicional concluída para 18788137000118. Tipo=detalhada ERROS=2 AVISOS=2
2026-09-16 13:36:31 | INFO | bdc.consumidores | Ficha processada com sucesso: BIOENERGIA BARRA_30062023.xlsx.
2026-09-16 13:36:31 | INFO | bdc.consumidores | Iniciando processamento do arquivo BIOHOSP 15072026.xlsx em modo incremental.
2026-09-16 13:36:31 | INFO | bdc.consumidores | Extração competitiva: Vencedor padrao_2 identificado para BIOHOSP 15072026.xlsx.
2026-09-16 13:36:31 | INFO | bdc.consumidores | Registro normalizado (Entrada: 28, Saída: 30).
2026-09-16 13:36:31 | INFO | bdc.consumidores | Classificação documental para BIOHOSP 15072026.xlsx: tipo=<5MWm analise=simplificada
2026-09-16 13:36:31 | INFO | bdc.consumidores | Iniciando validação unificada do registro. CNPJ=18269125000187
2026-09-16 13:36:31 | INFO | bdc.consumidores | Validação concluída. CNPJ=18269125000187 ERROS=0 AVISOS=0
2026-09-16 13:36:31 | INFO | bdc.consumidores | Validação condicional concluída para 18269125000187. Tipo=simplificada ERROS=1 AVISOS=1
2026-09-16 13:36:31 | INFO | bdc.consumidores | Ficha processada com sucesso: BIOHOSP 15072026.xlsx.
2026-09-16 13:36:31 | INFO | bdc.consumidores | Iniciando processamento do arquivo BIORIGIN 15072026.xlsx em modo incremental.
2026-09-16 13:36:32 | INFO | bdc.consumidores | Extração competitiva: Vencedor padrao_2 identificado para BIORIGIN 15072026.xlsx.
2026-09-16 13:36:32 | INFO | bdc.consumidores | Registro normalizado (Entrada: 28, Saída: 30).
2026-09-16 13:36:32 | INFO | bdc.consumidores | Classificação documental para BIORIGIN 15072026.xlsx: tipo=<5MWm analise=simplificada
2026-09-16 13:36:32 | INFO | bdc.consumidores | Iniciando validação unificada do registro. CNPJ=53162783000176
2026-09-16 13:36:32 | INFO | bdc.consumidores | Validação concluída. CNPJ=53162783000176 ERROS=0 AVISOS=0
2026-09-16 13:36:32 | INFO | bdc.consumidores | Validação condicional concluída para 53162783000176. Tipo=simplificada ERROS=1 AVISOS=1
2026-09-16 13:36:32 | INFO | bdc.consumidores | Ficha processada com sucesso: BIORIGIN 15072026.xlsx.
2026-09-16 13:36:32 | INFO | bdc.consumidores | Iniciando processamento do arquivo BO PAPER 02062026.xlsx em modo incremental.
2026-09-16 13:36:32 | INFO | bdc.consumidores | Extração competitiva: Vencedor padrao_2 identificado para BO PAPER 02062026.xlsx.
2026-09-16 13:36:32 | INFO | bdc.consumidores | Registro normalizado (Entrada: 28, Saída: 30).
2026-09-16 13:36:32 | INFO | bdc.consumidores | Classificação documental para BO PAPER 02062026.xlsx: tipo=>=5MWm analise=detalhada
2026-09-16 13:36:32 | INFO | bdc.consumidores | Iniciando validação unificada do registro. CNPJ=07632665000167
2026-09-16 13:36:32 | INFO | bdc.consumidores | Validação concluída. CNPJ=07632665000167 ERROS=0 AVISOS=0
2026-09-16 13:36:32 | INFO | bdc.consumidores | Validação condicional concluída para 07632665000167. Tipo=detalhada ERROS=0 AVISOS=0
2026-09-16 13:36:32 | INFO | bdc.consumidores | Ficha processada com sucesso: BO PAPER 02062026.xlsx.
2026-09-16 13:36:32 | INFO | bdc.consumidores | Iniciando processamento do arquivo BO PAPER RATING 13102025.xlsx em modo incremental.
2026-09-16 13:36:32 | INFO | bdc.consumidores | Extração competitiva: Vencedor padrao_2 identificado para BO PAPER RATING 13102025.xlsx.
2026-09-16 13:36:32 | INFO | bdc.consumidores | Registro normalizado (Entrada: 28, Saída: 30).
2026-09-16 13:36:32 | INFO | bdc.consumidores | Classificação documental para BO PAPER RATING 13102025.xlsx: tipo=>=5MWm analise=detalhada
2026-09-16 13:36:32 | INFO | bdc.consumidores | Iniciando validação unificada do registro. CNPJ=07632665000167
2026-09-16 13:36:32 | INFO | bdc.consumidores | Validação concluída. CNPJ=07632665000167 ERROS=0 AVISOS=0
2026-09-16 13:36:32 | INFO | bdc.consumidores | Validação condicional concluída para 07632665000167. Tipo=detalhada ERROS=0 AVISOS=0
2026-09-16 13:36:32 | INFO | bdc.consumidores | Ficha processada com sucesso: BO PAPER RATING 13102025.xlsx.
2026-09-16 13:36:32 | INFO | bdc.consumidores | Iniciando processamento do arquivo BO Paper 04_05_2022.xlsx em modo incremental.
2026-09-16 13:36:32 | INFO | bdc.consumidores | Extração competitiva: Vencedor padrao_1 identificado para BO Paper 04_05_2022.xlsx.
2026-09-16 13:36:32 | INFO | bdc.consumidores | Registro normalizado (Entrada: 28, Saída: 30).
2026-09-16 13:36:32 | INFO | bdc.consumidores | Classificação documental para BO Paper 04_05_2022.xlsx: tipo=>=5MWm analise=detalhada
2026-09-16 13:36:32 | INFO | bdc.consumidores | Iniciando validação unificada do registro. CNPJ=07632665000167
2026-09-16 13:36:32 | INFO | bdc.consumidores | Validação concluída. CNPJ=07632665000167 ERROS=0 AVISOS=0
2026-09-16 13:36:32 | INFO | bdc.consumidores | Validação condicional concluída para 07632665000167. Tipo=detalhada ERROS=2 AVISOS=1
2026-09-16 13:36:32 | INFO | bdc.consumidores | Ficha processada com sucesso: BO Paper 04_05_2022.xlsx.
2026-09-16 13:36:32 | INFO | bdc.consumidores | Iniciando processamento do arquivo BOA FÉ ENERGÉTICA 12062025.xlsx em modo incremental.
2026-09-16 13:36:32 | INFO | bdc.consumidores | Extração competitiva: Vencedor padrao_1 identificado para BOA FÉ ENERGÉTICA 12062025.xlsx.
2026-09-16 13:36:32 | INFO | bdc.consumidores | Registro normalizado (Entrada: 28, Saída: 30).
2026-09-16 13:36:32 | INFO | bdc.consumidores | Classificação documental para BOA FÉ ENERGÉTICA 12062025.xlsx: tipo=>=5MWm analise=detalhada
2026-09-16 13:36:32 | INFO | bdc.consumidores | Iniciando validação unificada do registro. CNPJ=07647780000105
2026-09-16 13:36:32 | INFO | bdc.consumidores | Validação concluída. CNPJ=07647780000105 ERROS=0 AVISOS=1
2026-09-16 13:36:32 | INFO | bdc.consumidores | Validação condicional concluída para 07647780000105. Tipo=detalhada ERROS=2 AVISOS=2
2026-09-16 13:36:32 | INFO | bdc.consumidores | Ficha processada com sucesso: BOA FÉ ENERGÉTICA 12062025.xlsx.
2026-09-16 13:36:32 | INFO | bdc.consumidores | Iniciando processamento do arquivo BOPAPER_2023_05_11.xlsx em modo incremental.
2026-09-16 13:36:32 | INFO | bdc.consumidores | Extração competitiva: Vencedor padrao_1 identificado para BOPAPER_2023_05_11.xlsx.
2026-09-16 13:36:32 | INFO | bdc.consumidores | Registro normalizado (Entrada: 28, Saída: 30).
2026-09-16 13:36:32 | INFO | bdc.consumidores | Classificação documental para BOPAPER_2023_05_11.xlsx: tipo=>=5MWm analise=detalhada
2026-09-16 13:36:32 | INFO | bdc.consumidores | Iniciando validação unificada do registro. CNPJ=07632665000167
2026-09-16 13:36:32 | INFO | bdc.consumidores | Validação concluída. CNPJ=07632665000167 ERROS=0 AVISOS=0
2026-09-16 13:36:32 | INFO | bdc.consumidores | Validação condicional concluída para 07632665000167. Tipo=detalhada ERROS=2 AVISOS=1
2026-09-16 13:36:32 | INFO | bdc.consumidores | Ficha processada com sucesso: BOPAPER_2023_05_11.xlsx.
2026-09-16 13:36:32 | INFO | bdc.consumidores | Iniciando processamento do arquivo BOZEL 24062026.xlsx em modo incremental.
2026-09-16 13:36:32 | INFO | bdc.consumidores | Extração competitiva: Vencedor padrao_2 identificado para BOZEL 24062026.xlsx.
2026-09-16 13:36:32 | INFO | bdc.consumidores | Registro normalizado (Entrada: 28, Saída: 30).
2026-09-16 13:36:32 | INFO | bdc.consumidores | Classificação documental para BOZEL 24062026.xlsx: tipo=<5MWm analise=simplificada
2026-09-16 13:36:32 | INFO | bdc.consumidores | Iniciando validação unificada do registro. CNPJ=08090788000267
2026-09-16 13:36:32 | INFO | bdc.consumidores | Validação concluída. CNPJ=08090788000267 ERROS=0 AVISOS=0
2026-09-16 13:36:32 | INFO | bdc.consumidores | Validação condicional concluída para 08090788000267. Tipo=simplificada ERROS=1 AVISOS=1
2026-09-16 13:36:33 | INFO | bdc.consumidores | Ficha processada com sucesso: BOZEL 24062026.xlsx.
2026-09-16 13:36:33 | INFO | bdc.consumidores | Iniciando processamento do arquivo BOZEL BRASIL 21082025.xlsx em modo incremental.
2026-09-16 13:36:33 | INFO | bdc.consumidores | Extração competitiva: Vencedor padrao_1 identificado para BOZEL BRASIL 21082025.xlsx.
2026-09-16 13:36:33 | INFO | bdc.consumidores | Registro normalizado (Entrada: 28, Saída: 30).
2026-09-16 13:36:33 | INFO | bdc.consumidores | Classificação documental para BOZEL BRASIL 21082025.xlsx: tipo=>=5MWm analise=detalhada
2026-09-16 13:36:33 | INFO | bdc.consumidores | Iniciando validação unificada do registro. CNPJ=08090788000267
2026-09-16 13:36:33 | INFO | bdc.consumidores | Validação concluída. CNPJ=08090788000267 ERROS=0 AVISOS=1
2026-09-16 13:36:33 | INFO | bdc.consumidores | Validação condicional concluída para 08090788000267. Tipo=detalhada ERROS=2 AVISOS=2
2026-09-16 13:36:33 | INFO | bdc.consumidores | Ficha processada com sucesso: BOZEL BRASIL 21082025.xlsx.
2026-09-16 13:36:33 | INFO | bdc.consumidores | Iniciando processamento do arquivo BOZEL RATING 31102025.xlsx em modo incremental.
2026-09-16 13:36:33 | INFO | bdc.consumidores | Extração competitiva: Vencedor padrao_2 identificado para BOZEL RATING 31102025.xlsx.
2026-09-16 13:36:33 | INFO | bdc.consumidores | Registro normalizado (Entrada: 28, Saída: 30).
2026-09-16 13:36:33 | INFO | bdc.consumidores | Classificação documental para BOZEL RATING 31102025.xlsx: tipo=>=5MWm analise=detalhada
2026-09-16 13:36:33 | INFO | bdc.consumidores | Iniciando validação unificada do registro. CNPJ=08090788000267
2026-09-16 13:36:33 | INFO | bdc.consumidores | Validação concluída. CNPJ=08090788000267 ERROS=0 AVISOS=1
2026-09-16 13:36:33 | INFO | bdc.consumidores | Validação condicional concluída para 08090788000267. Tipo=detalhada ERROS=1 AVISOS=1
2026-09-16 13:36:33 | INFO | bdc.consumidores | Iniciando processamento do arquivo BRACELL CELULOSE 04082025.xlsx em modo incremental.
2026-09-16 13:36:33 | INFO | bdc.consumidores | Extração competitiva: Vencedor padrao_1 identificado para BRACELL CELULOSE 04082025.xlsx.
2026-09-16 13:36:33 | INFO | bdc.consumidores | Registro normalizado (Entrada: 28, Saída: 30).
2026-09-16 13:36:33 | INFO | bdc.consumidores | Classificação documental para BRACELL CELULOSE 04082025.xlsx: tipo=>=5MWm analise=detalhada
2026-09-16 13:36:33 | INFO | bdc.consumidores | Iniciando validação unificada do registro. CNPJ=53943098000187
2026-09-16 13:36:33 | INFO | bdc.consumidores | Validação concluída. CNPJ=53943098000187 ERROS=0 AVISOS=0
2026-09-16 13:36:33 | INFO | bdc.consumidores | Validação condicional concluída para 53943098000187. Tipo=detalhada ERROS=2 AVISOS=1
2026-09-16 13:36:33 | INFO | bdc.consumidores | Ficha processada com sucesso: BRACELL CELULOSE 04082025.xlsx.
2026-09-16 13:36:33 | INFO | bdc.consumidores | Iniciando processamento do arquivo BRACELL RATING 02122025.xlsx em modo incremental.
2026-09-16 13:36:33 | INFO | bdc.consumidores | Extração competitiva: Vencedor padrao_2 identificado para BRACELL RATING 02122025.xlsx.
2026-09-16 13:36:33 | INFO | bdc.consumidores | Registro normalizado (Entrada: 28, Saída: 30).
2026-09-16 13:36:33 | INFO | bdc.consumidores | Classificação documental para BRACELL RATING 02122025.xlsx: tipo=>=5MWm analise=detalhada
2026-09-16 13:36:33 | INFO | bdc.consumidores | Iniciando validação unificada do registro. CNPJ=53943098000187
2026-09-16 13:36:33 | INFO | bdc.consumidores | Validação concluída. CNPJ=53943098000187 ERROS=0 AVISOS=0
2026-09-16 13:36:33 | INFO | bdc.consumidores | Validação condicional concluída para 53943098000187. Tipo=detalhada ERROS=0 AVISOS=0
2026-09-16 13:36:33 | INFO | bdc.consumidores | Iniciando processamento do arquivo BRACELL RATING 10032025.xlsx em modo incremental.
2026-09-16 13:36:33 | INFO | bdc.consumidores | Extração competitiva: Vencedor padrao_2 identificado para BRACELL RATING 10032025.xlsx.
2026-09-16 13:36:33 | INFO | bdc.consumidores | Registro normalizado (Entrada: 28, Saída: 30).
2026-09-16 13:36:33 | INFO | bdc.consumidores | Classificação documental para BRACELL RATING 10032025.xlsx: tipo=>=5MWm analise=detalhada
2026-09-16 13:36:33 | INFO | bdc.consumidores | Iniciando validação unificada do registro. CNPJ=53943098000187
2026-09-16 13:36:33 | INFO | bdc.consumidores | Validação concluída. CNPJ=53943098000187 ERROS=0 AVISOS=0
2026-09-16 13:36:33 | INFO | bdc.consumidores | Validação condicional concluída para 53943098000187. Tipo=detalhada ERROS=0 AVISOS=0
2026-09-16 13:36:33 | INFO | bdc.consumidores | Iniciando processamento do arquivo BRADESCO_21_02_2022.xlsx em modo incremental.
2026-09-16 13:36:33 | INFO | bdc.consumidores | Extração competitiva: Vencedor padrao_1 identificado para BRADESCO_21_02_2022.xlsx.
2026-09-16 13:36:33 | INFO | bdc.consumidores | Registro normalizado (Entrada: 28, Saída: 30).
2026-09-16 13:36:33 | INFO | bdc.consumidores | Classificação documental para BRADESCO_21_02_2022.xlsx: tipo=>=5MWm analise=detalhada
2026-09-16 13:36:33 | INFO | bdc.consumidores | Iniciando validação unificada do registro. CNPJ=60746948000112
2026-09-16 13:36:33 | INFO | bdc.consumidores | Validação concluída. CNPJ=60746948000112 ERROS=0 AVISOS=1
2026-09-16 13:36:33 | INFO | bdc.consumidores | Validação condicional concluída para 60746948000112. Tipo=detalhada ERROS=2 AVISOS=2
2026-09-16 13:36:33 | INFO | bdc.consumidores | Ficha processada com sucesso: BRADESCO_21_02_2022.xlsx.
2026-09-16 13:36:33 | INFO | bdc.consumidores | Iniciando processamento do arquivo BRANCO PERES 04052026.xlsx em modo incremental.
2026-09-16 13:36:33 | INFO | bdc.consumidores | Extração competitiva: Vencedor padrao_2 identificado para BRANCO PERES 04052026.xlsx.
2026-09-16 13:36:33 | INFO | bdc.consumidores | Registro normalizado (Entrada: 28, Saída: 30).
2026-09-16 13:36:34 | INFO | bdc.consumidores | Classificação documental para BRANCO PERES 04052026.xlsx: tipo=>=5MWm analise=detalhada
2026-09-16 13:36:34 | INFO | bdc.consumidores | Iniciando validação unificada do registro. CNPJ=43619832001760
2026-09-16 13:36:34 | INFO | bdc.consumidores | Validação concluída. CNPJ=43619832001760 ERROS=0 AVISOS=1
2026-09-16 13:36:34 | INFO | bdc.consumidores | Validação condicional concluída para 43619832001760. Tipo=detalhada ERROS=0 AVISOS=1
2026-09-16 13:36:34 | INFO | bdc.consumidores | Ficha processada com sucesso: BRANCO PERES 04052026.xlsx.
2026-09-16 13:36:34 | INFO | bdc.consumidores | Iniciando processamento do arquivo BRASFRIGO 15062026.xlsx em modo incremental.
2026-09-16 13:36:34 | INFO | bdc.consumidores | Extração competitiva: Vencedor padrao_2 identificado para BRASFRIGO 15062026.xlsx.
2026-09-16 13:36:34 | INFO | bdc.consumidores | Registro normalizado (Entrada: 28, Saída: 30).
2026-09-16 13:36:34 | INFO | bdc.consumidores | Classificação documental para BRASFRIGO 15062026.xlsx: tipo=<5MWm analise=simplificada
2026-09-16 13:36:34 | INFO | bdc.consumidores | Iniciando validação unificada do registro. CNPJ=19166180000104
2026-09-16 13:36:34 | INFO | bdc.consumidores | Validação concluída. CNPJ=19166180000104 ERROS=0 AVISOS=0
2026-09-16 13:36:34 | INFO | bdc.consumidores | Validação condicional concluída para 19166180000104. Tipo=simplificada ERROS=1 AVISOS=1
2026-09-16 13:36:34 | INFO | bdc.consumidores | Ficha processada com sucesso: BRASFRIGO 15062026.xlsx.
2026-09-16 13:36:34 | INFO | bdc.consumidores | Iniciando processamento do arquivo BRASKEM - 05 04 2024.xlsx em modo incremental.
2026-09-16 13:36:34 | INFO | bdc.consumidores | Extração competitiva: Vencedor padrao_1 identificado para BRASKEM - 05 04 2024.xlsx.
2026-09-16 13:36:34 | INFO | bdc.consumidores | Registro normalizado (Entrada: 28, Saída: 30).
2026-09-16 13:36:34 | INFO | bdc.consumidores | Classificação documental para BRASKEM - 05 04 2024.xlsx: tipo=>=5MWm analise=detalhada
2026-09-16 13:36:34 | INFO | bdc.consumidores | Iniciando validação unificada do registro. CNPJ=42150391000170
2026-09-16 13:36:34 | INFO | bdc.consumidores | Validação concluída. CNPJ=42150391000170 ERROS=0 AVISOS=1
2026-09-16 13:36:34 | INFO | bdc.consumidores | Validação condicional concluída para 42150391000170. Tipo=detalhada ERROS=2 AVISOS=2
2026-09-16 13:36:34 | INFO | bdc.consumidores | Ficha processada com sucesso: BRASKEM - 05 04 2024.xlsx.
2026-09-16 13:36:34 | INFO | bdc.consumidores | Iniciando processamento do arquivo BRASKEM 21052026.xlsx em modo incremental.
2026-09-16 13:36:34 | INFO | bdc.consumidores | Extração competitiva: Vencedor padrao_2 identificado para BRASKEM 21052026.xlsx.
2026-09-16 13:36:34 | INFO | bdc.consumidores | Registro normalizado (Entrada: 28, Saída: 30).
2026-09-16 13:36:34 | INFO | bdc.consumidores | Classificação documental para BRASKEM 21052026.xlsx: tipo=>=5MWm analise=detalhada
2026-09-16 13:36:34 | INFO | bdc.consumidores | Iniciando validação unificada do registro. CNPJ=42150391000170
2026-09-16 13:36:34 | INFO | bdc.consumidores | Validação concluída. CNPJ=42150391000170 ERROS=0 AVISOS=1
2026-09-16 13:36:34 | INFO | bdc.consumidores | Validação condicional concluída para 42150391000170. Tipo=detalhada ERROS=2 AVISOS=1
2026-09-16 13:36:34 | INFO | bdc.consumidores | Ficha processada com sucesso: BRASKEM 21052026.xlsx.
2026-09-16 13:36:34 | INFO | bdc.consumidores | Iniciando processamento do arquivo BRASKEM 22072025.xlsx em modo incremental.
2026-09-16 13:36:34 | INFO | bdc.consumidores | Extração competitiva: Vencedor padrao_1 identificado para BRASKEM 22072025.xlsx.
2026-09-16 13:36:34 | INFO | bdc.consumidores | Registro normalizado (Entrada: 28, Saída: 30).
2026-09-16 13:36:34 | INFO | bdc.consumidores | Classificação documental para BRASKEM 22072025.xlsx: tipo=>=5MWm analise=detalhada
2026-09-16 13:36:34 | INFO | bdc.consumidores | Iniciando validação unificada do registro. CNPJ=42150391000170
2026-09-16 13:36:34 | INFO | bdc.consumidores | Validação concluída. CNPJ=42150391000170 ERROS=0 AVISOS=1
2026-09-16 13:36:34 | INFO | bdc.consumidores | Validação condicional concluída para 42150391000170. Tipo=detalhada ERROS=2 AVISOS=2
2026-09-16 13:36:34 | INFO | bdc.consumidores | Ficha processada com sucesso: BRASKEM 22072025.xlsx.
2026-09-16 13:36:34 | INFO | bdc.consumidores | Iniciando processamento do arquivo BRASKEM RATING 24102025.xlsx em modo incremental.
2026-09-16 13:36:34 | INFO | bdc.consumidores | Extração competitiva: Vencedor padrao_2 identificado para BRASKEM RATING 24102025.xlsx.
2026-09-16 13:36:34 | INFO | bdc.consumidores | Registro normalizado (Entrada: 28, Saída: 30).
2026-09-16 13:36:34 | INFO | bdc.consumidores | Classificação documental para BRASKEM RATING 24102025.xlsx: tipo=>=5MWm analise=detalhada
2026-09-16 13:36:34 | INFO | bdc.consumidores | Iniciando validação unificada do registro. CNPJ=42150391000170
2026-09-16 13:36:34 | INFO | bdc.consumidores | Validação concluída. CNPJ=42150391000170 ERROS=0 AVISOS=1
2026-09-16 13:36:34 | INFO | bdc.consumidores | Validação condicional concluída para 42150391000170. Tipo=detalhada ERROS=1 AVISOS=1
2026-09-16 13:36:34 | INFO | bdc.consumidores | Iniciando processamento do arquivo BRASTEX RATING 08012026.xlsx em modo incremental.
2026-09-16 13:36:34 | INFO | bdc.consumidores | Extração competitiva: Vencedor padrao_2 identificado para BRASTEX RATING 08012026.xlsx.
2026-09-16 13:36:34 | INFO | bdc.consumidores | Registro normalizado (Entrada: 28, Saída: 30).
2026-09-16 13:36:34 | INFO | bdc.consumidores | Classificação documental para BRASTEX RATING 08012026.xlsx: tipo=>=5MWm analise=detalhada
2026-09-16 13:36:34 | INFO | bdc.consumidores | Iniciando validação unificada do registro. CNPJ=09258807000101
2026-09-16 13:36:34 | INFO | bdc.consumidores | Validação concluída. CNPJ=09258807000101 ERROS=0 AVISOS=1
2026-09-16 13:36:34 | INFO | bdc.consumidores | Validação condicional concluída para 09258807000101. Tipo=detalhada ERROS=0 AVISOS=1
2026-09-16 13:36:34 | INFO | bdc.consumidores | Ficha processada com sucesso: BRASTEX RATING 08012026.xlsx.
2026-09-16 13:36:35 | INFO | bdc.consumidores | Iniciando processamento do arquivo BRAVA 15052026.xlsx em modo incremental.
2026-09-16 13:36:35 | INFO | bdc.consumidores | Extração competitiva: Vencedor padrao_2 identificado para BRAVA 15052026.xlsx.
2026-09-16 13:36:35 | INFO | bdc.consumidores | Registro normalizado (Entrada: 28, Saída: 30).
2026-09-16 13:36:35 | INFO | bdc.consumidores | Classificação documental para BRAVA 15052026.xlsx: tipo=>=5MWm analise=detalhada
2026-09-16 13:36:35 | INFO | bdc.consumidores | Iniciando validação unificada do registro. CNPJ=12091809000155
2026-09-16 13:36:35 | INFO | bdc.consumidores | Validação concluída. CNPJ=12091809000155 ERROS=0 AVISOS=1
2026-09-16 13:36:35 | INFO | bdc.consumidores | Validação condicional concluída para 12091809000155. Tipo=detalhada ERROS=1 AVISOS=1
2026-09-16 13:36:35 | INFO | bdc.consumidores | Ficha processada com sucesso: BRAVA 15052026.xlsx.
2026-09-16 13:36:35 | INFO | bdc.consumidores | Iniciando processamento do arquivo BRAVOX_31072023.xlsx em modo incremental.
2026-09-16 13:36:35 | INFO | bdc.consumidores | Extração competitiva: Vencedor padrao_1 identificado para BRAVOX_31072023.xlsx.
2026-09-16 13:36:35 | INFO | bdc.consumidores | Registro normalizado (Entrada: 28, Saída: 30).
2026-09-16 13:36:35 | INFO | bdc.consumidores | Classificação documental para BRAVOX_31072023.xlsx: tipo=>=5MWm analise=detalhada
2026-09-16 13:36:35 | INFO | bdc.consumidores | Iniciando validação unificada do registro. CNPJ=60854833000141
2026-09-16 13:36:35 | INFO | bdc.consumidores | Validação concluída. CNPJ=60854833000141 ERROS=0 AVISOS=0
2026-09-16 13:36:35 | INFO | bdc.consumidores | Validação condicional concluída para 60854833000141. Tipo=detalhada ERROS=3 AVISOS=1
2026-09-16 13:36:35 | INFO | bdc.consumidores | Ficha processada com sucesso: BRAVOX_31072023.xlsx.
2026-09-16 13:36:35 | INFO | bdc.consumidores | Iniciando processamento do arquivo BRF 12082024.xlsx em modo incremental.
2026-09-16 13:36:35 | INFO | bdc.consumidores | Extração competitiva: Vencedor padrao_1 identificado para BRF 12082024.xlsx.
2026-09-16 13:36:35 | INFO | bdc.consumidores | Registro normalizado (Entrada: 28, Saída: 30).
2026-09-16 13:36:35 | INFO | bdc.consumidores | Classificação documental para BRF 12082024.xlsx: tipo=>=5MWm analise=detalhada
2026-09-16 13:36:35 | INFO | bdc.consumidores | Iniciando validação unificada do registro. CNPJ=01838723000127
2026-09-16 13:36:35 | INFO | bdc.consumidores | Validação concluída. CNPJ=01838723000127 ERROS=0 AVISOS=0
2026-09-16 13:36:35 | INFO | bdc.consumidores | Validação condicional concluída para 01838723000127. Tipo=detalhada ERROS=2 AVISOS=1
2026-09-16 13:36:35 | INFO | bdc.consumidores | Ficha processada com sucesso: BRF 12082024.xlsx.
2026-09-16 13:36:35 | INFO | bdc.consumidores | Iniciando processamento do arquivo BRF FOODS 22072025.xlsx em modo incremental.
2026-09-16 13:36:35 | INFO | bdc.consumidores | Extração competitiva: Vencedor padrao_1 identificado para BRF FOODS 22072025.xlsx.
2026-09-16 13:36:35 | INFO | bdc.consumidores | Registro normalizado (Entrada: 28, Saída: 30).
2026-09-16 13:36:35 | INFO | bdc.consumidores | Classificação documental para BRF FOODS 22072025.xlsx: tipo=>=5MWm analise=detalhada
2026-09-16 13:36:35 | INFO | bdc.consumidores | Iniciando validação unificada do registro. CNPJ=01838723000127
2026-09-16 13:36:35 | INFO | bdc.consumidores | Validação concluída. CNPJ=01838723000127 ERROS=0 AVISOS=1
2026-09-16 13:36:35 | INFO | bdc.consumidores | Validação condicional concluída para 01838723000127. Tipo=detalhada ERROS=4 AVISOS=2
2026-09-16 13:36:35 | INFO | bdc.consumidores | Ficha processada com sucesso: BRF FOODS 22072025.xlsx.
2026-09-16 13:36:35 | INFO | bdc.consumidores | Iniciando processamento do arquivo BRF RATING 01122025.xlsx em modo incremental.
2026-09-16 13:36:35 | INFO | bdc.consumidores | Extração competitiva: Vencedor padrao_2 identificado para BRF RATING 01122025.xlsx.
2026-09-16 13:36:35 | INFO | bdc.consumidores | Registro normalizado (Entrada: 28, Saída: 30).
2026-09-16 13:36:35 | INFO | bdc.consumidores | Classificação documental para BRF RATING 01122025.xlsx: tipo=>=5MWm analise=detalhada
2026-09-16 13:36:35 | INFO | bdc.consumidores | Iniciando validação unificada do registro. CNPJ=01838723000127
2026-09-16 13:36:35 | INFO | bdc.consumidores | Validação concluída. CNPJ=01838723000127 ERROS=0 AVISOS=1
2026-09-16 13:36:35 | INFO | bdc.consumidores | Validação condicional concluída para 01838723000127. Tipo=detalhada ERROS=3 AVISOS=1
2026-09-16 13:36:35 | INFO | bdc.consumidores | Ficha processada com sucesso: BRF RATING 01122025.xlsx.
2026-09-16 13:36:35 | INFO | bdc.consumidores | Iniciando processamento do arquivo BRK Ambiental - Avaliação Middle.xlsx em modo incremental.
2026-09-16 13:36:35 | INFO | bdc.consumidores | Extração competitiva: Vencedor padrao_1 identificado para BRK Ambiental - Avaliação Middle.xlsx.
2026-09-16 13:36:35 | INFO | bdc.consumidores | Registro normalizado (Entrada: 28, Saída: 30).
2026-09-16 13:36:35 | INFO | bdc.consumidores | Classificação documental para BRK Ambiental - Avaliação Middle.xlsx: tipo=>=5MWm analise=detalhada
2026-09-16 13:36:35 | INFO | bdc.consumidores | Iniciando validação unificada do registro. CNPJ=24396489000120
2026-09-16 13:36:35 | INFO | bdc.consumidores | Validação concluída. CNPJ=24396489000120 ERROS=0 AVISOS=1
2026-09-16 13:36:35 | INFO | bdc.consumidores | Validação condicional concluída para 24396489000120. Tipo=detalhada ERROS=2 AVISOS=2
2026-09-16 13:36:35 | INFO | bdc.consumidores | Ficha processada com sucesso: BRK Ambiental - Avaliação Middle.xlsx.
2026-09-16 13:36:35 | INFO | bdc.consumidores | Iniciando processamento do arquivo BUNGE 09102025.xlsx em modo incremental.
2026-09-16 13:36:36 | INFO | bdc.consumidores | Extração competitiva: Vencedor padrao_1 identificado para BUNGE 09102025.xlsx.
2026-09-16 13:36:36 | INFO | bdc.consumidores | Registro normalizado (Entrada: 28, Saída: 30).
2026-09-16 13:36:36 | INFO | bdc.consumidores | Classificação documental para BUNGE 09102025.xlsx: tipo=<5MWm analise=simplificada
2026-09-16 13:36:36 | INFO | bdc.consumidores | Iniciando validação unificada do registro. CNPJ=None
2026-09-16 13:36:36 | INFO | bdc.consumidores | Validação concluída. CNPJ=None ERROS=3 AVISOS=0
2026-09-16 13:36:36 | WARNING | bdc.consumidores | Erros de validação para CNPJ=None: ['GATE_ENGINE ausente: CNPJ', 'GATE_ENGINE ausente: EMPRESA', 'GATE_ENGINE ausente: DATA_DEMONSTRACAO_FINANCEIRA']
2026-09-16 13:36:36 | INFO | bdc.consumidores | Validação condicional concluída para None. Tipo=simplificada ERROS=4 AVISOS=1
2026-09-16 13:36:36 | INFO | bdc.consumidores | Iniciando processamento do arquivo BUNGE 18062026.xlsx em modo incremental.
2026-09-16 13:36:36 | INFO | bdc.consumidores | Extração competitiva: Vencedor padrao_2 identificado para BUNGE 18062026.xlsx.
2026-09-16 13:36:36 | INFO | bdc.consumidores | Registro normalizado (Entrada: 28, Saída: 30).
2026-09-16 13:36:36 | INFO | bdc.consumidores | Classificação documental para BUNGE 18062026.xlsx: tipo=<5MWm analise=simplificada
2026-09-16 13:36:36 | INFO | bdc.consumidores | Iniciando validação unificada do registro. CNPJ=84046101000193
2026-09-16 13:36:36 | INFO | bdc.consumidores | Validação concluída. CNPJ=84046101000193 ERROS=0 AVISOS=0
2026-09-16 13:36:36 | INFO | bdc.consumidores | Validação condicional concluída para 84046101000193. Tipo=simplificada ERROS=1 AVISOS=1
2026-09-16 13:36:36 | INFO | bdc.consumidores | Ficha processada com sucesso: BUNGE 18062026.xlsx.
2026-09-16 13:36:36 | INFO | bdc.consumidores | Iniciando processamento do arquivo Bimbo_02_09_2024.xlsx em modo incremental.
2026-09-16 13:36:36 | INFO | bdc.consumidores | Extração competitiva: Vencedor padrao_1 identificado para Bimbo_02_09_2024.xlsx.
2026-09-16 13:36:36 | INFO | bdc.consumidores | Registro normalizado (Entrada: 28, Saída: 30).
2026-09-16 13:36:36 | INFO | bdc.consumidores | Classificação documental para Bimbo_02_09_2024.xlsx: tipo=>=5MWm analise=detalhada
2026-09-16 13:36:36 | INFO | bdc.consumidores | Iniciando validação unificada do registro. CNPJ=35402759000185
2026-09-16 13:36:36 | INFO | bdc.consumidores | Validação concluída. CNPJ=35402759000185 ERROS=0 AVISOS=1
2026-09-16 13:36:36 | INFO | bdc.consumidores | Validação condicional concluída para 35402759000185. Tipo=detalhada ERROS=2 AVISOS=2
2026-09-16 13:36:36 | INFO | bdc.consumidores | Ficha processada com sucesso: Bimbo_02_09_2024.xlsx.
2026-09-16 13:36:36 | INFO | bdc.consumidores | Iniciando processamento do arquivo Bioagri Laboratórios_03-10-2022.xlsx em modo incremental.
2026-09-16 13:36:36 | INFO | bdc.consumidores | Extração competitiva: Vencedor padrao_1 identificado para Bioagri Laboratórios_03-10-2022.xlsx.
2026-09-16 13:36:36 | INFO | bdc.consumidores | Registro normalizado (Entrada: 28, Saída: 30).
2026-09-16 13:36:36 | INFO | bdc.consumidores | Classificação documental para Bioagri Laboratórios_03-10-2022.xlsx: tipo=>=5MWm analise=detalhada
2026-09-16 13:36:36 | INFO | bdc.consumidores | Iniciando validação unificada do registro. CNPJ=62473004000144
2026-09-16 13:36:36 | INFO | bdc.consumidores | Validação concluída. CNPJ=62473004000144 ERROS=0 AVISOS=1
2026-09-16 13:36:36 | INFO | bdc.consumidores | Validação condicional concluída para 62473004000144. Tipo=detalhada ERROS=2 AVISOS=2
2026-09-16 13:36:36 | INFO | bdc.consumidores | Ficha processada com sucesso: Bioagri Laboratórios_03-10-2022.xlsx.
2026-09-16 13:36:36 | INFO | bdc.consumidores | Iniciando processamento do arquivo Brasil Tropical 13072023.xlsx em modo incremental.
2026-09-16 13:36:36 | INFO | bdc.consumidores | Extração competitiva: Vencedor padrao_1 identificado para Brasil Tropical 13072023.xlsx.
2026-09-16 13:36:36 | INFO | bdc.consumidores | Registro normalizado (Entrada: 28, Saída: 30).
2026-09-16 13:36:36 | INFO | bdc.consumidores | Classificação documental para Brasil Tropical 13072023.xlsx: tipo=>=5MWm analise=detalhada
2026-09-16 13:36:36 | INFO | bdc.consumidores | Iniciando validação unificada do registro. CNPJ=17210843000115
2026-09-16 13:36:36 | INFO | bdc.consumidores | Validação concluída. CNPJ=17210843000115 ERROS=0 AVISOS=0
2026-09-16 13:36:36 | INFO | bdc.consumidores | Validação condicional concluída para 17210843000115. Tipo=detalhada ERROS=2 AVISOS=1
2026-09-16 13:36:36 | INFO | bdc.consumidores | Ficha processada com sucesso: Brasil Tropical 13072023.xlsx.
2026-09-16 13:36:36 | INFO | bdc.consumidores | Iniciando processamento do arquivo Brasken 01022024 sem eprotocolo.xlsx em modo incremental.
2026-09-16 13:36:36 | INFO | bdc.consumidores | Extração competitiva: Vencedor padrao_1 identificado para Brasken 01022024 sem eprotocolo.xlsx.
2026-09-16 13:36:36 | INFO | bdc.consumidores | Registro normalizado (Entrada: 28, Saída: 30).
2026-09-16 13:36:36 | INFO | bdc.consumidores | Classificação documental para Brasken 01022024 sem eprotocolo.xlsx: tipo=>=5MWm analise=detalhada
2026-09-16 13:36:36 | INFO | bdc.consumidores | Iniciando validação unificada do registro. CNPJ=42150391000170
2026-09-16 13:36:36 | INFO | bdc.consumidores | Validação concluída. CNPJ=42150391000170 ERROS=0 AVISOS=1
2026-09-16 13:36:36 | INFO | bdc.consumidores | Validação condicional concluída para 42150391000170. Tipo=detalhada ERROS=2 AVISOS=2
2026-09-16 13:36:36 | INFO | bdc.consumidores | Ficha processada com sucesso: Brasken 01022024 sem eprotocolo.xlsx.
2026-09-16 13:36:36 | INFO | bdc.consumidores | Iniciando processamento do arquivo Brastex - Avaliação Middle.xlsx em modo incremental.
2026-09-16 13:36:36 | INFO | bdc.consumidores | Extração competitiva: Vencedor padrao_1 identificado para Brastex - Avaliação Middle.xlsx.
2026-09-16 13:36:36 | INFO | bdc.consumidores | Registro normalizado (Entrada: 28, Saída: 30).
2026-09-16 13:36:36 | INFO | bdc.consumidores | Classificação documental para Brastex - Avaliação Middle.xlsx: tipo=>=5MWm analise=detalhada
2026-09-16 13:36:36 | INFO | bdc.consumidores | Iniciando validação unificada do registro. CNPJ=87547170000179
2026-09-16 13:36:36 | INFO | bdc.consumidores | Validação concluída. CNPJ=87547170000179 ERROS=0 AVISOS=1
2026-09-16 13:36:36 | INFO | bdc.consumidores | Validação condicional concluída para 87547170000179. Tipo=detalhada ERROS=2 AVISOS=2
2026-09-16 13:36:36 | INFO | bdc.consumidores | Ficha processada com sucesso: Brastex - Avaliação Middle.xlsx.
2026-09-16 13:36:36 | INFO | bdc.consumidores | Iniciando processamento do arquivo Brastex 10062024.xlsx em modo incremental.
2026-09-16 13:36:37 | INFO | bdc.consumidores | Extração competitiva: Vencedor padrao_1 identificado para Brastex 10062024.xlsx.
2026-09-16 13:36:37 | INFO | bdc.consumidores | Registro normalizado (Entrada: 28, Saída: 30).
2026-09-16 13:36:37 | INFO | bdc.consumidores | Classificação documental para Brastex 10062024.xlsx: tipo=>=5MWm analise=detalhada
2026-09-16 13:36:37 | INFO | bdc.consumidores | Iniciando validação unificada do registro. CNPJ=09258807000101
2026-09-16 13:36:37 | INFO | bdc.consumidores | Validação concluída. CNPJ=09258807000101 ERROS=0 AVISOS=0
2026-09-16 13:36:37 | INFO | bdc.consumidores | Validação condicional concluída para 09258807000101. Tipo=detalhada ERROS=2 AVISOS=1
2026-09-16 13:36:37 | INFO | bdc.consumidores | Ficha processada com sucesso: Brastex 10062024.xlsx.
2026-09-16 13:36:37 | INFO | bdc.consumidores | Iniciando processamento do arquivo Braswell.xlsx em modo incremental.
2026-09-16 13:36:37 | INFO | bdc.consumidores | Extração competitiva: Vencedor padrao_1 identificado para Braswell.xlsx.
2026-09-16 13:36:37 | INFO | bdc.consumidores | Registro normalizado (Entrada: 28, Saída: 30).
2026-09-16 13:36:37 | INFO | bdc.consumidores | Classificação documental para Braswell.xlsx: tipo=>=5MWm analise=detalhada
2026-09-16 13:36:37 | INFO | bdc.consumidores | Iniciando validação unificada do registro. CNPJ=11778932000186
2026-09-16 13:36:37 | INFO | bdc.consumidores | Validação concluída. CNPJ=11778932000186 ERROS=0 AVISOS=1
2026-09-16 13:36:37 | INFO | bdc.consumidores | Validação condicional concluída para 11778932000186. Tipo=detalhada ERROS=2 AVISOS=2
2026-09-16 13:36:37 | INFO | bdc.consumidores | Ficha processada com sucesso: Braswell.xlsx.
2026-09-16 13:36:37 | INFO | bdc.consumidores | Iniciando processamento do arquivo Bridgestone do Brasil.xlsx em modo incremental.
2026-09-16 13:36:37 | INFO | bdc.consumidores | Extração competitiva: Vencedor padrao_1 identificado para Bridgestone do Brasil.xlsx.
2026-09-16 13:36:37 | INFO | bdc.consumidores | Registro normalizado (Entrada: 28, Saída: 30).
2026-09-16 13:36:37 | INFO | bdc.consumidores | Classificação documental para Bridgestone do Brasil.xlsx: tipo=<5MWm analise=simplificada
2026-09-16 13:36:37 | INFO | bdc.consumidores | Iniciando validação unificada do registro. CNPJ=57497539000115
2026-09-16 13:36:37 | INFO | bdc.consumidores | Validação concluída. CNPJ=57497539000115 ERROS=0 AVISOS=0
2026-09-16 13:36:37 | INFO | bdc.consumidores | Validação condicional concluída para 57497539000115. Tipo=simplificada ERROS=1 AVISOS=1
2026-09-16 13:36:37 | INFO | bdc.consumidores | Ficha processada com sucesso: Bridgestone do Brasil.xlsx.
2026-09-16 13:36:37 | INFO | bdc.consumidores | Iniciando processamento do arquivo Bridgestone_24_08_2022 - 2.xlsx em modo incremental.
2026-09-16 13:36:37 | INFO | bdc.consumidores | Extração competitiva: Vencedor padrao_1 identificado para Bridgestone_24_08_2022 - 2.xlsx.
2026-09-16 13:36:37 | INFO | bdc.consumidores | Registro normalizado (Entrada: 28, Saída: 30).
2026-09-16 13:36:37 | INFO | bdc.consumidores | Classificação documental para Bridgestone_24_08_2022 - 2.xlsx: tipo=>=5MWm analise=detalhada
2026-09-16 13:36:37 | INFO | bdc.consumidores | Iniciando validação unificada do registro. CNPJ=57497539000700
2026-09-16 13:36:37 | INFO | bdc.consumidores | Validação concluída. CNPJ=57497539000700 ERROS=0 AVISOS=0
2026-09-16 13:36:37 | INFO | bdc.consumidores | Validação condicional concluída para 57497539000700. Tipo=detalhada ERROS=5 AVISOS=1
2026-09-16 13:36:37 | INFO | bdc.consumidores | Ficha processada com sucesso: Bridgestone_24_08_2022 - 2.xlsx.
2026-09-16 13:36:37 | INFO | bdc.consumidores | Iniciando processamento do arquivo Bridgestone_24_08_2022 - 3.xlsx em modo incremental.
2026-09-16 13:36:37 | INFO | bdc.consumidores | Extração competitiva: Vencedor padrao_1 identificado para Bridgestone_24_08_2022 - 3.xlsx.
2026-09-16 13:36:37 | INFO | bdc.consumidores | Registro normalizado (Entrada: 28, Saída: 30).
2026-09-16 13:36:37 | INFO | bdc.consumidores | Classificação documental para Bridgestone_24_08_2022 - 3.xlsx: tipo=>=5MWm analise=detalhada
2026-09-16 13:36:37 | INFO | bdc.consumidores | Iniciando validação unificada do registro. CNPJ=57497539001600
2026-09-16 13:36:37 | INFO | bdc.consumidores | Validação concluída. CNPJ=57497539001600 ERROS=0 AVISOS=0
2026-09-16 13:36:37 | INFO | bdc.consumidores | Validação condicional concluída para 57497539001600. Tipo=detalhada ERROS=5 AVISOS=1
2026-09-16 13:36:37 | INFO | bdc.consumidores | Ficha processada com sucesso: Bridgestone_24_08_2022 - 3.xlsx.
2026-09-16 13:36:37 | INFO | bdc.consumidores | Iniciando processamento do arquivo Bridgestone_24_08_2022 - 4.xlsx em modo incremental.
2026-09-16 13:36:37 | INFO | bdc.consumidores | Extração competitiva: Vencedor padrao_1 identificado para Bridgestone_24_08_2022 - 4.xlsx.
2026-09-16 13:36:37 | INFO | bdc.consumidores | Registro normalizado (Entrada: 28, Saída: 30).
2026-09-16 13:36:37 | INFO | bdc.consumidores | Classificação documental para Bridgestone_24_08_2022 - 4.xlsx: tipo=>=5MWm analise=detalhada
2026-09-16 13:36:37 | INFO | bdc.consumidores | Iniciando validação unificada do registro. CNPJ=57497539001359
2026-09-16 13:36:37 | INFO | bdc.consumidores | Validação concluída. CNPJ=57497539001359 ERROS=0 AVISOS=0
2026-09-16 13:36:37 | INFO | bdc.consumidores | Validação condicional concluída para 57497539001359. Tipo=detalhada ERROS=5 AVISOS=1
2026-09-16 13:36:37 | INFO | bdc.consumidores | Ficha processada com sucesso: Bridgestone_24_08_2022 - 4.xlsx.
2026-09-16 13:36:37 | INFO | bdc.consumidores | Iniciando processamento do arquivo C. VALE 25052026.xlsx em modo incremental.
2026-09-16 13:36:37 | INFO | bdc.consumidores | Extração competitiva: Vencedor padrao_2 identificado para C. VALE 25052026.xlsx.
2026-09-16 13:36:37 | INFO | bdc.consumidores | Registro normalizado (Entrada: 28, Saída: 30).
2026-09-16 13:36:37 | INFO | bdc.consumidores | Classificação documental para C. VALE 25052026.xlsx: tipo=>=5MWm analise=detalhada
2026-09-16 13:36:37 | INFO | bdc.consumidores | Iniciando validação unificada do registro. CNPJ=77863223017930
2026-09-16 13:36:37 | INFO | bdc.consumidores | Validação concluída. CNPJ=77863223017930 ERROS=0 AVISOS=0
2026-09-16 13:36:37 | INFO | bdc.consumidores | Validação condicional concluída para 77863223017930. Tipo=detalhada ERROS=1 AVISOS=0
2026-09-16 13:36:37 | INFO | bdc.consumidores | Ficha processada com sucesso: C. VALE 25052026.xlsx.
2026-09-16 13:36:37 | INFO | bdc.consumidores | Iniciando processamento do arquivo C. VALE RATING 07112025.xlsx em modo incremental.
2026-09-16 13:36:38 | INFO | bdc.consumidores | Extração competitiva: Vencedor padrao_2 identificado para C. VALE RATING 07112025.xlsx.
2026-09-16 13:36:38 | INFO | bdc.consumidores | Registro normalizado (Entrada: 28, Saída: 30).
2026-09-16 13:36:38 | INFO | bdc.consumidores | Classificação documental para C. VALE RATING 07112025.xlsx: tipo=>=5MWm analise=detalhada
2026-09-16 13:36:38 | INFO | bdc.consumidores | Iniciando validação unificada do registro. CNPJ=77863223004366
2026-09-16 13:36:38 | INFO | bdc.consumidores | Validação concluída. CNPJ=77863223004366 ERROS=0 AVISOS=0
2026-09-16 13:36:38 | INFO | bdc.consumidores | Validação condicional concluída para 77863223004366. Tipo=detalhada ERROS=0 AVISOS=0
2026-09-16 13:36:38 | INFO | bdc.consumidores | Ficha processada com sucesso: C. VALE RATING 07112025.xlsx.
2026-09-16 13:36:38 | INFO | bdc.consumidores | Iniciando processamento do arquivo CAERN_23042025.xlsx em modo incremental.
2026-09-16 13:36:38 | INFO | bdc.consumidores | Extração competitiva: Vencedor padrao_1 identificado para CAERN_23042025.xlsx.
2026-09-16 13:36:38 | INFO | bdc.consumidores | Registro normalizado (Entrada: 28, Saída: 30).
2026-09-16 13:36:38 | INFO | bdc.consumidores | Classificação documental para CAERN_23042025.xlsx: tipo=>=5MWm analise=detalhada
2026-09-16 13:36:38 | INFO | bdc.consumidores | Iniciando validação unificada do registro. CNPJ=08334385000135
2026-09-16 13:36:38 | INFO | bdc.consumidores | Validação concluída. CNPJ=08334385000135 ERROS=0 AVISOS=1
2026-09-16 13:36:38 | INFO | bdc.consumidores | Validação condicional concluída para 08334385000135. Tipo=detalhada ERROS=2 AVISOS=2
2026-09-16 13:36:38 | INFO | bdc.consumidores | Ficha processada com sucesso: CAERN_23042025.xlsx.
2026-09-16 13:36:38 | INFO | bdc.consumidores | Iniciando processamento do arquivo CAESB RATING 20012026.xlsx em modo incremental.
2026-09-16 13:36:38 | INFO | bdc.consumidores | Extração competitiva: Vencedor padrao_2 identificado para CAESB RATING 20012026.xlsx.
2026-09-16 13:36:38 | INFO | bdc.consumidores | Registro normalizado (Entrada: 28, Saída: 30).
2026-09-16 13:36:38 | INFO | bdc.consumidores | Classificação documental para CAESB RATING 20012026.xlsx: tipo=>=5MWm analise=detalhada
2026-09-16 13:36:38 | INFO | bdc.consumidores | Iniciando validação unificada do registro. CNPJ=00082024000137
2026-09-16 13:36:38 | INFO | bdc.consumidores | Validação concluída. CNPJ=00082024000137 ERROS=0 AVISOS=1
2026-09-16 13:36:38 | INFO | bdc.consumidores | Validação condicional concluída para 00082024000137. Tipo=detalhada ERROS=0 AVISOS=1
2026-09-16 13:36:38 | INFO | bdc.consumidores | Ficha processada com sucesso: CAESB RATING 20012026.xlsx.
2026-09-16 13:36:38 | INFO | bdc.consumidores | Iniciando processamento do arquivo CAMPO BELO G1 CARLOS CALDEIRA 30072026.xlsx em modo incremental.
2026-09-16 13:36:38 | INFO | bdc.consumidores | Extração competitiva: Vencedor padrao_2 identificado para CAMPO BELO G1 CARLOS CALDEIRA 30072026.xlsx.
2026-09-16 13:36:38 | INFO | bdc.consumidores | Registro normalizado (Entrada: 28, Saída: 30).
2026-09-16 13:36:38 | INFO | bdc.consumidores | Classificação documental para CAMPO BELO G1 CARLOS CALDEIRA 30072026.xlsx: tipo=<5MWm analise=simplificada
2026-09-16 13:36:38 | INFO | bdc.consumidores | Iniciando validação unificada do registro. CNPJ=01832301000144
2026-09-16 13:36:38 | INFO | bdc.consumidores | Validação concluída. CNPJ=01832301000144 ERROS=0 AVISOS=0
2026-09-16 13:36:38 | INFO | bdc.consumidores | Validação condicional concluída para 01832301000144. Tipo=simplificada ERROS=1 AVISOS=1
2026-09-16 13:36:38 | INFO | bdc.consumidores | Ficha processada com sucesso: CAMPO BELO G1 CARLOS CALDEIRA 30072026.xlsx.
2026-09-16 13:36:38 | INFO | bdc.consumidores | Iniciando processamento do arquivo CANDEIAS 15102025.xlsx em modo incremental.
2026-09-16 13:36:38 | INFO | bdc.consumidores | Extração competitiva: Vencedor padrao_1 identificado para CANDEIAS 15102025.xlsx.
2026-09-16 13:36:38 | INFO | bdc.consumidores | Registro normalizado (Entrada: 28, Saída: 30).
2026-09-16 13:36:38 | INFO | bdc.consumidores | Classificação documental para CANDEIAS 15102025.xlsx: tipo=<5MWm analise=simplificada
2026-09-16 13:36:38 | INFO | bdc.consumidores | Iniciando validação unificada do registro. CNPJ=None
2026-09-16 13:36:38 | INFO | bdc.consumidores | Validação concluída. CNPJ=None ERROS=3 AVISOS=0
2026-09-16 13:36:38 | WARNING | bdc.consumidores | Erros de validação para CNPJ=None: ['GATE_ENGINE ausente: CNPJ', 'GATE_ENGINE ausente: EMPRESA', 'GATE_ENGINE ausente: DATA_DEMONSTRACAO_FINANCEIRA']
2026-09-16 13:36:38 | INFO | bdc.consumidores | Validação condicional concluída para None. Tipo=simplificada ERROS=4 AVISOS=1
2026-09-16 13:36:38 | INFO | bdc.consumidores | Iniciando processamento do arquivo CANOINHAS 17072025.xlsx em modo incremental.
2026-09-16 13:36:38 | INFO | bdc.consumidores | Extração competitiva: Vencedor padrao_1 identificado para CANOINHAS 17072025.xlsx.
2026-09-16 13:36:38 | INFO | bdc.consumidores | Registro normalizado (Entrada: 28, Saída: 30).
2026-09-16 13:36:38 | INFO | bdc.consumidores | Classificação documental para CANOINHAS 17072025.xlsx: tipo=>=5MWm analise=detalhada
2026-09-16 13:36:38 | INFO | bdc.consumidores | Iniciando validação unificada do registro. CNPJ=76827344000130
2026-09-16 13:36:38 | INFO | bdc.consumidores | Validação concluída. CNPJ=76827344000130 ERROS=0 AVISOS=1
2026-09-16 13:36:38 | INFO | bdc.consumidores | Validação condicional concluída para 76827344000130. Tipo=detalhada ERROS=2 AVISOS=2
2026-09-16 13:36:38 | INFO | bdc.consumidores | Ficha processada com sucesso: CANOINHAS 17072025.xlsx.
2026-09-16 13:36:38 | INFO | bdc.consumidores | Iniciando processamento do arquivo CARGILL 11062026 - REVISÃO.xlsx em modo incremental.
2026-09-16 13:36:38 | INFO | bdc.consumidores | Extração competitiva: Vencedor padrao_2 identificado para CARGILL 11062026 - REVISÃO.xlsx.
2026-09-16 13:36:38 | INFO | bdc.consumidores | Registro normalizado (Entrada: 28, Saída: 30).
2026-09-16 13:36:38 | INFO | bdc.consumidores | Classificação documental para CARGILL 11062026 - REVISÃO.xlsx: tipo=<5MWm analise=simplificada
2026-09-16 13:36:38 | INFO | bdc.consumidores | Iniciando validação unificada do registro. CNPJ=60498706000157
2026-09-16 13:36:38 | INFO | bdc.consumidores | Validação concluída. CNPJ=60498706000157 ERROS=0 AVISOS=0
2026-09-16 13:36:38 | INFO | bdc.consumidores | Validação condicional concluída para 60498706000157. Tipo=simplificada ERROS=1 AVISOS=1
2026-09-16 13:36:38 | INFO | bdc.consumidores | Ficha processada com sucesso: CARGILL 11062026 - REVISÃO.xlsx.
2026-09-16 13:36:39 | INFO | bdc.consumidores | Iniciando processamento do arquivo CARGILL 15072025.xlsx em modo incremental.
2026-09-16 13:36:39 | INFO | bdc.consumidores | Extração competitiva: Vencedor padrao_1 identificado para CARGILL 15072025.xlsx.
2026-09-16 13:36:39 | INFO | bdc.consumidores | Registro normalizado (Entrada: 28, Saída: 30).
2026-09-16 13:36:39 | INFO | bdc.consumidores | Classificação documental para CARGILL 15072025.xlsx: tipo=>=5MWm analise=detalhada
2026-09-16 13:36:39 | INFO | bdc.consumidores | Iniciando validação unificada do registro. CNPJ=60498706000157
2026-09-16 13:36:39 | INFO | bdc.consumidores | Validação concluída. CNPJ=60498706000157 ERROS=0 AVISOS=1
2026-09-16 13:36:39 | INFO | bdc.consumidores | Validação condicional concluída para 60498706000157. Tipo=detalhada ERROS=3 AVISOS=2
2026-09-16 13:36:39 | INFO | bdc.consumidores | Ficha processada com sucesso: CARGILL 15072025.xlsx.
2026-09-16 13:36:39 | INFO | bdc.consumidores | Iniciando processamento do arquivo CARGILL RATING 13102025.xlsx em modo incremental.
2026-09-16 13:36:39 | INFO | bdc.consumidores | Extração competitiva: Vencedor padrao_1 identificado para CARGILL RATING 13102025.xlsx.
2026-09-16 13:36:39 | INFO | bdc.consumidores | Registro normalizado (Entrada: 28, Saída: 30).
2026-09-16 13:36:39 | INFO | bdc.consumidores | Classificação documental para CARGILL RATING 13102025.xlsx: tipo=<5MWm analise=simplificada
2026-09-16 13:36:39 | INFO | bdc.consumidores | Iniciando validação unificada do registro. CNPJ=None
2026-09-16 13:36:39 | INFO | bdc.consumidores | Validação concluída. CNPJ=None ERROS=3 AVISOS=0
2026-09-16 13:36:39 | WARNING | bdc.consumidores | Erros de validação para CNPJ=None: ['GATE_ENGINE ausente: CNPJ', 'GATE_ENGINE ausente: EMPRESA', 'GATE_ENGINE ausente: DATA_DEMONSTRACAO_FINANCEIRA']
2026-09-16 13:36:39 | INFO | bdc.consumidores | Validação condicional concluída para None. Tipo=simplificada ERROS=4 AVISOS=1
2026-09-16 13:36:39 | INFO | bdc.consumidores | Iniciando processamento do arquivo CBA - Cia Brasileira de Alumínio 2022-07-12.xlsx em modo incremental.
2026-09-16 13:36:39 | INFO | bdc.consumidores | Extração competitiva: Vencedor padrao_1 identificado para CBA - Cia Brasileira de Alumínio 2022-07-12.xlsx.
2026-09-16 13:36:39 | INFO | bdc.consumidores | Registro normalizado (Entrada: 28, Saída: 30).
2026-09-16 13:36:39 | INFO | bdc.consumidores | Classificação documental para CBA - Cia Brasileira de Alumínio 2022-07-12.xlsx: tipo=>=5MWm analise=detalhada
2026-09-16 13:36:39 | INFO | bdc.consumidores | Iniciando validação unificada do registro. CNPJ=61409892000920
2026-09-16 13:36:39 | INFO | bdc.consumidores | Validação concluída. CNPJ=61409892000920 ERROS=0 AVISOS=1
2026-09-16 13:36:39 | INFO | bdc.consumidores | Validação condicional concluída para 61409892000920. Tipo=detalhada ERROS=2 AVISOS=2
2026-09-16 13:36:39 | INFO | bdc.consumidores | Ficha processada com sucesso: CBA - Cia Brasileira de Alumínio 2022-07-12.xlsx.
2026-09-16 13:36:39 | INFO | bdc.consumidores | Iniciando processamento do arquivo CBA 08102025 RATING RETIFICADO.xlsx em modo incremental.
2026-09-16 13:36:39 | INFO | bdc.consumidores | Extração competitiva: Vencedor padrao_1 identificado para CBA 08102025 RATING RETIFICADO.xlsx.
2026-09-16 13:36:39 | INFO | bdc.consumidores | Registro normalizado (Entrada: 28, Saída: 30).
2026-09-16 13:36:39 | INFO | bdc.consumidores | Classificação documental para CBA 08102025 RATING RETIFICADO.xlsx: tipo=<5MWm analise=simplificada
2026-09-16 13:36:39 | INFO | bdc.consumidores | Iniciando validação unificada do registro. CNPJ=None
2026-09-16 13:36:39 | INFO | bdc.consumidores | Validação concluída. CNPJ=None ERROS=3 AVISOS=0
2026-09-16 13:36:39 | WARNING | bdc.consumidores | Erros de validação para CNPJ=None: ['GATE_ENGINE ausente: CNPJ', 'GATE_ENGINE ausente: EMPRESA', 'GATE_ENGINE ausente: DATA_DEMONSTRACAO_FINANCEIRA']
2026-09-16 13:36:39 | INFO | bdc.consumidores | Validação condicional concluída para None. Tipo=simplificada ERROS=4 AVISOS=1
2026-09-16 13:36:39 | INFO | bdc.consumidores | Iniciando processamento do arquivo CBA 08102025.xlsx em modo incremental.
2026-09-16 13:36:39 | INFO | bdc.consumidores | Extração competitiva: Vencedor padrao_1 identificado para CBA 08102025.xlsx.
2026-09-16 13:36:39 | INFO | bdc.consumidores | Registro normalizado (Entrada: 28, Saída: 30).
2026-09-16 13:36:39 | INFO | bdc.consumidores | Classificação documental para CBA 08102025.xlsx: tipo=<5MWm analise=simplificada
2026-09-16 13:36:39 | INFO | bdc.consumidores | Iniciando validação unificada do registro. CNPJ=None
2026-09-16 13:36:39 | INFO | bdc.consumidores | Validação concluída. CNPJ=None ERROS=3 AVISOS=0
2026-09-16 13:36:39 | WARNING | bdc.consumidores | Erros de validação para CNPJ=None: ['GATE_ENGINE ausente: CNPJ', 'GATE_ENGINE ausente: EMPRESA', 'GATE_ENGINE ausente: DATA_DEMONSTRACAO_FINANCEIRA']
2026-09-16 13:36:39 | INFO | bdc.consumidores | Validação condicional concluída para None. Tipo=simplificada ERROS=4 AVISOS=1
2026-09-16 13:36:39 | INFO | bdc.consumidores | Iniciando processamento do arquivo CBA 24062026.xlsx em modo incremental.
2026-09-16 13:36:39 | INFO | bdc.consumidores | Extração competitiva: Vencedor padrao_2 identificado para CBA 24062026.xlsx.
2026-09-16 13:36:39 | INFO | bdc.consumidores | Registro normalizado (Entrada: 28, Saída: 30).
2026-09-16 13:36:39 | INFO | bdc.consumidores | Classificação documental para CBA 24062026.xlsx: tipo=<5MWm analise=simplificada
2026-09-16 13:36:39 | INFO | bdc.consumidores | Iniciando validação unificada do registro. CNPJ=61409892000173
2026-09-16 13:36:39 | INFO | bdc.consumidores | Validação concluída. CNPJ=61409892000173 ERROS=0 AVISOS=0
2026-09-16 13:36:39 | INFO | bdc.consumidores | Validação condicional concluída para 61409892000173. Tipo=simplificada ERROS=1 AVISOS=1
2026-09-16 13:36:39 | INFO | bdc.consumidores | Ficha processada com sucesso: CBA 24062026.xlsx.
2026-09-16 13:36:39 | INFO | bdc.consumidores | Iniciando processamento do arquivo CBA CIA BRASILEIRA DE ALUMINIO 30052025.xlsx em modo incremental.
2026-09-16 13:36:39 | INFO | bdc.consumidores | Extração competitiva: Vencedor padrao_1 identificado para CBA CIA BRASILEIRA DE ALUMINIO 30052025.xlsx.
2026-09-16 13:36:39 | INFO | bdc.consumidores | Registro normalizado (Entrada: 28, Saída: 30).
2026-09-16 13:36:39 | INFO | bdc.consumidores | Classificação documental para CBA CIA BRASILEIRA DE ALUMINIO 30052025.xlsx: tipo=>=5MWm analise=detalhada
2026-09-16 13:36:39 | INFO | bdc.consumidores | Iniciando validação unificada do registro. CNPJ=06057223000171
2026-09-16 13:36:39 | INFO | bdc.consumidores | Validação concluída. CNPJ=06057223000171 ERROS=0 AVISOS=1
2026-09-16 13:36:39 | INFO | bdc.consumidores | Validação condicional concluída para 06057223000171. Tipo=detalhada ERROS=2 AVISOS=2
2026-09-16 13:36:39 | INFO | bdc.consumidores | Iniciando processamento do arquivo CEDAE_23082023.xlsx em modo incremental.
2026-09-16 13:36:39 | INFO | bdc.consumidores | Extração competitiva: Vencedor padrao_1 identificado para CEDAE_23082023.xlsx.
2026-09-16 13:36:40 | INFO | bdc.consumidores | Registro normalizado (Entrada: 28, Saída: 30).
2026-09-16 13:36:40 | INFO | bdc.consumidores | Classificação documental para CEDAE_23082023.xlsx: tipo=>=5MWm analise=detalhada
2026-09-16 13:36:40 | INFO | bdc.consumidores | Iniciando validação unificada do registro. CNPJ=33352394000104
2026-09-16 13:36:40 | INFO | bdc.consumidores | Validação concluída. CNPJ=33352394000104 ERROS=0 AVISOS=1
2026-09-16 13:36:40 | INFO | bdc.consumidores | Validação condicional concluída para 33352394000104. Tipo=detalhada ERROS=2 AVISOS=2
2026-09-16 13:36:40 | INFO | bdc.consumidores | Ficha processada com sucesso: CEDAE_23082023.xlsx.
2026-09-16 13:36:40 | INFO | bdc.consumidores | Iniciando processamento do arquivo CEEE RATING 02122025.xlsx em modo incremental.
2026-09-16 13:36:40 | INFO | bdc.consumidores | Extração competitiva: Vencedor padrao_2 identificado para CEEE RATING 02122025.xlsx.
2026-09-16 13:36:40 | INFO | bdc.consumidores | Registro normalizado (Entrada: 28, Saída: 30).
2026-09-16 13:36:40 | INFO | bdc.consumidores | Classificação documental para CEEE RATING 02122025.xlsx: tipo=>=5MWm analise=detalhada
2026-09-16 13:36:40 | INFO | bdc.consumidores | Iniciando validação unificada do registro. CNPJ=39881421000104
2026-09-16 13:36:40 | INFO | bdc.consumidores | Validação concluída. CNPJ=39881421000104 ERROS=0 AVISOS=1
2026-09-16 13:36:40 | INFO | bdc.consumidores | Validação condicional concluída para 39881421000104. Tipo=detalhada ERROS=0 AVISOS=1
2026-09-16 13:36:40 | INFO | bdc.consumidores | Ficha processada com sucesso: CEEE RATING 02122025.xlsx.
2026-09-16 13:36:40 | INFO | bdc.consumidores | Iniciando processamento do arquivo CEEE-G_02_06_2025.xlsx em modo incremental.
2026-09-16 13:36:40 | INFO | bdc.consumidores | Extração competitiva: Vencedor padrao_1 identificado para CEEE-G_02_06_2025.xlsx.
2026-09-16 13:36:40 | INFO | bdc.consumidores | Registro normalizado (Entrada: 28, Saída: 30).
2026-09-16 13:36:40 | INFO | bdc.consumidores | Classificação documental para CEEE-G_02_06_2025.xlsx: tipo=>=5MWm analise=detalhada
2026-09-16 13:36:40 | INFO | bdc.consumidores | Iniciando validação unificada do registro. CNPJ=39881421000104
2026-09-16 13:36:40 | INFO | bdc.consumidores | Validação concluída. CNPJ=39881421000104 ERROS=0 AVISOS=1
2026-09-16 13:36:40 | INFO | bdc.consumidores | Validação condicional concluída para 39881421000104. Tipo=detalhada ERROS=2 AVISOS=2
2026-09-16 13:36:40 | INFO | bdc.consumidores | Ficha processada com sucesso: CEEE-G_02_06_2025.xlsx.
2026-09-16 13:36:40 | INFO | bdc.consumidores | Iniciando processamento do arquivo CEESAM 11-12-2025.xlsx em modo incremental.
2026-09-16 13:36:40 | INFO | bdc.consumidores | Extração competitiva: Vencedor padrao_1 identificado para CEESAM 11-12-2025.xlsx.
2026-09-16 13:36:40 | INFO | bdc.consumidores | Registro normalizado (Entrada: 28, Saída: 30).
2026-09-16 13:36:40 | INFO | bdc.consumidores | Classificação documental para CEESAM 11-12-2025.xlsx: tipo=<5MWm analise=simplificada
2026-09-16 13:36:40 | INFO | bdc.consumidores | Iniciando validação unificada do registro. CNPJ=None
2026-09-16 13:36:40 | INFO | bdc.consumidores | Validação concluída. CNPJ=None ERROS=3 AVISOS=0
2026-09-16 13:36:40 | WARNING | bdc.consumidores | Erros de validação para CNPJ=None: ['GATE_ENGINE ausente: CNPJ', 'GATE_ENGINE ausente: EMPRESA', 'GATE_ENGINE ausente: DATA_DEMONSTRACAO_FINANCEIRA']
2026-09-16 13:36:40 | INFO | bdc.consumidores | Validação condicional concluída para None. Tipo=simplificada ERROS=4 AVISOS=1
2026-09-16 13:36:40 | INFO | bdc.consumidores | Iniciando processamento do arquivo CELETRO 08072026.xlsx em modo incremental.
2026-09-16 13:36:40 | INFO | bdc.consumidores | Extração competitiva: Vencedor padrao_2 identificado para CELETRO 08072026.xlsx.
2026-09-16 13:36:40 | INFO | bdc.consumidores | Registro normalizado (Entrada: 28, Saída: 30).
2026-09-16 13:36:40 | INFO | bdc.consumidores | Classificação documental para CELETRO 08072026.xlsx: tipo=<5MWm analise=simplificada
2026-09-16 13:36:40 | INFO | bdc.consumidores | Iniciando validação unificada do registro. CNPJ=87776043000141
2026-09-16 13:36:40 | INFO | bdc.consumidores | Validação concluída. CNPJ=87776043000141 ERROS=0 AVISOS=0
2026-09-16 13:36:40 | INFO | bdc.consumidores | Validação condicional concluída para 87776043000141. Tipo=simplificada ERROS=1 AVISOS=1
2026-09-16 13:36:40 | INFO | bdc.consumidores | Ficha processada com sucesso: CELETRO 08072026.xlsx.
2026-09-16 13:36:40 | INFO | bdc.consumidores | Iniciando processamento do arquivo CENTRAL PACK 24082023.xlsx em modo incremental.
2026-09-16 13:36:40 | INFO | bdc.consumidores | Extração competitiva: Vencedor padrao_1 identificado para CENTRAL PACK 24082023.xlsx.
2026-09-16 13:36:40 | INFO | bdc.consumidores | Registro normalizado (Entrada: 28, Saída: 30).
2026-09-16 13:36:40 | INFO | bdc.consumidores | Classificação documental para CENTRAL PACK 24082023.xlsx: tipo=>=5MWm analise=detalhada
2026-09-16 13:36:40 | INFO | bdc.consumidores | Iniciando validação unificada do registro. CNPJ=07227026000116
2026-09-16 13:36:40 | INFO | bdc.consumidores | Validação concluída. CNPJ=07227026000116 ERROS=0 AVISOS=1
2026-09-16 13:36:40 | INFO | bdc.consumidores | Validação condicional concluída para 07227026000116. Tipo=detalhada ERROS=2 AVISOS=2
2026-09-16 13:36:40 | INFO | bdc.consumidores | Ficha processada com sucesso: CENTRAL PACK 24082023.xlsx.
2026-09-16 13:36:40 | INFO | bdc.consumidores | Iniciando processamento do arquivo CEPASA 08072025.xlsx em modo incremental.
2026-09-16 13:36:41 | INFO | bdc.consumidores | Extração competitiva: Vencedor padrao_1 identificado para CEPASA 08072025.xlsx.
2026-09-16 13:36:41 | INFO | bdc.consumidores | Registro normalizado (Entrada: 28, Saída: 30).
2026-09-16 13:36:41 | INFO | bdc.consumidores | Classificação documental para CEPASA 08072025.xlsx: tipo=>=5MWm analise=detalhada
2026-09-16 13:36:41 | INFO | bdc.consumidores | Iniciando validação unificada do registro. CNPJ=13348048000137
2026-09-16 13:36:41 | INFO | bdc.consumidores | Validação concluída. CNPJ=13348048000137 ERROS=0 AVISOS=1
2026-09-16 13:36:41 | INFO | bdc.consumidores | Validação condicional concluída para 13348048000137. Tipo=detalhada ERROS=2 AVISOS=2
2026-09-16 13:36:41 | INFO | bdc.consumidores | Ficha processada com sucesso: CEPASA 08072025.xlsx.
2026-09-16 13:36:41 | INFO | bdc.consumidores | Iniciando processamento do arquivo CEPASA RATING 19112025.xlsx em modo incremental.
2026-09-16 13:36:41 | INFO | bdc.consumidores | Extração competitiva: Vencedor padrao_2 identificado para CEPASA RATING 19112025.xlsx.
2026-09-16 13:36:41 | INFO | bdc.consumidores | Registro normalizado (Entrada: 28, Saída: 30).
2026-09-16 13:36:41 | INFO | bdc.consumidores | Classificação documental para CEPASA RATING 19112025.xlsx: tipo=>=5MWm analise=detalhada
2026-09-16 13:36:41 | INFO | bdc.consumidores | Iniciando validação unificada do registro. CNPJ=13348048000137
2026-09-16 13:36:41 | INFO | bdc.consumidores | Validação concluída. CNPJ=13348048000137 ERROS=0 AVISOS=1
2026-09-16 13:36:41 | INFO | bdc.consumidores | Validação condicional concluída para 13348048000137. Tipo=detalhada ERROS=1 AVISOS=1
2026-09-16 13:36:41 | INFO | bdc.consumidores | Iniciando processamento do arquivo CERMISSOES 17082026.xlsx em modo incremental.
2026-09-16 13:36:41 | INFO | bdc.consumidores | Extração competitiva: Vencedor padrao_1 identificado para CERMISSOES 17082026.xlsx.
2026-09-16 13:36:41 | INFO | bdc.consumidores | Registro normalizado (Entrada: 28, Saída: 30).
2026-09-16 13:36:41 | INFO | bdc.consumidores | Classificação documental para CERMISSOES 17082026.xlsx: tipo=<5MWm analise=simplificada
2026-09-16 13:36:41 | INFO | bdc.consumidores | Iniciando validação unificada do registro. CNPJ=None
2026-09-16 13:36:41 | INFO | bdc.consumidores | Validação concluída. CNPJ=None ERROS=3 AVISOS=0
2026-09-16 13:36:41 | WARNING | bdc.consumidores | Erros de validação para CNPJ=None: ['GATE_ENGINE ausente: CNPJ', 'GATE_ENGINE ausente: EMPRESA', 'GATE_ENGINE ausente: DATA_DEMONSTRACAO_FINANCEIRA']
2026-09-16 13:36:41 | INFO | bdc.consumidores | Validação condicional concluída para None. Tipo=simplificada ERROS=4 AVISOS=1
2026-09-16 13:36:41 | INFO | bdc.consumidores | Iniciando processamento do arquivo CERTAJA 12082026.xlsx em modo incremental.
2026-09-16 13:36:41 | INFO | bdc.consumidores | Extração competitiva: Vencedor padrao_2 identificado para CERTAJA 12082026.xlsx.
2026-09-16 13:36:41 | INFO | bdc.consumidores | Registro normalizado (Entrada: 28, Saída: 30).
2026-09-16 13:36:41 | INFO | bdc.consumidores | Classificação documental para CERTAJA 12082026.xlsx: tipo=<5MWm analise=simplificada
2026-09-16 13:36:41 | INFO | bdc.consumidores | Iniciando validação unificada do registro. CNPJ=97839922000129
2026-09-16 13:36:41 | INFO | bdc.consumidores | Validação concluída. CNPJ=97839922000129 ERROS=0 AVISOS=0
2026-09-16 13:36:41 | INFO | bdc.consumidores | Validação condicional concluída para 97839922000129. Tipo=simplificada ERROS=1 AVISOS=1
2026-09-16 13:36:41 | INFO | bdc.consumidores | Ficha processada com sucesso: CERTAJA 12082026.xlsx.
2026-09-16 13:36:41 | INFO | bdc.consumidores | Iniciando processamento do arquivo CERTHIL 17082026.xlsx em modo incremental.
2026-09-16 13:36:41 | INFO | bdc.consumidores | Extração competitiva: Vencedor padrao_2 identificado para CERTHIL 17082026.xlsx.
2026-09-16 13:36:41 | INFO | bdc.consumidores | Registro normalizado (Entrada: 28, Saída: 30).
2026-09-16 13:36:41 | INFO | bdc.consumidores | Classificação documental para CERTHIL 17082026.xlsx: tipo=<5MWm analise=simplificada
2026-09-16 13:36:41 | INFO | bdc.consumidores | Iniciando validação unificada do registro. CNPJ=98042963000152
2026-09-16 13:36:41 | INFO | bdc.consumidores | Validação concluída. CNPJ=98042963000152 ERROS=0 AVISOS=0
2026-09-16 13:36:41 | INFO | bdc.consumidores | Validação condicional concluída para 98042963000152. Tipo=simplificada ERROS=1 AVISOS=1
2026-09-16 13:36:41 | INFO | bdc.consumidores | Ficha processada com sucesso: CERTHIL 17082026.xlsx.
2026-09-16 13:36:41 | INFO | bdc.consumidores | Iniciando processamento do arquivo CERÂMICA ELISABETH.xlsx em modo incremental.
2026-09-16 13:36:41 | INFO | bdc.consumidores | Extração competitiva: Vencedor padrao_1 identificado para CERÂMICA ELISABETH.xlsx.
2026-09-16 13:36:41 | INFO | bdc.consumidores | Registro normalizado (Entrada: 28, Saída: 30).
2026-09-16 13:36:41 | INFO | bdc.consumidores | Classificação documental para CERÂMICA ELISABETH.xlsx: tipo=>=5MWm analise=detalhada
2026-09-16 13:36:41 | INFO | bdc.consumidores | Iniciando validação unificada do registro. CNPJ=08944802000161
2026-09-16 13:36:41 | INFO | bdc.consumidores | Validação concluída. CNPJ=08944802000161 ERROS=0 AVISOS=1
2026-09-16 13:36:41 | INFO | bdc.consumidores | Validação condicional concluída para 08944802000161. Tipo=detalhada ERROS=2 AVISOS=2
2026-09-16 13:36:41 | INFO | bdc.consumidores | Ficha processada com sucesso: CERÂMICA ELISABETH.xlsx.
2026-09-16 13:36:41 | INFO | bdc.consumidores | Iniciando processamento do arquivo CIA Sulamericana de Distribuição sem eprotocolo.xlsx em modo incremental.
2026-09-16 13:36:41 | INFO | bdc.consumidores | Extração competitiva: Vencedor padrao_1 identificado para CIA Sulamericana de Distribuição sem eprotocolo.xlsx.
2026-09-16 13:36:41 | INFO | bdc.consumidores | Registro normalizado (Entrada: 28, Saída: 30).
2026-09-16 13:36:41 | INFO | bdc.consumidores | Classificação documental para CIA Sulamericana de Distribuição sem eprotocolo.xlsx: tipo=>=5MWm analise=detalhada
2026-09-16 13:36:41 | INFO | bdc.consumidores | Iniciando validação unificada do registro. CNPJ=11517841000197
2026-09-16 13:36:41 | INFO | bdc.consumidores | Validação concluída. CNPJ=11517841000197 ERROS=0 AVISOS=1
2026-09-16 13:36:41 | INFO | bdc.consumidores | Validação condicional concluída para 11517841000197. Tipo=detalhada ERROS=2 AVISOS=2
2026-09-16 13:36:41 | INFO | bdc.consumidores | Ficha processada com sucesso: CIA Sulamericana de Distribuição sem eprotocolo.xlsx.
2026-09-16 13:36:41 | INFO | bdc.consumidores | Iniciando processamento do arquivo CIMENTO ITAMBE 27_07_2022.xlsx em modo incremental.
2026-09-16 13:36:42 | INFO | bdc.consumidores | Extração competitiva: Vencedor padrao_1 identificado para CIMENTO ITAMBE 27_07_2022.xlsx.
2026-09-16 13:36:42 | INFO | bdc.consumidores | Registro normalizado (Entrada: 28, Saída: 30).
2026-09-16 13:36:42 | INFO | bdc.consumidores | Classificação documental para CIMENTO ITAMBE 27_07_2022.xlsx: tipo=<5MWm analise=simplificada
2026-09-16 13:36:42 | INFO | bdc.consumidores | Iniciando validação unificada do registro. CNPJ=76630573000160
2026-09-16 13:36:42 | INFO | bdc.consumidores | Validação concluída. CNPJ=76630573000160 ERROS=0 AVISOS=0
2026-09-16 13:36:42 | INFO | bdc.consumidores | Validação condicional concluída para 76630573000160. Tipo=simplificada ERROS=1 AVISOS=1
2026-09-16 13:36:42 | INFO | bdc.consumidores | Ficha processada com sucesso: CIMENTO ITAMBE 27_07_2022.xlsx.
2026-09-16 13:36:42 | INFO | bdc.consumidores | Iniciando processamento do arquivo CISER 11092025.xlsx em modo incremental.
2026-09-16 13:36:42 | INFO | bdc.consumidores | Extração competitiva: Vencedor padrao_1 identificado para CISER 11092025.xlsx.
2026-09-16 13:36:42 | INFO | bdc.consumidores | Registro normalizado (Entrada: 28, Saída: 30).
2026-09-16 13:36:42 | INFO | bdc.consumidores | Classificação documental para CISER 11092025.xlsx: tipo=>=5MWm analise=detalhada
2026-09-16 13:36:42 | INFO | bdc.consumidores | Iniciando validação unificada do registro. CNPJ=84709955000102
2026-09-16 13:36:42 | INFO | bdc.consumidores | Validação concluída. CNPJ=84709955000102 ERROS=0 AVISOS=1
2026-09-16 13:36:42 | INFO | bdc.consumidores | Validação condicional concluída para 84709955000102. Tipo=detalhada ERROS=2 AVISOS=2
2026-09-16 13:36:42 | INFO | bdc.consumidores | Ficha processada com sucesso: CISER 11092025.xlsx.
2026-09-16 13:36:42 | INFO | bdc.consumidores | Iniciando processamento do arquivo CITROSUCO_10042025.xlsx em modo incremental.
2026-09-16 13:36:42 | INFO | bdc.consumidores | Extração competitiva: Vencedor padrao_1 identificado para CITROSUCO_10042025.xlsx.
2026-09-16 13:36:42 | INFO | bdc.consumidores | Registro normalizado (Entrada: 28, Saída: 30).
2026-09-16 13:36:42 | INFO | bdc.consumidores | Classificação documental para CITROSUCO_10042025.xlsx: tipo=>=5MWm analise=detalhada
2026-09-16 13:36:42 | INFO | bdc.consumidores | Iniciando validação unificada do registro. CNPJ=33010786000187
2026-09-16 13:36:42 | INFO | bdc.consumidores | Validação concluída. CNPJ=33010786000187 ERROS=0 AVISOS=1
2026-09-16 13:36:42 | INFO | bdc.consumidores | Validação condicional concluída para 33010786000187. Tipo=detalhada ERROS=2 AVISOS=2
2026-09-16 13:36:42 | INFO | bdc.consumidores | Ficha processada com sucesso: CITROSUCO_10042025.xlsx.
2026-09-16 13:36:42 | INFO | bdc.consumidores | Iniciando processamento do arquivo CJ DO BRASIL 01072026.xlsx em modo incremental.
2026-09-16 13:36:42 | INFO | bdc.consumidores | Extração competitiva: Vencedor padrao_1 identificado para CJ DO BRASIL 01072026.xlsx.
2026-09-16 13:36:42 | INFO | bdc.consumidores | Registro normalizado (Entrada: 28, Saída: 30).
2026-09-16 13:36:42 | INFO | bdc.consumidores | Classificação documental para CJ DO BRASIL 01072026.xlsx: tipo=<5MWm analise=simplificada
2026-09-16 13:36:42 | INFO | bdc.consumidores | Iniciando validação unificada do registro. CNPJ=None
2026-09-16 13:36:42 | INFO | bdc.consumidores | Validação concluída. CNPJ=None ERROS=3 AVISOS=0
2026-09-16 13:36:42 | WARNING | bdc.consumidores | Erros de validação para CNPJ=None: ['GATE_ENGINE ausente: CNPJ', 'GATE_ENGINE ausente: EMPRESA', 'GATE_ENGINE ausente: DATA_DEMONSTRACAO_FINANCEIRA']
2026-09-16 13:36:42 | INFO | bdc.consumidores | Validação condicional concluída para None. Tipo=simplificada ERROS=4 AVISOS=1
2026-09-16 13:36:42 | INFO | bdc.consumidores | Iniciando processamento do arquivo CJ do Brasil_13042023.xlsx em modo incremental.
2026-09-16 13:36:42 | INFO | bdc.consumidores | Extração competitiva: Vencedor padrao_1 identificado para CJ do Brasil_13042023.xlsx.
2026-09-16 13:36:42 | INFO | bdc.consumidores | Registro normalizado (Entrada: 28, Saída: 30).
2026-09-16 13:36:42 | INFO | bdc.consumidores | Classificação documental para CJ do Brasil_13042023.xlsx: tipo=>=5MWm analise=detalhada
2026-09-16 13:36:42 | INFO | bdc.consumidores | Iniciando validação unificada do registro. CNPJ=07450031000193
2026-09-16 13:36:42 | INFO | bdc.consumidores | Validação concluída. CNPJ=07450031000193 ERROS=1 AVISOS=0
2026-09-16 13:36:42 | WARNING | bdc.consumidores | Erros de validação para CNPJ=07450031000193: ['GATE_ENGINE ausente: EMPRESA']
2026-09-16 13:36:42 | INFO | bdc.consumidores | Validação condicional concluída para 07450031000193. Tipo=detalhada ERROS=3 AVISOS=1
2026-09-16 13:36:42 | INFO | bdc.consumidores | Iniciando processamento do arquivo CLUBE CURITIBANO 06052026.xlsx em modo incremental.
2026-09-16 13:36:42 | INFO | bdc.consumidores | Extração competitiva: Vencedor padrao_2 identificado para CLUBE CURITIBANO 06052026.xlsx.
2026-09-16 13:36:42 | INFO | bdc.consumidores | Registro normalizado (Entrada: 28, Saída: 30).
2026-09-16 13:36:42 | INFO | bdc.consumidores | Classificação documental para CLUBE CURITIBANO 06052026.xlsx: tipo=>=5MWm analise=detalhada
2026-09-16 13:36:42 | INFO | bdc.consumidores | Iniciando validação unificada do registro. CNPJ=76493626000149
2026-09-16 13:36:42 | INFO | bdc.consumidores | Validação concluída. CNPJ=76493626000149 ERROS=0 AVISOS=0
2026-09-16 13:36:42 | INFO | bdc.consumidores | Validação condicional concluída para 76493626000149. Tipo=detalhada ERROS=0 AVISOS=0
2026-09-16 13:36:42 | INFO | bdc.consumidores | Ficha processada com sucesso: CLUBE CURITIBANO 06052026.xlsx.
2026-09-16 13:36:42 | INFO | bdc.consumidores | Iniciando processamento do arquivo CMPC 14072026.xlsx em modo incremental.
2026-09-16 13:36:42 | INFO | bdc.consumidores | Extração competitiva: Vencedor padrao_1 identificado para CMPC 14072026.xlsx.
2026-09-16 13:36:42 | INFO | bdc.consumidores | Registro normalizado (Entrada: 28, Saída: 30).
2026-09-16 13:36:42 | INFO | bdc.consumidores | Classificação documental para CMPC 14072026.xlsx: tipo=<5MWm analise=simplificada
2026-09-16 13:36:42 | INFO | bdc.consumidores | Iniciando validação unificada do registro. CNPJ=None
2026-09-16 13:36:42 | INFO | bdc.consumidores | Validação concluída. CNPJ=None ERROS=3 AVISOS=0
2026-09-16 13:36:42 | WARNING | bdc.consumidores | Erros de validação para CNPJ=None: ['GATE_ENGINE ausente: CNPJ', 'GATE_ENGINE ausente: EMPRESA', 'GATE_ENGINE ausente: DATA_DEMONSTRACAO_FINANCEIRA']
2026-09-16 13:36:42 | INFO | bdc.consumidores | Validação condicional concluída para None. Tipo=simplificada ERROS=4 AVISOS=1
2026-09-16 13:36:42 | INFO | bdc.consumidores | Iniciando processamento do arquivo COAMO 02062025.xlsx em modo incremental.
2026-09-16 13:36:42 | INFO | bdc.consumidores | Extração competitiva: Vencedor padrao_1 identificado para COAMO 02062025.xlsx.
2026-09-16 13:36:43 | INFO | bdc.consumidores | Registro normalizado (Entrada: 28, Saída: 30).
2026-09-16 13:36:43 | INFO | bdc.consumidores | Classificação documental para COAMO 02062025.xlsx: tipo=>=5MWm analise=detalhada
2026-09-16 13:36:43 | INFO | bdc.consumidores | Iniciando validação unificada do registro. CNPJ=75904383000121
2026-09-16 13:36:43 | INFO | bdc.consumidores | Validação concluída. CNPJ=75904383000121 ERROS=0 AVISOS=0
2026-09-16 13:36:43 | INFO | bdc.consumidores | Validação condicional concluída para 75904383000121. Tipo=detalhada ERROS=2 AVISOS=1
2026-09-16 13:36:43 | INFO | bdc.consumidores | Ficha processada com sucesso: COAMO 02062025.xlsx.
2026-09-16 13:36:43 | INFO | bdc.consumidores | Iniciando processamento do arquivo COAMO 11012024.xlsx em modo incremental.
2026-09-16 13:36:43 | INFO | bdc.consumidores | Extração competitiva: Vencedor padrao_1 identificado para COAMO 11012024.xlsx.
2026-09-16 13:36:43 | INFO | bdc.consumidores | Registro normalizado (Entrada: 28, Saída: 30).
2026-09-16 13:36:43 | INFO | bdc.consumidores | Classificação documental para COAMO 11012024.xlsx: tipo=>=5MWm analise=detalhada
2026-09-16 13:36:43 | INFO | bdc.consumidores | Iniciando validação unificada do registro. CNPJ=75904383000121
2026-09-16 13:36:43 | INFO | bdc.consumidores | Validação concluída. CNPJ=75904383000121 ERROS=0 AVISOS=0
2026-09-16 13:36:43 | INFO | bdc.consumidores | Validação condicional concluída para 75904383000121. Tipo=detalhada ERROS=2 AVISOS=1
2026-09-16 13:36:43 | INFO | bdc.consumidores | Ficha processada com sucesso: COAMO 11012024.xlsx.
2026-09-16 13:36:43 | INFO | bdc.consumidores | Iniciando processamento do arquivo COASUL RATING 31102025.xlsx em modo incremental.
2026-09-16 13:36:43 | INFO | bdc.consumidores | Extração competitiva: Vencedor padrao_2 identificado para COASUL RATING 31102025.xlsx.
2026-09-16 13:36:43 | INFO | bdc.consumidores | Registro normalizado (Entrada: 28, Saída: 30).
2026-09-16 13:36:43 | INFO | bdc.consumidores | Classificação documental para COASUL RATING 31102025.xlsx: tipo=>=5MWm analise=detalhada
2026-09-16 13:36:43 | INFO | bdc.consumidores | Iniciando validação unificada do registro. CNPJ=79863569000130
2026-09-16 13:36:43 | INFO | bdc.consumidores | Validação concluída. CNPJ=79863569000130 ERROS=0 AVISOS=1
2026-09-16 13:36:43 | INFO | bdc.consumidores | Validação condicional concluída para 79863569000130. Tipo=detalhada ERROS=0 AVISOS=1
2026-09-16 13:36:43 | INFO | bdc.consumidores | Ficha processada com sucesso: COASUL RATING 31102025.xlsx.
2026-09-16 13:36:43 | INFO | bdc.consumidores | Iniciando processamento do arquivo COCA-COLA FEMSA RATING 25032026.xlsx em modo incremental.
2026-09-16 13:36:43 | INFO | bdc.consumidores | Extração competitiva: Vencedor padrao_2 identificado para COCA-COLA FEMSA RATING 25032026.xlsx.
2026-09-16 13:36:43 | INFO | bdc.consumidores | Registro normalizado (Entrada: 28, Saída: 30).
2026-09-16 13:36:43 | INFO | bdc.consumidores | Classificação documental para COCA-COLA FEMSA RATING 25032026.xlsx: tipo=>=5MWm analise=detalhada
2026-09-16 13:36:43 | INFO | bdc.consumidores | Iniciando validação unificada do registro. CNPJ=61186888000193
2026-09-16 13:36:43 | INFO | bdc.consumidores | Validação concluída. CNPJ=61186888000193 ERROS=0 AVISOS=1
2026-09-16 13:36:43 | INFO | bdc.consumidores | Validação condicional concluída para 61186888000193. Tipo=detalhada ERROS=0 AVISOS=1
2026-09-16 13:36:43 | INFO | bdc.consumidores | Ficha processada com sucesso: COCA-COLA FEMSA RATING 25032026.xlsx.
2026-09-16 13:36:43 | INFO | bdc.consumidores | Iniciando processamento do arquivo COCAMAR 11012024.xlsx em modo incremental.
2026-09-16 13:36:43 | INFO | bdc.consumidores | Extração competitiva: Vencedor padrao_1 identificado para COCAMAR 11012024.xlsx.
2026-09-16 13:36:43 | INFO | bdc.consumidores | Registro normalizado (Entrada: 28, Saída: 30).
2026-09-16 13:36:43 | INFO | bdc.consumidores | Classificação documental para COCAMAR 11012024.xlsx: tipo=>=5MWm analise=detalhada
2026-09-16 13:36:43 | INFO | bdc.consumidores | Iniciando validação unificada do registro. CNPJ=79114450001480
2026-09-16 13:36:43 | INFO | bdc.consumidores | Validação concluída. CNPJ=79114450001480 ERROS=0 AVISOS=0
2026-09-16 13:36:43 | INFO | bdc.consumidores | Validação condicional concluída para 79114450001480. Tipo=detalhada ERROS=2 AVISOS=1
2026-09-16 13:36:43 | INFO | bdc.consumidores | Ficha processada com sucesso: COCAMAR 11012024.xlsx.
2026-09-16 13:36:43 | INFO | bdc.consumidores | Iniciando processamento do arquivo COCAMAR 27-04-2026.xlsx em modo incremental.
2026-09-16 13:36:43 | INFO | bdc.consumidores | Extração competitiva: Vencedor padrao_2 identificado para COCAMAR 27-04-2026.xlsx.
2026-09-16 13:36:43 | INFO | bdc.consumidores | Registro normalizado (Entrada: 28, Saída: 30).
2026-09-16 13:36:43 | INFO | bdc.consumidores | Classificação documental para COCAMAR 27-04-2026.xlsx: tipo=>=5MWm analise=detalhada
2026-09-16 13:36:43 | INFO | bdc.consumidores | Iniciando validação unificada do registro. CNPJ=79114450000165
2026-09-16 13:36:43 | INFO | bdc.consumidores | Validação concluída. CNPJ=79114450000165 ERROS=0 AVISOS=0
2026-09-16 13:36:43 | INFO | bdc.consumidores | Validação condicional concluída para 79114450000165. Tipo=detalhada ERROS=0 AVISOS=0
2026-09-16 13:36:43 | INFO | bdc.consumidores | Ficha processada com sucesso: COCAMAR 27-04-2026.xlsx.
2026-09-16 13:36:43 | INFO | bdc.consumidores | Iniciando processamento do arquivo COFCO 16042026.xlsx em modo incremental.
2026-09-16 13:36:43 | INFO | bdc.consumidores | Extração competitiva: Vencedor padrao_2 identificado para COFCO 16042026.xlsx.
2026-09-16 13:36:43 | INFO | bdc.consumidores | Registro normalizado (Entrada: 28, Saída: 30).
2026-09-16 13:36:43 | INFO | bdc.consumidores | Classificação documental para COFCO 16042026.xlsx: tipo=>=5MWm analise=detalhada
2026-09-16 13:36:43 | INFO | bdc.consumidores | Iniciando validação unificada do registro. CNPJ=06315338000119
2026-09-16 13:36:43 | INFO | bdc.consumidores | Validação concluída. CNPJ=06315338000119 ERROS=0 AVISOS=1
2026-09-16 13:36:43 | INFO | bdc.consumidores | Validação condicional concluída para 06315338000119. Tipo=detalhada ERROS=1 AVISOS=1
2026-09-16 13:36:43 | INFO | bdc.consumidores | Ficha processada com sucesso: COFCO 16042026.xlsx.
2026-09-16 13:36:43 | INFO | bdc.consumidores | Iniciando processamento do arquivo COFCO 21072026.xlsx em modo incremental.
2026-09-16 13:36:44 | INFO | bdc.consumidores | Extração competitiva: Vencedor padrao_2 identificado para COFCO 21072026.xlsx.
2026-09-16 13:36:44 | INFO | bdc.consumidores | Registro normalizado (Entrada: 28, Saída: 30).
2026-09-16 13:36:44 | INFO | bdc.consumidores | Classificação documental para COFCO 21072026.xlsx: tipo=<5MWm analise=simplificada
2026-09-16 13:36:44 | INFO | bdc.consumidores | Iniciando validação unificada do registro. CNPJ=06315338000119
2026-09-16 13:36:44 | INFO | bdc.consumidores | Validação concluída. CNPJ=06315338000119 ERROS=0 AVISOS=0
2026-09-16 13:36:44 | INFO | bdc.consumidores | Validação condicional concluída para 06315338000119. Tipo=simplificada ERROS=1 AVISOS=1
2026-09-16 13:36:44 | INFO | bdc.consumidores | Ficha processada com sucesso: COFCO 21072026.xlsx.
2026-09-16 13:36:44 | INFO | bdc.consumidores | Iniciando processamento do arquivo COLGATE 24042025.xlsx em modo incremental.
2026-09-16 13:36:44 | INFO | bdc.consumidores | Extração competitiva: Vencedor padrao_1 identificado para COLGATE 24042025.xlsx.
2026-09-16 13:36:44 | INFO | bdc.consumidores | Registro normalizado (Entrada: 28, Saída: 30).
2026-09-16 13:36:44 | INFO | bdc.consumidores | Classificação documental para COLGATE 24042025.xlsx: tipo=>=5MWm analise=detalhada
2026-09-16 13:36:44 | INFO | bdc.consumidores | Iniciando validação unificada do registro. CNPJ=03816532000190
2026-09-16 13:36:44 | INFO | bdc.consumidores | Validação concluída. CNPJ=03816532000190 ERROS=0 AVISOS=1
2026-09-16 13:36:44 | INFO | bdc.consumidores | Validação condicional concluída para 03816532000190. Tipo=detalhada ERROS=2 AVISOS=2
2026-09-16 13:36:44 | INFO | bdc.consumidores | Ficha processada com sucesso: COLGATE 24042025.xlsx.
2026-09-16 13:36:44 | INFO | bdc.consumidores | Iniciando processamento do arquivo COMPANHIA DE CIMENTO CAMPEAO ALVORADA RATING 31122025.xlsx em modo incremental.
2026-09-16 13:36:44 | INFO | bdc.consumidores | Extração competitiva: Vencedor padrao_2 identificado para COMPANHIA DE CIMENTO CAMPEAO ALVORADA RATING 31122025.xlsx.
2026-09-16 13:36:44 | INFO | bdc.consumidores | Registro normalizado (Entrada: 28, Saída: 30).
2026-09-16 13:36:44 | INFO | bdc.consumidores | Classificação documental para COMPANHIA DE CIMENTO CAMPEAO ALVORADA RATING 31122025.xlsx: tipo=>=5MWm analise=detalhada
2026-09-16 13:36:44 | INFO | bdc.consumidores | Iniciando validação unificada do registro. CNPJ=21109697000103
2026-09-16 13:36:44 | INFO | bdc.consumidores | Validação concluída. CNPJ=21109697000103 ERROS=0 AVISOS=0
2026-09-16 13:36:44 | INFO | bdc.consumidores | Validação condicional concluída para 21109697000103. Tipo=detalhada ERROS=0 AVISOS=0
2026-09-16 13:36:44 | INFO | bdc.consumidores | Ficha processada com sucesso: COMPANHIA DE CIMENTO CAMPEAO ALVORADA RATING 31122025.xlsx.
2026-09-16 13:36:44 | INFO | bdc.consumidores | Iniciando processamento do arquivo COMPANHIA RIOGRANDENSE DE SANEAMENTO 18082025.xlsx em modo incremental.
2026-09-16 13:36:44 | INFO | bdc.consumidores | Extração competitiva: Vencedor padrao_1 identificado para COMPANHIA RIOGRANDENSE DE SANEAMENTO 18082025.xlsx.
2026-09-16 13:36:44 | INFO | bdc.consumidores | Registro normalizado (Entrada: 28, Saída: 30).
2026-09-16 13:36:44 | INFO | bdc.consumidores | Classificação documental para COMPANHIA RIOGRANDENSE DE SANEAMENTO 18082025.xlsx: tipo=>=5MWm analise=detalhada
2026-09-16 13:36:44 | INFO | bdc.consumidores | Iniciando validação unificada do registro. CNPJ=92802784000190
2026-09-16 13:36:44 | INFO | bdc.consumidores | Validação concluída. CNPJ=92802784000190 ERROS=0 AVISOS=1
2026-09-16 13:36:44 | INFO | bdc.consumidores | Validação condicional concluída para 92802784000190. Tipo=detalhada ERROS=2 AVISOS=2
2026-09-16 13:36:44 | INFO | bdc.consumidores | Ficha processada com sucesso: COMPANHIA RIOGRANDENSE DE SANEAMENTO 18082025.xlsx.
2026-09-16 13:36:44 | INFO | bdc.consumidores | Iniciando processamento do arquivo COMPANHIA RIOGRANDENSE DE SANEAMENTO 18082025_consiste.xlsx em modo incremental.
2026-09-16 13:36:44 | INFO | bdc.consumidores | Extração competitiva: Vencedor padrao_1 identificado para COMPANHIA RIOGRANDENSE DE SANEAMENTO 18082025_consiste.xlsx.
2026-09-16 13:36:44 | INFO | bdc.consumidores | Registro normalizado (Entrada: 28, Saída: 30).
2026-09-16 13:36:44 | INFO | bdc.consumidores | Classificação documental para COMPANHIA RIOGRANDENSE DE SANEAMENTO 18082025_consiste.xlsx: tipo=>=5MWm analise=detalhada
2026-09-16 13:36:44 | INFO | bdc.consumidores | Iniciando validação unificada do registro. CNPJ=92802784000190
2026-09-16 13:36:44 | INFO | bdc.consumidores | Validação concluída. CNPJ=92802784000190 ERROS=0 AVISOS=1
2026-09-16 13:36:44 | INFO | bdc.consumidores | Validação condicional concluída para 92802784000190. Tipo=detalhada ERROS=2 AVISOS=2
2026-09-16 13:36:44 | INFO | bdc.consumidores | Iniciando processamento do arquivo COMPANHIA RIOGRANDENSE DE SANEAMENTO 19112025.xlsx em modo incremental.
2026-09-16 13:36:44 | INFO | bdc.consumidores | Extração competitiva: Vencedor padrao_2 identificado para COMPANHIA RIOGRANDENSE DE SANEAMENTO 19112025.xlsx.
2026-09-16 13:36:44 | INFO | bdc.consumidores | Registro normalizado (Entrada: 28, Saída: 30).
2026-09-16 13:36:44 | INFO | bdc.consumidores | Classificação documental para COMPANHIA RIOGRANDENSE DE SANEAMENTO 19112025.xlsx: tipo=>=5MWm analise=detalhada
2026-09-16 13:36:44 | INFO | bdc.consumidores | Iniciando validação unificada do registro. CNPJ=92802784000190
2026-09-16 13:36:44 | INFO | bdc.consumidores | Validação concluída. CNPJ=92802784000190 ERROS=0 AVISOS=1
2026-09-16 13:36:44 | INFO | bdc.consumidores | Validação condicional concluída para 92802784000190. Tipo=detalhada ERROS=1 AVISOS=1
2026-09-16 13:36:44 | INFO | bdc.consumidores | Iniciando processamento do arquivo COMUSA 05072024.xlsx em modo incremental.
2026-09-16 13:36:44 | INFO | bdc.consumidores | Extração competitiva: Vencedor padrao_1 identificado para COMUSA 05072024.xlsx.
2026-09-16 13:36:44 | INFO | bdc.consumidores | Registro normalizado (Entrada: 28, Saída: 30).
2026-09-16 13:36:44 | INFO | bdc.consumidores | Classificação documental para COMUSA 05072024.xlsx: tipo=>=5MWm analise=detalhada
2026-09-16 13:36:44 | INFO | bdc.consumidores | Iniciando validação unificada do registro. CNPJ=09509569000151
2026-09-16 13:36:44 | INFO | bdc.consumidores | Validação concluída. CNPJ=09509569000151 ERROS=0 AVISOS=1
2026-09-16 13:36:44 | INFO | bdc.consumidores | Validação condicional concluída para 09509569000151. Tipo=detalhada ERROS=2 AVISOS=2
2026-09-16 13:36:44 | INFO | bdc.consumidores | Ficha processada com sucesso: COMUSA 05072024.xlsx.
2026-09-16 13:36:44 | INFO | bdc.consumidores | Iniciando processamento do arquivo CONSORCIO TRANSVIDA RATING 18022026.xlsx em modo incremental.
2026-09-16 13:36:45 | INFO | bdc.consumidores | Extração competitiva: Vencedor padrao_1 identificado para CONSORCIO TRANSVIDA RATING 18022026.xlsx.
2026-09-16 13:36:45 | INFO | bdc.consumidores | Registro normalizado (Entrada: 28, Saída: 30).
2026-09-16 13:36:45 | INFO | bdc.consumidores | Classificação documental para CONSORCIO TRANSVIDA RATING 18022026.xlsx: tipo=<5MWm analise=simplificada
2026-09-16 13:36:45 | INFO | bdc.consumidores | Iniciando validação unificada do registro. CNPJ=None
2026-09-16 13:36:45 | INFO | bdc.consumidores | Validação concluída. CNPJ=None ERROS=3 AVISOS=0
2026-09-16 13:36:45 | WARNING | bdc.consumidores | Erros de validação para CNPJ=None: ['GATE_ENGINE ausente: CNPJ', 'GATE_ENGINE ausente: EMPRESA', 'GATE_ENGINE ausente: DATA_DEMONSTRACAO_FINANCEIRA']
2026-09-16 13:36:45 | INFO | bdc.consumidores | Validação condicional concluída para None. Tipo=simplificada ERROS=4 AVISOS=1
2026-09-16 13:36:45 | INFO | bdc.consumidores | Iniciando processamento do arquivo CONTINENTAL_15072024.xlsx em modo incremental.
2026-09-16 13:36:45 | INFO | bdc.consumidores | Extração competitiva: Vencedor padrao_1 identificado para CONTINENTAL_15072024.xlsx.
2026-09-16 13:36:45 | INFO | bdc.consumidores | Registro normalizado (Entrada: 28, Saída: 30).
2026-09-16 13:36:45 | INFO | bdc.consumidores | Classificação documental para CONTINENTAL_15072024.xlsx: tipo=>=5MWm analise=detalhada
2026-09-16 13:36:45 | INFO | bdc.consumidores | Iniciando validação unificada do registro. CNPJ=03650060000148
2026-09-16 13:36:45 | INFO | bdc.consumidores | Validação concluída. CNPJ=03650060000148 ERROS=0 AVISOS=1
2026-09-16 13:36:45 | INFO | bdc.consumidores | Validação condicional concluída para 03650060000148. Tipo=detalhada ERROS=2 AVISOS=2
2026-09-16 13:36:45 | INFO | bdc.consumidores | Ficha processada com sucesso: CONTINENTAL_15072024.xlsx.
2026-09-16 13:36:45 | INFO | bdc.consumidores | Iniciando processamento do arquivo CONTINENTAL_15072024_V1.xlsx em modo incremental.
2026-09-16 13:36:45 | INFO | bdc.consumidores | Extração competitiva: Vencedor padrao_1 identificado para CONTINENTAL_15072024_V1.xlsx.
2026-09-16 13:36:45 | INFO | bdc.consumidores | Registro normalizado (Entrada: 28, Saída: 30).
2026-09-16 13:36:45 | INFO | bdc.consumidores | Classificação documental para CONTINENTAL_15072024_V1.xlsx: tipo=>=5MWm analise=detalhada
2026-09-16 13:36:45 | INFO | bdc.consumidores | Iniciando validação unificada do registro. CNPJ=02036483000614
2026-09-16 13:36:45 | INFO | bdc.consumidores | Validação concluída. CNPJ=02036483000614 ERROS=0 AVISOS=1
2026-09-16 13:36:45 | INFO | bdc.consumidores | Validação condicional concluída para 02036483000614. Tipo=detalhada ERROS=2 AVISOS=2
2026-09-16 13:36:45 | INFO | bdc.consumidores | Ficha processada com sucesso: CONTINENTAL_15072024_V1.xlsx.
2026-09-16 13:36:45 | INFO | bdc.consumidores | Iniciando processamento do arquivo COOPAVEL 11012024.xlsx em modo incremental.
2026-09-16 13:36:45 | INFO | bdc.consumidores | Extração competitiva: Vencedor padrao_1 identificado para COOPAVEL 11012024.xlsx.
2026-09-16 13:36:45 | INFO | bdc.consumidores | Registro normalizado (Entrada: 28, Saída: 30).
2026-09-16 13:36:45 | INFO | bdc.consumidores | Classificação documental para COOPAVEL 11012024.xlsx: tipo=>=5MWm analise=detalhada
2026-09-16 13:36:45 | INFO | bdc.consumidores | Iniciando validação unificada do registro. CNPJ=76098219000137
2026-09-16 13:36:45 | INFO | bdc.consumidores | Validação concluída. CNPJ=76098219000137 ERROS=0 AVISOS=0
2026-09-16 13:36:45 | INFO | bdc.consumidores | Validação condicional concluída para 76098219000137. Tipo=detalhada ERROS=2 AVISOS=1
2026-09-16 13:36:45 | INFO | bdc.consumidores | Ficha processada com sucesso: COOPAVEL 11012024.xlsx.
2026-09-16 13:36:45 | INFO | bdc.consumidores | Iniciando processamento do arquivo COOPERALFA 27052026.xlsx em modo incremental.
2026-09-16 13:36:45 | INFO | bdc.consumidores | Extração competitiva: Vencedor padrao_2 identificado para COOPERALFA 27052026.xlsx.
2026-09-16 13:36:45 | INFO | bdc.consumidores | Registro normalizado (Entrada: 28, Saída: 30).
2026-09-16 13:36:45 | INFO | bdc.consumidores | Classificação documental para COOPERALFA 27052026.xlsx: tipo=>=5MWm analise=detalhada
2026-09-16 13:36:45 | INFO | bdc.consumidores | Iniciando validação unificada do registro. CNPJ=83305235000119
2026-09-16 13:36:45 | INFO | bdc.consumidores | Validação concluída. CNPJ=83305235000119 ERROS=0 AVISOS=0
2026-09-16 13:36:45 | INFO | bdc.consumidores | Validação condicional concluída para 83305235000119. Tipo=detalhada ERROS=1 AVISOS=0
2026-09-16 13:36:45 | INFO | bdc.consumidores | Ficha processada com sucesso: COOPERALFA 27052026.xlsx.
2026-09-16 13:36:45 | INFO | bdc.consumidores | Iniciando processamento do arquivo COOPERALIANCA 11012024.xlsx em modo incremental.
2026-09-16 13:36:45 | INFO | bdc.consumidores | Extração competitiva: Vencedor padrao_1 identificado para COOPERALIANCA 11012024.xlsx.
2026-09-16 13:36:45 | INFO | bdc.consumidores | Registro normalizado (Entrada: 28, Saída: 30).
2026-09-16 13:36:45 | INFO | bdc.consumidores | Classificação documental para COOPERALIANCA 11012024.xlsx: tipo=>=5MWm analise=detalhada
2026-09-16 13:36:45 | INFO | bdc.consumidores | Iniciando validação unificada do registro. CNPJ=83647990000181
2026-09-16 13:36:45 | INFO | bdc.consumidores | Validação concluída. CNPJ=83647990000181 ERROS=0 AVISOS=1
2026-09-16 13:36:45 | INFO | bdc.consumidores | Validação condicional concluída para 83647990000181. Tipo=detalhada ERROS=2 AVISOS=2
2026-09-16 13:36:45 | INFO | bdc.consumidores | Ficha processada com sucesso: COOPERALIANCA 11012024.xlsx.
2026-09-16 13:36:45 | INFO | bdc.consumidores | Iniciando processamento do arquivo COOPERALIANÇA 01102024.xlsx em modo incremental.
2026-09-16 13:36:45 | INFO | bdc.consumidores | Extração competitiva: Vencedor padrao_1 identificado para COOPERALIANÇA 01102024.xlsx.
2026-09-16 13:36:45 | INFO | bdc.consumidores | Registro normalizado (Entrada: 28, Saída: 30).
2026-09-16 13:36:45 | INFO | bdc.consumidores | Classificação documental para COOPERALIANÇA 01102024.xlsx: tipo=>=5MWm analise=detalhada
2026-09-16 13:36:45 | INFO | bdc.consumidores | Iniciando validação unificada do registro. CNPJ=83647990000181
2026-09-16 13:36:45 | INFO | bdc.consumidores | Validação concluída. CNPJ=83647990000181 ERROS=0 AVISOS=1
2026-09-16 13:36:45 | INFO | bdc.consumidores | Validação condicional concluída para 83647990000181. Tipo=detalhada ERROS=2 AVISOS=2
2026-09-16 13:36:46 | INFO | bdc.consumidores | Ficha processada com sucesso: COOPERALIANÇA 01102024.xlsx.
2026-09-16 13:36:46 | INFO | bdc.consumidores | Iniciando processamento do arquivo COOPERATIVA REGIONAL AURIVERDE RATING 12032026.xlsx em modo incremental.
2026-09-16 13:36:46 | INFO | bdc.consumidores | Extração competitiva: Vencedor padrao_2 identificado para COOPERATIVA REGIONAL AURIVERDE RATING 12032026.xlsx.
2026-09-16 13:36:46 | INFO | bdc.consumidores | Registro normalizado (Entrada: 28, Saída: 30).
2026-09-16 13:36:46 | INFO | bdc.consumidores | Classificação documental para COOPERATIVA REGIONAL AURIVERDE RATING 12032026.xlsx: tipo=>=5MWm analise=detalhada
2026-09-16 13:36:46 | INFO | bdc.consumidores | Iniciando validação unificada do registro. CNPJ=83731927000129
2026-09-16 13:36:46 | INFO | bdc.consumidores | Validação concluída. CNPJ=83731927000129 ERROS=0 AVISOS=0
2026-09-16 13:36:46 | INFO | bdc.consumidores | Validação condicional concluída para 83731927000129. Tipo=detalhada ERROS=0 AVISOS=0
2026-09-16 13:36:46 | INFO | bdc.consumidores | Ficha processada com sucesso: COOPERATIVA REGIONAL AURIVERDE RATING 12032026.xlsx.
2026-09-16 13:36:46 | INFO | bdc.consumidores | Iniciando processamento do arquivo COOPERLUZ 14082026.xlsx em modo incremental.
2026-09-16 13:36:46 | INFO | bdc.consumidores | Extração competitiva: Vencedor padrao_1 identificado para COOPERLUZ 14082026.xlsx.
2026-09-16 13:36:46 | INFO | bdc.consumidores | Registro normalizado (Entrada: 28, Saída: 30).
2026-09-16 13:36:46 | INFO | bdc.consumidores | Classificação documental para COOPERLUZ 14082026.xlsx: tipo=<5MWm analise=simplificada
2026-09-16 13:36:46 | INFO | bdc.consumidores | Iniciando validação unificada do registro. CNPJ=None
2026-09-16 13:36:46 | INFO | bdc.consumidores | Validação concluída. CNPJ=None ERROS=3 AVISOS=0
2026-09-16 13:36:46 | WARNING | bdc.consumidores | Erros de validação para CNPJ=None: ['GATE_ENGINE ausente: CNPJ', 'GATE_ENGINE ausente: EMPRESA', 'GATE_ENGINE ausente: DATA_DEMONSTRACAO_FINANCEIRA']
2026-09-16 13:36:46 | INFO | bdc.consumidores | Validação condicional concluída para None. Tipo=simplificada ERROS=4 AVISOS=1
2026-09-16 13:36:46 | INFO | bdc.consumidores | Iniciando processamento do arquivo COOPERVAL 14072026.xlsx em modo incremental.
2026-09-16 13:36:46 | INFO | bdc.consumidores | Extração competitiva: Vencedor padrao_2 identificado para COOPERVAL 14072026.xlsx.
2026-09-16 13:36:46 | INFO | bdc.consumidores | Registro normalizado (Entrada: 28, Saída: 30).
2026-09-16 13:36:46 | INFO | bdc.consumidores | Classificação documental para COOPERVAL 14072026.xlsx: tipo=<5MWm analise=simplificada
2026-09-16 13:36:46 | INFO | bdc.consumidores | Iniciando validação unificada do registro. CNPJ=75084871000130
2026-09-16 13:36:46 | INFO | bdc.consumidores | Validação concluída. CNPJ=75084871000130 ERROS=0 AVISOS=0
2026-09-16 13:36:46 | INFO | bdc.consumidores | Validação condicional concluída para 75084871000130. Tipo=simplificada ERROS=1 AVISOS=1
2026-09-16 13:36:46 | INFO | bdc.consumidores | Ficha processada com sucesso: COOPERVAL 14072026.xlsx.
2026-09-16 13:36:46 | INFO | bdc.consumidores | Iniciando processamento do arquivo COPACOL 18082023.xlsx em modo incremental.
2026-09-16 13:36:46 | INFO | bdc.consumidores | Extração competitiva: Vencedor padrao_1 identificado para COPACOL 18082023.xlsx.
2026-09-16 13:36:46 | INFO | bdc.consumidores | Registro normalizado (Entrada: 28, Saída: 30).
2026-09-16 13:36:46 | INFO | bdc.consumidores | Classificação documental para COPACOL 18082023.xlsx: tipo=>=5MWm analise=detalhada
2026-09-16 13:36:46 | INFO | bdc.consumidores | Iniciando validação unificada do registro. CNPJ=76093731000190
2026-09-16 13:36:46 | INFO | bdc.consumidores | Validação concluída. CNPJ=76093731000190 ERROS=0 AVISOS=1
2026-09-16 13:36:46 | INFO | bdc.consumidores | Validação condicional concluída para 76093731000190. Tipo=detalhada ERROS=2 AVISOS=2
2026-09-16 13:36:46 | INFO | bdc.consumidores | Ficha processada com sucesso: COPACOL 18082023.xlsx.
2026-09-16 13:36:46 | INFO | bdc.consumidores | Iniciando processamento do arquivo COPACOL 19082026.xlsx em modo incremental.
2026-09-16 13:36:46 | INFO | bdc.consumidores | Extração competitiva: Vencedor padrao_2 identificado para COPACOL 19082026.xlsx.
2026-09-16 13:36:46 | INFO | bdc.consumidores | Registro normalizado (Entrada: 28, Saída: 30).
2026-09-16 13:36:46 | INFO | bdc.consumidores | Classificação documental para COPACOL 19082026.xlsx: tipo=<5MWm analise=simplificada
2026-09-16 13:36:46 | INFO | bdc.consumidores | Iniciando validação unificada do registro. CNPJ=76093731000190
2026-09-16 13:36:46 | INFO | bdc.consumidores | Validação concluída. CNPJ=76093731000190 ERROS=0 AVISOS=0
2026-09-16 13:36:46 | INFO | bdc.consumidores | Validação condicional concluída para 76093731000190. Tipo=simplificada ERROS=1 AVISOS=1
2026-09-16 13:36:46 | INFO | bdc.consumidores | Ficha processada com sucesso: COPACOL 19082026.xlsx.
2026-09-16 13:36:46 | INFO | bdc.consumidores | Iniciando processamento do arquivo COPACOL RATING 24102025.xlsx em modo incremental.
2026-09-16 13:36:46 | INFO | bdc.consumidores | Extração competitiva: Vencedor padrao_1 identificado para COPACOL RATING 24102025.xlsx.
2026-09-16 13:36:46 | INFO | bdc.consumidores | Registro normalizado (Entrada: 28, Saída: 30).
2026-09-16 13:36:46 | INFO | bdc.consumidores | Classificação documental para COPACOL RATING 24102025.xlsx: tipo=<5MWm analise=simplificada
2026-09-16 13:36:46 | INFO | bdc.consumidores | Iniciando validação unificada do registro. CNPJ=None
2026-09-16 13:36:46 | INFO | bdc.consumidores | Validação concluída. CNPJ=None ERROS=3 AVISOS=0
2026-09-16 13:36:46 | WARNING | bdc.consumidores | Erros de validação para CNPJ=None: ['GATE_ENGINE ausente: CNPJ', 'GATE_ENGINE ausente: EMPRESA', 'GATE_ENGINE ausente: DATA_DEMONSTRACAO_FINANCEIRA']
2026-09-16 13:36:46 | INFO | bdc.consumidores | Validação condicional concluída para None. Tipo=simplificada ERROS=4 AVISOS=1
2026-09-16 13:36:46 | INFO | bdc.consumidores | Iniciando processamento do arquivo COPACOL_25_08_2022 - 1.xlsx em modo incremental.
2026-09-16 13:36:46 | INFO | bdc.consumidores | Extração competitiva: Vencedor padrao_1 identificado para COPACOL_25_08_2022 - 1.xlsx.
2026-09-16 13:36:46 | INFO | bdc.consumidores | Registro normalizado (Entrada: 28, Saída: 30).
2026-09-16 13:36:46 | INFO | bdc.consumidores | Classificação documental para COPACOL_25_08_2022 - 1.xlsx: tipo=>=5MWm analise=detalhada
2026-09-16 13:36:46 | INFO | bdc.consumidores | Iniciando validação unificada do registro. CNPJ=76093731000190
2026-09-16 13:36:46 | INFO | bdc.consumidores | Validação concluída. CNPJ=76093731000190 ERROS=0 AVISOS=1
2026-09-16 13:36:46 | INFO | bdc.consumidores | Validação condicional concluída para 76093731000190. Tipo=detalhada ERROS=2 AVISOS=2
2026-09-16 13:36:47 | INFO | bdc.consumidores | Ficha processada com sucesso: COPACOL_25_08_2022 - 1.xlsx.
2026-09-16 13:36:47 | INFO | bdc.consumidores | Iniciando processamento do arquivo COPACOL_25_08_2022 - 2.xlsx em modo incremental.
2026-09-16 13:36:47 | INFO | bdc.consumidores | Extração competitiva: Vencedor padrao_1 identificado para COPACOL_25_08_2022 - 2.xlsx.
2026-09-16 13:36:47 | INFO | bdc.consumidores | Registro normalizado (Entrada: 28, Saída: 30).
2026-09-16 13:36:47 | INFO | bdc.consumidores | Classificação documental para COPACOL_25_08_2022 - 2.xlsx: tipo=>=5MWm analise=detalhada
2026-09-16 13:36:47 | INFO | bdc.consumidores | Iniciando validação unificada do registro. CNPJ=76093731008256
2026-09-16 13:36:47 | INFO | bdc.consumidores | Validação concluída. CNPJ=76093731008256 ERROS=0 AVISOS=1
2026-09-16 13:36:47 | INFO | bdc.consumidores | Validação condicional concluída para 76093731008256. Tipo=detalhada ERROS=2 AVISOS=2
2026-09-16 13:36:47 | INFO | bdc.consumidores | Ficha processada com sucesso: COPACOL_25_08_2022 - 2.xlsx.
2026-09-16 13:36:47 | INFO | bdc.consumidores | Iniciando processamento do arquivo COPAPA RATING 17112025.xlsx em modo incremental.
2026-09-16 13:36:47 | INFO | bdc.consumidores | Extração competitiva: Vencedor padrao_2 identificado para COPAPA RATING 17112025.xlsx.
2026-09-16 13:36:47 | INFO | bdc.consumidores | Registro normalizado (Entrada: 28, Saída: 30).
2026-09-16 13:36:47 | INFO | bdc.consumidores | Classificação documental para COPAPA RATING 17112025.xlsx: tipo=>=5MWm analise=detalhada
2026-09-16 13:36:47 | INFO | bdc.consumidores | Iniciando validação unificada do registro. CNPJ=31590862000145
2026-09-16 13:36:47 | INFO | bdc.consumidores | Validação concluída. CNPJ=31590862000145 ERROS=0 AVISOS=1
2026-09-16 13:36:47 | INFO | bdc.consumidores | Validação condicional concluída para 31590862000145. Tipo=detalhada ERROS=0 AVISOS=1
2026-09-16 13:36:47 | INFO | bdc.consumidores | Ficha processada com sucesso: COPAPA RATING 17112025.xlsx.
2026-09-16 13:36:47 | INFO | bdc.consumidores | Iniciando processamento do arquivo COPAVEL RATING 11112025.xlsx em modo incremental.
2026-09-16 13:36:47 | INFO | bdc.consumidores | Extração competitiva: Vencedor padrao_2 identificado para COPAVEL RATING 11112025.xlsx.
2026-09-16 13:36:47 | INFO | bdc.consumidores | Registro normalizado (Entrada: 28, Saída: 30).
2026-09-16 13:36:47 | INFO | bdc.consumidores | Classificação documental para COPAVEL RATING 11112025.xlsx: tipo=>=5MWm analise=detalhada
2026-09-16 13:36:47 | INFO | bdc.consumidores | Iniciando validação unificada do registro. CNPJ=76098219000137
2026-09-16 13:36:47 | INFO | bdc.consumidores | Validação concluída. CNPJ=76098219000137 ERROS=0 AVISOS=0
2026-09-16 13:36:47 | INFO | bdc.consumidores | Validação condicional concluída para 76098219000137. Tipo=detalhada ERROS=2 AVISOS=0
2026-09-16 13:36:47 | INFO | bdc.consumidores | Ficha processada com sucesso: COPAVEL RATING 11112025.xlsx.
2026-09-16 13:36:47 | INFO | bdc.consumidores | Iniciando processamento do arquivo COPREL 18082026.xlsx em modo incremental.
2026-09-16 13:36:47 | INFO | bdc.consumidores | Extração competitiva: Vencedor padrao_2 identificado para COPREL 18082026.xlsx.
2026-09-16 13:36:47 | INFO | bdc.consumidores | Registro normalizado (Entrada: 28, Saída: 30).
2026-09-16 13:36:47 | INFO | bdc.consumidores | Classificação documental para COPREL 18082026.xlsx: tipo=<5MWm analise=simplificada
2026-09-16 13:36:47 | INFO | bdc.consumidores | Iniciando validação unificada do registro. CNPJ=90660754000160
2026-09-16 13:36:47 | INFO | bdc.consumidores | Validação concluída. CNPJ=90660754000160 ERROS=0 AVISOS=0
2026-09-16 13:36:47 | INFO | bdc.consumidores | Validação condicional concluída para 90660754000160. Tipo=simplificada ERROS=1 AVISOS=1
2026-09-16 13:36:47 | INFO | bdc.consumidores | Ficha processada com sucesso: COPREL 18082026.xlsx.
2026-09-16 13:36:47 | INFO | bdc.consumidores | Iniciando processamento do arquivo CP KELKO RATING 02022026.xlsx em modo incremental.
2026-09-16 13:36:47 | INFO | bdc.consumidores | Extração competitiva: Vencedor padrao_2 identificado para CP KELKO RATING 02022026.xlsx.
2026-09-16 13:36:47 | INFO | bdc.consumidores | Registro normalizado (Entrada: 28, Saída: 30).
2026-09-16 13:36:47 | INFO | bdc.consumidores | Classificação documental para CP KELKO RATING 02022026.xlsx: tipo=>=5MWm analise=detalhada
2026-09-16 13:36:47 | INFO | bdc.consumidores | Iniciando validação unificada do registro. CNPJ=54105671000146
2026-09-16 13:36:47 | INFO | bdc.consumidores | Validação concluída. CNPJ=54105671000146 ERROS=0 AVISOS=0
2026-09-16 13:36:47 | INFO | bdc.consumidores | Validação condicional concluída para 54105671000146. Tipo=detalhada ERROS=0 AVISOS=0
2026-09-16 13:36:47 | INFO | bdc.consumidores | Ficha processada com sucesso: CP KELKO RATING 02022026.xlsx.
2026-09-16 13:36:47 | INFO | bdc.consumidores | Iniciando processamento do arquivo CPIC 02_02_2023.xlsx em modo incremental.
2026-09-16 13:36:47 | INFO | bdc.consumidores | Extração competitiva: Vencedor padrao_1 identificado para CPIC 02_02_2023.xlsx.
2026-09-16 13:36:47 | INFO | bdc.consumidores | Registro normalizado (Entrada: 28, Saída: 30).
2026-09-16 13:36:47 | INFO | bdc.consumidores | Classificação documental para CPIC 02_02_2023.xlsx: tipo=>=5MWm analise=detalhada
2026-09-16 13:36:47 | INFO | bdc.consumidores | Iniciando validação unificada do registro. CNPJ=08670308000156
2026-09-16 13:36:47 | INFO | bdc.consumidores | Validação concluída. CNPJ=08670308000156 ERROS=0 AVISOS=0
2026-09-16 13:36:47 | INFO | bdc.consumidores | Validação condicional concluída para 08670308000156. Tipo=detalhada ERROS=2 AVISOS=1
2026-09-16 13:36:47 | INFO | bdc.consumidores | Ficha processada com sucesso: CPIC 02_02_2023.xlsx.
2026-09-16 13:36:47 | INFO | bdc.consumidores | Iniciando processamento do arquivo CPTM 21072025.xlsx em modo incremental.
2026-09-16 13:36:48 | INFO | bdc.consumidores | Extração competitiva: Vencedor padrao_1 identificado para CPTM 21072025.xlsx.
2026-09-16 13:36:48 | INFO | bdc.consumidores | Registro normalizado (Entrada: 28, Saída: 30).
2026-09-16 13:36:48 | INFO | bdc.consumidores | Classificação documental para CPTM 21072025.xlsx: tipo=>=5MWm analise=detalhada
2026-09-16 13:36:48 | INFO | bdc.consumidores | Iniciando validação unificada do registro. CNPJ=71832679000123
2026-09-16 13:36:48 | INFO | bdc.consumidores | Validação concluída. CNPJ=71832679000123 ERROS=0 AVISOS=1
2026-09-16 13:36:48 | INFO | bdc.consumidores | Validação condicional concluída para 71832679000123. Tipo=detalhada ERROS=2 AVISOS=2
2026-09-16 13:36:48 | INFO | bdc.consumidores | Ficha processada com sucesso: CPTM 21072025.xlsx.
2026-09-16 13:36:48 | INFO | bdc.consumidores | Iniciando processamento do arquivo CPTM 25062026.xlsx em modo incremental.
2026-09-16 13:36:48 | INFO | bdc.consumidores | Extração competitiva: Vencedor padrao_2 identificado para CPTM 25062026.xlsx.
2026-09-16 13:36:48 | INFO | bdc.consumidores | Registro normalizado (Entrada: 28, Saída: 30).
2026-09-16 13:36:48 | INFO | bdc.consumidores | Classificação documental para CPTM 25062026.xlsx: tipo=<5MWm analise=simplificada
2026-09-16 13:36:48 | INFO | bdc.consumidores | Iniciando validação unificada do registro. CNPJ=71832679000123
2026-09-16 13:36:48 | INFO | bdc.consumidores | Validação concluída. CNPJ=71832679000123 ERROS=0 AVISOS=0
2026-09-16 13:36:48 | INFO | bdc.consumidores | Validação condicional concluída para 71832679000123. Tipo=simplificada ERROS=1 AVISOS=1
2026-09-16 13:36:48 | INFO | bdc.consumidores | Ficha processada com sucesso: CPTM 25062026.xlsx.
2026-09-16 13:36:48 | INFO | bdc.consumidores | Iniciando processamento do arquivo CPTM RATING 19112025.xlsx em modo incremental.
2026-09-16 13:36:48 | INFO | bdc.consumidores | Extração competitiva: Vencedor padrao_2 identificado para CPTM RATING 19112025.xlsx.
2026-09-16 13:36:48 | INFO | bdc.consumidores | Registro normalizado (Entrada: 28, Saída: 30).
2026-09-16 13:36:48 | INFO | bdc.consumidores | Classificação documental para CPTM RATING 19112025.xlsx: tipo=>=5MWm analise=detalhada
2026-09-16 13:36:48 | INFO | bdc.consumidores | Iniciando validação unificada do registro. CNPJ=71832679000123
2026-09-16 13:36:48 | INFO | bdc.consumidores | Validação concluída. CNPJ=71832679000123 ERROS=0 AVISOS=1
2026-09-16 13:36:48 | INFO | bdc.consumidores | Validação condicional concluída para 71832679000123. Tipo=detalhada ERROS=0 AVISOS=1
2026-09-16 13:36:48 | INFO | bdc.consumidores | Iniciando processamento do arquivo CRELUZ_09102024.xlsx em modo incremental.
2026-09-16 13:36:48 | INFO | bdc.consumidores | Extração competitiva: Vencedor padrao_1 identificado para CRELUZ_09102024.xlsx.
2026-09-16 13:36:48 | INFO | bdc.consumidores | Registro normalizado (Entrada: 28, Saída: 30).
2026-09-16 13:36:48 | INFO | bdc.consumidores | Classificação documental para CRELUZ_09102024.xlsx: tipo=>=5MWm analise=detalhada
2026-09-16 13:36:48 | INFO | bdc.consumidores | Iniciando validação unificada do registro. CNPJ=91950261000128
2026-09-16 13:36:48 | INFO | bdc.consumidores | Validação concluída. CNPJ=91950261000128 ERROS=0 AVISOS=1
2026-09-16 13:36:48 | INFO | bdc.consumidores | Validação condicional concluída para 91950261000128. Tipo=detalhada ERROS=2 AVISOS=2
2026-09-16 13:36:48 | INFO | bdc.consumidores | Ficha processada com sucesso: CRELUZ_09102024.xlsx.
2026-09-16 13:36:48 | INFO | bdc.consumidores | Iniciando processamento do arquivo CRIUVA ENERGETICA 12062025.xlsx em modo incremental.
2026-09-16 13:36:48 | INFO | bdc.consumidores | Extração competitiva: Vencedor padrao_1 identificado para CRIUVA ENERGETICA 12062025.xlsx.
2026-09-16 13:36:48 | INFO | bdc.consumidores | Registro normalizado (Entrada: 28, Saída: 30).
2026-09-16 13:36:48 | INFO | bdc.consumidores | Classificação documental para CRIUVA ENERGETICA 12062025.xlsx: tipo=>=5MWm analise=detalhada
2026-09-16 13:36:48 | INFO | bdc.consumidores | Iniciando validação unificada do registro. CNPJ=07094315000194
2026-09-16 13:36:48 | INFO | bdc.consumidores | Validação concluída. CNPJ=07094315000194 ERROS=0 AVISOS=1
2026-09-16 13:36:48 | INFO | bdc.consumidores | Validação condicional concluída para 07094315000194. Tipo=detalhada ERROS=2 AVISOS=2
2026-09-16 13:36:48 | INFO | bdc.consumidores | Ficha processada com sucesso: CRIUVA ENERGETICA 12062025.xlsx.
2026-09-16 13:36:48 | INFO | bdc.consumidores | Iniciando processamento do arquivo CSN 04062025.xlsx em modo incremental.
2026-09-16 13:36:48 | INFO | bdc.consumidores | Extração competitiva: Vencedor padrao_1 identificado para CSN 04062025.xlsx.
2026-09-16 13:36:48 | INFO | bdc.consumidores | Registro normalizado (Entrada: 28, Saída: 30).
2026-09-16 13:36:48 | INFO | bdc.consumidores | Classificação documental para CSN 04062025.xlsx: tipo=>=5MWm analise=detalhada
2026-09-16 13:36:48 | INFO | bdc.consumidores | Iniciando validação unificada do registro. CNPJ=33042730000104
2026-09-16 13:36:48 | INFO | bdc.consumidores | Validação concluída. CNPJ=33042730000104 ERROS=0 AVISOS=1
2026-09-16 13:36:48 | INFO | bdc.consumidores | Validação condicional concluída para 33042730000104. Tipo=detalhada ERROS=2 AVISOS=2
2026-09-16 13:36:48 | INFO | bdc.consumidores | Ficha processada com sucesso: CSN 04062025.xlsx.
2026-09-16 13:36:48 | INFO | bdc.consumidores | Iniciando processamento do arquivo CSN 19062026.xlsx em modo incremental.
2026-09-16 13:36:48 | INFO | bdc.consumidores | Extração competitiva: Vencedor padrao_2 identificado para CSN 19062026.xlsx.
2026-09-16 13:36:48 | INFO | bdc.consumidores | Registro normalizado (Entrada: 28, Saída: 30).
2026-09-16 13:36:48 | INFO | bdc.consumidores | Classificação documental para CSN 19062026.xlsx: tipo=<5MWm analise=simplificada
2026-09-16 13:36:48 | INFO | bdc.consumidores | Iniciando validação unificada do registro. CNPJ=33042730000104
2026-09-16 13:36:48 | INFO | bdc.consumidores | Validação concluída. CNPJ=33042730000104 ERROS=0 AVISOS=0
2026-09-16 13:36:48 | INFO | bdc.consumidores | Validação condicional concluída para 33042730000104. Tipo=simplificada ERROS=1 AVISOS=1
2026-09-16 13:36:48 | INFO | bdc.consumidores | Ficha processada com sucesso: CSN 19062026.xlsx.
2026-09-16 13:36:48 | INFO | bdc.consumidores | Iniciando processamento do arquivo CSN 31-07-224.xlsx em modo incremental.
2026-09-16 13:36:49 | INFO | bdc.consumidores | Extração competitiva: Vencedor padrao_1 identificado para CSN 31-07-224.xlsx.
2026-09-16 13:36:49 | INFO | bdc.consumidores | Registro normalizado (Entrada: 28, Saída: 30).
2026-09-16 13:36:49 | INFO | bdc.consumidores | Classificação documental para CSN 31-07-224.xlsx: tipo=>=5MWm analise=detalhada
2026-09-16 13:36:49 | INFO | bdc.consumidores | Iniciando validação unificada do registro. CNPJ=33042730000104
2026-09-16 13:36:49 | INFO | bdc.consumidores | Validação concluída. CNPJ=33042730000104 ERROS=0 AVISOS=1
2026-09-16 13:36:49 | INFO | bdc.consumidores | Validação condicional concluída para 33042730000104. Tipo=detalhada ERROS=2 AVISOS=2
2026-09-16 13:36:49 | INFO | bdc.consumidores | Ficha processada com sucesso: CSN 31-07-224.xlsx.
2026-09-16 13:36:49 | INFO | bdc.consumidores | Iniciando processamento do arquivo CSN CIMENTOS 08072025.xlsx em modo incremental.
2026-09-16 13:36:49 | INFO | bdc.consumidores | Extração competitiva: Vencedor padrao_1 identificado para CSN CIMENTOS 08072025.xlsx.
2026-09-16 13:36:49 | INFO | bdc.consumidores | Registro normalizado (Entrada: 28, Saída: 30).
2026-09-16 13:36:49 | INFO | bdc.consumidores | Classificação documental para CSN CIMENTOS 08072025.xlsx: tipo=>=5MWm analise=detalhada
2026-09-16 13:36:49 | INFO | bdc.consumidores | Iniciando validação unificada do registro. CNPJ=60869336000117
2026-09-16 13:36:49 | INFO | bdc.consumidores | Validação concluída. CNPJ=60869336000117 ERROS=0 AVISOS=1
2026-09-16 13:36:49 | INFO | bdc.consumidores | Validação condicional concluída para 60869336000117. Tipo=detalhada ERROS=2 AVISOS=2
2026-09-16 13:36:49 | INFO | bdc.consumidores | Ficha processada com sucesso: CSN CIMENTOS 08072025.xlsx.
2026-09-16 13:36:49 | INFO | bdc.consumidores | Iniciando processamento do arquivo CSN CIMENTOS RATING 31102025.xlsx em modo incremental.
2026-09-16 13:36:49 | INFO | bdc.consumidores | Extração competitiva: Vencedor padrao_2 identificado para CSN CIMENTOS RATING 31102025.xlsx.
2026-09-16 13:36:49 | INFO | bdc.consumidores | Registro normalizado (Entrada: 28, Saída: 30).
2026-09-16 13:36:49 | INFO | bdc.consumidores | Classificação documental para CSN CIMENTOS RATING 31102025.xlsx: tipo=>=5MWm analise=detalhada
2026-09-16 13:36:49 | INFO | bdc.consumidores | Iniciando validação unificada do registro. CNPJ=60869336000117
2026-09-16 13:36:49 | INFO | bdc.consumidores | Validação concluída. CNPJ=60869336000117 ERROS=0 AVISOS=1
2026-09-16 13:36:49 | INFO | bdc.consumidores | Validação condicional concluída para 60869336000117. Tipo=detalhada ERROS=1 AVISOS=1
2026-09-16 13:36:49 | INFO | bdc.consumidores | Iniciando processamento do arquivo CSN MATRIZ RATING 06012026.xlsx em modo incremental.
2026-09-16 13:36:49 | INFO | bdc.consumidores | Extração competitiva: Vencedor padrao_2 identificado para CSN MATRIZ RATING 06012026.xlsx.
2026-09-16 13:36:49 | INFO | bdc.consumidores | Registro normalizado (Entrada: 28, Saída: 30).
2026-09-16 13:36:49 | INFO | bdc.consumidores | Classificação documental para CSN MATRIZ RATING 06012026.xlsx: tipo=>=5MWm analise=detalhada
2026-09-16 13:36:49 | INFO | bdc.consumidores | Iniciando validação unificada do registro. CNPJ=33042730000104
2026-09-16 13:36:49 | INFO | bdc.consumidores | Validação concluída. CNPJ=33042730000104 ERROS=0 AVISOS=1
2026-09-16 13:36:49 | INFO | bdc.consumidores | Validação condicional concluída para 33042730000104. Tipo=detalhada ERROS=0 AVISOS=1
2026-09-16 13:36:49 | INFO | bdc.consumidores | Iniciando processamento do arquivo CSN MINERACAO 20072026.xlsx em modo incremental.
2026-09-16 13:36:49 | INFO | bdc.consumidores | Extração competitiva: Vencedor padrao_1 identificado para CSN MINERACAO 20072026.xlsx.
2026-09-16 13:36:49 | INFO | bdc.consumidores | Registro normalizado (Entrada: 28, Saída: 30).
2026-09-16 13:36:49 | INFO | bdc.consumidores | Classificação documental para CSN MINERACAO 20072026.xlsx: tipo=<5MWm analise=simplificada
2026-09-16 13:36:49 | INFO | bdc.consumidores | Iniciando validação unificada do registro. CNPJ=None
2026-09-16 13:36:49 | INFO | bdc.consumidores | Validação concluída. CNPJ=None ERROS=3 AVISOS=0
2026-09-16 13:36:49 | WARNING | bdc.consumidores | Erros de validação para CNPJ=None: ['GATE_ENGINE ausente: CNPJ', 'GATE_ENGINE ausente: EMPRESA', 'GATE_ENGINE ausente: DATA_DEMONSTRACAO_FINANCEIRA']
2026-09-16 13:36:49 | INFO | bdc.consumidores | Validação condicional concluída para None. Tipo=simplificada ERROS=4 AVISOS=1
2026-09-16 13:36:49 | INFO | bdc.consumidores | Iniciando processamento do arquivo CSN MINERAÇÃO 22082025.xlsx em modo incremental.
2026-09-16 13:36:49 | INFO | bdc.consumidores | Extração competitiva: Vencedor padrao_1 identificado para CSN MINERAÇÃO 22082025.xlsx.
2026-09-16 13:36:49 | INFO | bdc.consumidores | Registro normalizado (Entrada: 28, Saída: 30).
2026-09-16 13:36:49 | INFO | bdc.consumidores | Classificação documental para CSN MINERAÇÃO 22082025.xlsx: tipo=>=5MWm analise=detalhada
2026-09-16 13:36:49 | INFO | bdc.consumidores | Iniciando validação unificada do registro. CNPJ=08902291000115
2026-09-16 13:36:49 | INFO | bdc.consumidores | Validação concluída. CNPJ=08902291000115 ERROS=0 AVISOS=0
2026-09-16 13:36:49 | INFO | bdc.consumidores | Validação condicional concluída para 08902291000115. Tipo=detalhada ERROS=2 AVISOS=1
2026-09-16 13:36:49 | INFO | bdc.consumidores | Ficha processada com sucesso: CSN MINERAÇÃO 22082025.xlsx.
2026-09-16 13:36:49 | INFO | bdc.consumidores | Iniciando processamento do arquivo CSN MINERAÇÃO 22082025_consiste.xlsx em modo incremental.
2026-09-16 13:36:49 | INFO | bdc.consumidores | Extração competitiva: Vencedor padrao_1 identificado para CSN MINERAÇÃO 22082025_consiste.xlsx.
2026-09-16 13:36:49 | INFO | bdc.consumidores | Registro normalizado (Entrada: 28, Saída: 30).
2026-09-16 13:36:49 | INFO | bdc.consumidores | Classificação documental para CSN MINERAÇÃO 22082025_consiste.xlsx: tipo=>=5MWm analise=detalhada
2026-09-16 13:36:49 | INFO | bdc.consumidores | Iniciando validação unificada do registro. CNPJ=08902291000115
2026-09-16 13:36:49 | INFO | bdc.consumidores | Validação concluída. CNPJ=08902291000115 ERROS=0 AVISOS=0
2026-09-16 13:36:49 | INFO | bdc.consumidores | Validação condicional concluída para 08902291000115. Tipo=detalhada ERROS=2 AVISOS=1
2026-09-16 13:36:49 | INFO | bdc.consumidores | Iniciando processamento do arquivo CSN MINERAÇÃO RATING 03112025.xlsx em modo incremental.
2026-09-16 13:36:49 | INFO | bdc.consumidores | Extração competitiva: Vencedor padrao_2 identificado para CSN MINERAÇÃO RATING 03112025.xlsx.
2026-09-16 13:36:49 | INFO | bdc.consumidores | Registro normalizado (Entrada: 28, Saída: 30).
2026-09-16 13:36:49 | INFO | bdc.consumidores | Classificação documental para CSN MINERAÇÃO RATING 03112025.xlsx: tipo=>=5MWm analise=detalhada
2026-09-16 13:36:49 | INFO | bdc.consumidores | Iniciando validação unificada do registro. CNPJ=08902291000115
2026-09-16 13:36:49 | INFO | bdc.consumidores | Validação concluída. CNPJ=08902291000115 ERROS=0 AVISOS=0
2026-09-16 13:36:49 | INFO | bdc.consumidores | Validação condicional concluída para 08902291000115. Tipo=detalhada ERROS=0 AVISOS=0
2026-09-16 13:36:49 | INFO | bdc.consumidores | Iniciando processamento do arquivo CVALE_09032023.xlsx em modo incremental.
2026-09-16 13:36:50 | INFO | bdc.consumidores | Extração competitiva: Vencedor padrao_1 identificado para CVALE_09032023.xlsx.
2026-09-16 13:36:50 | INFO | bdc.consumidores | Registro normalizado (Entrada: 28, Saída: 30).
2026-09-16 13:36:50 | INFO | bdc.consumidores | Classificação documental para CVALE_09032023.xlsx: tipo=>=5MWm analise=detalhada
2026-09-16 13:36:50 | INFO | bdc.consumidores | Iniciando validação unificada do registro. CNPJ=77863223000107
2026-09-16 13:36:50 | INFO | bdc.consumidores | Validação concluída. CNPJ=77863223000107 ERROS=0 AVISOS=0
2026-09-16 13:36:50 | INFO | bdc.consumidores | Validação condicional concluída para 77863223000107. Tipo=detalhada ERROS=2 AVISOS=1
2026-09-16 13:36:50 | INFO | bdc.consumidores | Ficha processada com sucesso: CVALE_09032023.xlsx.
2026-09-16 13:36:50 | INFO | bdc.consumidores | Iniciando processamento do arquivo Caramuru 2022-07-18.xlsx em modo incremental.
2026-09-16 13:36:50 | INFO | bdc.consumidores | Extração competitiva: Vencedor padrao_1 identificado para Caramuru 2022-07-18.xlsx.
2026-09-16 13:36:50 | INFO | bdc.consumidores | Registro normalizado (Entrada: 28, Saída: 30).
2026-09-16 13:36:50 | INFO | bdc.consumidores | Classificação documental para Caramuru 2022-07-18.xlsx: tipo=>=5MWm analise=detalhada
2026-09-16 13:36:50 | INFO | bdc.consumidores | Iniciando validação unificada do registro. CNPJ=00080671000100
2026-09-16 13:36:50 | INFO | bdc.consumidores | Validação concluída. CNPJ=00080671000100 ERROS=0 AVISOS=0
2026-09-16 13:36:50 | INFO | bdc.consumidores | Validação condicional concluída para 00080671000100. Tipo=detalhada ERROS=2 AVISOS=1
2026-09-16 13:36:50 | INFO | bdc.consumidores | Ficha processada com sucesso: Caramuru 2022-07-18.xlsx.
2026-09-16 13:36:50 | INFO | bdc.consumidores | Iniciando processamento do arquivo Cargil 05.08.2024.xlsx em modo incremental.
2026-09-16 13:36:50 | INFO | bdc.consumidores | Extração competitiva: Vencedor padrao_1 identificado para Cargil 05.08.2024.xlsx.
2026-09-16 13:36:50 | INFO | bdc.consumidores | Registro normalizado (Entrada: 28, Saída: 30).
2026-09-16 13:36:50 | INFO | bdc.consumidores | Classificação documental para Cargil 05.08.2024.xlsx: tipo=>=5MWm analise=detalhada
2026-09-16 13:36:50 | INFO | bdc.consumidores | Iniciando validação unificada do registro. CNPJ=01961898000127
2026-09-16 13:36:50 | INFO | bdc.consumidores | Validação concluída. CNPJ=01961898000127 ERROS=0 AVISOS=0
2026-09-16 13:36:50 | INFO | bdc.consumidores | Validação condicional concluída para 01961898000127. Tipo=detalhada ERROS=2 AVISOS=1
2026-09-16 13:36:50 | INFO | bdc.consumidores | Ficha processada com sucesso: Cargil 05.08.2024.xlsx.
2026-09-16 13:36:50 | INFO | bdc.consumidores | Iniciando processamento do arquivo Cargil 28022024.xlsx em modo incremental.
2026-09-16 13:36:50 | INFO | bdc.consumidores | Extração competitiva: Vencedor padrao_1 identificado para Cargil 28022024.xlsx.
2026-09-16 13:36:50 | INFO | bdc.consumidores | Registro normalizado (Entrada: 28, Saída: 30).
2026-09-16 13:36:50 | INFO | bdc.consumidores | Classificação documental para Cargil 28022024.xlsx: tipo=>=5MWm analise=detalhada
2026-09-16 13:36:50 | INFO | bdc.consumidores | Iniciando validação unificada do registro. CNPJ=01961898000127
2026-09-16 13:36:50 | INFO | bdc.consumidores | Validação concluída. CNPJ=01961898000127 ERROS=0 AVISOS=0
2026-09-16 13:36:50 | INFO | bdc.consumidores | Validação condicional concluída para 01961898000127. Tipo=detalhada ERROS=2 AVISOS=1
2026-09-16 13:36:50 | INFO | bdc.consumidores | Ficha processada com sucesso: Cargil 28022024.xlsx.
2026-09-16 13:36:50 | INFO | bdc.consumidores | Iniciando processamento do arquivo Centrais Eólicas de Caetité Participações S.A. 21012026.xlsx em modo incremental.
2026-09-16 13:36:50 | INFO | bdc.consumidores | Extração competitiva: Vencedor padrao_2 identificado para Centrais Eólicas de Caetité Participações S.A. 21012026.xlsx.
2026-09-16 13:36:50 | INFO | bdc.consumidores | Registro normalizado (Entrada: 28, Saída: 30).
2026-09-16 13:36:50 | INFO | bdc.consumidores | Classificação documental para Centrais Eólicas de Caetité Participações S.A. 21012026.xlsx: tipo=>=5MWm analise=detalhada
2026-09-16 13:36:50 | INFO | bdc.consumidores | Iniciando validação unificada do registro. CNPJ=09341337000137
2026-09-16 13:36:50 | INFO | bdc.consumidores | Validação concluída. CNPJ=09341337000137 ERROS=0 AVISOS=0
2026-09-16 13:36:50 | INFO | bdc.consumidores | Validação condicional concluída para 09341337000137. Tipo=detalhada ERROS=0 AVISOS=0
2026-09-16 13:36:50 | INFO | bdc.consumidores | Ficha processada com sucesso: Centrais Eólicas de Caetité Participações S.A. 21012026.xlsx.
2026-09-16 13:36:50 | INFO | bdc.consumidores | Iniciando processamento do arquivo Ceramica_Formigres_18_01_2022.xlsx em modo incremental.
2026-09-16 13:36:50 | INFO | bdc.consumidores | Extração competitiva: Vencedor padrao_1 identificado para Ceramica_Formigres_18_01_2022.xlsx.
2026-09-16 13:36:50 | INFO | bdc.consumidores | Registro normalizado (Entrada: 28, Saída: 30).
2026-09-16 13:36:50 | INFO | bdc.consumidores | Classificação documental para Ceramica_Formigres_18_01_2022.xlsx: tipo=>=5MWm analise=detalhada
2026-09-16 13:36:50 | INFO | bdc.consumidores | Iniciando validação unificada do registro. CNPJ=01325023000139
2026-09-16 13:36:50 | INFO | bdc.consumidores | Validação concluída. CNPJ=01325023000139 ERROS=0 AVISOS=0
2026-09-16 13:36:50 | INFO | bdc.consumidores | Validação condicional concluída para 01325023000139. Tipo=detalhada ERROS=2 AVISOS=1
2026-09-16 13:36:50 | INFO | bdc.consumidores | Ficha processada com sucesso: Ceramica_Formigres_18_01_2022.xlsx.
2026-09-16 13:36:50 | INFO | bdc.consumidores | Iniciando processamento do arquivo Cessão Flexoprint para All4Labels.xlsx em modo incremental.
2026-09-16 13:36:50 | INFO | bdc.consumidores | Extração competitiva: Vencedor padrao_1 identificado para Cessão Flexoprint para All4Labels.xlsx.
2026-09-16 13:36:50 | INFO | bdc.consumidores | Registro normalizado (Entrada: 28, Saída: 30).
2026-09-16 13:36:50 | INFO | bdc.consumidores | Classificação documental para Cessão Flexoprint para All4Labels.xlsx: tipo=>=5MWm analise=detalhada
2026-09-16 13:36:50 | INFO | bdc.consumidores | Iniciando validação unificada do registro. CNPJ=21399573000100
2026-09-16 13:36:50 | INFO | bdc.consumidores | Validação concluída. CNPJ=21399573000100 ERROS=0 AVISOS=0
2026-09-16 13:36:50 | INFO | bdc.consumidores | Validação condicional concluída para 21399573000100. Tipo=detalhada ERROS=2 AVISOS=1
2026-09-16 13:36:50 | INFO | bdc.consumidores | Ficha processada com sucesso: Cessão Flexoprint para All4Labels.xlsx.
2026-09-16 13:36:50 | INFO | bdc.consumidores | Iniciando processamento do arquivo Cimento Campeão Alvorada_14_01_2022.xlsx em modo incremental.
2026-09-16 13:36:51 | INFO | bdc.consumidores | Extração competitiva: Vencedor padrao_1 identificado para Cimento Campeão Alvorada_14_01_2022.xlsx.
2026-09-16 13:36:51 | INFO | bdc.consumidores | Registro normalizado (Entrada: 28, Saída: 30).
2026-09-16 13:36:51 | INFO | bdc.consumidores | Classificação documental para Cimento Campeão Alvorada_14_01_2022.xlsx: tipo=>=5MWm analise=detalhada
2026-09-16 13:36:51 | INFO | bdc.consumidores | Iniciando validação unificada do registro. CNPJ=07957149000102
2026-09-16 13:36:51 | INFO | bdc.consumidores | Validação concluída. CNPJ=07957149000102 ERROS=0 AVISOS=0
2026-09-16 13:36:51 | INFO | bdc.consumidores | Validação condicional concluída para 07957149000102. Tipo=detalhada ERROS=2 AVISOS=1
2026-09-16 13:36:51 | INFO | bdc.consumidores | Ficha processada com sucesso: Cimento Campeão Alvorada_14_01_2022.xlsx.
2026-09-16 13:36:51 | INFO | bdc.consumidores | Iniciando processamento do arquivo Coca-cola FEMSA 05032024.xlsx em modo incremental.
2026-09-16 13:36:51 | INFO | bdc.consumidores | Extração competitiva: Vencedor padrao_1 identificado para Coca-cola FEMSA 05032024.xlsx.
2026-09-16 13:36:51 | INFO | bdc.consumidores | Registro normalizado (Entrada: 28, Saída: 30).
2026-09-16 13:36:51 | INFO | bdc.consumidores | Classificação documental para Coca-cola FEMSA 05032024.xlsx: tipo=>=5MWm analise=detalhada
2026-09-16 13:36:51 | INFO | bdc.consumidores | Iniciando validação unificada do registro. CNPJ=61186888000193
2026-09-16 13:36:51 | INFO | bdc.consumidores | Validação concluída. CNPJ=61186888000193 ERROS=1 AVISOS=0
2026-09-16 13:36:51 | WARNING | bdc.consumidores | Erros de validação para CNPJ=61186888000193: ['GATE_ENGINE ausente: DATA_DEMONSTRACAO_FINANCEIRA']
2026-09-16 13:36:51 | INFO | bdc.consumidores | Validação condicional concluída para 61186888000193. Tipo=detalhada ERROS=4 AVISOS=1
2026-09-16 13:36:51 | INFO | bdc.consumidores | Iniciando processamento do arquivo Cocamar 01022024 sem eprotocolo.xlsx em modo incremental.
2026-09-16 13:36:51 | INFO | bdc.consumidores | Extração competitiva: Vencedor padrao_1 identificado para Cocamar 01022024 sem eprotocolo.xlsx.
2026-09-16 13:36:51 | INFO | bdc.consumidores | Registro normalizado (Entrada: 28, Saída: 30).
2026-09-16 13:36:51 | INFO | bdc.consumidores | Classificação documental para Cocamar 01022024 sem eprotocolo.xlsx: tipo=>=5MWm analise=detalhada
2026-09-16 13:36:51 | INFO | bdc.consumidores | Iniciando validação unificada do registro. CNPJ=79114450000165
2026-09-16 13:36:51 | INFO | bdc.consumidores | Validação concluída. CNPJ=79114450000165 ERROS=0 AVISOS=0
2026-09-16 13:36:51 | INFO | bdc.consumidores | Validação condicional concluída para 79114450000165. Tipo=detalhada ERROS=2 AVISOS=1
2026-09-16 13:36:51 | INFO | bdc.consumidores | Ficha processada com sucesso: Cocamar 01022024 sem eprotocolo.xlsx.
2026-09-16 13:36:51 | INFO | bdc.consumidores | Iniciando processamento do arquivo Cocamar 28022024.xlsx em modo incremental.
2026-09-16 13:36:51 | INFO | bdc.consumidores | Extração competitiva: Vencedor padrao_1 identificado para Cocamar 28022024.xlsx.
2026-09-16 13:36:51 | INFO | bdc.consumidores | Registro normalizado (Entrada: 28, Saída: 30).
2026-09-16 13:36:51 | INFO | bdc.consumidores | Classificação documental para Cocamar 28022024.xlsx: tipo=>=5MWm analise=detalhada
2026-09-16 13:36:51 | INFO | bdc.consumidores | Iniciando validação unificada do registro. CNPJ=79114450000165
2026-09-16 13:36:51 | INFO | bdc.consumidores | Validação concluída. CNPJ=79114450000165 ERROS=0 AVISOS=0
2026-09-16 13:36:51 | INFO | bdc.consumidores | Validação condicional concluída para 79114450000165. Tipo=detalhada ERROS=2 AVISOS=1
2026-09-16 13:36:51 | INFO | bdc.consumidores | Ficha processada com sucesso: Cocamar 28022024.xlsx.
2026-09-16 13:36:51 | INFO | bdc.consumidores | Iniciando processamento do arquivo Companhia Aguas de Joinville - Avaliação Middle.xlsx em modo incremental.
2026-09-16 13:36:51 | INFO | bdc.consumidores | Extração competitiva: Vencedor padrao_1 identificado para Companhia Aguas de Joinville - Avaliação Middle.xlsx.
2026-09-16 13:36:51 | INFO | bdc.consumidores | Registro normalizado (Entrada: 28, Saída: 30).
2026-09-16 13:36:51 | INFO | bdc.consumidores | Classificação documental para Companhia Aguas de Joinville - Avaliação Middle.xlsx: tipo=>=5MWm analise=detalhada
2026-09-16 13:36:51 | INFO | bdc.consumidores | Iniciando validação unificada do registro. CNPJ=07226794000155
2026-09-16 13:36:51 | INFO | bdc.consumidores | Validação concluída. CNPJ=07226794000155 ERROS=0 AVISOS=1
2026-09-16 13:36:51 | INFO | bdc.consumidores | Validação condicional concluída para 07226794000155. Tipo=detalhada ERROS=2 AVISOS=2
2026-09-16 13:36:51 | INFO | bdc.consumidores | Ficha processada com sucesso: Companhia Aguas de Joinville - Avaliação Middle.xlsx.
2026-09-16 13:36:51 | INFO | bdc.consumidores | Iniciando processamento do arquivo Continental Camaçari_21_02_2022.xlsx em modo incremental.
2026-09-16 13:36:51 | INFO | bdc.consumidores | Extração competitiva: Vencedor padrao_1 identificado para Continental Camaçari_21_02_2022.xlsx.
2026-09-16 13:36:51 | INFO | bdc.consumidores | Registro normalizado (Entrada: 28, Saída: 30).
2026-09-16 13:36:51 | INFO | bdc.consumidores | Classificação documental para Continental Camaçari_21_02_2022.xlsx: tipo=>=5MWm analise=detalhada
2026-09-16 13:36:51 | INFO | bdc.consumidores | Iniciando validação unificada do registro. CNPJ=02036483000614
2026-09-16 13:36:51 | INFO | bdc.consumidores | Validação concluída. CNPJ=02036483000614 ERROS=0 AVISOS=1
2026-09-16 13:36:51 | INFO | bdc.consumidores | Validação condicional concluída para 02036483000614. Tipo=detalhada ERROS=2 AVISOS=2
2026-09-16 13:36:51 | INFO | bdc.consumidores | Ficha processada com sucesso: Continental Camaçari_21_02_2022.xlsx.
2026-09-16 13:36:51 | INFO | bdc.consumidores | Iniciando processamento do arquivo Cooper Barras 29_09_2022.xlsx em modo incremental.
2026-09-16 13:36:51 | INFO | bdc.consumidores | Extração competitiva: Vencedor padrao_1 identificado para Cooper Barras 29_09_2022.xlsx.
2026-09-16 13:36:51 | INFO | bdc.consumidores | Registro normalizado (Entrada: 28, Saída: 30).
2026-09-16 13:36:51 | INFO | bdc.consumidores | Classificação documental para Cooper Barras 29_09_2022.xlsx: tipo=>=5MWm analise=detalhada
2026-09-16 13:36:51 | INFO | bdc.consumidores | Iniciando validação unificada do registro. CNPJ=40172765000123
2026-09-16 13:36:51 | INFO | bdc.consumidores | Validação concluída. CNPJ=40172765000123 ERROS=1 AVISOS=0
2026-09-16 13:36:51 | WARNING | bdc.consumidores | Erros de validação para CNPJ=40172765000123: ['GATE_ENGINE ausente: EMPRESA']
2026-09-16 13:36:51 | INFO | bdc.consumidores | Validação condicional concluída para 40172765000123. Tipo=detalhada ERROS=3 AVISOS=1
2026-09-16 13:36:51 | INFO | bdc.consumidores | Iniciando processamento do arquivo Cooperativa AGRARIA 28032024.xlsx em modo incremental.
2026-09-16 13:36:51 | INFO | bdc.consumidores | Extração competitiva: Vencedor padrao_1 identificado para Cooperativa AGRARIA 28032024.xlsx.
2026-09-16 13:36:51 | INFO | bdc.consumidores | Registro normalizado (Entrada: 28, Saída: 30).
2026-09-16 13:36:51 | INFO | bdc.consumidores | Classificação documental para Cooperativa AGRARIA 28032024.xlsx: tipo=>=5MWm analise=detalhada
2026-09-16 13:36:51 | INFO | bdc.consumidores | Iniciando validação unificada do registro. CNPJ=77890846000179
2026-09-16 13:36:51 | INFO | bdc.consumidores | Validação concluída. CNPJ=77890846000179 ERROS=0 AVISOS=0
2026-09-16 13:36:51 | INFO | bdc.consumidores | Validação condicional concluída para 77890846000179. Tipo=detalhada ERROS=2 AVISOS=1
2026-09-16 13:36:51 | INFO | bdc.consumidores | Ficha processada com sucesso: Cooperativa AGRARIA 28032024.xlsx.
2026-09-16 13:36:51 | INFO | bdc.consumidores | Iniciando processamento do arquivo Corteva 15_08_2022.xlsx em modo incremental.
2026-09-16 13:36:52 | INFO | bdc.consumidores | Extração competitiva: Vencedor padrao_1 identificado para Corteva 15_08_2022.xlsx.
2026-09-16 13:36:52 | INFO | bdc.consumidores | Registro normalizado (Entrada: 28, Saída: 30).
2026-09-16 13:36:52 | INFO | bdc.consumidores | Classificação documental para Corteva 15_08_2022.xlsx: tipo=>=5MWm analise=detalhada
2026-09-16 13:36:52 | INFO | bdc.consumidores | Iniciando validação unificada do registro. CNPJ=61064929000179
2026-09-16 13:36:52 | INFO | bdc.consumidores | Validação concluída. CNPJ=61064929000179 ERROS=0 AVISOS=1
2026-09-16 13:36:52 | INFO | bdc.consumidores | Validação condicional concluída para 61064929000179. Tipo=detalhada ERROS=2 AVISOS=2
2026-09-16 13:36:52 | INFO | bdc.consumidores | Ficha processada com sucesso: Corteva 15_08_2022.xlsx.
2026-09-16 13:36:52 | INFO | bdc.consumidores | Iniciando processamento do arquivo Costa e Palu 16_08_2022.xlsx em modo incremental.
2026-09-16 13:36:52 | INFO | bdc.consumidores | Extração competitiva: Vencedor padrao_1 identificado para Costa e Palu 16_08_2022.xlsx.
2026-09-16 13:36:52 | INFO | bdc.consumidores | Registro normalizado (Entrada: 28, Saída: 30).
2026-09-16 13:36:52 | INFO | bdc.consumidores | Classificação documental para Costa e Palu 16_08_2022.xlsx: tipo=>=5MWm analise=detalhada
2026-09-16 13:36:52 | INFO | bdc.consumidores | Iniciando validação unificada do registro. CNPJ=07705880000140
2026-09-16 13:36:52 | INFO | bdc.consumidores | Validação concluída. CNPJ=07705880000140 ERROS=0 AVISOS=0
2026-09-16 13:36:52 | INFO | bdc.consumidores | Validação condicional concluída para 07705880000140. Tipo=detalhada ERROS=2 AVISOS=1
2026-09-16 13:36:52 | INFO | bdc.consumidores | Ficha processada com sucesso: Costa e Palu 16_08_2022.xlsx.
2026-09-16 13:36:52 | INFO | bdc.consumidores | Iniciando processamento do arquivo DAE SA AGUA E ESGOTO 18082023.xlsx em modo incremental.
2026-09-16 13:36:52 | INFO | bdc.consumidores | Extração competitiva: Vencedor padrao_1 identificado para DAE SA AGUA E ESGOTO 18082023.xlsx.
2026-09-16 13:36:52 | INFO | bdc.consumidores | Registro normalizado (Entrada: 28, Saída: 30).
2026-09-16 13:36:52 | INFO | bdc.consumidores | Classificação documental para DAE SA AGUA E ESGOTO 18082023.xlsx: tipo=>=5MWm analise=detalhada
2026-09-16 13:36:52 | INFO | bdc.consumidores | Iniciando validação unificada do registro. CNPJ=03582243000173
2026-09-16 13:36:52 | INFO | bdc.consumidores | Validação concluída. CNPJ=03582243000173 ERROS=0 AVISOS=1
2026-09-16 13:36:52 | INFO | bdc.consumidores | Validação condicional concluída para 03582243000173. Tipo=detalhada ERROS=2 AVISOS=2
2026-09-16 13:36:52 | INFO | bdc.consumidores | Ficha processada com sucesso: DAE SA AGUA E ESGOTO 18082023.xlsx.
2026-09-16 13:36:52 | INFO | bdc.consumidores | Iniciando processamento do arquivo DANGLASS 29062026.xlsx em modo incremental.
2026-09-16 13:36:52 | INFO | bdc.consumidores | Extração competitiva: Vencedor padrao_2 identificado para DANGLASS 29062026.xlsx.
2026-09-16 13:36:52 | INFO | bdc.consumidores | Registro normalizado (Entrada: 28, Saída: 30).
2026-09-16 13:36:52 | INFO | bdc.consumidores | Classificação documental para DANGLASS 29062026.xlsx: tipo=<5MWm analise=simplificada
2026-09-16 13:36:52 | INFO | bdc.consumidores | Iniciando validação unificada do registro. CNPJ=48992518000185
2026-09-16 13:36:52 | INFO | bdc.consumidores | Validação concluída. CNPJ=48992518000185 ERROS=0 AVISOS=0
2026-09-16 13:36:52 | INFO | bdc.consumidores | Validação condicional concluída para 48992518000185. Tipo=simplificada ERROS=1 AVISOS=1
2026-09-16 13:36:52 | INFO | bdc.consumidores | Ficha processada com sucesso: DANGLASS 29062026.xlsx.
2026-09-16 13:36:52 | INFO | bdc.consumidores | Iniciando processamento do arquivo DAUS ALIMENTOS RATING 16032026.xlsx em modo incremental.
2026-09-16 13:36:52 | INFO | bdc.consumidores | Extração competitiva: Vencedor padrao_2 identificado para DAUS ALIMENTOS RATING 16032026.xlsx.
2026-09-16 13:36:52 | INFO | bdc.consumidores | Registro normalizado (Entrada: 28, Saída: 30).
2026-09-16 13:36:52 | INFO | bdc.consumidores | Classificação documental para DAUS ALIMENTOS RATING 16032026.xlsx: tipo=>=5MWm analise=detalhada
2026-09-16 13:36:52 | INFO | bdc.consumidores | Iniciando validação unificada do registro. CNPJ=04865228000103
2026-09-16 13:36:52 | INFO | bdc.consumidores | Validação concluída. CNPJ=04865228000103 ERROS=0 AVISOS=1
2026-09-16 13:36:52 | INFO | bdc.consumidores | Validação condicional concluída para 04865228000103. Tipo=detalhada ERROS=0 AVISOS=1
2026-09-16 13:36:52 | INFO | bdc.consumidores | Ficha processada com sucesso: DAUS ALIMENTOS RATING 16032026.xlsx.
2026-09-16 13:36:52 | INFO | bdc.consumidores | Iniciando processamento do arquivo DEXCO - 15.07.2024.xlsx em modo incremental.
2026-09-16 13:36:52 | INFO | bdc.consumidores | Extração competitiva: Vencedor padrao_1 identificado para DEXCO - 15.07.2024.xlsx.
2026-09-16 13:36:52 | INFO | bdc.consumidores | Registro normalizado (Entrada: 28, Saída: 30).
2026-09-16 13:36:52 | INFO | bdc.consumidores | Classificação documental para DEXCO - 15.07.2024.xlsx: tipo=>=5MWm analise=detalhada
2026-09-16 13:36:52 | INFO | bdc.consumidores | Iniciando validação unificada do registro. CNPJ=97837181000147
2026-09-16 13:36:52 | INFO | bdc.consumidores | Validação concluída. CNPJ=97837181000147 ERROS=0 AVISOS=0
2026-09-16 13:36:52 | INFO | bdc.consumidores | Validação condicional concluída para 97837181000147. Tipo=detalhada ERROS=2 AVISOS=1
2026-09-16 13:36:52 | INFO | bdc.consumidores | Ficha processada com sucesso: DEXCO - 15.07.2024.xlsx.
2026-09-16 13:36:52 | INFO | bdc.consumidores | Iniciando processamento do arquivo DEXCO 14072025.xlsx em modo incremental.
2026-09-16 13:36:52 | INFO | bdc.consumidores | Extração competitiva: Vencedor padrao_1 identificado para DEXCO 14072025.xlsx.
2026-09-16 13:36:52 | INFO | bdc.consumidores | Registro normalizado (Entrada: 28, Saída: 30).
2026-09-16 13:36:52 | INFO | bdc.consumidores | Classificação documental para DEXCO 14072025.xlsx: tipo=>=5MWm analise=detalhada
2026-09-16 13:36:52 | INFO | bdc.consumidores | Iniciando validação unificada do registro. CNPJ=97837181000147
2026-09-16 13:36:52 | INFO | bdc.consumidores | Validação concluída. CNPJ=97837181000147 ERROS=0 AVISOS=1
2026-09-16 13:36:52 | INFO | bdc.consumidores | Validação condicional concluída para 97837181000147. Tipo=detalhada ERROS=2 AVISOS=2
2026-09-16 13:36:52 | INFO | bdc.consumidores | Ficha processada com sucesso: DEXCO 14072025.xlsx.
2026-09-16 13:36:52 | INFO | bdc.consumidores | Iniciando processamento do arquivo DEXCO 22062026.xlsx em modo incremental.
2026-09-16 13:36:53 | INFO | bdc.consumidores | Extração competitiva: Vencedor padrao_2 identificado para DEXCO 22062026.xlsx.
2026-09-16 13:36:53 | INFO | bdc.consumidores | Registro normalizado (Entrada: 28, Saída: 30).
2026-09-16 13:36:53 | INFO | bdc.consumidores | Classificação documental para DEXCO 22062026.xlsx: tipo=<5MWm analise=simplificada
2026-09-16 13:36:53 | INFO | bdc.consumidores | Iniciando validação unificada do registro. CNPJ=97837181000147
2026-09-16 13:36:53 | INFO | bdc.consumidores | Validação concluída. CNPJ=97837181000147 ERROS=0 AVISOS=0
2026-09-16 13:36:53 | INFO | bdc.consumidores | Validação condicional concluída para 97837181000147. Tipo=simplificada ERROS=1 AVISOS=1
2026-09-16 13:36:53 | INFO | bdc.consumidores | Ficha processada com sucesso: DEXCO 22062026.xlsx.
2026-09-16 13:36:53 | INFO | bdc.consumidores | Iniciando processamento do arquivo DEXCO RATING 19112025.xlsx em modo incremental.
2026-09-16 13:36:53 | INFO | bdc.consumidores | Extração competitiva: Vencedor padrao_2 identificado para DEXCO RATING 19112025.xlsx.
2026-09-16 13:36:53 | INFO | bdc.consumidores | Registro normalizado (Entrada: 28, Saída: 30).
2026-09-16 13:36:53 | INFO | bdc.consumidores | Classificação documental para DEXCO RATING 19112025.xlsx: tipo=>=5MWm analise=detalhada
2026-09-16 13:36:53 | INFO | bdc.consumidores | Iniciando validação unificada do registro. CNPJ=97837181000147
2026-09-16 13:36:53 | INFO | bdc.consumidores | Validação concluída. CNPJ=97837181000147 ERROS=0 AVISOS=1
2026-09-16 13:36:53 | INFO | bdc.consumidores | Validação condicional concluída para 97837181000147. Tipo=detalhada ERROS=1 AVISOS=1
2026-09-16 13:36:53 | INFO | bdc.consumidores | Iniciando processamento do arquivo DEXCO S.A._30-06-2022.xlsx em modo incremental.
2026-09-16 13:36:53 | INFO | bdc.consumidores | Extração competitiva: Vencedor padrao_1 identificado para DEXCO S.A._30-06-2022.xlsx.
2026-09-16 13:36:53 | INFO | bdc.consumidores | Registro normalizado (Entrada: 28, Saída: 30).
2026-09-16 13:36:53 | INFO | bdc.consumidores | Classificação documental para DEXCO S.A._30-06-2022.xlsx: tipo=>=5MWm analise=detalhada
2026-09-16 13:36:53 | INFO | bdc.consumidores | Iniciando validação unificada do registro. CNPJ=97837181000147
2026-09-16 13:36:53 | INFO | bdc.consumidores | Validação concluída. CNPJ=97837181000147 ERROS=0 AVISOS=0
2026-09-16 13:36:53 | INFO | bdc.consumidores | Validação condicional concluída para 97837181000147. Tipo=detalhada ERROS=2 AVISOS=1
2026-09-16 13:36:53 | INFO | bdc.consumidores | Ficha processada com sucesso: DEXCO S.A._30-06-2022.xlsx.
2026-09-16 13:36:53 | INFO | bdc.consumidores | Iniciando processamento do arquivo DEXCO_28032023.xlsx em modo incremental.
2026-09-16 13:36:53 | INFO | bdc.consumidores | Extração competitiva: Vencedor padrao_1 identificado para DEXCO_28032023.xlsx.
2026-09-16 13:36:53 | INFO | bdc.consumidores | Registro normalizado (Entrada: 28, Saída: 30).
2026-09-16 13:36:53 | INFO | bdc.consumidores | Classificação documental para DEXCO_28032023.xlsx: tipo=>=5MWm analise=detalhada
2026-09-16 13:36:53 | INFO | bdc.consumidores | Iniciando validação unificada do registro. CNPJ=97837181000147
2026-09-16 13:36:53 | INFO | bdc.consumidores | Validação concluída. CNPJ=97837181000147 ERROS=0 AVISOS=1
2026-09-16 13:36:53 | INFO | bdc.consumidores | Validação condicional concluída para 97837181000147. Tipo=detalhada ERROS=2 AVISOS=2
2026-09-16 13:36:53 | INFO | bdc.consumidores | Ficha processada com sucesso: DEXCO_28032023.xlsx.
2026-09-16 13:36:53 | INFO | bdc.consumidores | Iniciando processamento do arquivo DIP FRANGOS - 21072025.xlsx em modo incremental.
2026-09-16 13:36:53 | INFO | bdc.consumidores | Extração competitiva: Vencedor padrao_1 identificado para DIP FRANGOS - 21072025.xlsx.
2026-09-16 13:36:53 | INFO | bdc.consumidores | Registro normalizado (Entrada: 28, Saída: 30).
2026-09-16 13:36:53 | INFO | bdc.consumidores | Classificação documental para DIP FRANGOS - 21072025.xlsx: tipo=>=5MWm analise=detalhada
2026-09-16 13:36:53 | INFO | bdc.consumidores | Iniciando validação unificada do registro. CNPJ=21819182000105
2026-09-16 13:36:53 | INFO | bdc.consumidores | Validação concluída. CNPJ=21819182000105 ERROS=0 AVISOS=1
2026-09-16 13:36:53 | INFO | bdc.consumidores | Validação condicional concluída para 21819182000105. Tipo=detalhada ERROS=2 AVISOS=2
2026-09-16 13:36:53 | INFO | bdc.consumidores | Ficha processada com sucesso: DIP FRANGOS - 21072025.xlsx.
2026-09-16 13:36:53 | INFO | bdc.consumidores | Iniciando processamento do arquivo DIP FRANGOS 28042026.xlsx em modo incremental.
2026-09-16 13:36:53 | INFO | bdc.consumidores | Extração competitiva: Vencedor padrao_2 identificado para DIP FRANGOS 28042026.xlsx.
2026-09-16 13:36:53 | INFO | bdc.consumidores | Registro normalizado (Entrada: 28, Saída: 30).
2026-09-16 13:36:53 | INFO | bdc.consumidores | Classificação documental para DIP FRANGOS 28042026.xlsx: tipo=>=5MWm analise=detalhada
2026-09-16 13:36:53 | INFO | bdc.consumidores | Iniciando validação unificada do registro. CNPJ=21819182000105
2026-09-16 13:36:53 | INFO | bdc.consumidores | Validação concluída. CNPJ=21819182000105 ERROS=0 AVISOS=1
2026-09-16 13:36:53 | INFO | bdc.consumidores | Validação condicional concluída para 21819182000105. Tipo=detalhada ERROS=0 AVISOS=1
2026-09-16 13:36:53 | INFO | bdc.consumidores | Ficha processada com sucesso: DIP FRANGOS 28042026.xlsx.
2026-09-16 13:36:53 | INFO | bdc.consumidores | Iniciando processamento do arquivo DITIN 14072026.xlsx em modo incremental.
2026-09-16 13:36:53 | INFO | bdc.consumidores | Extração competitiva: Vencedor padrao_1 identificado para DITIN 14072026.xlsx.
2026-09-16 13:36:53 | INFO | bdc.consumidores | Registro normalizado (Entrada: 28, Saída: 30).
2026-09-16 13:36:53 | INFO | bdc.consumidores | Classificação documental para DITIN 14072026.xlsx: tipo=<5MWm analise=simplificada
2026-09-16 13:36:53 | INFO | bdc.consumidores | Iniciando validação unificada do registro. CNPJ=None
2026-09-16 13:36:53 | INFO | bdc.consumidores | Validação concluída. CNPJ=None ERROS=3 AVISOS=0
2026-09-16 13:36:53 | WARNING | bdc.consumidores | Erros de validação para CNPJ=None: ['GATE_ENGINE ausente: CNPJ', 'GATE_ENGINE ausente: EMPRESA', 'GATE_ENGINE ausente: DATA_DEMONSTRACAO_FINANCEIRA']
2026-09-16 13:36:53 | INFO | bdc.consumidores | Validação condicional concluída para None. Tipo=simplificada ERROS=4 AVISOS=1
2026-09-16 13:36:53 | INFO | bdc.consumidores | Iniciando processamento do arquivo DOW BRASIL RATING 21012026.xlsx em modo incremental.
2026-09-16 13:36:53 | INFO | bdc.consumidores | Extração competitiva: Vencedor padrao_1 identificado para DOW BRASIL RATING 21012026.xlsx.
2026-09-16 13:36:53 | INFO | bdc.consumidores | Registro normalizado (Entrada: 28, Saída: 30).
2026-09-16 13:36:53 | INFO | bdc.consumidores | Classificação documental para DOW BRASIL RATING 21012026.xlsx: tipo=<5MWm analise=simplificada
2026-09-16 13:36:53 | INFO | bdc.consumidores | Iniciando validação unificada do registro. CNPJ=None
2026-09-16 13:36:53 | INFO | bdc.consumidores | Validação concluída. CNPJ=None ERROS=3 AVISOS=0
2026-09-16 13:36:53 | WARNING | bdc.consumidores | Erros de validação para CNPJ=None: ['GATE_ENGINE ausente: CNPJ', 'GATE_ENGINE ausente: EMPRESA', 'GATE_ENGINE ausente: DATA_DEMONSTRACAO_FINANCEIRA']
2026-09-16 13:36:53 | INFO | bdc.consumidores | Validação condicional concluída para None. Tipo=simplificada ERROS=4 AVISOS=1
2026-09-16 13:36:53 | INFO | bdc.consumidores | Iniciando processamento do arquivo DUPATRI HOSPITALAR.xlsx em modo incremental.
2026-09-16 13:36:53 | INFO | bdc.consumidores | Extração competitiva: Vencedor padrao_2 identificado para DUPATRI HOSPITALAR.xlsx.
2026-09-16 13:36:53 | INFO | bdc.consumidores | Registro normalizado (Entrada: 28, Saída: 30).
2026-09-16 13:36:53 | INFO | bdc.consumidores | Classificação documental para DUPATRI HOSPITALAR.xlsx: tipo=>=5MWm analise=detalhada
2026-09-16 13:36:53 | INFO | bdc.consumidores | Iniciando validação unificada do registro. CNPJ=04027894000164
2026-09-16 13:36:53 | INFO | bdc.consumidores | Validação concluída. CNPJ=04027894000164 ERROS=0 AVISOS=1
2026-09-16 13:36:53 | INFO | bdc.consumidores | Validação condicional concluída para 04027894000164. Tipo=detalhada ERROS=1 AVISOS=1
2026-09-16 13:36:53 | INFO | bdc.consumidores | Ficha processada com sucesso: DUPATRI HOSPITALAR.xlsx.
2026-09-16 13:36:53 | INFO | bdc.consumidores | Iniciando processamento do arquivo DUPLAS RATING 09022026.xlsx em modo incremental.
2026-09-16 13:36:54 | INFO | bdc.consumidores | Extração competitiva: Vencedor padrao_2 identificado para DUPLAS RATING 09022026.xlsx.
2026-09-16 13:36:54 | INFO | bdc.consumidores | Registro normalizado (Entrada: 28, Saída: 30).
2026-09-16 13:36:54 | INFO | bdc.consumidores | Classificação documental para DUPLAS RATING 09022026.xlsx: tipo=>=5MWm analise=detalhada
2026-09-16 13:36:54 | INFO | bdc.consumidores | Iniciando validação unificada do registro. CNPJ=08740765000170
2026-09-16 13:36:54 | INFO | bdc.consumidores | Validação concluída. CNPJ=08740765000170 ERROS=0 AVISOS=0
2026-09-16 13:36:54 | INFO | bdc.consumidores | Validação condicional concluída para 08740765000170. Tipo=detalhada ERROS=0 AVISOS=0
2026-09-16 13:36:54 | INFO | bdc.consumidores | Ficha processada com sucesso: DUPLAS RATING 09022026.xlsx.
2026-09-16 13:36:54 | INFO | bdc.consumidores | Iniciando processamento do arquivo Delta Indústria Cerâmica 28022025.xlsx em modo incremental.
2026-09-16 13:36:54 | INFO | bdc.consumidores | Extração competitiva: Vencedor padrao_1 identificado para Delta Indústria Cerâmica 28022025.xlsx.
2026-09-16 13:36:54 | INFO | bdc.consumidores | Registro normalizado (Entrada: 28, Saída: 30).
2026-09-16 13:36:54 | INFO | bdc.consumidores | Classificação documental para Delta Indústria Cerâmica 28022025.xlsx: tipo=>=5MWm analise=detalhada
2026-09-16 13:36:54 | INFO | bdc.consumidores | Iniciando validação unificada do registro. CNPJ=47595863000112
2026-09-16 13:36:54 | INFO | bdc.consumidores | Validação concluída. CNPJ=47595863000112 ERROS=0 AVISOS=1
2026-09-16 13:36:54 | INFO | bdc.consumidores | Validação condicional concluída para 47595863000112. Tipo=detalhada ERROS=2 AVISOS=2
2026-09-16 13:36:54 | INFO | bdc.consumidores | Ficha processada com sucesso: Delta Indústria Cerâmica 28022025.xlsx.
2026-09-16 13:36:54 | INFO | bdc.consumidores | Iniciando processamento do arquivo Diagnósticos da América 08042025.xlsx em modo incremental.
2026-09-16 13:36:54 | INFO | bdc.consumidores | Extração competitiva: Vencedor padrao_1 identificado para Diagnósticos da América 08042025.xlsx.
2026-09-16 13:36:54 | INFO | bdc.consumidores | Registro normalizado (Entrada: 28, Saída: 30).
2026-09-16 13:36:54 | INFO | bdc.consumidores | Classificação documental para Diagnósticos da América 08042025.xlsx: tipo=>=5MWm analise=detalhada
2026-09-16 13:36:54 | INFO | bdc.consumidores | Iniciando validação unificada do registro. CNPJ=61486650000183
2026-09-16 13:36:54 | INFO | bdc.consumidores | Validação concluída. CNPJ=61486650000183 ERROS=0 AVISOS=1
2026-09-16 13:36:54 | INFO | bdc.consumidores | Validação condicional concluída para 61486650000183. Tipo=detalhada ERROS=2 AVISOS=2
2026-09-16 13:36:54 | INFO | bdc.consumidores | Ficha processada com sucesso: Diagnósticos da América 08042025.xlsx.
2026-09-16 13:36:54 | INFO | bdc.consumidores | Iniciando processamento do arquivo Dois Marcos Sementes 03042024.xlsx em modo incremental.
2026-09-16 13:36:54 | INFO | bdc.consumidores | Extração competitiva: Vencedor padrao_1 identificado para Dois Marcos Sementes 03042024.xlsx.
2026-09-16 13:36:54 | INFO | bdc.consumidores | Registro normalizado (Entrada: 28, Saída: 30).
2026-09-16 13:36:54 | INFO | bdc.consumidores | Classificação documental para Dois Marcos Sementes 03042024.xlsx: tipo=>=5MWm analise=detalhada
2026-09-16 13:36:54 | INFO | bdc.consumidores | Iniciando validação unificada do registro. CNPJ=00291633000104
2026-09-16 13:36:54 | INFO | bdc.consumidores | Validação concluída. CNPJ=00291633000104 ERROS=0 AVISOS=0
2026-09-16 13:36:54 | INFO | bdc.consumidores | Validação condicional concluída para 00291633000104. Tipo=detalhada ERROS=2 AVISOS=1
2026-09-16 13:36:54 | INFO | bdc.consumidores | Ficha processada com sucesso: Dois Marcos Sementes 03042024.xlsx.
2026-09-16 13:36:54 | INFO | bdc.consumidores | Iniciando processamento do arquivo Dulce Acqua_28_09_2022.xlsx em modo incremental.
2026-09-16 13:36:54 | INFO | bdc.consumidores | Extração competitiva: Vencedor padrao_1 identificado para Dulce Acqua_28_09_2022.xlsx.
2026-09-16 13:36:54 | INFO | bdc.consumidores | Registro normalizado (Entrada: 28, Saída: 30).
2026-09-16 13:36:54 | INFO | bdc.consumidores | Classificação documental para Dulce Acqua_28_09_2022.xlsx: tipo=>=5MWm analise=detalhada
2026-09-16 13:36:54 | INFO | bdc.consumidores | Iniciando validação unificada do registro. CNPJ=05126928000130
2026-09-16 13:36:54 | INFO | bdc.consumidores | Validação concluída. CNPJ=05126928000130 ERROS=0 AVISOS=0
2026-09-16 13:36:54 | INFO | bdc.consumidores | Validação condicional concluída para 05126928000130. Tipo=detalhada ERROS=2 AVISOS=1
2026-09-16 13:36:54 | INFO | bdc.consumidores | Ficha processada com sucesso: Dulce Acqua_28_09_2022.xlsx.
2026-09-16 13:36:54 | INFO | bdc.consumidores | Iniciando processamento do arquivo EATON LTDA RATING 12032026.xlsx em modo incremental.
2026-09-16 13:36:54 | INFO | bdc.consumidores | Extração competitiva: Vencedor padrao_1 identificado para EATON LTDA RATING 12032026.xlsx.
2026-09-16 13:36:54 | INFO | bdc.consumidores | Registro normalizado (Entrada: 28, Saída: 30).
2026-09-16 13:36:54 | INFO | bdc.consumidores | Classificação documental para EATON LTDA RATING 12032026.xlsx: tipo=<5MWm analise=simplificada
2026-09-16 13:36:54 | INFO | bdc.consumidores | Iniciando validação unificada do registro. CNPJ=None
2026-09-16 13:36:54 | INFO | bdc.consumidores | Validação concluída. CNPJ=None ERROS=3 AVISOS=0
2026-09-16 13:36:54 | WARNING | bdc.consumidores | Erros de validação para CNPJ=None: ['GATE_ENGINE ausente: CNPJ', 'GATE_ENGINE ausente: EMPRESA', 'GATE_ENGINE ausente: DATA_DEMONSTRACAO_FINANCEIRA']
2026-09-16 13:36:54 | INFO | bdc.consumidores | Validação condicional concluída para None. Tipo=simplificada ERROS=4 AVISOS=1
2026-09-16 13:36:54 | INFO | bdc.consumidores | Iniciando processamento do arquivo EATON_23_02_2022.xlsx em modo incremental.
2026-09-16 13:36:54 | INFO | bdc.consumidores | Extração competitiva: Vencedor padrao_1 identificado para EATON_23_02_2022.xlsx.
2026-09-16 13:36:54 | INFO | bdc.consumidores | Registro normalizado (Entrada: 28, Saída: 30).
2026-09-16 13:36:54 | INFO | bdc.consumidores | Classificação documental para EATON_23_02_2022.xlsx: tipo=>=5MWm analise=detalhada
2026-09-16 13:36:54 | INFO | bdc.consumidores | Iniciando validação unificada do registro. CNPJ=54625819000173
2026-09-16 13:36:54 | INFO | bdc.consumidores | Validação concluída. CNPJ=54625819000173 ERROS=0 AVISOS=1
2026-09-16 13:36:54 | INFO | bdc.consumidores | Validação condicional concluída para 54625819000173. Tipo=detalhada ERROS=2 AVISOS=2
2026-09-16 13:36:54 | INFO | bdc.consumidores | Ficha processada com sucesso: EATON_23_02_2022.xlsx.
2026-09-16 13:36:54 | INFO | bdc.consumidores | Iniciando processamento do arquivo EBAZAR 18062026.xlsx em modo incremental.
2026-09-16 13:36:54 | INFO | bdc.consumidores | Extração competitiva: Vencedor padrao_1 identificado para EBAZAR 18062026.xlsx.
2026-09-16 13:36:54 | INFO | bdc.consumidores | Registro normalizado (Entrada: 28, Saída: 30).
2026-09-16 13:36:54 | INFO | bdc.consumidores | Classificação documental para EBAZAR 18062026.xlsx: tipo=<5MWm analise=simplificada
2026-09-16 13:36:54 | INFO | bdc.consumidores | Iniciando validação unificada do registro. CNPJ=None
2026-09-16 13:36:54 | INFO | bdc.consumidores | Validação concluída. CNPJ=None ERROS=3 AVISOS=0
2026-09-16 13:36:54 | WARNING | bdc.consumidores | Erros de validação para CNPJ=None: ['GATE_ENGINE ausente: CNPJ', 'GATE_ENGINE ausente: EMPRESA', 'GATE_ENGINE ausente: DATA_DEMONSTRACAO_FINANCEIRA']
2026-09-16 13:36:54 | INFO | bdc.consumidores | Validação condicional concluída para None. Tipo=simplificada ERROS=4 AVISOS=1
2026-09-16 13:36:54 | INFO | bdc.consumidores | Iniciando processamento do arquivo ECOURBIS - 17062026.xlsx em modo incremental.
2026-09-16 13:36:54 | INFO | bdc.consumidores | Extração competitiva: Vencedor padrao_2 identificado para ECOURBIS - 17062026.xlsx.
2026-09-16 13:36:55 | INFO | bdc.consumidores | Registro normalizado (Entrada: 28, Saída: 30).
2026-09-16 13:36:55 | INFO | bdc.consumidores | Classificação documental para ECOURBIS - 17062026.xlsx: tipo=<5MWm analise=simplificada
2026-09-16 13:36:55 | INFO | bdc.consumidores | Iniciando validação unificada do registro. CNPJ=07037123000146
2026-09-16 13:36:55 | INFO | bdc.consumidores | Validação concluída. CNPJ=07037123000146 ERROS=0 AVISOS=0
2026-09-16 13:36:55 | INFO | bdc.consumidores | Validação condicional concluída para 07037123000146. Tipo=simplificada ERROS=1 AVISOS=1
2026-09-16 13:36:55 | INFO | bdc.consumidores | Ficha processada com sucesso: ECOURBIS - 17062026.xlsx.
2026-09-16 13:36:55 | INFO | bdc.consumidores | Iniciando processamento do arquivo EDF 24072025 v2.xlsx em modo incremental.
2026-09-16 13:36:55 | INFO | bdc.consumidores | Extração competitiva: Vencedor padrao_1 identificado para EDF 24072025 v2.xlsx.
2026-09-16 13:36:55 | INFO | bdc.consumidores | Registro normalizado (Entrada: 28, Saída: 30).
2026-09-16 13:36:55 | INFO | bdc.consumidores | Classificação documental para EDF 24072025 v2.xlsx: tipo=>=5MWm analise=detalhada
2026-09-16 13:36:55 | INFO | bdc.consumidores | Iniciando validação unificada do registro. CNPJ=21812954000179
2026-09-16 13:36:55 | INFO | bdc.consumidores | Validação concluída. CNPJ=21812954000179 ERROS=0 AVISOS=1
2026-09-16 13:36:55 | INFO | bdc.consumidores | Validação condicional concluída para 21812954000179. Tipo=detalhada ERROS=2 AVISOS=2
2026-09-16 13:36:55 | INFO | bdc.consumidores | Ficha processada com sucesso: EDF 24072025 v2.xlsx.
2026-09-16 13:36:55 | INFO | bdc.consumidores | Iniciando processamento do arquivo EDF 24072025.xlsx em modo incremental.
2026-09-16 13:36:55 | INFO | bdc.consumidores | Extração competitiva: Vencedor padrao_1 identificado para EDF 24072025.xlsx.
2026-09-16 13:36:55 | INFO | bdc.consumidores | Registro normalizado (Entrada: 28, Saída: 30).
2026-09-16 13:36:55 | INFO | bdc.consumidores | Classificação documental para EDF 24072025.xlsx: tipo=>=5MWm analise=detalhada
2026-09-16 13:36:55 | INFO | bdc.consumidores | Iniciando validação unificada do registro. CNPJ=21812954000179
2026-09-16 13:36:55 | INFO | bdc.consumidores | Validação concluída. CNPJ=21812954000179 ERROS=0 AVISOS=1
2026-09-16 13:36:55 | INFO | bdc.consumidores | Validação condicional concluída para 21812954000179. Tipo=detalhada ERROS=2 AVISOS=2
2026-09-16 13:36:55 | INFO | bdc.consumidores | Iniciando processamento do arquivo EDF RATING 24122025.xlsx em modo incremental.
2026-09-16 13:36:55 | INFO | bdc.consumidores | Extração competitiva: Vencedor padrao_2 identificado para EDF RATING 24122025.xlsx.
2026-09-16 13:36:55 | INFO | bdc.consumidores | Registro normalizado (Entrada: 28, Saída: 30).
2026-09-16 13:36:55 | INFO | bdc.consumidores | Classificação documental para EDF RATING 24122025.xlsx: tipo=>=5MWm analise=detalhada
2026-09-16 13:36:55 | INFO | bdc.consumidores | Iniciando validação unificada do registro. CNPJ=21812954000179
2026-09-16 13:36:55 | INFO | bdc.consumidores | Validação concluída. CNPJ=21812954000179 ERROS=0 AVISOS=1
2026-09-16 13:36:55 | INFO | bdc.consumidores | Validação condicional concluída para 21812954000179. Tipo=detalhada ERROS=0 AVISOS=1
2026-09-16 13:36:55 | INFO | bdc.consumidores | Iniciando processamento do arquivo EDF VERDECOM RATING 17102025.xlsx em modo incremental.
2026-09-16 13:36:55 | INFO | bdc.consumidores | Extração competitiva: Vencedor padrao_2 identificado para EDF VERDECOM RATING 17102025.xlsx.
2026-09-16 13:36:55 | INFO | bdc.consumidores | Registro normalizado (Entrada: 28, Saída: 30).
2026-09-16 13:36:55 | INFO | bdc.consumidores | Classificação documental para EDF VERDECOM RATING 17102025.xlsx: tipo=>=5MWm analise=detalhada
2026-09-16 13:36:55 | INFO | bdc.consumidores | Iniciando validação unificada do registro. CNPJ=35984409000174
2026-09-16 13:36:55 | INFO | bdc.consumidores | Validação concluída. CNPJ=35984409000174 ERROS=0 AVISOS=0
2026-09-16 13:36:55 | INFO | bdc.consumidores | Validação condicional concluída para 35984409000174. Tipo=detalhada ERROS=0 AVISOS=0
2026-09-16 13:36:55 | INFO | bdc.consumidores | Ficha processada com sucesso: EDF VERDECOM RATING 17102025.xlsx.
2026-09-16 13:36:55 | INFO | bdc.consumidores | Iniciando processamento do arquivo ELEKEIROZ 15052024.xlsx em modo incremental.
2026-09-16 13:36:55 | INFO | bdc.consumidores | Extração competitiva: Vencedor padrao_1 identificado para ELEKEIROZ 15052024.xlsx.
2026-09-16 13:36:55 | INFO | bdc.consumidores | Registro normalizado (Entrada: 28, Saída: 30).
2026-09-16 13:36:55 | INFO | bdc.consumidores | Classificação documental para ELEKEIROZ 15052024.xlsx: tipo=>=5MWm analise=detalhada
2026-09-16 13:36:55 | INFO | bdc.consumidores | Iniciando validação unificada do registro. CNPJ=76093731000190
2026-09-16 13:36:55 | INFO | bdc.consumidores | Validação concluída. CNPJ=76093731000190 ERROS=0 AVISOS=1
2026-09-16 13:36:55 | INFO | bdc.consumidores | Validação condicional concluída para 76093731000190. Tipo=detalhada ERROS=2 AVISOS=2
2026-09-16 13:36:55 | INFO | bdc.consumidores | Ficha processada com sucesso: ELEKEIROZ 15052024.xlsx.
2026-09-16 13:36:55 | INFO | bdc.consumidores | Iniciando processamento do arquivo ELEKEIROZ 19082026.xlsx em modo incremental.
2026-09-16 13:36:55 | INFO | bdc.consumidores | Extração competitiva: Vencedor padrao_2 identificado para ELEKEIROZ 19082026.xlsx.
2026-09-16 13:36:55 | INFO | bdc.consumidores | Registro normalizado (Entrada: 28, Saída: 30).
2026-09-16 13:36:55 | INFO | bdc.consumidores | Classificação documental para ELEKEIROZ 19082026.xlsx: tipo=<5MWm analise=simplificada
2026-09-16 13:36:55 | INFO | bdc.consumidores | Iniciando validação unificada do registro. CNPJ=13788120000147
2026-09-16 13:36:55 | INFO | bdc.consumidores | Validação concluída. CNPJ=13788120000147 ERROS=0 AVISOS=0
2026-09-16 13:36:55 | INFO | bdc.consumidores | Validação condicional concluída para 13788120000147. Tipo=simplificada ERROS=1 AVISOS=1
2026-09-16 13:36:55 | INFO | bdc.consumidores | Ficha processada com sucesso: ELEKEIROZ 19082026.xlsx.
2026-09-16 13:36:55 | INFO | bdc.consumidores | Iniciando processamento do arquivo ELEKEIROZ_15_08_2024.xlsx em modo incremental.
2026-09-16 13:36:55 | INFO | bdc.consumidores | Extração competitiva: Vencedor padrao_1 identificado para ELEKEIROZ_15_08_2024.xlsx.
2026-09-16 13:36:55 | INFO | bdc.consumidores | Registro normalizado (Entrada: 28, Saída: 30).
2026-09-16 13:36:55 | INFO | bdc.consumidores | Classificação documental para ELEKEIROZ_15_08_2024.xlsx: tipo=>=5MWm analise=detalhada
2026-09-16 13:36:55 | INFO | bdc.consumidores | Iniciando validação unificada do registro. CNPJ=13788120000147
2026-09-16 13:36:55 | INFO | bdc.consumidores | Validação concluída. CNPJ=13788120000147 ERROS=0 AVISOS=1
2026-09-16 13:36:55 | INFO | bdc.consumidores | Validação condicional concluída para 13788120000147. Tipo=detalhada ERROS=2 AVISOS=2
2026-09-16 13:36:55 | INFO | bdc.consumidores | Ficha processada com sucesso: ELEKEIROZ_15_08_2024.xlsx.
2026-09-16 13:36:55 | INFO | bdc.consumidores | Iniciando processamento do arquivo ELFA MEDICAMENTOS 22052026.xlsx em modo incremental.
2026-09-16 13:36:56 | INFO | bdc.consumidores | Extração competitiva: Vencedor padrao_2 identificado para ELFA MEDICAMENTOS 22052026.xlsx.
2026-09-16 13:36:56 | INFO | bdc.consumidores | Registro normalizado (Entrada: 28, Saída: 30).
2026-09-16 13:36:56 | INFO | bdc.consumidores | Classificação documental para ELFA MEDICAMENTOS 22052026.xlsx: tipo=>=5MWm analise=detalhada
2026-09-16 13:36:56 | INFO | bdc.consumidores | Iniciando validação unificada do registro. CNPJ=09053134000145
2026-09-16 13:36:56 | INFO | bdc.consumidores | Validação concluída. CNPJ=09053134000145 ERROS=0 AVISOS=0
2026-09-16 13:36:56 | INFO | bdc.consumidores | Validação condicional concluída para 09053134000145. Tipo=detalhada ERROS=1 AVISOS=0
2026-09-16 13:36:56 | INFO | bdc.consumidores | Ficha processada com sucesso: ELFA MEDICAMENTOS 22052026.xlsx.
2026-09-16 13:36:56 | INFO | bdc.consumidores | Iniciando processamento do arquivo EMBASA 14042025.xlsx em modo incremental.
2026-09-16 13:36:56 | INFO | bdc.consumidores | Extração competitiva: Vencedor padrao_1 identificado para EMBASA 14042025.xlsx.
2026-09-16 13:36:56 | INFO | bdc.consumidores | Registro normalizado (Entrada: 28, Saída: 30).
2026-09-16 13:36:56 | INFO | bdc.consumidores | Classificação documental para EMBASA 14042025.xlsx: tipo=>=5MWm analise=detalhada
2026-09-16 13:36:56 | INFO | bdc.consumidores | Iniciando validação unificada do registro. CNPJ=13504675000110
2026-09-16 13:36:56 | INFO | bdc.consumidores | Validação concluída. CNPJ=13504675000110 ERROS=0 AVISOS=1
2026-09-16 13:36:56 | INFO | bdc.consumidores | Validação condicional concluída para 13504675000110. Tipo=detalhada ERROS=2 AVISOS=2
2026-09-16 13:36:56 | INFO | bdc.consumidores | Ficha processada com sucesso: EMBASA 14042025.xlsx.
2026-09-16 13:36:56 | INFO | bdc.consumidores | Iniciando processamento do arquivo EMBASA 18062026.xlsx em modo incremental.
2026-09-16 13:36:56 | INFO | bdc.consumidores | Extração competitiva: Vencedor padrao_2 identificado para EMBASA 18062026.xlsx.
2026-09-16 13:36:56 | INFO | bdc.consumidores | Registro normalizado (Entrada: 28, Saída: 30).
2026-09-16 13:36:56 | INFO | bdc.consumidores | Classificação documental para EMBASA 18062026.xlsx: tipo=<5MWm analise=simplificada
2026-09-16 13:36:56 | INFO | bdc.consumidores | Iniciando validação unificada do registro. CNPJ=13504675000110
2026-09-16 13:36:56 | INFO | bdc.consumidores | Validação concluída. CNPJ=13504675000110 ERROS=0 AVISOS=0
2026-09-16 13:36:56 | INFO | bdc.consumidores | Validação condicional concluída para 13504675000110. Tipo=simplificada ERROS=1 AVISOS=1
2026-09-16 13:36:56 | INFO | bdc.consumidores | Ficha processada com sucesso: EMBASA 18062026.xlsx.
2026-09-16 13:36:56 | INFO | bdc.consumidores | Iniciando processamento do arquivo EMBASA RATING 01122025.xlsx em modo incremental.
2026-09-16 13:36:56 | INFO | bdc.consumidores | Extração competitiva: Vencedor padrao_2 identificado para EMBASA RATING 01122025.xlsx.
2026-09-16 13:36:56 | INFO | bdc.consumidores | Registro normalizado (Entrada: 28, Saída: 30).
2026-09-16 13:36:56 | INFO | bdc.consumidores | Classificação documental para EMBASA RATING 01122025.xlsx: tipo=>=5MWm analise=detalhada
2026-09-16 13:36:56 | INFO | bdc.consumidores | Iniciando validação unificada do registro. CNPJ=13504675000110
2026-09-16 13:36:56 | INFO | bdc.consumidores | Validação concluída. CNPJ=13504675000110 ERROS=0 AVISOS=1
2026-09-16 13:36:56 | INFO | bdc.consumidores | Validação condicional concluída para 13504675000110. Tipo=detalhada ERROS=0 AVISOS=1
2026-09-16 13:36:56 | INFO | bdc.consumidores | Iniciando processamento do arquivo EMBRAER 05052026.xlsx em modo incremental.
2026-09-16 13:36:56 | INFO | bdc.consumidores | Extração competitiva: Vencedor padrao_2 identificado para EMBRAER 05052026.xlsx.
2026-09-16 13:36:56 | INFO | bdc.consumidores | Registro normalizado (Entrada: 28, Saída: 30).
2026-09-16 13:36:56 | INFO | bdc.consumidores | Classificação documental para EMBRAER 05052026.xlsx: tipo=>=5MWm analise=detalhada
2026-09-16 13:36:56 | INFO | bdc.consumidores | Iniciando validação unificada do registro. CNPJ=07689002000189
2026-09-16 13:36:56 | INFO | bdc.consumidores | Validação concluída. CNPJ=07689002000189 ERROS=0 AVISOS=0
2026-09-16 13:36:56 | INFO | bdc.consumidores | Validação condicional concluída para 07689002000189. Tipo=detalhada ERROS=1 AVISOS=0
2026-09-16 13:36:56 | INFO | bdc.consumidores | Ficha processada com sucesso: EMBRAER 05052026.xlsx.
2026-09-16 13:36:56 | INFO | bdc.consumidores | Iniciando processamento do arquivo EMBRAER_10042023.xlsx em modo incremental.
2026-09-16 13:36:56 | INFO | bdc.consumidores | Extração competitiva: Vencedor padrao_1 identificado para EMBRAER_10042023.xlsx.
2026-09-16 13:36:56 | INFO | bdc.consumidores | Registro normalizado (Entrada: 28, Saída: 30).
2026-09-16 13:36:56 | INFO | bdc.consumidores | Classificação documental para EMBRAER_10042023.xlsx: tipo=>=5MWm analise=detalhada
2026-09-16 13:36:56 | INFO | bdc.consumidores | Iniciando validação unificada do registro. CNPJ=07689002000189
2026-09-16 13:36:56 | INFO | bdc.consumidores | Validação concluída. CNPJ=07689002000189 ERROS=0 AVISOS=1
2026-09-16 13:36:56 | INFO | bdc.consumidores | Validação condicional concluída para 07689002000189. Tipo=detalhada ERROS=3 AVISOS=2
2026-09-16 13:36:56 | INFO | bdc.consumidores | Ficha processada com sucesso: EMBRAER_10042023.xlsx.
2026-09-16 13:36:56 | INFO | bdc.consumidores | Iniciando processamento do arquivo ENERPEIXE 15092025.xlsx em modo incremental.
2026-09-16 13:36:56 | INFO | bdc.consumidores | Extração competitiva: Vencedor padrao_1 identificado para ENERPEIXE 15092025.xlsx.
2026-09-16 13:36:56 | INFO | bdc.consumidores | Registro normalizado (Entrada: 28, Saída: 30).
2026-09-16 13:36:56 | INFO | bdc.consumidores | Classificação documental para ENERPEIXE 15092025.xlsx: tipo=>=5MWm analise=detalhada
2026-09-16 13:36:56 | INFO | bdc.consumidores | Iniciando validação unificada do registro. CNPJ=04426411000102
2026-09-16 13:36:56 | INFO | bdc.consumidores | Validação concluída. CNPJ=04426411000102 ERROS=0 AVISOS=1
2026-09-16 13:36:56 | INFO | bdc.consumidores | Validação condicional concluída para 04426411000102. Tipo=detalhada ERROS=2 AVISOS=2
2026-09-16 13:36:56 | INFO | bdc.consumidores | Ficha processada com sucesso: ENERPEIXE 15092025.xlsx.
2026-09-16 13:36:56 | INFO | bdc.consumidores | Iniciando processamento do arquivo EPASA 21122023.xlsx em modo incremental.
2026-09-16 13:36:56 | INFO | bdc.consumidores | Extração competitiva: Vencedor padrao_1 identificado para EPASA 21122023.xlsx.
2026-09-16 13:36:56 | INFO | bdc.consumidores | Registro normalizado (Entrada: 28, Saída: 30).
2026-09-16 13:36:56 | INFO | bdc.consumidores | Classificação documental para EPASA 21122023.xlsx: tipo=>=5MWm analise=detalhada
2026-09-16 13:36:56 | INFO | bdc.consumidores | Iniciando validação unificada do registro. CNPJ=10366780000141
2026-09-16 13:36:57 | INFO | bdc.consumidores | Validação concluída. CNPJ=10366780000141 ERROS=0 AVISOS=1
2026-09-16 13:36:57 | INFO | bdc.consumidores | Validação condicional concluída para 10366780000141. Tipo=detalhada ERROS=2 AVISOS=2
2026-09-16 13:36:57 | INFO | bdc.consumidores | Ficha processada com sucesso: EPASA 21122023.xlsx.
2026-09-16 13:36:57 | INFO | bdc.consumidores | Iniciando processamento do arquivo ESTADO DE SP 15_08_2022.xlsx em modo incremental.
2026-09-16 13:36:57 | INFO | bdc.consumidores | Extração competitiva: Vencedor padrao_1 identificado para ESTADO DE SP 15_08_2022.xlsx.
2026-09-16 13:36:57 | INFO | bdc.consumidores | Registro normalizado (Entrada: 28, Saída: 30).
2026-09-16 13:36:57 | INFO | bdc.consumidores | Classificação documental para ESTADO DE SP 15_08_2022.xlsx: tipo=>=5MWm analise=detalhada
2026-09-16 13:36:57 | INFO | bdc.consumidores | Iniciando validação unificada do registro. CNPJ=61533949000141
2026-09-16 13:36:57 | INFO | bdc.consumidores | Validação concluída. CNPJ=61533949000141 ERROS=0 AVISOS=1
2026-09-16 13:36:57 | INFO | bdc.consumidores | Validação condicional concluída para 61533949000141. Tipo=detalhada ERROS=2 AVISOS=2
2026-09-16 13:36:57 | INFO | bdc.consumidores | Ficha processada com sucesso: ESTADO DE SP 15_08_2022.xlsx.
2026-09-16 13:36:57 | INFO | bdc.consumidores | Iniciando processamento do arquivo ETERNIT RATING 18122025.xlsx em modo incremental.
2026-09-16 13:36:57 | INFO | bdc.consumidores | Extração competitiva: Vencedor padrao_2 identificado para ETERNIT RATING 18122025.xlsx.
2026-09-16 13:36:57 | INFO | bdc.consumidores | Registro normalizado (Entrada: 28, Saída: 30).
2026-09-16 13:36:57 | INFO | bdc.consumidores | Classificação documental para ETERNIT RATING 18122025.xlsx: tipo=>=5MWm analise=detalhada
2026-09-16 13:36:57 | INFO | bdc.consumidores | Iniciando validação unificada do registro. CNPJ=61092037000181
2026-09-16 13:36:57 | INFO | bdc.consumidores | Validação concluída. CNPJ=61092037000181 ERROS=0 AVISOS=1
2026-09-16 13:36:57 | INFO | bdc.consumidores | Validação condicional concluída para 61092037000181. Tipo=detalhada ERROS=0 AVISOS=1
2026-09-16 13:36:57 | INFO | bdc.consumidores | Ficha processada com sucesso: ETERNIT RATING 18122025.xlsx.
2026-09-16 13:36:57 | INFO | bdc.consumidores | Iniciando processamento do arquivo EUCATEX RATING 28102025.xlsx em modo incremental.
2026-09-16 13:36:57 | INFO | bdc.consumidores | Extração competitiva: Vencedor padrao_2 identificado para EUCATEX RATING 28102025.xlsx.
2026-09-16 13:36:57 | INFO | bdc.consumidores | Registro normalizado (Entrada: 28, Saída: 30).
2026-09-16 13:36:57 | INFO | bdc.consumidores | Classificação documental para EUCATEX RATING 28102025.xlsx: tipo=>=5MWm analise=detalhada
2026-09-16 13:36:57 | INFO | bdc.consumidores | Iniciando validação unificada do registro. CNPJ=14675270000107
2026-09-16 13:36:57 | INFO | bdc.consumidores | Validação concluída. CNPJ=14675270000107 ERROS=0 AVISOS=1
2026-09-16 13:36:57 | INFO | bdc.consumidores | Validação condicional concluída para 14675270000107. Tipo=detalhada ERROS=0 AVISOS=1
2026-09-16 13:36:57 | INFO | bdc.consumidores | Ficha processada com sucesso: EUCATEX RATING 28102025.xlsx.
2026-09-16 13:36:57 | INFO | bdc.consumidores | Iniciando processamento do arquivo EUROFARMA_03102023.xlsx em modo incremental.
2026-09-16 13:36:57 | INFO | bdc.consumidores | Extração competitiva: Vencedor padrao_1 identificado para EUROFARMA_03102023.xlsx.
2026-09-16 13:36:57 | INFO | bdc.consumidores | Registro normalizado (Entrada: 28, Saída: 30).
2026-09-16 13:36:57 | INFO | bdc.consumidores | Classificação documental para EUROFARMA_03102023.xlsx: tipo=>=5MWm analise=detalhada
2026-09-16 13:36:57 | INFO | bdc.consumidores | Iniciando validação unificada do registro. CNPJ=61190096002136
2026-09-16 13:36:57 | INFO | bdc.consumidores | Validação concluída. CNPJ=61190096002136 ERROS=0 AVISOS=1
2026-09-16 13:36:57 | INFO | bdc.consumidores | Validação condicional concluída para 61190096002136. Tipo=detalhada ERROS=2 AVISOS=2
2026-09-16 13:36:57 | INFO | bdc.consumidores | Ficha processada com sucesso: EUROFARMA_03102023.xlsx.
2026-09-16 13:36:57 | INFO | bdc.consumidores | Iniciando processamento do arquivo EVONIK 04112024.xlsx em modo incremental.
2026-09-16 13:36:57 | INFO | bdc.consumidores | Extração competitiva: Vencedor padrao_1 identificado para EVONIK 04112024.xlsx.
2026-09-16 13:36:57 | INFO | bdc.consumidores | Registro normalizado (Entrada: 28, Saída: 30).
2026-09-16 13:36:57 | INFO | bdc.consumidores | Classificação documental para EVONIK 04112024.xlsx: tipo=>=5MWm analise=detalhada
2026-09-16 13:36:57 | INFO | bdc.consumidores | Iniciando validação unificada do registro. CNPJ=62695036000194
2026-09-16 13:36:57 | INFO | bdc.consumidores | Validação concluída. CNPJ=62695036000194 ERROS=0 AVISOS=0
2026-09-16 13:36:57 | INFO | bdc.consumidores | Validação condicional concluída para 62695036000194. Tipo=detalhada ERROS=2 AVISOS=1
2026-09-16 13:36:57 | INFO | bdc.consumidores | Ficha processada com sucesso: EVONIK 04112024.xlsx.
2026-09-16 13:36:57 | INFO | bdc.consumidores | Iniciando processamento do arquivo EVONIK 13082025.xlsx em modo incremental.
2026-09-16 13:36:57 | INFO | bdc.consumidores | Extração competitiva: Vencedor padrao_1 identificado para EVONIK 13082025.xlsx.
2026-09-16 13:36:57 | INFO | bdc.consumidores | Registro normalizado (Entrada: 28, Saída: 30).
2026-09-16 13:36:57 | INFO | bdc.consumidores | Classificação documental para EVONIK 13082025.xlsx: tipo=>=5MWm analise=detalhada
2026-09-16 13:36:57 | INFO | bdc.consumidores | Iniciando validação unificada do registro. CNPJ=62695036000194
2026-09-16 13:36:57 | INFO | bdc.consumidores | Validação concluída. CNPJ=62695036000194 ERROS=0 AVISOS=0
2026-09-16 13:36:57 | INFO | bdc.consumidores | Validação condicional concluída para 62695036000194. Tipo=detalhada ERROS=2 AVISOS=1
2026-09-16 13:36:57 | INFO | bdc.consumidores | Ficha processada com sucesso: EVONIK 13082025.xlsx.
2026-09-16 13:36:57 | INFO | bdc.consumidores | Iniciando processamento do arquivo EVONIK 29052026.xlsx em modo incremental.
2026-09-16 13:36:57 | INFO | bdc.consumidores | Extração competitiva: Vencedor padrao_2 identificado para EVONIK 29052026.xlsx.
2026-09-16 13:36:58 | INFO | bdc.consumidores | Registro normalizado (Entrada: 28, Saída: 30).
2026-09-16 13:36:58 | INFO | bdc.consumidores | Classificação documental para EVONIK 29052026.xlsx: tipo=>=5MWm analise=detalhada
2026-09-16 13:36:58 | INFO | bdc.consumidores | Iniciando validação unificada do registro. CNPJ=62695036000194
2026-09-16 13:36:58 | INFO | bdc.consumidores | Validação concluída. CNPJ=62695036000194 ERROS=0 AVISOS=0
2026-09-16 13:36:58 | INFO | bdc.consumidores | Validação condicional concluída para 62695036000194. Tipo=detalhada ERROS=1 AVISOS=0
2026-09-16 13:36:58 | INFO | bdc.consumidores | Ficha processada com sucesso: EVONIK 29052026.xlsx.
2026-09-16 13:36:58 | INFO | bdc.consumidores | Iniciando processamento do arquivo EVONIK RATING 19112025.xlsx em modo incremental.
2026-09-16 13:36:58 | INFO | bdc.consumidores | Extração competitiva: Vencedor padrao_2 identificado para EVONIK RATING 19112025.xlsx.
2026-09-16 13:36:58 | INFO | bdc.consumidores | Registro normalizado (Entrada: 28, Saída: 30).
2026-09-16 13:36:58 | INFO | bdc.consumidores | Classificação documental para EVONIK RATING 19112025.xlsx: tipo=>=5MWm analise=detalhada
2026-09-16 13:36:58 | INFO | bdc.consumidores | Iniciando validação unificada do registro. CNPJ=62695036000194
2026-09-16 13:36:58 | INFO | bdc.consumidores | Validação concluída. CNPJ=62695036000194 ERROS=0 AVISOS=0
2026-09-16 13:36:58 | INFO | bdc.consumidores | Validação condicional concluída para 62695036000194. Tipo=detalhada ERROS=1 AVISOS=0
2026-09-16 13:36:58 | INFO | bdc.consumidores | Iniciando processamento do arquivo EVONIK_16062023.xlsx em modo incremental.
2026-09-16 13:36:58 | INFO | bdc.consumidores | Extração competitiva: Vencedor padrao_1 identificado para EVONIK_16062023.xlsx.
2026-09-16 13:36:58 | INFO | bdc.consumidores | Registro normalizado (Entrada: 28, Saída: 30).
2026-09-16 13:36:58 | INFO | bdc.consumidores | Classificação documental para EVONIK_16062023.xlsx: tipo=>=5MWm analise=detalhada
2026-09-16 13:36:58 | INFO | bdc.consumidores | Iniciando validação unificada do registro. CNPJ=62695036000194
2026-09-16 13:36:58 | INFO | bdc.consumidores | Validação concluída. CNPJ=62695036000194 ERROS=0 AVISOS=0
2026-09-16 13:36:58 | INFO | bdc.consumidores | Validação condicional concluída para 62695036000194. Tipo=detalhada ERROS=2 AVISOS=1
2026-09-16 13:36:58 | INFO | bdc.consumidores | Ficha processada com sucesso: EVONIK_16062023.xlsx.
2026-09-16 13:36:58 | INFO | bdc.consumidores | Iniciando processamento do arquivo EVONIK_FILIAL 04112024.xlsx em modo incremental.
2026-09-16 13:36:58 | INFO | bdc.consumidores | Extração competitiva: Vencedor padrao_1 identificado para EVONIK_FILIAL 04112024.xlsx.
2026-09-16 13:36:58 | INFO | bdc.consumidores | Registro normalizado (Entrada: 28, Saída: 30).
2026-09-16 13:36:58 | INFO | bdc.consumidores | Classificação documental para EVONIK_FILIAL 04112024.xlsx: tipo=>=5MWm analise=detalhada
2026-09-16 13:36:58 | INFO | bdc.consumidores | Iniciando validação unificada do registro. CNPJ=62695036005404
2026-09-16 13:36:58 | INFO | bdc.consumidores | Validação concluída. CNPJ=62695036005404 ERROS=0 AVISOS=0
2026-09-16 13:36:58 | INFO | bdc.consumidores | Validação condicional concluída para 62695036005404. Tipo=detalhada ERROS=2 AVISOS=1
2026-09-16 13:36:58 | INFO | bdc.consumidores | Ficha processada com sucesso: EVONIK_FILIAL 04112024.xlsx.
2026-09-16 13:36:58 | INFO | bdc.consumidores | Iniciando processamento do arquivo EXTRAMIX - Avaliação Middle.xlsx em modo incremental.
2026-09-16 13:36:58 | INFO | bdc.consumidores | Extração competitiva: Vencedor padrao_1 identificado para EXTRAMIX - Avaliação Middle.xlsx.
2026-09-16 13:36:58 | INFO | bdc.consumidores | Registro normalizado (Entrada: 28, Saída: 30).
2026-09-16 13:36:58 | INFO | bdc.consumidores | Classificação documental para EXTRAMIX - Avaliação Middle.xlsx: tipo=>=5MWm analise=detalhada
2026-09-16 13:36:58 | INFO | bdc.consumidores | Iniciando validação unificada do registro. CNPJ=11517262000144
2026-09-16 13:36:58 | INFO | bdc.consumidores | Validação concluída. CNPJ=11517262000144 ERROS=0 AVISOS=0
2026-09-16 13:36:58 | INFO | bdc.consumidores | Validação condicional concluída para 11517262000144. Tipo=detalhada ERROS=3 AVISOS=1
2026-09-16 13:36:58 | INFO | bdc.consumidores | Ficha processada com sucesso: EXTRAMIX - Avaliação Middle.xlsx.
2026-09-16 13:36:58 | INFO | bdc.consumidores | Iniciando processamento do arquivo EXTRUSAICK 17062026.xlsx em modo incremental.
2026-09-16 13:36:58 | INFO | bdc.consumidores | Extração competitiva: Vencedor padrao_2 identificado para EXTRUSAICK 17062026.xlsx.
2026-09-16 13:36:58 | INFO | bdc.consumidores | Registro normalizado (Entrada: 28, Saída: 30).
2026-09-16 13:36:58 | INFO | bdc.consumidores | Classificação documental para EXTRUSAICK 17062026.xlsx: tipo=<5MWm analise=simplificada
2026-09-16 13:36:58 | INFO | bdc.consumidores | Iniciando validação unificada do registro. CNPJ=40772936000155
2026-09-16 13:36:58 | INFO | bdc.consumidores | Validação concluída. CNPJ=40772936000155 ERROS=0 AVISOS=0
2026-09-16 13:36:58 | INFO | bdc.consumidores | Validação condicional concluída para 40772936000155. Tipo=simplificada ERROS=1 AVISOS=1
2026-09-16 13:36:58 | INFO | bdc.consumidores | Ficha processada com sucesso: EXTRUSAICK 17062026.xlsx.
2026-09-16 13:36:58 | INFO | bdc.consumidores | Iniciando processamento do arquivo Eletrobras_30052025.xlsx em modo incremental.
2026-09-16 13:36:58 | INFO | bdc.consumidores | Extração competitiva: Vencedor padrao_1 identificado para Eletrobras_30052025.xlsx.
2026-09-16 13:36:58 | INFO | bdc.consumidores | Registro normalizado (Entrada: 28, Saída: 30).
2026-09-16 13:36:58 | INFO | bdc.consumidores | Classificação documental para Eletrobras_30052025.xlsx: tipo=>=5MWm analise=detalhada
2026-09-16 13:36:58 | INFO | bdc.consumidores | Iniciando validação unificada do registro. CNPJ=00001180000126
2026-09-16 13:36:58 | INFO | bdc.consumidores | Validação concluída. CNPJ=00001180000126 ERROS=0 AVISOS=1
2026-09-16 13:36:58 | INFO | bdc.consumidores | Validação condicional concluída para 00001180000126. Tipo=detalhada ERROS=3 AVISOS=2
2026-09-16 13:36:58 | INFO | bdc.consumidores | Ficha processada com sucesso: Eletrobras_30052025.xlsx.
2026-09-16 13:36:58 | INFO | bdc.consumidores | Iniciando processamento do arquivo Elizabeth Porcelanato.xlsx em modo incremental.
2026-09-16 13:36:58 | INFO | bdc.consumidores | Extração competitiva: Vencedor padrao_1 identificado para Elizabeth Porcelanato.xlsx.
2026-09-16 13:36:58 | INFO | bdc.consumidores | Registro normalizado (Entrada: 28, Saída: 30).
2026-09-16 13:36:58 | INFO | bdc.consumidores | Classificação documental para Elizabeth Porcelanato.xlsx: tipo=>=5MWm analise=detalhada
2026-09-16 13:36:58 | INFO | bdc.consumidores | Iniciando validação unificada do registro. CNPJ=02357659000125
2026-09-16 13:36:58 | INFO | bdc.consumidores | Validação concluída. CNPJ=02357659000125 ERROS=0 AVISOS=1
2026-09-16 13:36:58 | INFO | bdc.consumidores | Validação condicional concluída para 02357659000125. Tipo=detalhada ERROS=2 AVISOS=2
2026-09-16 13:36:58 | INFO | bdc.consumidores | Ficha processada com sucesso: Elizabeth Porcelanato.xlsx.
2026-09-16 13:36:58 | INFO | bdc.consumidores | Iniciando processamento do arquivo Engetech 10032025.xlsx em modo incremental.
2026-09-16 13:36:58 | INFO | bdc.consumidores | Extração competitiva: Vencedor padrao_1 identificado para Engetech 10032025.xlsx.
2026-09-16 13:36:58 | INFO | bdc.consumidores | Registro normalizado (Entrada: 28, Saída: 30).
2026-09-16 13:36:58 | INFO | bdc.consumidores | Classificação documental para Engetech 10032025.xlsx: tipo=>=5MWm analise=detalhada
2026-09-16 13:36:58 | INFO | bdc.consumidores | Iniciando validação unificada do registro. CNPJ=01144673000188
2026-09-16 13:36:58 | INFO | bdc.consumidores | Validação concluída. CNPJ=01144673000188 ERROS=0 AVISOS=0
2026-09-16 13:36:58 | INFO | bdc.consumidores | Validação condicional concluída para 01144673000188. Tipo=detalhada ERROS=2 AVISOS=1
2026-09-16 13:36:58 | INFO | bdc.consumidores | Ficha processada com sucesso: Engetech 10032025.xlsx.
2026-09-16 13:36:58 | INFO | bdc.consumidores | Iniciando processamento do arquivo FACCHINI SA 22122025.xlsx em modo incremental.
2026-09-16 13:36:58 | INFO | bdc.consumidores | Extração competitiva: Vencedor padrao_2 identificado para FACCHINI SA 22122025.xlsx.
2026-09-16 13:36:59 | INFO | bdc.consumidores | Registro normalizado (Entrada: 28, Saída: 30).
2026-09-16 13:36:59 | INFO | bdc.consumidores | Classificação documental para FACCHINI SA 22122025.xlsx: tipo=>=5MWm analise=detalhada
2026-09-16 13:36:59 | INFO | bdc.consumidores | Iniciando validação unificada do registro. CNPJ=03509978000171
2026-09-16 13:36:59 | INFO | bdc.consumidores | Validação concluída. CNPJ=03509978000171 ERROS=0 AVISOS=0
2026-09-16 13:36:59 | INFO | bdc.consumidores | Validação condicional concluída para 03509978000171. Tipo=detalhada ERROS=1 AVISOS=0
2026-09-16 13:36:59 | INFO | bdc.consumidores | Ficha processada com sucesso: FACCHINI SA 22122025.xlsx.
2026-09-16 13:36:59 | INFO | bdc.consumidores | Iniciando processamento do arquivo FACCHINI_20022025.xlsx em modo incremental.
2026-09-16 13:36:59 | INFO | bdc.consumidores | Extração competitiva: Vencedor padrao_1 identificado para FACCHINI_20022025.xlsx.
2026-09-16 13:36:59 | INFO | bdc.consumidores | Registro normalizado (Entrada: 28, Saída: 30).
2026-09-16 13:36:59 | INFO | bdc.consumidores | Classificação documental para FACCHINI_20022025.xlsx: tipo=>=5MWm analise=detalhada
2026-09-16 13:36:59 | INFO | bdc.consumidores | Iniciando validação unificada do registro. CNPJ=03509978000171
2026-09-16 13:36:59 | INFO | bdc.consumidores | Validação concluída. CNPJ=03509978000171 ERROS=0 AVISOS=0
2026-09-16 13:36:59 | INFO | bdc.consumidores | Validação condicional concluída para 03509978000171. Tipo=detalhada ERROS=2 AVISOS=1
2026-09-16 13:36:59 | INFO | bdc.consumidores | Ficha processada com sucesso: FACCHINI_20022025.xlsx.
2026-09-16 13:36:59 | INFO | bdc.consumidores | Iniciando processamento do arquivo FACULDADES ALFA RATING 29102025.xlsx em modo incremental.
2026-09-16 13:36:59 | INFO | bdc.consumidores | Extração competitiva: Vencedor padrao_2 identificado para FACULDADES ALFA RATING 29102025.xlsx.
2026-09-16 13:36:59 | INFO | bdc.consumidores | Registro normalizado (Entrada: 28, Saída: 30).
2026-09-16 13:36:59 | INFO | bdc.consumidores | Classificação documental para FACULDADES ALFA RATING 29102025.xlsx: tipo=>=5MWm analise=detalhada
2026-09-16 13:36:59 | INFO | bdc.consumidores | Iniciando validação unificada do registro. CNPJ=02850990000182
2026-09-16 13:36:59 | INFO | bdc.consumidores | Validação concluída. CNPJ=02850990000182 ERROS=0 AVISOS=0
2026-09-16 13:36:59 | INFO | bdc.consumidores | Validação condicional concluída para 02850990000182. Tipo=detalhada ERROS=0 AVISOS=0
2026-09-16 13:36:59 | INFO | bdc.consumidores | Ficha processada com sucesso: FACULDADES ALFA RATING 29102025.xlsx.
2026-09-16 13:36:59 | INFO | bdc.consumidores | Iniciando processamento do arquivo FCA Fiat-Chrysler_22_08_2022.xlsx em modo incremental.
2026-09-16 13:36:59 | INFO | bdc.consumidores | Extração competitiva: Vencedor padrao_1 identificado para FCA Fiat-Chrysler_22_08_2022.xlsx.
2026-09-16 13:36:59 | INFO | bdc.consumidores | Registro normalizado (Entrada: 28, Saída: 30).
2026-09-16 13:36:59 | INFO | bdc.consumidores | Classificação documental para FCA Fiat-Chrysler_22_08_2022.xlsx: tipo=>=5MWm analise=detalhada
2026-09-16 13:36:59 | INFO | bdc.consumidores | Iniciando validação unificada do registro. CNPJ=16701716003686
2026-09-16 13:36:59 | INFO | bdc.consumidores | Validação concluída. CNPJ=16701716003686 ERROS=0 AVISOS=1
2026-09-16 13:36:59 | INFO | bdc.consumidores | Validação condicional concluída para 16701716003686. Tipo=detalhada ERROS=2 AVISOS=2
2026-09-16 13:36:59 | INFO | bdc.consumidores | Ficha processada com sucesso: FCA Fiat-Chrysler_22_08_2022.xlsx.
2026-09-16 13:36:59 | INFO | bdc.consumidores | Iniciando processamento do arquivo FERBASA 00355224.xlsx em modo incremental.
2026-09-16 13:36:59 | INFO | bdc.consumidores | Extração competitiva: Vencedor padrao_1 identificado para FERBASA 00355224.xlsx.
2026-09-16 13:36:59 | INFO | bdc.consumidores | Registro normalizado (Entrada: 28, Saída: 30).
2026-09-16 13:36:59 | INFO | bdc.consumidores | Classificação documental para FERBASA 00355224.xlsx: tipo=>=5MWm analise=detalhada
2026-09-16 13:36:59 | INFO | bdc.consumidores | Iniciando validação unificada do registro. CNPJ=15141799000103
2026-09-16 13:36:59 | INFO | bdc.consumidores | Validação concluída. CNPJ=15141799000103 ERROS=0 AVISOS=1
2026-09-16 13:36:59 | INFO | bdc.consumidores | Validação condicional concluída para 15141799000103. Tipo=detalhada ERROS=2 AVISOS=2
2026-09-16 13:36:59 | INFO | bdc.consumidores | Ficha processada com sucesso: FERBASA 00355224.xlsx.
2026-09-16 13:36:59 | INFO | bdc.consumidores | Iniciando processamento do arquivo FERBASA 28052026.xlsx em modo incremental.
2026-09-16 13:36:59 | INFO | bdc.consumidores | Extração competitiva: Vencedor padrao_2 identificado para FERBASA 28052026.xlsx.
2026-09-16 13:36:59 | INFO | bdc.consumidores | Registro normalizado (Entrada: 28, Saída: 30).
2026-09-16 13:36:59 | INFO | bdc.consumidores | Classificação documental para FERBASA 28052026.xlsx: tipo=>=5MWm analise=detalhada
2026-09-16 13:36:59 | INFO | bdc.consumidores | Iniciando validação unificada do registro. CNPJ=15141799000103
2026-09-16 13:36:59 | INFO | bdc.consumidores | Validação concluída. CNPJ=15141799000103 ERROS=0 AVISOS=1
2026-09-16 13:36:59 | INFO | bdc.consumidores | Validação condicional concluída para 15141799000103. Tipo=detalhada ERROS=1 AVISOS=1
2026-09-16 13:36:59 | INFO | bdc.consumidores | Ficha processada com sucesso: FERBASA 28052026.xlsx.
2026-09-16 13:36:59 | INFO | bdc.consumidores | Iniciando processamento do arquivo FERBASA RATING 03122025.xlsx em modo incremental.
2026-09-16 13:36:59 | INFO | bdc.consumidores | Extração competitiva: Vencedor padrao_2 identificado para FERBASA RATING 03122025.xlsx.
2026-09-16 13:36:59 | INFO | bdc.consumidores | Registro normalizado (Entrada: 28, Saída: 30).
2026-09-16 13:36:59 | INFO | bdc.consumidores | Classificação documental para FERBASA RATING 03122025.xlsx: tipo=>=5MWm analise=detalhada
2026-09-16 13:36:59 | INFO | bdc.consumidores | Iniciando validação unificada do registro. CNPJ=15141799000103
2026-09-16 13:36:59 | INFO | bdc.consumidores | Validação concluída. CNPJ=15141799000103 ERROS=0 AVISOS=1
2026-09-16 13:36:59 | INFO | bdc.consumidores | Validação condicional concluída para 15141799000103. Tipo=detalhada ERROS=1 AVISOS=1
2026-09-16 13:37:00 | INFO | bdc.consumidores | Iniciando processamento do arquivo FERNANDEZ INDUSTRIA DE PAPEL RATING 09032026.xlsx em modo incremental.
2026-09-16 13:37:00 | INFO | bdc.consumidores | Extração competitiva: Vencedor padrao_2 identificado para FERNANDEZ INDUSTRIA DE PAPEL RATING 09032026.xlsx.
2026-09-16 13:37:00 | INFO | bdc.consumidores | Registro normalizado (Entrada: 28, Saída: 30).
2026-09-16 13:37:00 | INFO | bdc.consumidores | Classificação documental para FERNANDEZ INDUSTRIA DE PAPEL RATING 09032026.xlsx: tipo=>=5MWm analise=detalhada
2026-09-16 13:37:00 | INFO | bdc.consumidores | Iniciando validação unificada do registro. CNPJ=43468701000162
2026-09-16 13:37:00 | INFO | bdc.consumidores | Validação concluída. CNPJ=43468701000162 ERROS=0 AVISOS=1
2026-09-16 13:37:00 | INFO | bdc.consumidores | Validação condicional concluída para 43468701000162. Tipo=detalhada ERROS=0 AVISOS=1
2026-09-16 13:37:00 | INFO | bdc.consumidores | Ficha processada com sucesso: FERNANDEZ INDUSTRIA DE PAPEL RATING 09032026.xlsx.
2026-09-16 13:37:00 | INFO | bdc.consumidores | Iniciando processamento do arquivo FGV 15102025.xlsx em modo incremental.
2026-09-16 13:37:00 | INFO | bdc.consumidores | Extração competitiva: Vencedor padrao_1 identificado para FGV 15102025.xlsx.
2026-09-16 13:37:00 | INFO | bdc.consumidores | Registro normalizado (Entrada: 28, Saída: 30).
2026-09-16 13:37:00 | INFO | bdc.consumidores | Classificação documental para FGV 15102025.xlsx: tipo=<5MWm analise=simplificada
2026-09-16 13:37:00 | INFO | bdc.consumidores | Iniciando validação unificada do registro. CNPJ=None
2026-09-16 13:37:00 | INFO | bdc.consumidores | Validação concluída. CNPJ=None ERROS=3 AVISOS=0
2026-09-16 13:37:00 | WARNING | bdc.consumidores | Erros de validação para CNPJ=None: ['GATE_ENGINE ausente: CNPJ', 'GATE_ENGINE ausente: EMPRESA', 'GATE_ENGINE ausente: DATA_DEMONSTRACAO_FINANCEIRA']
2026-09-16 13:37:00 | INFO | bdc.consumidores | Validação condicional concluída para None. Tipo=simplificada ERROS=4 AVISOS=1
2026-09-16 13:37:00 | INFO | bdc.consumidores | Iniciando processamento do arquivo FIBRAPLAC 22102025.xlsx em modo incremental.
2026-09-16 13:37:00 | INFO | bdc.consumidores | Extração competitiva: Vencedor padrao_1 identificado para FIBRAPLAC 22102025.xlsx.
2026-09-16 13:37:00 | INFO | bdc.consumidores | Registro normalizado (Entrada: 28, Saída: 30).
2026-09-16 13:37:00 | INFO | bdc.consumidores | Classificação documental para FIBRAPLAC 22102025.xlsx: tipo=<5MWm analise=simplificada
2026-09-16 13:37:00 | INFO | bdc.consumidores | Iniciando validação unificada do registro. CNPJ=None
2026-09-16 13:37:00 | INFO | bdc.consumidores | Validação concluída. CNPJ=None ERROS=3 AVISOS=0
2026-09-16 13:37:00 | WARNING | bdc.consumidores | Erros de validação para CNPJ=None: ['GATE_ENGINE ausente: CNPJ', 'GATE_ENGINE ausente: EMPRESA', 'GATE_ENGINE ausente: DATA_DEMONSTRACAO_FINANCEIRA']
2026-09-16 13:37:00 | INFO | bdc.consumidores | Validação condicional concluída para None. Tipo=simplificada ERROS=4 AVISOS=1
2026-09-16 13:37:00 | INFO | bdc.consumidores | Iniciando processamento do arquivo FIBRAPLAC_12_08_2024.xlsx em modo incremental.
2026-09-16 13:37:00 | INFO | bdc.consumidores | Extração competitiva: Vencedor padrao_1 identificado para FIBRAPLAC_12_08_2024.xlsx.
2026-09-16 13:37:00 | INFO | bdc.consumidores | Registro normalizado (Entrada: 28, Saída: 30).
2026-09-16 13:37:00 | INFO | bdc.consumidores | Classificação documental para FIBRAPLAC_12_08_2024.xlsx: tipo=>=5MWm analise=detalhada
2026-09-16 13:37:00 | INFO | bdc.consumidores | Iniciando validação unificada do registro. CNPJ=04176791000247
2026-09-16 13:37:00 | INFO | bdc.consumidores | Validação concluída. CNPJ=04176791000247 ERROS=0 AVISOS=1
2026-09-16 13:37:00 | INFO | bdc.consumidores | Validação condicional concluída para 04176791000247. Tipo=detalhada ERROS=2 AVISOS=2
2026-09-16 13:37:00 | INFO | bdc.consumidores | Ficha processada com sucesso: FIBRAPLAC_12_08_2024.xlsx.
2026-09-16 13:37:00 | INFO | bdc.consumidores | Iniciando processamento do arquivo FICHA CONSUMIDORES V1 (2)_VALE_PREENCHIDA 3.xlsx em modo incremental.
2026-09-16 13:37:00 | INFO | bdc.consumidores | Extração competitiva: Vencedor padrao_2 identificado para FICHA CONSUMIDORES V1 (2)_VALE_PREENCHIDA 3.xlsx.
2026-09-16 13:37:00 | INFO | bdc.consumidores | Registro normalizado (Entrada: 28, Saída: 30).
2026-09-16 13:37:00 | INFO | bdc.consumidores | Classificação documental para FICHA CONSUMIDORES V1 (2)_VALE_PREENCHIDA 3.xlsx: tipo=<5MWm analise=simplificada
2026-09-16 13:37:00 | INFO | bdc.consumidores | Iniciando validação unificada do registro. CNPJ=33592510000154
2026-09-16 13:37:00 | INFO | bdc.consumidores | Validação concluída. CNPJ=33592510000154 ERROS=0 AVISOS=0
2026-09-16 13:37:00 | INFO | bdc.consumidores | Validação condicional concluída para 33592510000154. Tipo=simplificada ERROS=1 AVISOS=1
2026-09-16 13:37:00 | INFO | bdc.consumidores | Ficha processada com sucesso: FICHA CONSUMIDORES V1 (2)_VALE_PREENCHIDA 3.xlsx.
2026-09-16 13:37:00 | INFO | bdc.consumidores | Iniciando processamento do arquivo FICHA MODELO NOVA DDMMAA.xlsx em modo incremental.
2026-09-16 13:37:00 | INFO | bdc.consumidores | Extração competitiva: Vencedor padrao_1 identificado para FICHA MODELO NOVA DDMMAA.xlsx.
2026-09-16 13:37:00 | INFO | bdc.consumidores | Registro normalizado (Entrada: 28, Saída: 30).
2026-09-16 13:37:00 | INFO | bdc.consumidores | Classificação documental para FICHA MODELO NOVA DDMMAA.xlsx: tipo=<5MWm analise=simplificada
2026-09-16 13:37:00 | INFO | bdc.consumidores | Iniciando validação unificada do registro. CNPJ=None
2026-09-16 13:37:00 | INFO | bdc.consumidores | Validação concluída. CNPJ=None ERROS=2 AVISOS=0
2026-09-16 13:37:00 | WARNING | bdc.consumidores | Erros de validação para CNPJ=None: ['GATE_ENGINE ausente: CNPJ', 'GATE_ENGINE ausente: EMPRESA']
2026-09-16 13:37:00 | INFO | bdc.consumidores | Validação condicional concluída para None. Tipo=simplificada ERROS=3 AVISOS=1
2026-09-16 13:37:00 | INFO | bdc.consumidores | Iniciando processamento do arquivo FICHA MODELO ddmmaaaa.xlsx em modo incremental.
2026-09-16 13:37:00 | INFO | bdc.consumidores | Extração competitiva: Vencedor padrao_1 identificado para FICHA MODELO ddmmaaaa.xlsx.
2026-09-16 13:37:00 | INFO | bdc.consumidores | Registro normalizado (Entrada: 28, Saída: 30).
2026-09-16 13:37:00 | INFO | bdc.consumidores | Classificação documental para FICHA MODELO ddmmaaaa.xlsx: tipo=>=5MWm analise=detalhada
2026-09-16 13:37:00 | INFO | bdc.consumidores | Iniciando validação unificada do registro. CNPJ=06164824000183
2026-09-16 13:37:00 | INFO | bdc.consumidores | Validação concluída. CNPJ=06164824000183 ERROS=0 AVISOS=1
2026-09-16 13:37:00 | INFO | bdc.consumidores | Validação condicional concluída para 06164824000183. Tipo=detalhada ERROS=2 AVISOS=2
2026-09-16 13:37:00 | INFO | bdc.consumidores | Ficha processada com sucesso: FICHA MODELO ddmmaaaa.xlsx.
2026-09-16 13:37:00 | INFO | bdc.consumidores | Iniciando processamento do arquivo FICHA_CONSUMIDORES_AMSTED_MAXXION_PREENCHIDA.xlsx em modo incremental.
2026-09-16 13:37:00 | INFO | bdc.consumidores | Extração competitiva: Vencedor padrao_2 identificado para FICHA_CONSUMIDORES_AMSTED_MAXXION_PREENCHIDA.xlsx.
2026-09-16 13:37:01 | INFO | bdc.consumidores | Registro normalizado (Entrada: 28, Saída: 30).
2026-09-16 13:37:01 | INFO | bdc.consumidores | Classificação documental para FICHA_CONSUMIDORES_AMSTED_MAXXION_PREENCHIDA.xlsx: tipo=<5MWm analise=simplificada
2026-09-16 13:37:01 | INFO | bdc.consumidores | Iniciando validação unificada do registro. CNPJ=01599436000101
2026-09-16 13:37:01 | INFO | bdc.consumidores | Validação concluída. CNPJ=01599436000101 ERROS=0 AVISOS=0
2026-09-16 13:37:01 | INFO | bdc.consumidores | Validação condicional concluída para 01599436000101. Tipo=simplificada ERROS=1 AVISOS=1
2026-09-16 13:37:01 | INFO | bdc.consumidores | Ficha processada com sucesso: FICHA_CONSUMIDORES_AMSTED_MAXXION_PREENCHIDA.xlsx.
2026-09-16 13:37:01 | INFO | bdc.consumidores | Iniciando processamento do arquivo FICHA_CONSUMIDORES_CORSAN_PREENCHIDA.xlsx em modo incremental.
2026-09-16 13:37:01 | INFO | bdc.consumidores | Extração competitiva: Vencedor padrao_2 identificado para FICHA_CONSUMIDORES_CORSAN_PREENCHIDA.xlsx.
2026-09-16 13:37:01 | INFO | bdc.consumidores | Registro normalizado (Entrada: 28, Saída: 30).
2026-09-16 13:37:01 | INFO | bdc.consumidores | Classificação documental para FICHA_CONSUMIDORES_CORSAN_PREENCHIDA.xlsx: tipo=<5MWm analise=simplificada
2026-09-16 13:37:01 | INFO | bdc.consumidores | Iniciando validação unificada do registro. CNPJ=92802784000190
2026-09-16 13:37:01 | INFO | bdc.consumidores | Validação concluída. CNPJ=92802784000190 ERROS=0 AVISOS=0
2026-09-16 13:37:01 | INFO | bdc.consumidores | Validação condicional concluída para 92802784000190. Tipo=simplificada ERROS=1 AVISOS=1
2026-09-16 13:37:01 | INFO | bdc.consumidores | Ficha processada com sucesso: FICHA_CONSUMIDORES_CORSAN_PREENCHIDA.xlsx.
2026-09-16 13:37:01 | INFO | bdc.consumidores | Iniciando processamento do arquivo FICHA_CONSUMIDORES_FS_BIOENERGIA_CORRIGIDA_PCF.xlsx em modo incremental.
2026-09-16 13:37:01 | INFO | bdc.consumidores | Extração competitiva: Vencedor padrao_2 identificado para FICHA_CONSUMIDORES_FS_BIOENERGIA_CORRIGIDA_PCF.xlsx.
2026-09-16 13:37:01 | INFO | bdc.consumidores | Registro normalizado (Entrada: 28, Saída: 30).
2026-09-16 13:37:01 | INFO | bdc.consumidores | Classificação documental para FICHA_CONSUMIDORES_FS_BIOENERGIA_CORRIGIDA_PCF.xlsx: tipo=<5MWm analise=simplificada
2026-09-16 13:37:01 | INFO | bdc.consumidores | Iniciando validação unificada do registro. CNPJ=20003699000150
2026-09-16 13:37:01 | INFO | bdc.consumidores | Validação concluída. CNPJ=20003699000150 ERROS=0 AVISOS=0
2026-09-16 13:37:01 | INFO | bdc.consumidores | Validação condicional concluída para 20003699000150. Tipo=simplificada ERROS=1 AVISOS=1
2026-09-16 13:37:01 | INFO | bdc.consumidores | Ficha processada com sucesso: FICHA_CONSUMIDORES_FS_BIOENERGIA_CORRIGIDA_PCF.xlsx.
2026-09-16 13:37:01 | INFO | bdc.consumidores | Iniciando processamento do arquivo FICHA_CONSUMIDORES_GV_DO_BRASIL_FINAL.xlsx em modo incremental.
2026-09-16 13:37:01 | INFO | bdc.consumidores | Extração competitiva: Vencedor padrao_2 identificado para FICHA_CONSUMIDORES_GV_DO_BRASIL_FINAL.xlsx.
2026-09-16 13:37:01 | INFO | bdc.consumidores | Registro normalizado (Entrada: 28, Saída: 30).
2026-09-16 13:37:01 | INFO | bdc.consumidores | Classificação documental para FICHA_CONSUMIDORES_GV_DO_BRASIL_FINAL.xlsx: tipo=<5MWm analise=simplificada
2026-09-16 13:37:01 | INFO | bdc.consumidores | Iniciando validação unificada do registro. CNPJ=12884632000144
2026-09-16 13:37:01 | INFO | bdc.consumidores | Validação concluída. CNPJ=12884632000144 ERROS=0 AVISOS=0
2026-09-16 13:37:01 | INFO | bdc.consumidores | Validação condicional concluída para 12884632000144. Tipo=simplificada ERROS=1 AVISOS=1
2026-09-16 13:37:01 | INFO | bdc.consumidores | Ficha processada com sucesso: FICHA_CONSUMIDORES_GV_DO_BRASIL_FINAL.xlsx.
2026-09-16 13:37:01 | INFO | bdc.consumidores | Iniciando processamento do arquivo FICHA_CONSUMIDORES_MILI_SA_PREENCHIDA.xlsx em modo incremental.
2026-09-16 13:37:01 | INFO | bdc.consumidores | Extração competitiva: Vencedor padrao_2 identificado para FICHA_CONSUMIDORES_MILI_SA_PREENCHIDA.xlsx.
2026-09-16 13:37:01 | INFO | bdc.consumidores | Registro normalizado (Entrada: 28, Saída: 30).
2026-09-16 13:37:01 | INFO | bdc.consumidores | Classificação documental para FICHA_CONSUMIDORES_MILI_SA_PREENCHIDA.xlsx: tipo=<5MWm analise=simplificada
2026-09-16 13:37:01 | INFO | bdc.consumidores | Iniciando validação unificada do registro. CNPJ=78908266000124
2026-09-16 13:37:01 | INFO | bdc.consumidores | Validação concluída. CNPJ=78908266000124 ERROS=0 AVISOS=0
2026-09-16 13:37:01 | INFO | bdc.consumidores | Validação condicional concluída para 78908266000124. Tipo=simplificada ERROS=1 AVISOS=1
2026-09-16 13:37:01 | INFO | bdc.consumidores | Ficha processada com sucesso: FICHA_CONSUMIDORES_MILI_SA_PREENCHIDA.xlsx.
2026-09-16 13:37:01 | INFO | bdc.consumidores | Iniciando processamento do arquivo FICHA_CONSUMIDORES_UNIMED_SOROCABA_PREENCHIDA 2.xlsx em modo incremental.
2026-09-16 13:37:01 | INFO | bdc.consumidores | Extração competitiva: Vencedor padrao_2 identificado para FICHA_CONSUMIDORES_UNIMED_SOROCABA_PREENCHIDA 2.xlsx.
2026-09-16 13:37:01 | INFO | bdc.consumidores | Registro normalizado (Entrada: 28, Saída: 30).
2026-09-16 13:37:01 | INFO | bdc.consumidores | Classificação documental para FICHA_CONSUMIDORES_UNIMED_SOROCABA_PREENCHIDA 2.xlsx: tipo=<5MWm analise=simplificada
2026-09-16 13:37:01 | INFO | bdc.consumidores | Iniciando validação unificada do registro. CNPJ=45399961000159
2026-09-16 13:37:01 | INFO | bdc.consumidores | Validação concluída. CNPJ=45399961000159 ERROS=0 AVISOS=0
2026-09-16 13:37:01 | INFO | bdc.consumidores | Validação condicional concluída para 45399961000159. Tipo=simplificada ERROS=1 AVISOS=1
2026-09-16 13:37:01 | INFO | bdc.consumidores | Ficha processada com sucesso: FICHA_CONSUMIDORES_UNIMED_SOROCABA_PREENCHIDA 2.xlsx.
2026-09-16 13:37:01 | INFO | bdc.consumidores | Iniciando processamento do arquivo FICHA_CONSUMIDORES_V1_CEESAM_PREENCHIDA 1.xlsx em modo incremental.
2026-09-16 13:37:01 | INFO | bdc.consumidores | Extração competitiva: Vencedor padrao_1 identificado para FICHA_CONSUMIDORES_V1_CEESAM_PREENCHIDA 1.xlsx.
2026-09-16 13:37:01 | INFO | bdc.consumidores | Registro normalizado (Entrada: 28, Saída: 30).
2026-09-16 13:37:01 | INFO | bdc.consumidores | Classificação documental para FICHA_CONSUMIDORES_V1_CEESAM_PREENCHIDA 1.xlsx: tipo=<5MWm analise=simplificada
2026-09-16 13:37:01 | INFO | bdc.consumidores | Iniciando validação unificada do registro. CNPJ=None
2026-09-16 13:37:01 | INFO | bdc.consumidores | Validação concluída. CNPJ=None ERROS=3 AVISOS=0
2026-09-16 13:37:01 | WARNING | bdc.consumidores | Erros de validação para CNPJ=None: ['GATE_ENGINE ausente: CNPJ', 'GATE_ENGINE ausente: EMPRESA', 'GATE_ENGINE ausente: DATA_DEMONSTRACAO_FINANCEIRA']
2026-09-16 13:37:01 | INFO | bdc.consumidores | Validação condicional concluída para None. Tipo=simplificada ERROS=4 AVISOS=1
2026-09-16 13:37:01 | INFO | bdc.consumidores | Iniciando processamento do arquivo FOSNOR 20-02-225.xlsx em modo incremental.
2026-09-16 13:37:01 | INFO | bdc.consumidores | Extração competitiva: Vencedor padrao_1 identificado para FOSNOR 20-02-225.xlsx.
2026-09-16 13:37:02 | INFO | bdc.consumidores | Registro normalizado (Entrada: 28, Saída: 30).
2026-09-16 13:37:02 | INFO | bdc.consumidores | Classificação documental para FOSNOR 20-02-225.xlsx: tipo=>=5MWm analise=detalhada
2026-09-16 13:37:02 | INFO | bdc.consumidores | Iniciando validação unificada do registro. CNPJ=32112142000137
2026-09-16 13:37:02 | INFO | bdc.consumidores | Validação concluída. CNPJ=32112142000137 ERROS=0 AVISOS=0
2026-09-16 13:37:02 | INFO | bdc.consumidores | Validação condicional concluída para 32112142000137. Tipo=detalhada ERROS=2 AVISOS=1
2026-09-16 13:37:02 | INFO | bdc.consumidores | Ficha processada com sucesso: FOSNOR 20-02-225.xlsx.
2026-09-16 13:37:02 | INFO | bdc.consumidores | Iniciando processamento do arquivo FRIGOESTRELA_20_08_2024.xlsx em modo incremental.
2026-09-16 13:37:02 | INFO | bdc.consumidores | Extração competitiva: Vencedor padrao_1 identificado para FRIGOESTRELA_20_08_2024.xlsx.
2026-09-16 13:37:02 | INFO | bdc.consumidores | Registro normalizado (Entrada: 28, Saída: 30).
2026-09-16 13:37:02 | INFO | bdc.consumidores | Classificação documental para FRIGOESTRELA_20_08_2024.xlsx: tipo=>=5MWm analise=detalhada
2026-09-16 13:37:02 | INFO | bdc.consumidores | Iniciando validação unificada do registro. CNPJ=52645009000153
2026-09-16 13:37:02 | INFO | bdc.consumidores | Validação concluída. CNPJ=52645009000153 ERROS=0 AVISOS=1
2026-09-16 13:37:02 | INFO | bdc.consumidores | Validação condicional concluída para 52645009000153. Tipo=detalhada ERROS=2 AVISOS=2
2026-09-16 13:37:02 | INFO | bdc.consumidores | Ficha processada com sucesso: FRIGOESTRELA_20_08_2024.xlsx.
2026-09-16 13:37:02 | INFO | bdc.consumidores | Iniciando processamento do arquivo FRIMESA - 08 04 2024.xlsx em modo incremental.
2026-09-16 13:37:02 | INFO | bdc.consumidores | Extração competitiva: Vencedor padrao_1 identificado para FRIMESA - 08 04 2024.xlsx.
2026-09-16 13:37:02 | INFO | bdc.consumidores | Registro normalizado (Entrada: 28, Saída: 30).
2026-09-16 13:37:02 | INFO | bdc.consumidores | Classificação documental para FRIMESA - 08 04 2024.xlsx: tipo=>=5MWm analise=detalhada
2026-09-16 13:37:02 | INFO | bdc.consumidores | Iniciando validação unificada do registro. CNPJ=77595395000147
2026-09-16 13:37:02 | INFO | bdc.consumidores | Validação concluída. CNPJ=77595395000147 ERROS=0 AVISOS=0
2026-09-16 13:37:02 | INFO | bdc.consumidores | Validação condicional concluída para 77595395000147. Tipo=detalhada ERROS=2 AVISOS=1
2026-09-16 13:37:02 | INFO | bdc.consumidores | Ficha processada com sucesso: FRIMESA - 08 04 2024.xlsx.
2026-09-16 13:37:02 | INFO | bdc.consumidores | Iniciando processamento do arquivo FRISIA_03102023.xlsx em modo incremental.
2026-09-16 13:37:02 | INFO | bdc.consumidores | Extração competitiva: Vencedor padrao_1 identificado para FRISIA_03102023.xlsx.
2026-09-16 13:37:02 | INFO | bdc.consumidores | Registro normalizado (Entrada: 28, Saída: 30).
2026-09-16 13:37:02 | INFO | bdc.consumidores | Classificação documental para FRISIA_03102023.xlsx: tipo=>=5MWm analise=detalhada
2026-09-16 13:37:02 | INFO | bdc.consumidores | Iniciando validação unificada do registro. CNPJ=76107770000108
2026-09-16 13:37:02 | INFO | bdc.consumidores | Validação concluída. CNPJ=76107770000108 ERROS=0 AVISOS=1
2026-09-16 13:37:02 | INFO | bdc.consumidores | Validação condicional concluída para 76107770000108. Tipo=detalhada ERROS=2 AVISOS=2
2026-09-16 13:37:02 | INFO | bdc.consumidores | Ficha processada com sucesso: FRISIA_03102023.xlsx.
2026-09-16 13:37:02 | INFO | bdc.consumidores | Iniciando processamento do arquivo Fiação São Bento 08_11_2022.xlsx em modo incremental.
2026-09-16 13:37:02 | INFO | bdc.consumidores | Extração competitiva: Vencedor padrao_1 identificado para Fiação São Bento 08_11_2022.xlsx.
2026-09-16 13:37:02 | INFO | bdc.consumidores | Registro normalizado (Entrada: 28, Saída: 30).
2026-09-16 13:37:02 | INFO | bdc.consumidores | Classificação documental para Fiação São Bento 08_11_2022.xlsx: tipo=>=5MWm analise=detalhada
2026-09-16 13:37:02 | INFO | bdc.consumidores | Iniciando validação unificada do registro. CNPJ=86046414000177
2026-09-16 13:37:02 | INFO | bdc.consumidores | Validação concluída. CNPJ=86046414000177 ERROS=0 AVISOS=1
2026-09-16 13:37:02 | INFO | bdc.consumidores | Validação condicional concluída para 86046414000177. Tipo=detalhada ERROS=2 AVISOS=2
2026-09-16 13:37:02 | INFO | bdc.consumidores | Ficha processada com sucesso: Fiação São Bento 08_11_2022.xlsx.
2026-09-16 13:37:02 | INFO | bdc.consumidores | Iniciando processamento do arquivo Fontain 05032024.xlsx em modo incremental.
2026-09-16 13:37:02 | INFO | bdc.consumidores | Extração competitiva: Vencedor padrao_1 identificado para Fontain 05032024.xlsx.
2026-09-16 13:37:02 | INFO | bdc.consumidores | Registro normalizado (Entrada: 28, Saída: 30).
2026-09-16 13:37:02 | INFO | bdc.consumidores | Classificação documental para Fontain 05032024.xlsx: tipo=>=5MWm analise=detalhada
2026-09-16 13:37:02 | INFO | bdc.consumidores | Iniciando validação unificada do registro. CNPJ=10622118000105
2026-09-16 13:37:02 | INFO | bdc.consumidores | Validação concluída. CNPJ=10622118000105 ERROS=0 AVISOS=0
2026-09-16 13:37:02 | INFO | bdc.consumidores | Validação condicional concluída para 10622118000105. Tipo=detalhada ERROS=2 AVISOS=1
2026-09-16 13:37:02 | INFO | bdc.consumidores | Ficha processada com sucesso: Fontain 05032024.xlsx.
2026-09-16 13:37:02 | INFO | bdc.consumidores | Iniciando processamento do arquivo Frigoestrela_02052023.xlsx em modo incremental.
2026-09-16 13:37:02 | INFO | bdc.consumidores | Extração competitiva: Vencedor padrao_1 identificado para Frigoestrela_02052023.xlsx.
2026-09-16 13:37:02 | INFO | bdc.consumidores | Registro normalizado (Entrada: 28, Saída: 30).
2026-09-16 13:37:02 | INFO | bdc.consumidores | Classificação documental para Frigoestrela_02052023.xlsx: tipo=>=5MWm analise=detalhada
2026-09-16 13:37:02 | INFO | bdc.consumidores | Iniciando validação unificada do registro. CNPJ=52645009000153
2026-09-16 13:37:02 | INFO | bdc.consumidores | Validação concluída. CNPJ=52645009000153 ERROS=0 AVISOS=1
2026-09-16 13:37:02 | INFO | bdc.consumidores | Validação condicional concluída para 52645009000153. Tipo=detalhada ERROS=2 AVISOS=2
2026-09-16 13:37:02 | INFO | bdc.consumidores | Ficha processada com sucesso: Frigoestrela_02052023.xlsx.
2026-09-16 13:37:02 | INFO | bdc.consumidores | Iniciando processamento do arquivo GAB 10012024.xlsx em modo incremental.
2026-09-16 13:37:02 | INFO | bdc.consumidores | Extração competitiva: Vencedor padrao_1 identificado para GAB 10012024.xlsx.
2026-09-16 13:37:02 | INFO | bdc.consumidores | Registro normalizado (Entrada: 28, Saída: 30).
2026-09-16 13:37:02 | INFO | bdc.consumidores | Classificação documental para GAB 10012024.xlsx: tipo=>=5MWm analise=detalhada
2026-09-16 13:37:02 | INFO | bdc.consumidores | Iniciando validação unificada do registro. CNPJ=09266129000110
2026-09-16 13:37:02 | INFO | bdc.consumidores | Validação concluída. CNPJ=09266129000110 ERROS=0 AVISOS=0
2026-09-16 13:37:02 | INFO | bdc.consumidores | Validação condicional concluída para 09266129000110. Tipo=detalhada ERROS=2 AVISOS=1
2026-09-16 13:37:03 | INFO | bdc.consumidores | Ficha processada com sucesso: GAB 10012024.xlsx.
2026-09-16 13:37:03 | INFO | bdc.consumidores | Iniciando processamento do arquivo GAZIT 05022024.xlsx em modo incremental.
2026-09-16 13:37:03 | INFO | bdc.consumidores | Extração competitiva: Vencedor padrao_1 identificado para GAZIT 05022024.xlsx.
2026-09-16 13:37:03 | INFO | bdc.consumidores | Registro normalizado (Entrada: 28, Saída: 30).
2026-09-16 13:37:03 | INFO | bdc.consumidores | Classificação documental para GAZIT 05022024.xlsx: tipo=>=5MWm analise=detalhada
2026-09-16 13:37:03 | INFO | bdc.consumidores | Iniciando validação unificada do registro. CNPJ=08903942000191
2026-09-16 13:37:03 | INFO | bdc.consumidores | Validação concluída. CNPJ=08903942000191 ERROS=1 AVISOS=0
2026-09-16 13:37:03 | WARNING | bdc.consumidores | Erros de validação para CNPJ=08903942000191: ['GATE_ENGINE ausente: DATA_DEMONSTRACAO_FINANCEIRA']
2026-09-16 13:37:03 | INFO | bdc.consumidores | Validação condicional concluída para 08903942000191. Tipo=detalhada ERROS=3 AVISOS=1
2026-09-16 13:37:03 | INFO | bdc.consumidores | Iniciando processamento do arquivo GERDAU ACOMINAS RATING 11122025.xlsx em modo incremental.
2026-09-16 13:37:03 | INFO | bdc.consumidores | Extração competitiva: Vencedor padrao_2 identificado para GERDAU ACOMINAS RATING 11122025.xlsx.
2026-09-16 13:37:03 | INFO | bdc.consumidores | Registro normalizado (Entrada: 28, Saída: 30).
2026-09-16 13:37:03 | INFO | bdc.consumidores | Classificação documental para GERDAU ACOMINAS RATING 11122025.xlsx: tipo=>=5MWm analise=detalhada
2026-09-16 13:37:03 | INFO | bdc.consumidores | Iniciando validação unificada do registro. CNPJ=17227422000105
2026-09-16 13:37:03 | INFO | bdc.consumidores | Validação concluída. CNPJ=17227422000105 ERROS=0 AVISOS=1
2026-09-16 13:37:03 | INFO | bdc.consumidores | Validação condicional concluída para 17227422000105. Tipo=detalhada ERROS=1 AVISOS=1
2026-09-16 13:37:03 | INFO | bdc.consumidores | Ficha processada com sucesso: GERDAU ACOMINAS RATING 11122025.xlsx.
2026-09-16 13:37:03 | INFO | bdc.consumidores | Iniciando processamento do arquivo GERDAU ACOS LONGOS - 00482085.xlsx em modo incremental.
2026-09-16 13:37:03 | INFO | bdc.consumidores | Extração competitiva: Vencedor padrao_2 identificado para GERDAU ACOS LONGOS - 00482085.xlsx.
2026-09-16 13:37:03 | INFO | bdc.consumidores | Registro normalizado (Entrada: 28, Saída: 30).
2026-09-16 13:37:03 | INFO | bdc.consumidores | Classificação documental para GERDAU ACOS LONGOS - 00482085.xlsx: tipo=>=5MWm analise=detalhada
2026-09-16 13:37:03 | INFO | bdc.consumidores | Iniciando validação unificada do registro. CNPJ=07358761005632
2026-09-16 13:37:03 | INFO | bdc.consumidores | Validação concluída. CNPJ=07358761005632 ERROS=0 AVISOS=1
2026-09-16 13:37:03 | INFO | bdc.consumidores | Validação condicional concluída para 07358761005632. Tipo=detalhada ERROS=0 AVISOS=1
2026-09-16 13:37:03 | INFO | bdc.consumidores | Ficha processada com sucesso: GERDAU ACOS LONGOS - 00482085.xlsx.
2026-09-16 13:37:03 | INFO | bdc.consumidores | Iniciando processamento do arquivo GERDAU AÇOMINAS 13062025.xlsx em modo incremental.
2026-09-16 13:37:03 | INFO | bdc.consumidores | Extração competitiva: Vencedor padrao_1 identificado para GERDAU AÇOMINAS 13062025.xlsx.
2026-09-16 13:37:03 | INFO | bdc.consumidores | Registro normalizado (Entrada: 28, Saída: 30).
2026-09-16 13:37:03 | INFO | bdc.consumidores | Classificação documental para GERDAU AÇOMINAS 13062025.xlsx: tipo=>=5MWm analise=detalhada
2026-09-16 13:37:03 | INFO | bdc.consumidores | Iniciando validação unificada do registro. CNPJ=17227422000105
2026-09-16 13:37:03 | INFO | bdc.consumidores | Validação concluída. CNPJ=17227422000105 ERROS=0 AVISOS=1
2026-09-16 13:37:03 | INFO | bdc.consumidores | Validação condicional concluída para 17227422000105. Tipo=detalhada ERROS=2 AVISOS=2
2026-09-16 13:37:03 | INFO | bdc.consumidores | Iniciando processamento do arquivo GERDAU AÇOS LONGOS 13062025.xlsx em modo incremental.
2026-09-16 13:37:03 | INFO | bdc.consumidores | Extração competitiva: Vencedor padrao_1 identificado para GERDAU AÇOS LONGOS 13062025.xlsx.
2026-09-16 13:37:03 | INFO | bdc.consumidores | Registro normalizado (Entrada: 28, Saída: 30).
2026-09-16 13:37:03 | INFO | bdc.consumidores | Classificação documental para GERDAU AÇOS LONGOS 13062025.xlsx: tipo=>=5MWm analise=detalhada
2026-09-16 13:37:03 | INFO | bdc.consumidores | Iniciando validação unificada do registro. CNPJ=07358761000169
2026-09-16 13:37:03 | INFO | bdc.consumidores | Validação concluída. CNPJ=07358761000169 ERROS=0 AVISOS=0
2026-09-16 13:37:03 | INFO | bdc.consumidores | Validação condicional concluída para 07358761000169. Tipo=detalhada ERROS=3 AVISOS=1
2026-09-16 13:37:03 | INFO | bdc.consumidores | Ficha processada com sucesso: GERDAU AÇOS LONGOS 13062025.xlsx.
2026-09-16 13:37:03 | INFO | bdc.consumidores | Iniciando processamento do arquivo GERDAU AÇOS LONGOS RATING 15102025.xlsx em modo incremental.
2026-09-16 13:37:04 | INFO | bdc.consumidores | Extração competitiva: Vencedor padrao_1 identificado para GERDAU AÇOS LONGOS RATING 15102025.xlsx.
2026-09-16 13:37:04 | INFO | bdc.consumidores | Registro normalizado (Entrada: 28, Saída: 30).
2026-09-16 13:37:04 | INFO | bdc.consumidores | Classificação documental para GERDAU AÇOS LONGOS RATING 15102025.xlsx: tipo=<5MWm analise=simplificada
2026-09-16 13:37:04 | INFO | bdc.consumidores | Iniciando validação unificada do registro. CNPJ=None
2026-09-16 13:37:04 | INFO | bdc.consumidores | Validação concluída. CNPJ=None ERROS=3 AVISOS=0
2026-09-16 13:37:04 | WARNING | bdc.consumidores | Erros de validação para CNPJ=None: ['GATE_ENGINE ausente: CNPJ', 'GATE_ENGINE ausente: EMPRESA', 'GATE_ENGINE ausente: DATA_DEMONSTRACAO_FINANCEIRA']
2026-09-16 13:37:04 | INFO | bdc.consumidores | Validação condicional concluída para None. Tipo=simplificada ERROS=4 AVISOS=1
2026-09-16 13:37:04 | INFO | bdc.consumidores | Iniciando processamento do arquivo GERDAU AÇOS LONGOS RATING 27032026.xlsx em modo incremental.
2026-09-16 13:37:04 | INFO | bdc.consumidores | Extração competitiva: Vencedor padrao_2 identificado para GERDAU AÇOS LONGOS RATING 27032026.xlsx.
2026-09-16 13:37:04 | INFO | bdc.consumidores | Registro normalizado (Entrada: 28, Saída: 30).
2026-09-16 13:37:04 | INFO | bdc.consumidores | Classificação documental para GERDAU AÇOS LONGOS RATING 27032026.xlsx: tipo=>=5MWm analise=detalhada
2026-09-16 13:37:04 | INFO | bdc.consumidores | Iniciando validação unificada do registro. CNPJ=07358761000169
2026-09-16 13:37:04 | INFO | bdc.consumidores | Validação concluída. CNPJ=07358761000169 ERROS=0 AVISOS=0
2026-09-16 13:37:04 | INFO | bdc.consumidores | Validação condicional concluída para 07358761000169. Tipo=detalhada ERROS=2 AVISOS=0
2026-09-16 13:37:04 | INFO | bdc.consumidores | Iniciando processamento do arquivo GERDAU Açominas 11122024.xlsx em modo incremental.
2026-09-16 13:37:04 | INFO | bdc.consumidores | Extração competitiva: Vencedor padrao_1 identificado para GERDAU Açominas 11122024.xlsx.
2026-09-16 13:37:04 | INFO | bdc.consumidores | Registro normalizado (Entrada: 28, Saída: 30).
2026-09-16 13:37:04 | INFO | bdc.consumidores | Classificação documental para GERDAU Açominas 11122024.xlsx: tipo=>=5MWm analise=detalhada
2026-09-16 13:37:04 | INFO | bdc.consumidores | Iniciando validação unificada do registro. CNPJ=17227422000105
2026-09-16 13:37:04 | INFO | bdc.consumidores | Validação concluída. CNPJ=17227422000105 ERROS=0 AVISOS=1
2026-09-16 13:37:04 | INFO | bdc.consumidores | Validação condicional concluída para 17227422000105. Tipo=detalhada ERROS=2 AVISOS=2
2026-09-16 13:37:04 | INFO | bdc.consumidores | Ficha processada com sucesso: GERDAU Açominas 11122024.xlsx.
2026-09-16 13:37:04 | INFO | bdc.consumidores | Iniciando processamento do arquivo GERDAU Aços Longos 11122024.xlsx em modo incremental.
2026-09-16 13:37:04 | INFO | bdc.consumidores | Extração competitiva: Vencedor padrao_1 identificado para GERDAU Aços Longos 11122024.xlsx.
2026-09-16 13:37:04 | INFO | bdc.consumidores | Registro normalizado (Entrada: 28, Saída: 30).
2026-09-16 13:37:04 | INFO | bdc.consumidores | Classificação documental para GERDAU Aços Longos 11122024.xlsx: tipo=>=5MWm analise=detalhada
2026-09-16 13:37:04 | INFO | bdc.consumidores | Iniciando validação unificada do registro. CNPJ=07358761000169
2026-09-16 13:37:04 | INFO | bdc.consumidores | Validação concluída. CNPJ=07358761000169 ERROS=0 AVISOS=1
2026-09-16 13:37:04 | INFO | bdc.consumidores | Validação condicional concluída para 07358761000169. Tipo=detalhada ERROS=2 AVISOS=2
2026-09-16 13:37:04 | INFO | bdc.consumidores | Ficha processada com sucesso: GERDAU Aços Longos 11122024.xlsx.
2026-09-16 13:37:04 | INFO | bdc.consumidores | Iniciando processamento do arquivo GERDAU MATRIZ 20052026.xlsx em modo incremental.
2026-09-16 13:37:04 | INFO | bdc.consumidores | Extração competitiva: Vencedor padrao_2 identificado para GERDAU MATRIZ 20052026.xlsx.
2026-09-16 13:37:04 | INFO | bdc.consumidores | Registro normalizado (Entrada: 28, Saída: 30).
2026-09-16 13:37:04 | INFO | bdc.consumidores | Classificação documental para GERDAU MATRIZ 20052026.xlsx: tipo=>=5MWm analise=detalhada
2026-09-16 13:37:04 | INFO | bdc.consumidores | Iniciando validação unificada do registro. CNPJ=33611500000119
2026-09-16 13:37:04 | INFO | bdc.consumidores | Validação concluída. CNPJ=33611500000119 ERROS=0 AVISOS=1
2026-09-16 13:37:04 | INFO | bdc.consumidores | Validação condicional concluída para 33611500000119. Tipo=detalhada ERROS=1 AVISOS=1
2026-09-16 13:37:04 | INFO | bdc.consumidores | Ficha processada com sucesso: GERDAU MATRIZ 20052026.xlsx.
2026-09-16 13:37:04 | INFO | bdc.consumidores | Iniciando processamento do arquivo GERDAU SA - 13062025.xlsx em modo incremental.
2026-09-16 13:37:04 | INFO | bdc.consumidores | Extração competitiva: Vencedor padrao_1 identificado para GERDAU SA - 13062025.xlsx.
2026-09-16 13:37:04 | INFO | bdc.consumidores | Registro normalizado (Entrada: 28, Saída: 30).
2026-09-16 13:37:04 | INFO | bdc.consumidores | Classificação documental para GERDAU SA - 13062025.xlsx: tipo=>=5MWm analise=detalhada
2026-09-16 13:37:04 | INFO | bdc.consumidores | Iniciando validação unificada do registro. CNPJ=33611500000119
2026-09-16 13:37:04 | INFO | bdc.consumidores | Validação concluída. CNPJ=33611500000119 ERROS=0 AVISOS=1
2026-09-16 13:37:04 | INFO | bdc.consumidores | Validação condicional concluída para 33611500000119. Tipo=detalhada ERROS=2 AVISOS=2
2026-09-16 13:37:04 | INFO | bdc.consumidores | Ficha processada com sucesso: GERDAU SA - 13062025.xlsx.
2026-09-16 13:37:04 | INFO | bdc.consumidores | Iniciando processamento do arquivo GERDAU SA 11122024.xlsx em modo incremental.
2026-09-16 13:37:04 | INFO | bdc.consumidores | Extração competitiva: Vencedor padrao_1 identificado para GERDAU SA 11122024.xlsx.
2026-09-16 13:37:04 | INFO | bdc.consumidores | Registro normalizado (Entrada: 28, Saída: 30).
2026-09-16 13:37:04 | INFO | bdc.consumidores | Classificação documental para GERDAU SA 11122024.xlsx: tipo=>=5MWm analise=detalhada
2026-09-16 13:37:04 | INFO | bdc.consumidores | Iniciando validação unificada do registro. CNPJ=33611500000119
2026-09-16 13:37:04 | INFO | bdc.consumidores | Validação concluída. CNPJ=33611500000119 ERROS=0 AVISOS=0
2026-09-16 13:37:04 | INFO | bdc.consumidores | Validação condicional concluída para 33611500000119. Tipo=detalhada ERROS=2 AVISOS=1
2026-09-16 13:37:04 | INFO | bdc.consumidores | Ficha processada com sucesso: GERDAU SA 11122024.xlsx.
2026-09-16 13:37:04 | INFO | bdc.consumidores | Iniciando processamento do arquivo GERDAU SA RATING 12122025.xlsx em modo incremental.
2026-09-16 13:37:04 | INFO | bdc.consumidores | Extração competitiva: Vencedor padrao_2 identificado para GERDAU SA RATING 12122025.xlsx.
2026-09-16 13:37:04 | INFO | bdc.consumidores | Registro normalizado (Entrada: 28, Saída: 30).
2026-09-16 13:37:04 | INFO | bdc.consumidores | Classificação documental para GERDAU SA RATING 12122025.xlsx: tipo=>=5MWm analise=detalhada
2026-09-16 13:37:04 | INFO | bdc.consumidores | Iniciando validação unificada do registro. CNPJ=33611500000119
2026-09-16 13:37:04 | INFO | bdc.consumidores | Validação concluída. CNPJ=33611500000119 ERROS=0 AVISOS=1
2026-09-16 13:37:04 | INFO | bdc.consumidores | Validação condicional concluída para 33611500000119. Tipo=detalhada ERROS=1 AVISOS=1
2026-09-16 13:37:04 | INFO | bdc.consumidores | Iniciando processamento do arquivo GERDAU_23062023.xlsx em modo incremental.
2026-09-16 13:37:04 | INFO | bdc.consumidores | Extração competitiva: Vencedor padrao_1 identificado para GERDAU_23062023.xlsx.
2026-09-16 13:37:05 | INFO | bdc.consumidores | Registro normalizado (Entrada: 28, Saída: 30).
2026-09-16 13:37:05 | INFO | bdc.consumidores | Classificação documental para GERDAU_23062023.xlsx: tipo=>=5MWm analise=detalhada
2026-09-16 13:37:05 | INFO | bdc.consumidores | Iniciando validação unificada do registro. CNPJ=33611500000119
2026-09-16 13:37:05 | INFO | bdc.consumidores | Validação concluída. CNPJ=33611500000119 ERROS=0 AVISOS=1
2026-09-16 13:37:05 | INFO | bdc.consumidores | Validação condicional concluída para 33611500000119. Tipo=detalhada ERROS=2 AVISOS=2
2026-09-16 13:37:05 | INFO | bdc.consumidores | Ficha processada com sucesso: GERDAU_23062023.xlsx.
2026-09-16 13:37:05 | INFO | bdc.consumidores | Iniciando processamento do arquivo GM RATING 16012026.xlsx em modo incremental.
2026-09-16 13:37:05 | INFO | bdc.consumidores | Extração competitiva: Vencedor padrao_1 identificado para GM RATING 16012026.xlsx.
2026-09-16 13:37:05 | INFO | bdc.consumidores | Registro normalizado (Entrada: 28, Saída: 30).
2026-09-16 13:37:05 | INFO | bdc.consumidores | Classificação documental para GM RATING 16012026.xlsx: tipo=<5MWm analise=simplificada
2026-09-16 13:37:05 | INFO | bdc.consumidores | Iniciando validação unificada do registro. CNPJ=None
2026-09-16 13:37:05 | INFO | bdc.consumidores | Validação concluída. CNPJ=None ERROS=3 AVISOS=0
2026-09-16 13:37:05 | WARNING | bdc.consumidores | Erros de validação para CNPJ=None: ['GATE_ENGINE ausente: CNPJ', 'GATE_ENGINE ausente: EMPRESA', 'GATE_ENGINE ausente: DATA_DEMONSTRACAO_FINANCEIRA']
2026-09-16 13:37:05 | INFO | bdc.consumidores | Validação condicional concluída para None. Tipo=simplificada ERROS=4 AVISOS=1
2026-09-16 13:37:05 | INFO | bdc.consumidores | Iniciando processamento do arquivo GM do Brasil - Avaliação Middle.xlsx em modo incremental.
2026-09-16 13:37:05 | INFO | bdc.consumidores | Extração competitiva: Vencedor padrao_1 identificado para GM do Brasil - Avaliação Middle.xlsx.
2026-09-16 13:37:05 | INFO | bdc.consumidores | Registro normalizado (Entrada: 28, Saída: 30).
2026-09-16 13:37:05 | INFO | bdc.consumidores | Classificação documental para GM do Brasil - Avaliação Middle.xlsx: tipo=>=5MWm analise=detalhada
2026-09-16 13:37:05 | INFO | bdc.consumidores | Iniciando validação unificada do registro. CNPJ=59275792000150
2026-09-16 13:37:05 | INFO | bdc.consumidores | Validação concluída. CNPJ=59275792000150 ERROS=0 AVISOS=1
2026-09-16 13:37:05 | INFO | bdc.consumidores | Validação condicional concluída para 59275792000150. Tipo=detalhada ERROS=2 AVISOS=2
2026-09-16 13:37:05 | INFO | bdc.consumidores | Ficha processada com sucesso: GM do Brasil - Avaliação Middle.xlsx.
2026-09-16 13:37:05 | INFO | bdc.consumidores | Iniciando processamento do arquivo GPA RATING 07112025.xlsx em modo incremental.
2026-09-16 13:37:05 | INFO | bdc.consumidores | Extração competitiva: Vencedor padrao_2 identificado para GPA RATING 07112025.xlsx.
2026-09-16 13:37:05 | INFO | bdc.consumidores | Registro normalizado (Entrada: 28, Saída: 30).
2026-09-16 13:37:05 | INFO | bdc.consumidores | Classificação documental para GPA RATING 07112025.xlsx: tipo=>=5MWm analise=detalhada
2026-09-16 13:37:05 | INFO | bdc.consumidores | Iniciando validação unificada do registro. CNPJ=47508411000156
2026-09-16 13:37:05 | INFO | bdc.consumidores | Validação concluída. CNPJ=47508411000156 ERROS=0 AVISOS=1
2026-09-16 13:37:05 | INFO | bdc.consumidores | Validação condicional concluída para 47508411000156. Tipo=detalhada ERROS=0 AVISOS=1
2026-09-16 13:37:05 | INFO | bdc.consumidores | Ficha processada com sucesso: GPA RATING 07112025.xlsx.
2026-09-16 13:37:05 | INFO | bdc.consumidores | Iniciando processamento do arquivo GPA RATING 10032026.xlsx em modo incremental.
2026-09-16 13:37:05 | INFO | bdc.consumidores | Iniciando processamento do arquivo GRUPO LIDER RATING 11122025.xlsx em modo incremental.
2026-09-16 13:37:05 | INFO | bdc.consumidores | Extração competitiva: Vencedor padrao_2 identificado para GRUPO LIDER RATING 11122025.xlsx.
2026-09-16 13:37:05 | INFO | bdc.consumidores | Registro normalizado (Entrada: 28, Saída: 30).
2026-09-16 13:37:05 | INFO | bdc.consumidores | Classificação documental para GRUPO LIDER RATING 11122025.xlsx: tipo=>=5MWm analise=detalhada
2026-09-16 13:37:05 | INFO | bdc.consumidores | Iniciando validação unificada do registro. CNPJ=05054671000159
2026-09-16 13:37:05 | INFO | bdc.consumidores | Validação concluída. CNPJ=05054671000159 ERROS=0 AVISOS=0
2026-09-16 13:37:05 | INFO | bdc.consumidores | Validação condicional concluída para 05054671000159. Tipo=detalhada ERROS=1 AVISOS=0
2026-09-16 13:37:05 | INFO | bdc.consumidores | Ficha processada com sucesso: GRUPO LIDER RATING 11122025.xlsx.
2026-09-16 13:37:05 | INFO | bdc.consumidores | Iniciando processamento do arquivo GRUPO MATHEUS RATING 10032026.xlsx em modo incremental.
2026-09-16 13:37:05 | INFO | bdc.consumidores | Extração competitiva: Vencedor padrao_2 identificado para GRUPO MATHEUS RATING 10032026.xlsx.
2026-09-16 13:37:05 | INFO | bdc.consumidores | Registro normalizado (Entrada: 28, Saída: 30).
2026-09-16 13:37:05 | INFO | bdc.consumidores | Classificação documental para GRUPO MATHEUS RATING 10032026.xlsx: tipo=>=5MWm analise=detalhada
2026-09-16 13:37:05 | INFO | bdc.consumidores | Iniciando validação unificada do registro. CNPJ=24990777000109
2026-09-16 13:37:05 | INFO | bdc.consumidores | Validação concluída. CNPJ=24990777000109 ERROS=0 AVISOS=1
2026-09-16 13:37:05 | INFO | bdc.consumidores | Validação condicional concluída para 24990777000109. Tipo=detalhada ERROS=0 AVISOS=1
2026-09-16 13:37:05 | INFO | bdc.consumidores | Ficha processada com sucesso: GRUPO MATHEUS RATING 10032026.xlsx.
2026-09-16 13:37:05 | INFO | bdc.consumidores | Iniciando processamento do arquivo GTFOODS 00354264.xlsx em modo incremental.
2026-09-16 13:37:05 | INFO | bdc.consumidores | Extração competitiva: Vencedor padrao_1 identificado para GTFOODS 00354264.xlsx.
2026-09-16 13:37:05 | INFO | bdc.consumidores | Registro normalizado (Entrada: 28, Saída: 30).
2026-09-16 13:37:05 | INFO | bdc.consumidores | Classificação documental para GTFOODS 00354264.xlsx: tipo=>=5MWm analise=detalhada
2026-09-16 13:37:05 | INFO | bdc.consumidores | Iniciando validação unificada do registro. CNPJ=85070068000108
2026-09-16 13:37:05 | INFO | bdc.consumidores | Validação concluída. CNPJ=85070068000108 ERROS=0 AVISOS=1
2026-09-16 13:37:05 | INFO | bdc.consumidores | Validação condicional concluída para 85070068000108. Tipo=detalhada ERROS=2 AVISOS=2
2026-09-16 13:37:05 | INFO | bdc.consumidores | Ficha processada com sucesso: GTFOODS 00354264.xlsx.
2026-09-16 13:37:05 | INFO | bdc.consumidores | Iniciando processamento do arquivo GTFOODS 15072026.xlsx em modo incremental.
2026-09-16 13:37:06 | INFO | bdc.consumidores | Extração competitiva: Vencedor padrao_2 identificado para GTFOODS 15072026.xlsx.
2026-09-16 13:37:06 | INFO | bdc.consumidores | Registro normalizado (Entrada: 28, Saída: 30).
2026-09-16 13:37:06 | INFO | bdc.consumidores | Classificação documental para GTFOODS 15072026.xlsx: tipo=<5MWm analise=simplificada
2026-09-16 13:37:06 | INFO | bdc.consumidores | Iniciando validação unificada do registro. CNPJ=85070068000108
2026-09-16 13:37:06 | INFO | bdc.consumidores | Validação concluída. CNPJ=85070068000108 ERROS=0 AVISOS=0
2026-09-16 13:37:06 | INFO | bdc.consumidores | Validação condicional concluída para 85070068000108. Tipo=simplificada ERROS=1 AVISOS=1
2026-09-16 13:37:06 | INFO | bdc.consumidores | Ficha processada com sucesso: GTFOODS 15072026.xlsx.
2026-09-16 13:37:06 | INFO | bdc.consumidores | Iniciando processamento do arquivo GTFOODS RATING 26052026.xlsx em modo incremental.
2026-09-16 13:37:06 | INFO | bdc.consumidores | Extração competitiva: Vencedor padrao_2 identificado para GTFOODS RATING 26052026.xlsx.
2026-09-16 13:37:06 | INFO | bdc.consumidores | Registro normalizado (Entrada: 28, Saída: 30).
2026-09-16 13:37:06 | INFO | bdc.consumidores | Classificação documental para GTFOODS RATING 26052026.xlsx: tipo=>=5MWm analise=detalhada
2026-09-16 13:37:06 | INFO | bdc.consumidores | Iniciando validação unificada do registro. CNPJ=85070068000108
2026-09-16 13:37:06 | INFO | bdc.consumidores | Validação concluída. CNPJ=85070068000108 ERROS=0 AVISOS=1
2026-09-16 13:37:06 | INFO | bdc.consumidores | Validação condicional concluída para 85070068000108. Tipo=detalhada ERROS=0 AVISOS=1
2026-09-16 13:37:06 | INFO | bdc.consumidores | Iniciando processamento do arquivo GTOP RATING 12122025.xlsx em modo incremental.
2026-09-16 13:37:06 | INFO | bdc.consumidores | Extração competitiva: Vencedor padrao_2 identificado para GTOP RATING 12122025.xlsx.
2026-09-16 13:37:06 | INFO | bdc.consumidores | Registro normalizado (Entrada: 28, Saída: 30).
2026-09-16 13:37:06 | INFO | bdc.consumidores | Classificação documental para GTOP RATING 12122025.xlsx: tipo=>=5MWm analise=detalhada
2026-09-16 13:37:06 | INFO | bdc.consumidores | Iniciando validação unificada do registro. CNPJ=18803654000461
2026-09-16 13:37:06 | INFO | bdc.consumidores | Validação concluída. CNPJ=18803654000461 ERROS=0 AVISOS=0
2026-09-16 13:37:06 | INFO | bdc.consumidores | Validação condicional concluída para 18803654000461. Tipo=detalhada ERROS=0 AVISOS=0
2026-09-16 13:37:06 | INFO | bdc.consumidores | Ficha processada com sucesso: GTOP RATING 12122025.xlsx.
2026-09-16 13:37:06 | INFO | bdc.consumidores | Iniciando processamento do arquivo GUERRO 08042024.xlsx em modo incremental.
2026-09-16 13:37:06 | INFO | bdc.consumidores | Extração competitiva: Vencedor padrao_1 identificado para GUERRO 08042024.xlsx.
2026-09-16 13:37:06 | INFO | bdc.consumidores | Registro normalizado (Entrada: 28, Saída: 30).
2026-09-16 13:37:06 | INFO | bdc.consumidores | Classificação documental para GUERRO 08042024.xlsx: tipo=>=5MWm analise=detalhada
2026-09-16 13:37:06 | INFO | bdc.consumidores | Iniciando validação unificada do registro. CNPJ=09461639000149
2026-09-16 13:37:06 | INFO | bdc.consumidores | Validação concluída. CNPJ=09461639000149 ERROS=0 AVISOS=0
2026-09-16 13:37:06 | INFO | bdc.consumidores | Validação condicional concluída para 09461639000149. Tipo=detalhada ERROS=2 AVISOS=1
2026-09-16 13:37:06 | INFO | bdc.consumidores | Ficha processada com sucesso: GUERRO 08042024.xlsx.
2026-09-16 13:37:06 | INFO | bdc.consumidores | Iniciando processamento do arquivo GWEST RATING 03022026.xlsx em modo incremental.
2026-09-16 13:37:06 | INFO | bdc.consumidores | Extração competitiva: Vencedor padrao_1 identificado para GWEST RATING 03022026.xlsx.
2026-09-16 13:37:06 | INFO | bdc.consumidores | Registro normalizado (Entrada: 28, Saída: 30).
2026-09-16 13:37:06 | INFO | bdc.consumidores | Classificação documental para GWEST RATING 03022026.xlsx: tipo=<5MWm analise=simplificada
2026-09-16 13:37:06 | INFO | bdc.consumidores | Iniciando validação unificada do registro. CNPJ=None
2026-09-16 13:37:06 | INFO | bdc.consumidores | Validação concluída. CNPJ=None ERROS=3 AVISOS=0
2026-09-16 13:37:06 | WARNING | bdc.consumidores | Erros de validação para CNPJ=None: ['GATE_ENGINE ausente: CNPJ', 'GATE_ENGINE ausente: EMPRESA', 'GATE_ENGINE ausente: DATA_DEMONSTRACAO_FINANCEIRA']
2026-09-16 13:37:06 | INFO | bdc.consumidores | Validação condicional concluída para None. Tipo=simplificada ERROS=4 AVISOS=1
2026-09-16 13:37:06 | INFO | bdc.consumidores | Iniciando processamento do arquivo Globalpack 17012024.xlsx em modo incremental.
2026-09-16 13:37:06 | INFO | bdc.consumidores | Extração competitiva: Vencedor padrao_1 identificado para Globalpack 17012024.xlsx.
2026-09-16 13:37:06 | INFO | bdc.consumidores | Registro normalizado (Entrada: 28, Saída: 30).
2026-09-16 13:37:06 | INFO | bdc.consumidores | Classificação documental para Globalpack 17012024.xlsx: tipo=>=5MWm analise=detalhada
2026-09-16 13:37:06 | INFO | bdc.consumidores | Iniciando validação unificada do registro. CNPJ=04558449000392
2026-09-16 13:37:06 | INFO | bdc.consumidores | Validação concluída. CNPJ=04558449000392 ERROS=0 AVISOS=1
2026-09-16 13:37:06 | INFO | bdc.consumidores | Validação condicional concluída para 04558449000392. Tipo=detalhada ERROS=2 AVISOS=2
2026-09-16 13:37:06 | INFO | bdc.consumidores | Ficha processada com sucesso: Globalpack 17012024.xlsx.
2026-09-16 13:37:06 | INFO | bdc.consumidores | Iniciando processamento do arquivo Goodyear 2022-07-12.xlsx em modo incremental.
2026-09-16 13:37:07 | INFO | bdc.consumidores | Extração competitiva: Vencedor padrao_1 identificado para Goodyear 2022-07-12.xlsx.
2026-09-16 13:37:07 | INFO | bdc.consumidores | Registro normalizado (Entrada: 28, Saída: 30).
2026-09-16 13:37:07 | INFO | bdc.consumidores | Classificação documental para Goodyear 2022-07-12.xlsx: tipo=>=5MWm analise=detalhada
2026-09-16 13:37:07 | INFO | bdc.consumidores | Iniciando validação unificada do registro. CNPJ=60500246000154
2026-09-16 13:37:07 | INFO | bdc.consumidores | Validação concluída. CNPJ=60500246000154 ERROS=0 AVISOS=1
2026-09-16 13:37:07 | INFO | bdc.consumidores | Validação condicional concluída para 60500246000154. Tipo=detalhada ERROS=2 AVISOS=2
2026-09-16 13:37:07 | INFO | bdc.consumidores | Ficha processada com sucesso: Goodyear 2022-07-12.xlsx.
2026-09-16 13:37:07 | INFO | bdc.consumidores | Iniciando processamento do arquivo Grendene 2022-07-28.xlsx em modo incremental.
2026-09-16 13:37:07 | INFO | bdc.consumidores | Extração competitiva: Vencedor padrao_1 identificado para Grendene 2022-07-28.xlsx.
2026-09-16 13:37:07 | INFO | bdc.consumidores | Registro normalizado (Entrada: 28, Saída: 30).
2026-09-16 13:37:07 | INFO | bdc.consumidores | Classificação documental para Grendene 2022-07-28.xlsx: tipo=>=5MWm analise=detalhada
2026-09-16 13:37:07 | INFO | bdc.consumidores | Iniciando validação unificada do registro. CNPJ=89850341000160
2026-09-16 13:37:07 | INFO | bdc.consumidores | Validação concluída. CNPJ=89850341000160 ERROS=0 AVISOS=0
2026-09-16 13:37:07 | INFO | bdc.consumidores | Validação condicional concluída para 89850341000160. Tipo=detalhada ERROS=2 AVISOS=1
2026-09-16 13:37:07 | INFO | bdc.consumidores | Ficha processada com sucesso: Grendene 2022-07-28.xlsx.
2026-09-16 13:37:07 | INFO | bdc.consumidores | Iniciando processamento do arquivo Grupo Barigui 05_09_2022.xlsx em modo incremental.
2026-09-16 13:37:07 | INFO | bdc.consumidores | Extração competitiva: Vencedor padrao_1 identificado para Grupo Barigui 05_09_2022.xlsx.
2026-09-16 13:37:07 | INFO | bdc.consumidores | Registro normalizado (Entrada: 28, Saída: 30).
2026-09-16 13:37:07 | INFO | bdc.consumidores | Classificação documental para Grupo Barigui 05_09_2022.xlsx: tipo=>=5MWm analise=detalhada
2026-09-16 13:37:07 | INFO | bdc.consumidores | Iniciando validação unificada do registro. CNPJ=79763884000196
2026-09-16 13:37:07 | INFO | bdc.consumidores | Validação concluída. CNPJ=79763884000196 ERROS=0 AVISOS=1
2026-09-16 13:37:07 | INFO | bdc.consumidores | Validação condicional concluída para 79763884000196. Tipo=detalhada ERROS=2 AVISOS=2
2026-09-16 13:37:07 | INFO | bdc.consumidores | Ficha processada com sucesso: Grupo Barigui 05_09_2022.xlsx.
2026-09-16 13:37:07 | INFO | bdc.consumidores | Iniciando processamento do arquivo Grupo GAZIT 10012024.xlsx em modo incremental.
2026-09-16 13:37:07 | INFO | bdc.consumidores | Extração competitiva: Vencedor padrao_1 identificado para Grupo GAZIT 10012024.xlsx.
2026-09-16 13:37:07 | INFO | bdc.consumidores | Registro normalizado (Entrada: 28, Saída: 30).
2026-09-16 13:37:07 | INFO | bdc.consumidores | Classificação documental para Grupo GAZIT 10012024.xlsx: tipo=>=5MWm analise=detalhada
2026-09-16 13:37:07 | INFO | bdc.consumidores | Iniciando validação unificada do registro. CNPJ=08903942000191
2026-09-16 13:37:07 | INFO | bdc.consumidores | Validação concluída. CNPJ=08903942000191 ERROS=0 AVISOS=0
2026-09-16 13:37:07 | INFO | bdc.consumidores | Validação condicional concluída para 08903942000191. Tipo=detalhada ERROS=2 AVISOS=1
2026-09-16 13:37:07 | INFO | bdc.consumidores | Ficha processada com sucesso: Grupo GAZIT 10012024.xlsx.
2026-09-16 13:37:07 | INFO | bdc.consumidores | Iniciando processamento do arquivo Grupo NC - Avaliação Middle.xlsx em modo incremental.
2026-09-16 13:37:07 | INFO | bdc.consumidores | Extração competitiva: Vencedor padrao_1 identificado para Grupo NC - Avaliação Middle.xlsx.
2026-09-16 13:37:07 | INFO | bdc.consumidores | Registro normalizado (Entrada: 28, Saída: 30).
2026-09-16 13:37:07 | INFO | bdc.consumidores | Classificação documental para Grupo NC - Avaliação Middle.xlsx: tipo=>=5MWm analise=detalhada
2026-09-16 13:37:07 | INFO | bdc.consumidores | Iniciando validação unificada do registro. CNPJ=57507378000365
2026-09-16 13:37:07 | INFO | bdc.consumidores | Validação concluída. CNPJ=57507378000365 ERROS=0 AVISOS=1
2026-09-16 13:37:07 | INFO | bdc.consumidores | Validação condicional concluída para 57507378000365. Tipo=detalhada ERROS=2 AVISOS=2
2026-09-16 13:37:07 | INFO | bdc.consumidores | Ficha processada com sucesso: Grupo NC - Avaliação Middle.xlsx.
2026-09-16 13:37:07 | INFO | bdc.consumidores | Iniciando processamento do arquivo Grupo Pão de Açucar 19032024.xlsx em modo incremental.
2026-09-16 13:37:07 | INFO | bdc.consumidores | Extração competitiva: Vencedor padrao_1 identificado para Grupo Pão de Açucar 19032024.xlsx.
2026-09-16 13:37:07 | INFO | bdc.consumidores | Registro normalizado (Entrada: 28, Saída: 30).
2026-09-16 13:37:07 | INFO | bdc.consumidores | Classificação documental para Grupo Pão de Açucar 19032024.xlsx: tipo=>=5MWm analise=detalhada
2026-09-16 13:37:07 | INFO | bdc.consumidores | Iniciando validação unificada do registro. CNPJ=47508411000156
2026-09-16 13:37:07 | INFO | bdc.consumidores | Validação concluída. CNPJ=47508411000156 ERROS=0 AVISOS=1
2026-09-16 13:37:07 | INFO | bdc.consumidores | Validação condicional concluída para 47508411000156. Tipo=detalhada ERROS=2 AVISOS=2
2026-09-16 13:37:08 | INFO | bdc.consumidores | Ficha processada com sucesso: Grupo Pão de Açucar 19032024.xlsx.
2026-09-16 13:37:08 | INFO | bdc.consumidores | Iniciando processamento do arquivo Grupo Rocha 23082023.xlsx em modo incremental.
2026-09-16 13:37:08 | INFO | bdc.consumidores | Extração competitiva: Vencedor padrao_1 identificado para Grupo Rocha 23082023.xlsx.
2026-09-16 13:37:08 | INFO | bdc.consumidores | Registro normalizado (Entrada: 28, Saída: 30).
2026-09-16 13:37:08 | INFO | bdc.consumidores | Classificação documental para Grupo Rocha 23082023.xlsx: tipo=>=5MWm analise=detalhada
2026-09-16 13:37:08 | INFO | bdc.consumidores | Iniciando validação unificada do registro. CNPJ=13200257000139
2026-09-16 13:37:08 | INFO | bdc.consumidores | Validação concluída. CNPJ=13200257000139 ERROS=0 AVISOS=0
2026-09-16 13:37:08 | INFO | bdc.consumidores | Validação condicional concluída para 13200257000139. Tipo=detalhada ERROS=2 AVISOS=1
2026-09-16 13:37:08 | INFO | bdc.consumidores | Ficha processada com sucesso: Grupo Rocha 23082023.xlsx.
2026-09-16 13:37:08 | INFO | bdc.consumidores | Iniciando processamento do arquivo Grupo São Camilo 16_09_2022.xlsx em modo incremental.
2026-09-16 13:37:08 | INFO | bdc.consumidores | Extração competitiva: Vencedor padrao_1 identificado para Grupo São Camilo 16_09_2022.xlsx.
2026-09-16 13:37:08 | INFO | bdc.consumidores | Registro normalizado (Entrada: 28, Saída: 30).
2026-09-16 13:37:08 | INFO | bdc.consumidores | Classificação documental para Grupo São Camilo 16_09_2022.xlsx: tipo=>=5MWm analise=detalhada
2026-09-16 13:37:08 | INFO | bdc.consumidores | Iniciando validação unificada do registro. CNPJ=60975737000151
2026-09-16 13:37:08 | INFO | bdc.consumidores | Validação concluída. CNPJ=60975737000151 ERROS=0 AVISOS=0
2026-09-16 13:37:08 | INFO | bdc.consumidores | Validação condicional concluída para 60975737000151. Tipo=detalhada ERROS=2 AVISOS=1
2026-09-16 13:37:08 | INFO | bdc.consumidores | Ficha processada com sucesso: Grupo São Camilo 16_09_2022.xlsx.
2026-09-16 13:37:08 | INFO | bdc.consumidores | Iniciando processamento do arquivo Grupo Vertical 30082023.xlsx em modo incremental.
2026-09-16 13:37:08 | INFO | bdc.consumidores | Extração competitiva: Vencedor padrao_1 identificado para Grupo Vertical 30082023.xlsx.
2026-09-16 13:37:08 | INFO | bdc.consumidores | Registro normalizado (Entrada: 28, Saída: 30).
2026-09-16 13:37:08 | INFO | bdc.consumidores | Classificação documental para Grupo Vertical 30082023.xlsx: tipo=>=5MWm analise=detalhada
2026-09-16 13:37:08 | INFO | bdc.consumidores | Iniciando validação unificada do registro. CNPJ=37589182000198
2026-09-16 13:37:08 | INFO | bdc.consumidores | Validação concluída. CNPJ=37589182000198 ERROS=0 AVISOS=0
2026-09-16 13:37:08 | INFO | bdc.consumidores | Validação condicional concluída para 37589182000198. Tipo=detalhada ERROS=2 AVISOS=1
2026-09-16 13:37:08 | INFO | bdc.consumidores | Ficha processada com sucesso: Grupo Vertical 30082023.xlsx.
2026-09-16 13:37:08 | INFO | bdc.consumidores | Iniciando processamento do arquivo HAVAN - 08082025.xlsx em modo incremental.
2026-09-16 13:37:08 | INFO | bdc.consumidores | Extração competitiva: Vencedor padrao_1 identificado para HAVAN - 08082025.xlsx.
2026-09-16 13:37:08 | INFO | bdc.consumidores | Registro normalizado (Entrada: 28, Saída: 30).
2026-09-16 13:37:08 | INFO | bdc.consumidores | Classificação documental para HAVAN - 08082025.xlsx: tipo=>=5MWm analise=detalhada
2026-09-16 13:37:08 | INFO | bdc.consumidores | Iniciando validação unificada do registro. CNPJ=79379491000183
2026-09-16 13:37:08 | INFO | bdc.consumidores | Validação concluída. CNPJ=79379491000183 ERROS=0 AVISOS=1
2026-09-16 13:37:08 | INFO | bdc.consumidores | Validação condicional concluída para 79379491000183. Tipo=detalhada ERROS=2 AVISOS=2
2026-09-16 13:37:08 | INFO | bdc.consumidores | Ficha processada com sucesso: HAVAN - 08082025.xlsx.
2026-09-16 13:37:08 | INFO | bdc.consumidores | Iniciando processamento do arquivo HAVAN RATING 03112025.xlsx em modo incremental.
2026-09-16 13:37:08 | INFO | bdc.consumidores | Extração competitiva: Vencedor padrao_2 identificado para HAVAN RATING 03112025.xlsx.
2026-09-16 13:37:08 | INFO | bdc.consumidores | Registro normalizado (Entrada: 28, Saída: 30).
2026-09-16 13:37:08 | INFO | bdc.consumidores | Classificação documental para HAVAN RATING 03112025.xlsx: tipo=>=5MWm analise=detalhada
2026-09-16 13:37:08 | INFO | bdc.consumidores | Iniciando validação unificada do registro. CNPJ=79379491000183
2026-09-16 13:37:08 | INFO | bdc.consumidores | Validação concluída. CNPJ=79379491000183 ERROS=0 AVISOS=1
2026-09-16 13:37:08 | INFO | bdc.consumidores | Validação condicional concluída para 79379491000183. Tipo=detalhada ERROS=1 AVISOS=1
2026-09-16 13:37:08 | INFO | bdc.consumidores | Iniciando processamento do arquivo HAVAN SA 06042026.xlsx em modo incremental.
2026-09-16 13:37:08 | INFO | bdc.consumidores | Extração competitiva: Vencedor padrao_2 identificado para HAVAN SA 06042026.xlsx.
2026-09-16 13:37:08 | INFO | bdc.consumidores | Registro normalizado (Entrada: 28, Saída: 30).
2026-09-16 13:37:08 | INFO | bdc.consumidores | Classificação documental para HAVAN SA 06042026.xlsx: tipo=>=5MWm analise=detalhada
2026-09-16 13:37:08 | INFO | bdc.consumidores | Iniciando validação unificada do registro. CNPJ=79379491000183
2026-09-16 13:37:08 | INFO | bdc.consumidores | Validação concluída. CNPJ=79379491000183 ERROS=0 AVISOS=1
2026-09-16 13:37:08 | INFO | bdc.consumidores | Validação condicional concluída para 79379491000183. Tipo=detalhada ERROS=0 AVISOS=1
2026-09-16 13:37:09 | INFO | bdc.consumidores | Ficha processada com sucesso: HAVAN SA 06042026.xlsx.
2026-09-16 13:37:09 | INFO | bdc.consumidores | Iniciando processamento do arquivo HEINZ_20032023.xlsx em modo incremental.
2026-09-16 13:37:09 | INFO | bdc.consumidores | Extração competitiva: Vencedor padrao_1 identificado para HEINZ_20032023.xlsx.
2026-09-16 13:37:09 | INFO | bdc.consumidores | Registro normalizado (Entrada: 28, Saída: 30).
2026-09-16 13:37:09 | INFO | bdc.consumidores | Classificação documental para HEINZ_20032023.xlsx: tipo=>=5MWm analise=detalhada
2026-09-16 13:37:09 | INFO | bdc.consumidores | Iniciando validação unificada do registro. CNPJ=50955707001100
2026-09-16 13:37:09 | INFO | bdc.consumidores | Validação concluída. CNPJ=50955707001100 ERROS=0 AVISOS=1
2026-09-16 13:37:09 | INFO | bdc.consumidores | Validação condicional concluída para 50955707001100. Tipo=detalhada ERROS=2 AVISOS=2
2026-09-16 13:37:09 | INFO | bdc.consumidores | Ficha processada com sucesso: HEINZ_20032023.xlsx.
2026-09-16 13:37:09 | INFO | bdc.consumidores | Iniciando processamento do arquivo HEJSN_19_10_2022.xlsx em modo incremental.
2026-09-16 13:37:09 | INFO | bdc.consumidores | Extração competitiva: Vencedor padrao_1 identificado para HEJSN_19_10_2022.xlsx.
2026-09-16 13:37:09 | INFO | bdc.consumidores | Registro normalizado (Entrada: 28, Saída: 30).
2026-09-16 13:37:09 | INFO | bdc.consumidores | Classificação documental para HEJSN_19_10_2022.xlsx: tipo=>=5MWm analise=detalhada
2026-09-16 13:37:09 | INFO | bdc.consumidores | Iniciando validação unificada do registro. CNPJ=28127926000242
2026-09-16 13:37:09 | INFO | bdc.consumidores | Validação concluída. CNPJ=28127926000242 ERROS=0 AVISOS=0
2026-09-16 13:37:09 | INFO | bdc.consumidores | Validação condicional concluída para 28127926000242. Tipo=detalhada ERROS=3 AVISOS=1
2026-09-16 13:37:09 | INFO | bdc.consumidores | Ficha processada com sucesso: HEJSN_19_10_2022.xlsx.
2026-09-16 13:37:09 | INFO | bdc.consumidores | Iniciando processamento do arquivo HF SISTEMAS DE FREIOS RATING 26012026.xlsx em modo incremental.
2026-09-16 13:37:09 | INFO | bdc.consumidores | Extração competitiva: Vencedor padrao_2 identificado para HF SISTEMAS DE FREIOS RATING 26012026.xlsx.
2026-09-16 13:37:09 | INFO | bdc.consumidores | Registro normalizado (Entrada: 28, Saída: 30).
2026-09-16 13:37:09 | INFO | bdc.consumidores | Classificação documental para HF SISTEMAS DE FREIOS RATING 26012026.xlsx: tipo=>=5MWm analise=detalhada
2026-09-16 13:37:09 | INFO | bdc.consumidores | Iniciando validação unificada do registro. CNPJ=09075317000161
2026-09-16 13:37:09 | INFO | bdc.consumidores | Validação concluída. CNPJ=09075317000161 ERROS=0 AVISOS=1
2026-09-16 13:37:09 | INFO | bdc.consumidores | Validação condicional concluída para 09075317000161. Tipo=detalhada ERROS=0 AVISOS=1
2026-09-16 13:37:09 | INFO | bdc.consumidores | Ficha processada com sucesso: HF SISTEMAS DE FREIOS RATING 26012026.xlsx.
2026-09-16 13:37:09 | INFO | bdc.consumidores | Iniciando processamento do arquivo HOSPITAL EVANLEGICO DE LONDRINA 20072026.xlsx em modo incremental.
2026-09-16 13:37:09 | INFO | bdc.consumidores | Extração competitiva: Vencedor padrao_2 identificado para HOSPITAL EVANLEGICO DE LONDRINA 20072026.xlsx.
2026-09-16 13:37:09 | INFO | bdc.consumidores | Registro normalizado (Entrada: 28, Saída: 30).
2026-09-16 13:37:09 | INFO | bdc.consumidores | Classificação documental para HOSPITAL EVANLEGICO DE LONDRINA 20072026.xlsx: tipo=<5MWm analise=simplificada
2026-09-16 13:37:09 | INFO | bdc.consumidores | Iniciando validação unificada do registro. CNPJ=78613841000161
2026-09-16 13:37:09 | INFO | bdc.consumidores | Validação concluída. CNPJ=78613841000161 ERROS=0 AVISOS=0
2026-09-16 13:37:09 | INFO | bdc.consumidores | Validação condicional concluída para 78613841000161. Tipo=simplificada ERROS=1 AVISOS=1
2026-09-16 13:37:09 | INFO | bdc.consumidores | Ficha processada com sucesso: HOSPITAL EVANLEGICO DE LONDRINA 20072026.xlsx.
2026-09-16 13:37:09 | INFO | bdc.consumidores | Iniciando processamento do arquivo HOSPITAL_NOSSA_SENHORA_DAS_DORES_21032023.xlsx em modo incremental.
2026-09-16 13:37:09 | INFO | bdc.consumidores | Extração competitiva: Vencedor padrao_1 identificado para HOSPITAL_NOSSA_SENHORA_DAS_DORES_21032023.xlsx.
2026-09-16 13:37:09 | INFO | bdc.consumidores | Registro normalizado (Entrada: 28, Saída: 30).
2026-09-16 13:37:09 | INFO | bdc.consumidores | Classificação documental para HOSPITAL_NOSSA_SENHORA_DAS_DORES_21032023.xlsx: tipo=>=5MWm analise=detalhada
2026-09-16 13:37:09 | INFO | bdc.consumidores | Iniciando validação unificada do registro. CNPJ=23798846000114
2026-09-16 13:37:09 | INFO | bdc.consumidores | Validação concluída. CNPJ=23798846000114 ERROS=0 AVISOS=1
2026-09-16 13:37:09 | INFO | bdc.consumidores | Validação condicional concluída para 23798846000114. Tipo=detalhada ERROS=2 AVISOS=2
2026-09-16 13:37:09 | INFO | bdc.consumidores | Ficha processada com sucesso: HOSPITAL_NOSSA_SENHORA_DAS_DORES_21032023.xlsx.
2026-09-16 13:37:09 | INFO | bdc.consumidores | Iniciando processamento do arquivo HUBNER 19022024.xlsx em modo incremental.
2026-09-16 13:37:10 | INFO | bdc.consumidores | Extração competitiva: Vencedor padrao_1 identificado para HUBNER 19022024.xlsx.
2026-09-16 13:37:10 | INFO | bdc.consumidores | Registro normalizado (Entrada: 28, Saída: 30).
2026-09-16 13:37:10 | INFO | bdc.consumidores | Classificação documental para HUBNER 19022024.xlsx: tipo=>=5MWm analise=detalhada
2026-09-16 13:37:10 | INFO | bdc.consumidores | Iniciando validação unificada do registro. CNPJ=06886749000407
2026-09-16 13:37:10 | INFO | bdc.consumidores | Validação concluída. CNPJ=06886749000407 ERROS=0 AVISOS=1
2026-09-16 13:37:10 | INFO | bdc.consumidores | Validação condicional concluída para 06886749000407. Tipo=detalhada ERROS=2 AVISOS=2
2026-09-16 13:37:10 | INFO | bdc.consumidores | Ficha processada com sucesso: HUBNER 19022024.xlsx.
2026-09-16 13:37:10 | INFO | bdc.consumidores | Iniciando processamento do arquivo Heinz Brasil - Avaliação Middle.xlsx em modo incremental.
2026-09-16 13:37:10 | INFO | bdc.consumidores | Extração competitiva: Vencedor padrao_1 identificado para Heinz Brasil - Avaliação Middle.xlsx.
2026-09-16 13:37:10 | INFO | bdc.consumidores | Registro normalizado (Entrada: 28, Saída: 30).
2026-09-16 13:37:10 | INFO | bdc.consumidores | Classificação documental para Heinz Brasil - Avaliação Middle.xlsx: tipo=>=5MWm analise=detalhada
2026-09-16 13:37:10 | INFO | bdc.consumidores | Iniciando validação unificada do registro. CNPJ=50955707000120
2026-09-16 13:37:10 | INFO | bdc.consumidores | Validação concluída. CNPJ=50955707000120 ERROS=0 AVISOS=1
2026-09-16 13:37:10 | INFO | bdc.consumidores | Validação condicional concluída para 50955707000120. Tipo=detalhada ERROS=2 AVISOS=2
2026-09-16 13:37:10 | INFO | bdc.consumidores | Ficha processada com sucesso: Heinz Brasil - Avaliação Middle.xlsx.
2026-09-16 13:37:10 | INFO | bdc.consumidores | Iniciando processamento do arquivo Hospital Cruz Vermelha - Avaliação Middle.xlsx em modo incremental.
2026-09-16 13:37:10 | INFO | bdc.consumidores | Extração competitiva: Vencedor padrao_1 identificado para Hospital Cruz Vermelha - Avaliação Middle.xlsx.
2026-09-16 13:37:10 | INFO | bdc.consumidores | Registro normalizado (Entrada: 28, Saída: 30).
2026-09-16 13:37:10 | INFO | bdc.consumidores | Classificação documental para Hospital Cruz Vermelha - Avaliação Middle.xlsx: tipo=>=5MWm analise=detalhada
2026-09-16 13:37:10 | INFO | bdc.consumidores | Iniciando validação unificada do registro. CNPJ=07404052000172
2026-09-16 13:37:10 | INFO | bdc.consumidores | Validação concluída. CNPJ=07404052000172 ERROS=0 AVISOS=1
2026-09-16 13:37:10 | INFO | bdc.consumidores | Validação condicional concluída para 07404052000172. Tipo=detalhada ERROS=2 AVISOS=2
2026-09-16 13:37:10 | INFO | bdc.consumidores | Ficha processada com sucesso: Hospital Cruz Vermelha - Avaliação Middle.xlsx.
2026-09-16 13:37:10 | INFO | bdc.consumidores | Iniciando processamento do arquivo Hospital Jaraguá 25072023.xlsx em modo incremental.
2026-09-16 13:37:10 | INFO | bdc.consumidores | Extração competitiva: Vencedor padrao_1 identificado para Hospital Jaraguá 25072023.xlsx.
2026-09-16 13:37:10 | INFO | bdc.consumidores | Registro normalizado (Entrada: 28, Saída: 30).
2026-09-16 13:37:10 | INFO | bdc.consumidores | Classificação documental para Hospital Jaraguá 25072023.xlsx: tipo=>=5MWm analise=detalhada
2026-09-16 13:37:10 | INFO | bdc.consumidores | Iniciando validação unificada do registro. CNPJ=39913479000192
2026-09-16 13:37:10 | INFO | bdc.consumidores | Validação concluída. CNPJ=39913479000192 ERROS=0 AVISOS=1
2026-09-16 13:37:10 | INFO | bdc.consumidores | Validação condicional concluída para 39913479000192. Tipo=detalhada ERROS=3 AVISOS=2
2026-09-16 13:37:10 | INFO | bdc.consumidores | Ficha processada com sucesso: Hospital Jaraguá 25072023.xlsx.
2026-09-16 13:37:10 | INFO | bdc.consumidores | Iniciando processamento do arquivo Hospital Moinhos de Vento 22_09_2022.xlsx em modo incremental.
2026-09-16 13:37:10 | INFO | bdc.consumidores | Extração competitiva: Vencedor padrao_1 identificado para Hospital Moinhos de Vento 22_09_2022.xlsx.
2026-09-16 13:37:10 | INFO | bdc.consumidores | Registro normalizado (Entrada: 28, Saída: 30).
2026-09-16 13:37:10 | INFO | bdc.consumidores | Classificação documental para Hospital Moinhos de Vento 22_09_2022.xlsx: tipo=>=5MWm analise=detalhada
2026-09-16 13:37:10 | INFO | bdc.consumidores | Iniciando validação unificada do registro. CNPJ=92685833000151
2026-09-16 13:37:10 | INFO | bdc.consumidores | Validação concluída. CNPJ=92685833000151 ERROS=0 AVISOS=1
2026-09-16 13:37:10 | INFO | bdc.consumidores | Validação condicional concluída para 92685833000151. Tipo=detalhada ERROS=2 AVISOS=2
2026-09-16 13:37:10 | INFO | bdc.consumidores | Ficha processada com sucesso: Hospital Moinhos de Vento 22_09_2022.xlsx.
2026-09-16 13:37:10 | INFO | bdc.consumidores | Iniciando processamento do arquivo Hospital Pequeno Principe 29_09_2022.xlsx em modo incremental.
2026-09-16 13:37:10 | INFO | bdc.consumidores | Extração competitiva: Vencedor padrao_1 identificado para Hospital Pequeno Principe 29_09_2022.xlsx.
2026-09-16 13:37:10 | INFO | bdc.consumidores | Registro normalizado (Entrada: 28, Saída: 30).
2026-09-16 13:37:10 | INFO | bdc.consumidores | Classificação documental para Hospital Pequeno Principe 29_09_2022.xlsx: tipo=>=5MWm analise=detalhada
2026-09-16 13:37:10 | INFO | bdc.consumidores | Iniciando validação unificada do registro. CNPJ=76591569000130
2026-09-16 13:37:10 | INFO | bdc.consumidores | Validação concluída. CNPJ=76591569000130 ERROS=0 AVISOS=1
2026-09-16 13:37:10 | INFO | bdc.consumidores | Validação condicional concluída para 76591569000130. Tipo=detalhada ERROS=2 AVISOS=2
2026-09-16 13:37:10 | INFO | bdc.consumidores | Ficha processada com sucesso: Hospital Pequeno Principe 29_09_2022.xlsx.
2026-09-16 13:37:10 | INFO | bdc.consumidores | Iniciando processamento do arquivo Hospital Policlina Cascavel 2023-01-26.xlsx em modo incremental.
2026-09-16 13:37:10 | INFO | bdc.consumidores | Extração competitiva: Vencedor padrao_1 identificado para Hospital Policlina Cascavel 2023-01-26.xlsx.
2026-09-16 13:37:10 | INFO | bdc.consumidores | Registro normalizado (Entrada: 28, Saída: 30).
2026-09-16 13:37:10 | INFO | bdc.consumidores | Classificação documental para Hospital Policlina Cascavel 2023-01-26.xlsx: tipo=>=5MWm analise=detalhada
2026-09-16 13:37:10 | INFO | bdc.consumidores | Iniciando validação unificada do registro. CNPJ=76081892000164
2026-09-16 13:37:10 | INFO | bdc.consumidores | Validação concluída. CNPJ=76081892000164 ERROS=0 AVISOS=1
2026-09-16 13:37:10 | INFO | bdc.consumidores | Validação condicional concluída para 76081892000164. Tipo=detalhada ERROS=2 AVISOS=2
2026-09-16 13:37:11 | INFO | bdc.consumidores | Ficha processada com sucesso: Hospital Policlina Cascavel 2023-01-26.xlsx.
2026-09-16 13:37:11 | INFO | bdc.consumidores | Iniciando processamento do arquivo Hospital São Francisco18_01_23.xlsx em modo incremental.
2026-09-16 13:37:11 | INFO | bdc.consumidores | Extração competitiva: Vencedor padrao_1 identificado para Hospital São Francisco18_01_23.xlsx.
2026-09-16 13:37:11 | INFO | bdc.consumidores | Registro normalizado (Entrada: 28, Saída: 30).
2026-09-16 13:37:11 | INFO | bdc.consumidores | Classificação documental para Hospital São Francisco18_01_23.xlsx: tipo=>=5MWm analise=detalhada
2026-09-16 13:37:11 | INFO | bdc.consumidores | Iniciando validação unificada do registro. CNPJ=54672449000125
2026-09-16 13:37:11 | INFO | bdc.consumidores | Validação concluída. CNPJ=54672449000125 ERROS=0 AVISOS=1
2026-09-16 13:37:11 | INFO | bdc.consumidores | Validação condicional concluída para 54672449000125. Tipo=detalhada ERROS=2 AVISOS=2
2026-09-16 13:37:11 | INFO | bdc.consumidores | Ficha processada com sucesso: Hospital São Francisco18_01_23.xlsx.
2026-09-16 13:37:11 | INFO | bdc.consumidores | Iniciando processamento do arquivo Hyundai_10082023.xlsx em modo incremental.
2026-09-16 13:37:11 | INFO | bdc.consumidores | Extração competitiva: Vencedor padrao_1 identificado para Hyundai_10082023.xlsx.
2026-09-16 13:37:11 | INFO | bdc.consumidores | Registro normalizado (Entrada: 28, Saída: 30).
2026-09-16 13:37:11 | INFO | bdc.consumidores | Classificação documental para Hyundai_10082023.xlsx: tipo=>=5MWm analise=detalhada
2026-09-16 13:37:11 | INFO | bdc.consumidores | Iniciando validação unificada do registro. CNPJ=10394422000142
2026-09-16 13:37:11 | INFO | bdc.consumidores | Validação concluída. CNPJ=10394422000142 ERROS=0 AVISOS=1
2026-09-16 13:37:11 | INFO | bdc.consumidores | Validação condicional concluída para 10394422000142. Tipo=detalhada ERROS=2 AVISOS=2
2026-09-16 13:37:11 | INFO | bdc.consumidores | Ficha processada com sucesso: Hyundai_10082023.xlsx.
2026-09-16 13:37:11 | INFO | bdc.consumidores | Iniciando processamento do arquivo INDEMIL 27112024.xlsx em modo incremental.
2026-09-16 13:37:11 | INFO | bdc.consumidores | Extração competitiva: Vencedor padrao_1 identificado para INDEMIL 27112024.xlsx.
2026-09-16 13:37:11 | INFO | bdc.consumidores | Registro normalizado (Entrada: 28, Saída: 30).
2026-09-16 13:37:11 | INFO | bdc.consumidores | Classificação documental para INDEMIL 27112024.xlsx: tipo=>=5MWm analise=detalhada
2026-09-16 13:37:11 | INFO | bdc.consumidores | Iniciando validação unificada do registro. CNPJ=61887899000109
2026-09-16 13:37:11 | INFO | bdc.consumidores | Validação concluída. CNPJ=61887899000109 ERROS=0 AVISOS=1
2026-09-16 13:37:11 | INFO | bdc.consumidores | Validação condicional concluída para 61887899000109. Tipo=detalhada ERROS=2 AVISOS=2
2026-09-16 13:37:11 | INFO | bdc.consumidores | Ficha processada com sucesso: INDEMIL 27112024.xlsx.
2026-09-16 13:37:11 | INFO | bdc.consumidores | Iniciando processamento do arquivo INDEMIL RATING 23032026 - Copia.xlsx em modo incremental.
2026-09-16 13:37:11 | INFO | bdc.consumidores | Extração competitiva: Vencedor padrao_2 identificado para INDEMIL RATING 23032026 - Copia.xlsx.
2026-09-16 13:37:11 | INFO | bdc.consumidores | Registro normalizado (Entrada: 28, Saída: 30).
2026-09-16 13:37:11 | INFO | bdc.consumidores | Classificação documental para INDEMIL RATING 23032026 - Copia.xlsx: tipo=>=5MWm analise=detalhada
2026-09-16 13:37:11 | INFO | bdc.consumidores | Iniciando validação unificada do registro. CNPJ=61887899000109
2026-09-16 13:37:11 | INFO | bdc.consumidores | Validação concluída. CNPJ=61887899000109 ERROS=0 AVISOS=0
2026-09-16 13:37:11 | INFO | bdc.consumidores | Validação condicional concluída para 61887899000109. Tipo=detalhada ERROS=0 AVISOS=0
2026-09-16 13:37:11 | INFO | bdc.consumidores | Ficha processada com sucesso: INDEMIL RATING 23032026 - Copia.xlsx.
2026-09-16 13:37:11 | INFO | bdc.consumidores | Iniciando processamento do arquivo INDEMIL RATING 23032026.xlsx em modo incremental.
2026-09-16 13:37:11 | INFO | bdc.consumidores | Extração competitiva: Vencedor padrao_2 identificado para INDEMIL RATING 23032026.xlsx.
2026-09-16 13:37:11 | INFO | bdc.consumidores | Registro normalizado (Entrada: 28, Saída: 30).
2026-09-16 13:37:11 | INFO | bdc.consumidores | Classificação documental para INDEMIL RATING 23032026.xlsx: tipo=>=5MWm analise=detalhada
2026-09-16 13:37:11 | INFO | bdc.consumidores | Iniciando validação unificada do registro. CNPJ=61887899000109
2026-09-16 13:37:11 | INFO | bdc.consumidores | Validação concluída. CNPJ=61887899000109 ERROS=0 AVISOS=0
2026-09-16 13:37:11 | INFO | bdc.consumidores | Validação condicional concluída para 61887899000109. Tipo=detalhada ERROS=0 AVISOS=0
2026-09-16 13:37:11 | INFO | bdc.consumidores | Iniciando processamento do arquivo INDUPA 14072025.xlsx em modo incremental.
2026-09-16 13:37:11 | INFO | bdc.consumidores | Extração competitiva: Vencedor padrao_1 identificado para INDUPA 14072025.xlsx.
2026-09-16 13:37:11 | INFO | bdc.consumidores | Registro normalizado (Entrada: 28, Saída: 30).
2026-09-16 13:37:11 | INFO | bdc.consumidores | Classificação documental para INDUPA 14072025.xlsx: tipo=>=5MWm analise=detalhada
2026-09-16 13:37:11 | INFO | bdc.consumidores | Iniciando validação unificada do registro. CNPJ=None
2026-09-16 13:37:11 | INFO | bdc.consumidores | Validação concluída. CNPJ=None ERROS=1 AVISOS=1
2026-09-16 13:37:11 | WARNING | bdc.consumidores | Erros de validação para CNPJ=None: ['GATE_ENGINE ausente: CNPJ']
2026-09-16 13:37:11 | INFO | bdc.consumidores | Validação condicional concluída para None. Tipo=detalhada ERROS=3 AVISOS=2
2026-09-16 13:37:11 | INFO | bdc.consumidores | Iniciando processamento do arquivo INDUPA 19052026.xlsx em modo incremental.
2026-09-16 13:37:12 | INFO | bdc.consumidores | Extração competitiva: Vencedor padrao_2 identificado para INDUPA 19052026.xlsx.
2026-09-16 13:37:12 | INFO | bdc.consumidores | Registro normalizado (Entrada: 28, Saída: 30).
2026-09-16 13:37:12 | INFO | bdc.consumidores | Classificação documental para INDUPA 19052026.xlsx: tipo=>=5MWm analise=detalhada
2026-09-16 13:37:12 | INFO | bdc.consumidores | Iniciando validação unificada do registro. CNPJ=61460325000141
2026-09-16 13:37:12 | INFO | bdc.consumidores | Validação concluída. CNPJ=61460325000141 ERROS=0 AVISOS=1
2026-09-16 13:37:12 | INFO | bdc.consumidores | Validação condicional concluída para 61460325000141. Tipo=detalhada ERROS=1 AVISOS=1
2026-09-16 13:37:12 | INFO | bdc.consumidores | Ficha processada com sucesso: INDUPA 19052026.xlsx.
2026-09-16 13:37:12 | INFO | bdc.consumidores | Iniciando processamento do arquivo INDUPA RATING 03112025.xlsx em modo incremental.
2026-09-16 13:37:12 | INFO | bdc.consumidores | Extração competitiva: Vencedor padrao_2 identificado para INDUPA RATING 03112025.xlsx.
2026-09-16 13:37:12 | INFO | bdc.consumidores | Registro normalizado (Entrada: 28, Saída: 30).
2026-09-16 13:37:12 | INFO | bdc.consumidores | Classificação documental para INDUPA RATING 03112025.xlsx: tipo=>=5MWm analise=detalhada
2026-09-16 13:37:12 | INFO | bdc.consumidores | Iniciando validação unificada do registro. CNPJ=61460325000141
2026-09-16 13:37:12 | INFO | bdc.consumidores | Validação concluída. CNPJ=61460325000141 ERROS=0 AVISOS=1
2026-09-16 13:37:12 | INFO | bdc.consumidores | Validação condicional concluída para 61460325000141. Tipo=detalhada ERROS=1 AVISOS=1
2026-09-16 13:37:12 | INFO | bdc.consumidores | Ficha processada com sucesso: INDUPA RATING 03112025.xlsx.
2026-09-16 13:37:12 | INFO | bdc.consumidores | Iniciando processamento do arquivo INDUSTRIA VIDREIRA DO NORDESTE RATING 04022026.xlsx em modo incremental.
2026-09-16 13:37:12 | INFO | bdc.consumidores | Extração competitiva: Vencedor padrao_2 identificado para INDUSTRIA VIDREIRA DO NORDESTE RATING 04022026.xlsx.
2026-09-16 13:37:12 | INFO | bdc.consumidores | Registro normalizado (Entrada: 28, Saída: 30).
2026-09-16 13:37:12 | INFO | bdc.consumidores | Classificação documental para INDUSTRIA VIDREIRA DO NORDESTE RATING 04022026.xlsx: tipo=>=5MWm analise=detalhada
2026-09-16 13:37:12 | INFO | bdc.consumidores | Iniciando validação unificada do registro. CNPJ=16433626000121
2026-09-16 13:37:12 | INFO | bdc.consumidores | Validação concluída. CNPJ=16433626000121 ERROS=0 AVISOS=0
2026-09-16 13:37:12 | INFO | bdc.consumidores | Validação condicional concluída para 16433626000121. Tipo=detalhada ERROS=0 AVISOS=0
2026-09-16 13:37:12 | INFO | bdc.consumidores | Ficha processada com sucesso: INDUSTRIA VIDREIRA DO NORDESTE RATING 04022026.xlsx.
2026-09-16 13:37:12 | INFO | bdc.consumidores | Iniciando processamento do arquivo INPASA RATING 10122025.xlsx em modo incremental.
2026-09-16 13:37:12 | INFO | bdc.consumidores | Extração competitiva: Vencedor padrao_2 identificado para INPASA RATING 10122025.xlsx.
2026-09-16 13:37:12 | INFO | bdc.consumidores | Registro normalizado (Entrada: 28, Saída: 30).
2026-09-16 13:37:12 | INFO | bdc.consumidores | Classificação documental para INPASA RATING 10122025.xlsx: tipo=>=5MWm analise=detalhada
2026-09-16 13:37:12 | INFO | bdc.consumidores | Iniciando validação unificada do registro. CNPJ=29316596000115
2026-09-16 13:37:12 | INFO | bdc.consumidores | Validação concluída. CNPJ=29316596000115 ERROS=0 AVISOS=1
2026-09-16 13:37:12 | INFO | bdc.consumidores | Validação condicional concluída para 29316596000115. Tipo=detalhada ERROS=0 AVISOS=1
2026-09-16 13:37:12 | INFO | bdc.consumidores | Ficha processada com sucesso: INPASA RATING 10122025.xlsx.
2026-09-16 13:37:12 | INFO | bdc.consumidores | Iniciando processamento do arquivo INTERCEMENT - 08072025.xlsx em modo incremental.
2026-09-16 13:37:12 | INFO | bdc.consumidores | Extração competitiva: Vencedor padrao_1 identificado para INTERCEMENT - 08072025.xlsx.
2026-09-16 13:37:12 | INFO | bdc.consumidores | Registro normalizado (Entrada: 28, Saída: 30).
2026-09-16 13:37:12 | INFO | bdc.consumidores | Classificação documental para INTERCEMENT - 08072025.xlsx: tipo=<5MWm analise=simplificada
2026-09-16 13:37:12 | INFO | bdc.consumidores | Iniciando validação unificada do registro. CNPJ=62258884000136
2026-09-16 13:37:12 | INFO | bdc.consumidores | Validação concluída. CNPJ=62258884000136 ERROS=0 AVISOS=0
2026-09-16 13:37:12 | INFO | bdc.consumidores | Validação condicional concluída para 62258884000136. Tipo=simplificada ERROS=1 AVISOS=1
2026-09-16 13:37:12 | INFO | bdc.consumidores | Ficha processada com sucesso: INTERCEMENT - 08072025.xlsx.
2026-09-16 13:37:12 | INFO | bdc.consumidores | Iniciando processamento do arquivo INTERCEMENT RATING 13102025.xlsx em modo incremental.
2026-09-16 13:37:12 | INFO | bdc.consumidores | Extração competitiva: Vencedor padrao_1 identificado para INTERCEMENT RATING 13102025.xlsx.
2026-09-16 13:37:12 | INFO | bdc.consumidores | Registro normalizado (Entrada: 28, Saída: 30).
2026-09-16 13:37:12 | INFO | bdc.consumidores | Classificação documental para INTERCEMENT RATING 13102025.xlsx: tipo=<5MWm analise=simplificada
2026-09-16 13:37:12 | INFO | bdc.consumidores | Iniciando validação unificada do registro. CNPJ=None
2026-09-16 13:37:12 | INFO | bdc.consumidores | Validação concluída. CNPJ=None ERROS=3 AVISOS=0
2026-09-16 13:37:12 | WARNING | bdc.consumidores | Erros de validação para CNPJ=None: ['GATE_ENGINE ausente: CNPJ', 'GATE_ENGINE ausente: EMPRESA', 'GATE_ENGINE ausente: DATA_DEMONSTRACAO_FINANCEIRA']
2026-09-16 13:37:12 | INFO | bdc.consumidores | Validação condicional concluída para None. Tipo=simplificada ERROS=4 AVISOS=1
2026-09-16 13:37:12 | INFO | bdc.consumidores | Iniciando processamento do arquivo INTERCEMENT RATING 19032026.xlsx em modo incremental.
2026-09-16 13:37:12 | INFO | bdc.consumidores | Extração competitiva: Vencedor padrao_2 identificado para INTERCEMENT RATING 19032026.xlsx.
2026-09-16 13:37:13 | INFO | bdc.consumidores | Registro normalizado (Entrada: 28, Saída: 30).
2026-09-16 13:37:13 | INFO | bdc.consumidores | Classificação documental para INTERCEMENT RATING 19032026.xlsx: tipo=>=5MWm analise=detalhada
2026-09-16 13:37:13 | INFO | bdc.consumidores | Iniciando validação unificada do registro. CNPJ=62258884000136
2026-09-16 13:37:13 | INFO | bdc.consumidores | Validação concluída. CNPJ=62258884000136 ERROS=0 AVISOS=1
2026-09-16 13:37:13 | INFO | bdc.consumidores | Validação condicional concluída para 62258884000136. Tipo=detalhada ERROS=0 AVISOS=1
2026-09-16 13:37:13 | INFO | bdc.consumidores | Ficha processada com sucesso: INTERCEMENT RATING 19032026.xlsx.
2026-09-16 13:37:13 | INFO | bdc.consumidores | Iniciando processamento do arquivo IPIRANGA AGROINDUSTRIAL 0605026.xlsx em modo incremental.
2026-09-16 13:37:13 | INFO | bdc.consumidores | Extração competitiva: Vencedor padrao_2 identificado para IPIRANGA AGROINDUSTRIAL 0605026.xlsx.
2026-09-16 13:37:13 | INFO | bdc.consumidores | Registro normalizado (Entrada: 28, Saída: 30).
2026-09-16 13:37:13 | INFO | bdc.consumidores | Classificação documental para IPIRANGA AGROINDUSTRIAL 0605026.xlsx: tipo=>=5MWm analise=detalhada
2026-09-16 13:37:13 | INFO | bdc.consumidores | Iniciando validação unificada do registro. CNPJ=07280328001804
2026-09-16 13:37:13 | INFO | bdc.consumidores | Validação concluída. CNPJ=07280328001804 ERROS=0 AVISOS=1
2026-09-16 13:37:13 | INFO | bdc.consumidores | Validação condicional concluída para 07280328001804. Tipo=detalhada ERROS=0 AVISOS=1
2026-09-16 13:37:13 | INFO | bdc.consumidores | Ficha processada com sucesso: IPIRANGA AGROINDUSTRIAL 0605026.xlsx.
2026-09-16 13:37:13 | INFO | bdc.consumidores | Iniciando processamento do arquivo IRANI_07-07-2022.xlsx em modo incremental.
2026-09-16 13:37:13 | INFO | bdc.consumidores | Extração competitiva: Vencedor padrao_1 identificado para IRANI_07-07-2022.xlsx.
2026-09-16 13:37:13 | INFO | bdc.consumidores | Registro normalizado (Entrada: 28, Saída: 30).
2026-09-16 13:37:13 | INFO | bdc.consumidores | Classificação documental para IRANI_07-07-2022.xlsx: tipo=>=5MWm analise=detalhada
2026-09-16 13:37:13 | INFO | bdc.consumidores | Iniciando validação unificada do registro. CNPJ=92791243000103
2026-09-16 13:37:13 | INFO | bdc.consumidores | Validação concluída. CNPJ=92791243000103 ERROS=0 AVISOS=1
2026-09-16 13:37:13 | INFO | bdc.consumidores | Validação condicional concluída para 92791243000103. Tipo=detalhada ERROS=2 AVISOS=2
2026-09-16 13:37:13 | INFO | bdc.consumidores | Ficha processada com sucesso: IRANI_07-07-2022.xlsx.
2026-09-16 13:37:13 | INFO | bdc.consumidores | Iniciando processamento do arquivo IRGOVEL 28072026.xlsx em modo incremental.
2026-09-16 13:37:13 | INFO | bdc.consumidores | Extração competitiva: Vencedor padrao_1 identificado para IRGOVEL 28072026.xlsx.
2026-09-16 13:37:13 | INFO | bdc.consumidores | Registro normalizado (Entrada: 28, Saída: 30).
2026-09-16 13:37:13 | INFO | bdc.consumidores | Classificação documental para IRGOVEL 28072026.xlsx: tipo=<5MWm analise=simplificada
2026-09-16 13:37:13 | INFO | bdc.consumidores | Iniciando validação unificada do registro. CNPJ=None
2026-09-16 13:37:13 | INFO | bdc.consumidores | Validação concluída. CNPJ=None ERROS=3 AVISOS=0
2026-09-16 13:37:13 | WARNING | bdc.consumidores | Erros de validação para CNPJ=None: ['GATE_ENGINE ausente: CNPJ', 'GATE_ENGINE ausente: EMPRESA', 'GATE_ENGINE ausente: DATA_DEMONSTRACAO_FINANCEIRA']
2026-09-16 13:37:13 | INFO | bdc.consumidores | Validação condicional concluída para None. Tipo=simplificada ERROS=4 AVISOS=1
2026-09-16 13:37:13 | INFO | bdc.consumidores | Iniciando processamento do arquivo ITAMBE CIMENTOS 24072026.xlsx em modo incremental.
2026-09-16 13:37:13 | INFO | bdc.consumidores | Extração competitiva: Vencedor padrao_2 identificado para ITAMBE CIMENTOS 24072026.xlsx.
2026-09-16 13:37:13 | INFO | bdc.consumidores | Registro normalizado (Entrada: 28, Saída: 30).
2026-09-16 13:37:13 | INFO | bdc.consumidores | Classificação documental para ITAMBE CIMENTOS 24072026.xlsx: tipo=<5MWm analise=simplificada
2026-09-16 13:37:13 | INFO | bdc.consumidores | Iniciando validação unificada do registro. CNPJ=76630573000160
2026-09-16 13:37:13 | INFO | bdc.consumidores | Validação concluída. CNPJ=76630573000160 ERROS=0 AVISOS=0
2026-09-16 13:37:13 | INFO | bdc.consumidores | Validação condicional concluída para 76630573000160. Tipo=simplificada ERROS=1 AVISOS=1
2026-09-16 13:37:13 | INFO | bdc.consumidores | Ficha processada com sucesso: ITAMBE CIMENTOS 24072026.xlsx.
2026-09-16 13:37:13 | INFO | bdc.consumidores | Iniciando processamento do arquivo ITAMBE ENERGETICA SA 18082025.xlsx em modo incremental.
2026-09-16 13:37:13 | INFO | bdc.consumidores | Extração competitiva: Vencedor padrao_1 identificado para ITAMBE ENERGETICA SA 18082025.xlsx.
2026-09-16 13:37:13 | INFO | bdc.consumidores | Registro normalizado (Entrada: 28, Saída: 30).
2026-09-16 13:37:13 | INFO | bdc.consumidores | Classificação documental para ITAMBE ENERGETICA SA 18082025.xlsx: tipo=<5MWm analise=simplificada
2026-09-16 13:37:13 | INFO | bdc.consumidores | Iniciando validação unificada do registro. CNPJ=76630573000160
2026-09-16 13:37:13 | INFO | bdc.consumidores | Validação concluída. CNPJ=76630573000160 ERROS=0 AVISOS=0
2026-09-16 13:37:13 | INFO | bdc.consumidores | Validação condicional concluída para 76630573000160. Tipo=simplificada ERROS=1 AVISOS=1
2026-09-16 13:37:13 | INFO | bdc.consumidores | Ficha processada com sucesso: ITAMBE ENERGETICA SA 18082025.xlsx.
2026-09-16 13:37:13 | INFO | bdc.consumidores | Iniciando processamento do arquivo ITAMBE MATRIZ - 17092025.xlsx em modo incremental.
2026-09-16 13:37:13 | INFO | bdc.consumidores | Extração competitiva: Vencedor padrao_1 identificado para ITAMBE MATRIZ - 17092025.xlsx.
2026-09-16 13:37:14 | INFO | bdc.consumidores | Registro normalizado (Entrada: 28, Saída: 30).
2026-09-16 13:37:14 | INFO | bdc.consumidores | Classificação documental para ITAMBE MATRIZ - 17092025.xlsx: tipo=>=5MWm analise=detalhada
2026-09-16 13:37:14 | INFO | bdc.consumidores | Iniciando validação unificada do registro. CNPJ=76630573000160
2026-09-16 13:37:14 | INFO | bdc.consumidores | Validação concluída. CNPJ=76630573000160 ERROS=0 AVISOS=0
2026-09-16 13:37:14 | INFO | bdc.consumidores | Validação condicional concluída para 76630573000160. Tipo=detalhada ERROS=2 AVISOS=1
2026-09-16 13:37:14 | INFO | bdc.consumidores | Iniciando processamento do arquivo ITAMBE MATRIZ RATING 16102025.xlsx em modo incremental.
2026-09-16 13:37:14 | INFO | bdc.consumidores | Extração competitiva: Vencedor padrao_2 identificado para ITAMBE MATRIZ RATING 16102025.xlsx.
2026-09-16 13:37:14 | INFO | bdc.consumidores | Registro normalizado (Entrada: 28, Saída: 30).
2026-09-16 13:37:14 | INFO | bdc.consumidores | Classificação documental para ITAMBE MATRIZ RATING 16102025.xlsx: tipo=>=5MWm analise=detalhada
2026-09-16 13:37:14 | INFO | bdc.consumidores | Iniciando validação unificada do registro. CNPJ=76630573000160
2026-09-16 13:37:14 | INFO | bdc.consumidores | Validação concluída. CNPJ=76630573000160 ERROS=0 AVISOS=0
2026-09-16 13:37:14 | INFO | bdc.consumidores | Validação condicional concluída para 76630573000160. Tipo=detalhada ERROS=0 AVISOS=0
2026-09-16 13:37:14 | INFO | bdc.consumidores | Iniciando processamento do arquivo Incepa 20052024.xlsx em modo incremental.
2026-09-16 13:37:14 | INFO | bdc.consumidores | Extração competitiva: Vencedor padrao_1 identificado para Incepa 20052024.xlsx.
2026-09-16 13:37:14 | INFO | bdc.consumidores | Registro normalizado (Entrada: 28, Saída: 30).
2026-09-16 13:37:14 | INFO | bdc.consumidores | Classificação documental para Incepa 20052024.xlsx: tipo=>=5MWm analise=detalhada
2026-09-16 13:37:14 | INFO | bdc.consumidores | Iniciando validação unificada do registro. CNPJ=76610062000187
2026-09-16 13:37:14 | INFO | bdc.consumidores | Validação concluída. CNPJ=76610062000187 ERROS=1 AVISOS=1
2026-09-16 13:37:14 | WARNING | bdc.consumidores | Erros de validação para CNPJ=76610062000187: ['GATE_ENGINE ausente: DATA_DEMONSTRACAO_FINANCEIRA']
2026-09-16 13:37:14 | INFO | bdc.consumidores | Validação condicional concluída para 76610062000187. Tipo=detalhada ERROS=3 AVISOS=2
2026-09-16 13:37:14 | INFO | bdc.consumidores | Iniciando processamento do arquivo InterCement_20_10_2022.xlsx em modo incremental.
2026-09-16 13:37:14 | INFO | bdc.consumidores | Extração competitiva: Vencedor padrao_1 identificado para InterCement_20_10_2022.xlsx.
2026-09-16 13:37:14 | INFO | bdc.consumidores | Registro normalizado (Entrada: 28, Saída: 30).
2026-09-16 13:37:14 | INFO | bdc.consumidores | Classificação documental para InterCement_20_10_2022.xlsx: tipo=>=5MWm analise=detalhada
2026-09-16 13:37:14 | INFO | bdc.consumidores | Iniciando validação unificada do registro. CNPJ=62258884000136
2026-09-16 13:37:14 | INFO | bdc.consumidores | Validação concluída. CNPJ=62258884000136 ERROS=0 AVISOS=1
2026-09-16 13:37:14 | INFO | bdc.consumidores | Validação condicional concluída para 62258884000136. Tipo=detalhada ERROS=2 AVISOS=2
2026-09-16 13:37:14 | INFO | bdc.consumidores | Ficha processada com sucesso: InterCement_20_10_2022.xlsx.
2026-09-16 13:37:14 | INFO | bdc.consumidores | Iniciando processamento do arquivo Intercast - Avaliação Middle.xlsx em modo incremental.
2026-09-16 13:37:14 | INFO | bdc.consumidores | Extração competitiva: Vencedor padrao_1 identificado para Intercast - Avaliação Middle.xlsx.
2026-09-16 13:37:14 | INFO | bdc.consumidores | Registro normalizado (Entrada: 28, Saída: 30).
2026-09-16 13:37:14 | INFO | bdc.consumidores | Classificação documental para Intercast - Avaliação Middle.xlsx: tipo=>=5MWm analise=detalhada
2026-09-16 13:37:14 | INFO | bdc.consumidores | Iniciando validação unificada do registro. CNPJ=02326750000183
2026-09-16 13:37:14 | INFO | bdc.consumidores | Validação concluída. CNPJ=02326750000183 ERROS=0 AVISOS=1
2026-09-16 13:37:14 | INFO | bdc.consumidores | Validação condicional concluída para 02326750000183. Tipo=detalhada ERROS=2 AVISOS=2
2026-09-16 13:37:14 | INFO | bdc.consumidores | Ficha processada com sucesso: Intercast - Avaliação Middle.xlsx.
2026-09-16 13:37:14 | INFO | bdc.consumidores | Iniciando processamento do arquivo Itambe 03042024.xlsx em modo incremental.
2026-09-16 13:37:14 | INFO | bdc.consumidores | Extração competitiva: Vencedor padrao_1 identificado para Itambe 03042024.xlsx.
2026-09-16 13:37:14 | INFO | bdc.consumidores | Registro normalizado (Entrada: 28, Saída: 30).
2026-09-16 13:37:14 | INFO | bdc.consumidores | Classificação documental para Itambe 03042024.xlsx: tipo=>=5MWm analise=detalhada
2026-09-16 13:37:14 | INFO | bdc.consumidores | Iniciando validação unificada do registro. CNPJ=76630573000160
2026-09-16 13:37:14 | INFO | bdc.consumidores | Validação concluída. CNPJ=76630573000160 ERROS=0 AVISOS=0
2026-09-16 13:37:14 | INFO | bdc.consumidores | Validação condicional concluída para 76630573000160. Tipo=detalhada ERROS=2 AVISOS=1
2026-09-16 13:37:14 | INFO | bdc.consumidores | Ficha processada com sucesso: Itambe 03042024.xlsx.
2026-09-16 13:37:14 | INFO | bdc.consumidores | Iniciando processamento do arquivo JAGUAFRANGOS 08012024.xlsx em modo incremental.
2026-09-16 13:37:14 | INFO | bdc.consumidores | Extração competitiva: Vencedor padrao_1 identificado para JAGUAFRANGOS 08012024.xlsx.
2026-09-16 13:37:14 | INFO | bdc.consumidores | Registro normalizado (Entrada: 28, Saída: 30).
2026-09-16 13:37:14 | INFO | bdc.consumidores | Classificação documental para JAGUAFRANGOS 08012024.xlsx: tipo=>=5MWm analise=detalhada
2026-09-16 13:37:14 | INFO | bdc.consumidores | Iniciando validação unificada do registro. CNPJ=85090033000122
2026-09-16 13:37:14 | INFO | bdc.consumidores | Validação concluída. CNPJ=85090033000122 ERROS=0 AVISOS=1
2026-09-16 13:37:14 | INFO | bdc.consumidores | Validação condicional concluída para 85090033000122. Tipo=detalhada ERROS=2 AVISOS=2
2026-09-16 13:37:15 | INFO | bdc.consumidores | Ficha processada com sucesso: JAGUAFRANGOS 08012024.xlsx.
2026-09-16 13:37:15 | INFO | bdc.consumidores | Iniciando processamento do arquivo JBS 11012024.xlsx em modo incremental.
2026-09-16 13:37:15 | INFO | bdc.consumidores | Extração competitiva: Vencedor padrao_1 identificado para JBS 11012024.xlsx.
2026-09-16 13:37:15 | INFO | bdc.consumidores | Registro normalizado (Entrada: 28, Saída: 30).
2026-09-16 13:37:15 | INFO | bdc.consumidores | Classificação documental para JBS 11012024.xlsx: tipo=>=5MWm analise=detalhada
2026-09-16 13:37:15 | INFO | bdc.consumidores | Iniciando validação unificada do registro. CNPJ=02916265000160
2026-09-16 13:37:15 | INFO | bdc.consumidores | Validação concluída. CNPJ=02916265000160 ERROS=0 AVISOS=0
2026-09-16 13:37:15 | INFO | bdc.consumidores | Validação condicional concluída para 02916265000160. Tipo=detalhada ERROS=3 AVISOS=1
2026-09-16 13:37:15 | INFO | bdc.consumidores | Ficha processada com sucesso: JBS 11012024.xlsx.
2026-09-16 13:37:15 | INFO | bdc.consumidores | Iniciando processamento do arquivo JBS 13052026.xlsx em modo incremental.
2026-09-16 13:37:15 | INFO | bdc.consumidores | Extração competitiva: Vencedor padrao_2 identificado para JBS 13052026.xlsx.
2026-09-16 13:37:15 | INFO | bdc.consumidores | Registro normalizado (Entrada: 28, Saída: 30).
2026-09-16 13:37:15 | INFO | bdc.consumidores | Classificação documental para JBS 13052026.xlsx: tipo=>=5MWm analise=detalhada
2026-09-16 13:37:15 | INFO | bdc.consumidores | Iniciando validação unificada do registro. CNPJ=02916265000160
2026-09-16 13:37:15 | INFO | bdc.consumidores | Validação concluída. CNPJ=02916265000160 ERROS=0 AVISOS=1
2026-09-16 13:37:15 | INFO | bdc.consumidores | Validação condicional concluída para 02916265000160. Tipo=detalhada ERROS=0 AVISOS=1
2026-09-16 13:37:15 | INFO | bdc.consumidores | Ficha processada com sucesso: JBS 13052026.xlsx.
2026-09-16 13:37:15 | INFO | bdc.consumidores | Iniciando processamento do arquivo JBS SA - 08072025.xlsx em modo incremental.
2026-09-16 13:37:15 | INFO | bdc.consumidores | Extração competitiva: Vencedor padrao_1 identificado para JBS SA - 08072025.xlsx.
2026-09-16 13:37:15 | INFO | bdc.consumidores | Registro normalizado (Entrada: 28, Saída: 30).
2026-09-16 13:37:15 | INFO | bdc.consumidores | Classificação documental para JBS SA - 08072025.xlsx: tipo=>=5MWm analise=detalhada
2026-09-16 13:37:15 | INFO | bdc.consumidores | Iniciando validação unificada do registro. CNPJ=02916265000160
2026-09-16 13:37:15 | INFO | bdc.consumidores | Validação concluída. CNPJ=02916265000160 ERROS=0 AVISOS=1
2026-09-16 13:37:15 | INFO | bdc.consumidores | Validação condicional concluída para 02916265000160. Tipo=detalhada ERROS=2 AVISOS=2
2026-09-16 13:37:15 | INFO | bdc.consumidores | Ficha processada com sucesso: JBS SA - 08072025.xlsx.
2026-09-16 13:37:15 | INFO | bdc.consumidores | Iniciando processamento do arquivo JBS SA RATING 06112025.xlsx em modo incremental.
2026-09-16 13:37:15 | INFO | bdc.consumidores | Extração competitiva: Vencedor padrao_2 identificado para JBS SA RATING 06112025.xlsx.
2026-09-16 13:37:15 | INFO | bdc.consumidores | Registro normalizado (Entrada: 28, Saída: 30).
2026-09-16 13:37:15 | INFO | bdc.consumidores | Classificação documental para JBS SA RATING 06112025.xlsx: tipo=>=5MWm analise=detalhada
2026-09-16 13:37:15 | INFO | bdc.consumidores | Iniciando validação unificada do registro. CNPJ=02916265000160
2026-09-16 13:37:15 | INFO | bdc.consumidores | Validação concluída. CNPJ=02916265000160 ERROS=0 AVISOS=1
2026-09-16 13:37:15 | INFO | bdc.consumidores | Validação condicional concluída para 02916265000160. Tipo=detalhada ERROS=1 AVISOS=1
2026-09-16 13:37:15 | INFO | bdc.consumidores | Iniciando processamento do arquivo JBSFILIAL_01102024.xlsx em modo incremental.
2026-09-16 13:37:15 | INFO | bdc.consumidores | Extração competitiva: Vencedor padrao_1 identificado para JBSFILIAL_01102024.xlsx.
2026-09-16 13:37:15 | INFO | bdc.consumidores | Registro normalizado (Entrada: 28, Saída: 30).
2026-09-16 13:37:15 | INFO | bdc.consumidores | Classificação documental para JBSFILIAL_01102024.xlsx: tipo=>=5MWm analise=detalhada
2026-09-16 13:37:15 | INFO | bdc.consumidores | Iniciando validação unificada do registro. CNPJ=02916265037322
2026-09-16 13:37:15 | INFO | bdc.consumidores | Validação concluída. CNPJ=02916265037322 ERROS=0 AVISOS=0
2026-09-16 13:37:15 | INFO | bdc.consumidores | Validação condicional concluída para 02916265037322. Tipo=detalhada ERROS=3 AVISOS=1
2026-09-16 13:37:15 | INFO | bdc.consumidores | Ficha processada com sucesso: JBSFILIAL_01102024.xlsx.
2026-09-16 13:37:15 | INFO | bdc.consumidores | Iniciando processamento do arquivo Jacobina Mineração_24_02_2023.xlsx em modo incremental.
2026-09-16 13:37:15 | INFO | bdc.consumidores | Extração competitiva: Vencedor padrao_1 identificado para Jacobina Mineração_24_02_2023.xlsx.
2026-09-16 13:37:15 | INFO | bdc.consumidores | Registro normalizado (Entrada: 28, Saída: 30).
2026-09-16 13:37:15 | INFO | bdc.consumidores | Classificação documental para Jacobina Mineração_24_02_2023.xlsx: tipo=>=5MWm analise=detalhada
2026-09-16 13:37:15 | INFO | bdc.consumidores | Iniciando validação unificada do registro. CNPJ=42463174000130
2026-09-16 13:37:15 | INFO | bdc.consumidores | Validação concluída. CNPJ=42463174000130 ERROS=0 AVISOS=1
2026-09-16 13:37:15 | INFO | bdc.consumidores | Validação condicional concluída para 42463174000130. Tipo=detalhada ERROS=2 AVISOS=2
2026-09-16 13:37:15 | INFO | bdc.consumidores | Ficha processada com sucesso: Jacobina Mineração_24_02_2023.xlsx.
2026-09-16 13:37:15 | INFO | bdc.consumidores | Iniciando processamento do arquivo Jardim Botânico Participações 28-10-2025.xlsx em modo incremental.
2026-09-16 13:37:15 | INFO | bdc.consumidores | Extração competitiva: Vencedor padrao_2 identificado para Jardim Botânico Participações 28-10-2025.xlsx.
2026-09-16 13:37:16 | INFO | bdc.consumidores | Registro normalizado (Entrada: 28, Saída: 30).
2026-09-16 13:37:16 | INFO | bdc.consumidores | Classificação documental para Jardim Botânico Participações 28-10-2025.xlsx: tipo=>=5MWm analise=detalhada
2026-09-16 13:37:16 | INFO | bdc.consumidores | Iniciando validação unificada do registro. CNPJ=24550050000100
2026-09-16 13:37:16 | INFO | bdc.consumidores | Validação concluída. CNPJ=24550050000100 ERROS=0 AVISOS=0
2026-09-16 13:37:16 | INFO | bdc.consumidores | Validação condicional concluída para 24550050000100. Tipo=detalhada ERROS=0 AVISOS=0
2026-09-16 13:37:16 | INFO | bdc.consumidores | Ficha processada com sucesso: Jardim Botânico Participações 28-10-2025.xlsx.
2026-09-16 13:37:16 | INFO | bdc.consumidores | Iniciando processamento do arquivo KARSTEN - 15.07.2024.xlsx em modo incremental.
2026-09-16 13:37:16 | INFO | bdc.consumidores | Extração competitiva: Vencedor padrao_1 identificado para KARSTEN - 15.07.2024.xlsx.
2026-09-16 13:37:16 | INFO | bdc.consumidores | Registro normalizado (Entrada: 28, Saída: 30).
2026-09-16 13:37:16 | INFO | bdc.consumidores | Classificação documental para KARSTEN - 15.07.2024.xlsx: tipo=>=5MWm analise=detalhada
2026-09-16 13:37:16 | INFO | bdc.consumidores | Iniciando validação unificada do registro. CNPJ=82640558000104
2026-09-16 13:37:16 | INFO | bdc.consumidores | Validação concluída. CNPJ=82640558000104 ERROS=0 AVISOS=1
2026-09-16 13:37:16 | INFO | bdc.consumidores | Validação condicional concluída para 82640558000104. Tipo=detalhada ERROS=2 AVISOS=2
2026-09-16 13:37:16 | INFO | bdc.consumidores | Ficha processada com sucesso: KARSTEN - 15.07.2024.xlsx.
2026-09-16 13:37:16 | INFO | bdc.consumidores | Iniciando processamento do arquivo KARSTEN SA 09102025.xlsx em modo incremental.
2026-09-16 13:37:16 | INFO | bdc.consumidores | Extração competitiva: Vencedor padrao_1 identificado para KARSTEN SA 09102025.xlsx.
2026-09-16 13:37:16 | INFO | bdc.consumidores | Registro normalizado (Entrada: 28, Saída: 30).
2026-09-16 13:37:16 | INFO | bdc.consumidores | Classificação documental para KARSTEN SA 09102025.xlsx: tipo=<5MWm analise=simplificada
2026-09-16 13:37:16 | INFO | bdc.consumidores | Iniciando validação unificada do registro. CNPJ=None
2026-09-16 13:37:16 | INFO | bdc.consumidores | Validação concluída. CNPJ=None ERROS=3 AVISOS=0
2026-09-16 13:37:16 | WARNING | bdc.consumidores | Erros de validação para CNPJ=None: ['GATE_ENGINE ausente: CNPJ', 'GATE_ENGINE ausente: EMPRESA', 'GATE_ENGINE ausente: DATA_DEMONSTRACAO_FINANCEIRA']
2026-09-16 13:37:16 | INFO | bdc.consumidores | Validação condicional concluída para None. Tipo=simplificada ERROS=4 AVISOS=1
2026-09-16 13:37:16 | INFO | bdc.consumidores | Iniciando processamento do arquivo KINROSS 28102025.xlsx em modo incremental.
2026-09-16 13:37:16 | INFO | bdc.consumidores | Extração competitiva: Vencedor padrao_2 identificado para KINROSS 28102025.xlsx.
2026-09-16 13:37:16 | INFO | bdc.consumidores | Registro normalizado (Entrada: 28, Saída: 30).
2026-09-16 13:37:16 | INFO | bdc.consumidores | Classificação documental para KINROSS 28102025.xlsx: tipo=>=5MWm analise=detalhada
2026-09-16 13:37:16 | INFO | bdc.consumidores | Iniciando validação unificada do registro. CNPJ=20346524000146
2026-09-16 13:37:16 | INFO | bdc.consumidores | Validação concluída. CNPJ=20346524000146 ERROS=0 AVISOS=1
2026-09-16 13:37:16 | INFO | bdc.consumidores | Validação condicional concluída para 20346524000146. Tipo=detalhada ERROS=0 AVISOS=1
2026-09-16 13:37:16 | INFO | bdc.consumidores | Ficha processada com sucesso: KINROSS 28102025.xlsx.
2026-09-16 13:37:16 | INFO | bdc.consumidores | Iniciando processamento do arquivo KLABIN 15052026.xlsx em modo incremental.
2026-09-16 13:37:16 | INFO | bdc.consumidores | Extração competitiva: Vencedor padrao_2 identificado para KLABIN 15052026.xlsx.
2026-09-16 13:37:16 | INFO | bdc.consumidores | Registro normalizado (Entrada: 28, Saída: 30).
2026-09-16 13:37:16 | INFO | bdc.consumidores | Classificação documental para KLABIN 15052026.xlsx: tipo=>=5MWm analise=detalhada
2026-09-16 13:37:16 | INFO | bdc.consumidores | Iniciando validação unificada do registro. CNPJ=89637490000145
2026-09-16 13:37:16 | INFO | bdc.consumidores | Validação concluída. CNPJ=89637490000145 ERROS=0 AVISOS=1
2026-09-16 13:37:16 | INFO | bdc.consumidores | Validação condicional concluída para 89637490000145. Tipo=detalhada ERROS=1 AVISOS=1
2026-09-16 13:37:16 | INFO | bdc.consumidores | Ficha processada com sucesso: KLABIN 15052026.xlsx.
2026-09-16 13:37:16 | INFO | bdc.consumidores | Iniciando processamento do arquivo KLABIN 18_02_2022.xlsx em modo incremental.
2026-09-16 13:37:16 | INFO | bdc.consumidores | Extração competitiva: Vencedor padrao_1 identificado para KLABIN 18_02_2022.xlsx.
2026-09-16 13:37:16 | INFO | bdc.consumidores | Registro normalizado (Entrada: 28, Saída: 30).
2026-09-16 13:37:16 | INFO | bdc.consumidores | Classificação documental para KLABIN 18_02_2022.xlsx: tipo=>=5MWm analise=detalhada
2026-09-16 13:37:16 | INFO | bdc.consumidores | Iniciando validação unificada do registro. CNPJ=89637490000145
2026-09-16 13:37:16 | INFO | bdc.consumidores | Validação concluída. CNPJ=89637490000145 ERROS=0 AVISOS=0
2026-09-16 13:37:16 | INFO | bdc.consumidores | Validação condicional concluída para 89637490000145. Tipo=detalhada ERROS=2 AVISOS=1
2026-09-16 13:37:16 | INFO | bdc.consumidores | Ficha processada com sucesso: KLABIN 18_02_2022.xlsx.
2026-09-16 13:37:16 | INFO | bdc.consumidores | Iniciando processamento do arquivo KORDSA_13032025.xlsx em modo incremental.
2026-09-16 13:37:17 | INFO | bdc.consumidores | Extração competitiva: Vencedor padrao_1 identificado para KORDSA_13032025.xlsx.
2026-09-16 13:37:17 | INFO | bdc.consumidores | Registro normalizado (Entrada: 28, Saída: 30).
2026-09-16 13:37:17 | INFO | bdc.consumidores | Classificação documental para KORDSA_13032025.xlsx: tipo=>=5MWm analise=detalhada
2026-09-16 13:37:17 | INFO | bdc.consumidores | Iniciando validação unificada do registro. CNPJ=13573332000107
2026-09-16 13:37:17 | INFO | bdc.consumidores | Validação concluída. CNPJ=13573332000107 ERROS=0 AVISOS=0
2026-09-16 13:37:17 | INFO | bdc.consumidores | Validação condicional concluída para 13573332000107. Tipo=detalhada ERROS=2 AVISOS=1
2026-09-16 13:37:17 | INFO | bdc.consumidores | Ficha processada com sucesso: KORDSA_13032025.xlsx.
2026-09-16 13:37:17 | INFO | bdc.consumidores | Iniciando processamento do arquivo KORDSA_20_04_2022.xlsx em modo incremental.
2026-09-16 13:37:17 | INFO | bdc.consumidores | Extração competitiva: Vencedor padrao_1 identificado para KORDSA_20_04_2022.xlsx.
2026-09-16 13:37:17 | INFO | bdc.consumidores | Registro normalizado (Entrada: 28, Saída: 30).
2026-09-16 13:37:17 | INFO | bdc.consumidores | Classificação documental para KORDSA_20_04_2022.xlsx: tipo=>=5MWm analise=detalhada
2026-09-16 13:37:17 | INFO | bdc.consumidores | Iniciando validação unificada do registro. CNPJ=13573332000107
2026-09-16 13:37:17 | INFO | bdc.consumidores | Validação concluída. CNPJ=13573332000107 ERROS=0 AVISOS=0
2026-09-16 13:37:17 | INFO | bdc.consumidores | Validação condicional concluída para 13573332000107. Tipo=detalhada ERROS=2 AVISOS=1
2026-09-16 13:37:17 | INFO | bdc.consumidores | Ficha processada com sucesso: KORDSA_20_04_2022.xlsx.
2026-09-16 13:37:17 | INFO | bdc.consumidores | Iniciando processamento do arquivo KRONA TUBOS e CONEXOES 28042025.xlsx em modo incremental.
2026-09-16 13:37:17 | INFO | bdc.consumidores | Extração competitiva: Vencedor padrao_1 identificado para KRONA TUBOS e CONEXOES 28042025.xlsx.
2026-09-16 13:37:17 | INFO | bdc.consumidores | Registro normalizado (Entrada: 28, Saída: 30).
2026-09-16 13:37:17 | INFO | bdc.consumidores | Classificação documental para KRONA TUBOS e CONEXOES 28042025.xlsx: tipo=>=5MWm analise=detalhada
2026-09-16 13:37:17 | INFO | bdc.consumidores | Iniciando validação unificada do registro. CNPJ=11907140000164
2026-09-16 13:37:17 | INFO | bdc.consumidores | Validação concluída. CNPJ=11907140000164 ERROS=0 AVISOS=0
2026-09-16 13:37:17 | INFO | bdc.consumidores | Validação condicional concluída para 11907140000164. Tipo=detalhada ERROS=2 AVISOS=1
2026-09-16 13:37:17 | INFO | bdc.consumidores | Ficha processada com sucesso: KRONA TUBOS e CONEXOES 28042025.xlsx.
2026-09-16 13:37:17 | INFO | bdc.consumidores | Iniciando processamento do arquivo Karsten 12_09_2022.xlsx em modo incremental.
2026-09-16 13:37:17 | INFO | bdc.consumidores | Extração competitiva: Vencedor padrao_1 identificado para Karsten 12_09_2022.xlsx.
2026-09-16 13:37:17 | INFO | bdc.consumidores | Registro normalizado (Entrada: 28, Saída: 30).
2026-09-16 13:37:17 | INFO | bdc.consumidores | Classificação documental para Karsten 12_09_2022.xlsx: tipo=>=5MWm analise=detalhada
2026-09-16 13:37:17 | INFO | bdc.consumidores | Iniciando validação unificada do registro. CNPJ=82640558000104
2026-09-16 13:37:17 | INFO | bdc.consumidores | Validação concluída. CNPJ=82640558000104 ERROS=0 AVISOS=0
2026-09-16 13:37:17 | INFO | bdc.consumidores | Validação condicional concluída para 82640558000104. Tipo=detalhada ERROS=2 AVISOS=1
2026-09-16 13:37:17 | INFO | bdc.consumidores | Ficha processada com sucesso: Karsten 12_09_2022.xlsx.
2026-09-16 13:37:17 | INFO | bdc.consumidores | Iniciando processamento do arquivo Kimberly-Clark análises.xlsx em modo incremental.
2026-09-16 13:37:17 | INFO | bdc.consumidores | Extração competitiva: Vencedor padrao_1 identificado para Kimberly-Clark análises.xlsx.
2026-09-16 13:37:17 | INFO | bdc.consumidores | Registro normalizado (Entrada: 28, Saída: 30).
2026-09-16 13:37:17 | INFO | bdc.consumidores | Classificação documental para Kimberly-Clark análises.xlsx: tipo=>=5MWm analise=detalhada
2026-09-16 13:37:17 | INFO | bdc.consumidores | Iniciando validação unificada do registro. CNPJ=02290277000121
2026-09-16 13:37:17 | INFO | bdc.consumidores | Validação concluída. CNPJ=02290277000121 ERROS=1 AVISOS=1
2026-09-16 13:37:17 | WARNING | bdc.consumidores | Erros de validação para CNPJ=02290277000121: ['GATE_ENGINE ausente: EMPRESA']
2026-09-16 13:37:17 | INFO | bdc.consumidores | Validação condicional concluída para 02290277000121. Tipo=detalhada ERROS=3 AVISOS=2
2026-09-16 13:37:17 | INFO | bdc.consumidores | Iniciando processamento do arquivo Klabin 03112023.xlsx em modo incremental.
2026-09-16 13:37:17 | INFO | bdc.consumidores | Extração competitiva: Vencedor padrao_1 identificado para Klabin 03112023.xlsx.
2026-09-16 13:37:17 | INFO | bdc.consumidores | Registro normalizado (Entrada: 28, Saída: 30).
2026-09-16 13:37:17 | INFO | bdc.consumidores | Classificação documental para Klabin 03112023.xlsx: tipo=>=5MWm analise=detalhada
2026-09-16 13:37:17 | INFO | bdc.consumidores | Iniciando validação unificada do registro. CNPJ=89637490000145
2026-09-16 13:37:17 | INFO | bdc.consumidores | Validação concluída. CNPJ=89637490000145 ERROS=1 AVISOS=1
2026-09-16 13:37:17 | WARNING | bdc.consumidores | Erros de validação para CNPJ=89637490000145: ['GATE_ENGINE ausente: DATA_DEMONSTRACAO_FINANCEIRA']
2026-09-16 13:37:17 | INFO | bdc.consumidores | Validação condicional concluída para 89637490000145. Tipo=detalhada ERROS=3 AVISOS=2
2026-09-16 13:37:17 | INFO | bdc.consumidores | Iniciando processamento do arquivo Klabin 12062024.xlsx em modo incremental.
2026-09-16 13:37:17 | INFO | bdc.consumidores | Extração competitiva: Vencedor padrao_1 identificado para Klabin 12062024.xlsx.
2026-09-16 13:37:17 | INFO | bdc.consumidores | Registro normalizado (Entrada: 28, Saída: 30).
2026-09-16 13:37:17 | INFO | bdc.consumidores | Classificação documental para Klabin 12062024.xlsx: tipo=>=5MWm analise=detalhada
2026-09-16 13:37:17 | INFO | bdc.consumidores | Iniciando validação unificada do registro. CNPJ=89637490000145
2026-09-16 13:37:17 | INFO | bdc.consumidores | Validação concluída. CNPJ=89637490000145 ERROS=0 AVISOS=1
2026-09-16 13:37:17 | INFO | bdc.consumidores | Validação condicional concluída para 89637490000145. Tipo=detalhada ERROS=2 AVISOS=2
2026-09-16 13:37:18 | INFO | bdc.consumidores | Ficha processada com sucesso: Klabin 12062024.xlsx.
2026-09-16 13:37:18 | INFO | bdc.consumidores | Iniciando processamento do arquivo Klabin 26032025.xlsx em modo incremental.
2026-09-16 13:37:18 | INFO | bdc.consumidores | Extração competitiva: Vencedor padrao_1 identificado para Klabin 26032025.xlsx.
2026-09-16 13:37:18 | INFO | bdc.consumidores | Registro normalizado (Entrada: 28, Saída: 30).
2026-09-16 13:37:18 | INFO | bdc.consumidores | Classificação documental para Klabin 26032025.xlsx: tipo=>=5MWm analise=detalhada
2026-09-16 13:37:18 | INFO | bdc.consumidores | Iniciando validação unificada do registro. CNPJ=89637490000145
2026-09-16 13:37:18 | INFO | bdc.consumidores | Validação concluída. CNPJ=89637490000145 ERROS=0 AVISOS=1
2026-09-16 13:37:18 | INFO | bdc.consumidores | Validação condicional concluída para 89637490000145. Tipo=detalhada ERROS=2 AVISOS=2
2026-09-16 13:37:18 | INFO | bdc.consumidores | Ficha processada com sucesso: Klabin 26032025.xlsx.
2026-09-16 13:37:18 | INFO | bdc.consumidores | Iniciando processamento do arquivo Klabin Rating 17102025.xlsx em modo incremental.
2026-09-16 13:37:18 | INFO | bdc.consumidores | Extração competitiva: Vencedor padrao_2 identificado para Klabin Rating 17102025.xlsx.
2026-09-16 13:37:18 | INFO | bdc.consumidores | Registro normalizado (Entrada: 28, Saída: 30).
2026-09-16 13:37:18 | INFO | bdc.consumidores | Classificação documental para Klabin Rating 17102025.xlsx: tipo=>=5MWm analise=detalhada
2026-09-16 13:37:18 | INFO | bdc.consumidores | Iniciando validação unificada do registro. CNPJ=89637490000145
2026-09-16 13:37:18 | INFO | bdc.consumidores | Validação concluída. CNPJ=89637490000145 ERROS=0 AVISOS=1
2026-09-16 13:37:18 | INFO | bdc.consumidores | Validação condicional concluída para 89637490000145. Tipo=detalhada ERROS=1 AVISOS=1
2026-09-16 13:37:18 | INFO | bdc.consumidores | Iniciando processamento do arquivo LAR COOPERATIVA 03072025.xlsx em modo incremental.
2026-09-16 13:37:18 | INFO | bdc.consumidores | Extração competitiva: Vencedor padrao_1 identificado para LAR COOPERATIVA 03072025.xlsx.
2026-09-16 13:37:18 | INFO | bdc.consumidores | Registro normalizado (Entrada: 28, Saída: 30).
2026-09-16 13:37:18 | INFO | bdc.consumidores | Classificação documental para LAR COOPERATIVA 03072025.xlsx: tipo=>=5MWm analise=detalhada
2026-09-16 13:37:18 | INFO | bdc.consumidores | Iniciando validação unificada do registro. CNPJ=77752293000198
2026-09-16 13:37:18 | INFO | bdc.consumidores | Validação concluída. CNPJ=77752293000198 ERROS=0 AVISOS=0
2026-09-16 13:37:18 | INFO | bdc.consumidores | Validação condicional concluída para 77752293000198. Tipo=detalhada ERROS=2 AVISOS=1
2026-09-16 13:37:18 | INFO | bdc.consumidores | Ficha processada com sucesso: LAR COOPERATIVA 03072025.xlsx.
2026-09-16 13:37:18 | INFO | bdc.consumidores | Iniciando processamento do arquivo LAR COOPERATIVA 07012024 v2.xlsx em modo incremental.
2026-09-16 13:37:18 | INFO | bdc.consumidores | Extração competitiva: Vencedor padrao_1 identificado para LAR COOPERATIVA 07012024 v2.xlsx.
2026-09-16 13:37:18 | INFO | bdc.consumidores | Registro normalizado (Entrada: 28, Saída: 30).
2026-09-16 13:37:18 | INFO | bdc.consumidores | Classificação documental para LAR COOPERATIVA 07012024 v2.xlsx: tipo=>=5MWm analise=detalhada
2026-09-16 13:37:18 | INFO | bdc.consumidores | Iniciando validação unificada do registro. CNPJ=77752293000198
2026-09-16 13:37:18 | INFO | bdc.consumidores | Validação concluída. CNPJ=77752293000198 ERROS=0 AVISOS=0
2026-09-16 13:37:18 | INFO | bdc.consumidores | Validação condicional concluída para 77752293000198. Tipo=detalhada ERROS=2 AVISOS=1
2026-09-16 13:37:18 | INFO | bdc.consumidores | Ficha processada com sucesso: LAR COOPERATIVA 07012024 v2.xlsx.
2026-09-16 13:37:18 | INFO | bdc.consumidores | Iniciando processamento do arquivo LAR COOPERATIVA RATING 18112025.xlsx em modo incremental.
2026-09-16 13:37:18 | INFO | bdc.consumidores | Extração competitiva: Vencedor padrao_2 identificado para LAR COOPERATIVA RATING 18112025.xlsx.
2026-09-16 13:37:18 | INFO | bdc.consumidores | Registro normalizado (Entrada: 28, Saída: 30).
2026-09-16 13:37:18 | INFO | bdc.consumidores | Classificação documental para LAR COOPERATIVA RATING 18112025.xlsx: tipo=>=5MWm analise=detalhada
2026-09-16 13:37:18 | INFO | bdc.consumidores | Iniciando validação unificada do registro. CNPJ=77752293000198
2026-09-16 13:37:18 | INFO | bdc.consumidores | Validação concluída. CNPJ=77752293000198 ERROS=0 AVISOS=0
2026-09-16 13:37:18 | INFO | bdc.consumidores | Validação condicional concluída para 77752293000198. Tipo=detalhada ERROS=1 AVISOS=0
2026-09-16 13:37:18 | INFO | bdc.consumidores | Iniciando processamento do arquivo LAVANDERIA JUSSARA 05052026.xlsx em modo incremental.
2026-09-16 13:37:18 | INFO | bdc.consumidores | Extração competitiva: Vencedor padrao_1 identificado para LAVANDERIA JUSSARA 05052026.xlsx.
2026-09-16 13:37:18 | INFO | bdc.consumidores | Registro normalizado (Entrada: 28, Saída: 30).
2026-09-16 13:37:18 | INFO | bdc.consumidores | Classificação documental para LAVANDERIA JUSSARA 05052026.xlsx: tipo=<5MWm analise=simplificada
2026-09-16 13:37:18 | INFO | bdc.consumidores | Iniciando validação unificada do registro. CNPJ=None
2026-09-16 13:37:18 | INFO | bdc.consumidores | Validação concluída. CNPJ=None ERROS=3 AVISOS=0
2026-09-16 13:37:18 | WARNING | bdc.consumidores | Erros de validação para CNPJ=None: ['GATE_ENGINE ausente: CNPJ', 'GATE_ENGINE ausente: EMPRESA', 'GATE_ENGINE ausente: DATA_DEMONSTRACAO_FINANCEIRA']
2026-09-16 13:37:18 | INFO | bdc.consumidores | Validação condicional concluída para None. Tipo=simplificada ERROS=4 AVISOS=1
2026-09-16 13:37:18 | INFO | bdc.consumidores | Iniciando processamento do arquivo LDC 09102025 RATING.xlsx em modo incremental.
2026-09-16 13:37:18 | INFO | bdc.consumidores | Extração competitiva: Vencedor padrao_1 identificado para LDC 09102025 RATING.xlsx.
2026-09-16 13:37:18 | INFO | bdc.consumidores | Registro normalizado (Entrada: 28, Saída: 30).
2026-09-16 13:37:18 | INFO | bdc.consumidores | Classificação documental para LDC 09102025 RATING.xlsx: tipo=<5MWm analise=simplificada
2026-09-16 13:37:18 | INFO | bdc.consumidores | Iniciando validação unificada do registro. CNPJ=None
2026-09-16 13:37:18 | INFO | bdc.consumidores | Validação concluída. CNPJ=None ERROS=3 AVISOS=0
2026-09-16 13:37:18 | WARNING | bdc.consumidores | Erros de validação para CNPJ=None: ['GATE_ENGINE ausente: CNPJ', 'GATE_ENGINE ausente: EMPRESA', 'GATE_ENGINE ausente: DATA_DEMONSTRACAO_FINANCEIRA']
2026-09-16 13:37:18 | INFO | bdc.consumidores | Validação condicional concluída para None. Tipo=simplificada ERROS=4 AVISOS=1
2026-09-16 13:37:18 | INFO | bdc.consumidores | Iniciando processamento do arquivo LDC BRASIL 30062025.xlsx em modo incremental.
2026-09-16 13:37:18 | INFO | bdc.consumidores | Extração competitiva: Vencedor padrao_1 identificado para LDC BRASIL 30062025.xlsx.
2026-09-16 13:37:18 | INFO | bdc.consumidores | Registro normalizado (Entrada: 28, Saída: 30).
2026-09-16 13:37:18 | INFO | bdc.consumidores | Classificação documental para LDC BRASIL 30062025.xlsx: tipo=>=5MWm analise=detalhada
2026-09-16 13:37:18 | INFO | bdc.consumidores | Iniciando validação unificada do registro. CNPJ=47067525000108
2026-09-16 13:37:18 | INFO | bdc.consumidores | Validação concluída. CNPJ=47067525000108 ERROS=0 AVISOS=0
2026-09-16 13:37:18 | INFO | bdc.consumidores | Validação condicional concluída para 47067525000108. Tipo=detalhada ERROS=3 AVISOS=1
2026-09-16 13:37:18 | INFO | bdc.consumidores | Ficha processada com sucesso: LDC BRASIL 30062025.xlsx.
2026-09-16 13:37:18 | INFO | bdc.consumidores | Iniciando processamento do arquivo LDC MATRIZ.xlsx em modo incremental.
2026-09-16 13:37:19 | INFO | bdc.consumidores | Extração competitiva: Vencedor padrao_2 identificado para LDC MATRIZ.xlsx.
2026-09-16 13:37:19 | INFO | bdc.consumidores | Registro normalizado (Entrada: 28, Saída: 30).
2026-09-16 13:37:19 | INFO | bdc.consumidores | Classificação documental para LDC MATRIZ.xlsx: tipo=>=5MWm analise=detalhada
2026-09-16 13:37:19 | INFO | bdc.consumidores | Iniciando validação unificada do registro. CNPJ=47067525000108
2026-09-16 13:37:19 | INFO | bdc.consumidores | Validação concluída. CNPJ=47067525000108 ERROS=0 AVISOS=0
2026-09-16 13:37:19 | INFO | bdc.consumidores | Validação condicional concluída para 47067525000108. Tipo=detalhada ERROS=0 AVISOS=0
2026-09-16 13:37:19 | INFO | bdc.consumidores | Ficha processada com sucesso: LDC MATRIZ.xlsx.
2026-09-16 13:37:19 | INFO | bdc.consumidores | Iniciando processamento do arquivo LDC SUCOS 06052026.xlsx em modo incremental.
2026-09-16 13:37:19 | INFO | bdc.consumidores | Extração competitiva: Vencedor padrao_2 identificado para LDC SUCOS 06052026.xlsx.
2026-09-16 13:37:19 | INFO | bdc.consumidores | Registro normalizado (Entrada: 28, Saída: 30).
2026-09-16 13:37:19 | INFO | bdc.consumidores | Classificação documental para LDC SUCOS 06052026.xlsx: tipo=>=5MWm analise=detalhada
2026-09-16 13:37:19 | INFO | bdc.consumidores | Iniciando validação unificada do registro. CNPJ=00831373000104
2026-09-16 13:37:19 | INFO | bdc.consumidores | Validação concluída. CNPJ=00831373000104 ERROS=0 AVISOS=0
2026-09-16 13:37:19 | INFO | bdc.consumidores | Validação condicional concluída para 00831373000104. Tipo=detalhada ERROS=0 AVISOS=0
2026-09-16 13:37:19 | INFO | bdc.consumidores | Ficha processada com sucesso: LDC SUCOS 06052026.xlsx.
2026-09-16 13:37:19 | INFO | bdc.consumidores | Iniciando processamento do arquivo LDC SUCOS 30062025.xlsx em modo incremental.
2026-09-16 13:37:19 | INFO | bdc.consumidores | Extração competitiva: Vencedor padrao_1 identificado para LDC SUCOS 30062025.xlsx.
2026-09-16 13:37:19 | INFO | bdc.consumidores | Registro normalizado (Entrada: 28, Saída: 30).
2026-09-16 13:37:19 | INFO | bdc.consumidores | Classificação documental para LDC SUCOS 30062025.xlsx: tipo=>=5MWm analise=detalhada
2026-09-16 13:37:19 | INFO | bdc.consumidores | Iniciando validação unificada do registro. CNPJ=00831373000104
2026-09-16 13:37:19 | INFO | bdc.consumidores | Validação concluída. CNPJ=00831373000104 ERROS=0 AVISOS=1
2026-09-16 13:37:19 | INFO | bdc.consumidores | Validação condicional concluída para 00831373000104. Tipo=detalhada ERROS=2 AVISOS=2
2026-09-16 13:37:19 | INFO | bdc.consumidores | Ficha processada com sucesso: LDC SUCOS 30062025.xlsx.
2026-09-16 13:37:19 | INFO | bdc.consumidores | Iniciando processamento do arquivo LDC SUCOS RATING 13112025.xlsx em modo incremental.
2026-09-16 13:37:19 | INFO | bdc.consumidores | Extração competitiva: Vencedor padrao_2 identificado para LDC SUCOS RATING 13112025.xlsx.
2026-09-16 13:37:19 | INFO | bdc.consumidores | Registro normalizado (Entrada: 28, Saída: 30).
2026-09-16 13:37:19 | INFO | bdc.consumidores | Classificação documental para LDC SUCOS RATING 13112025.xlsx: tipo=>=5MWm analise=detalhada
2026-09-16 13:37:19 | INFO | bdc.consumidores | Iniciando validação unificada do registro. CNPJ=00831373000104
2026-09-16 13:37:19 | INFO | bdc.consumidores | Validação concluída. CNPJ=00831373000104 ERROS=0 AVISOS=1
2026-09-16 13:37:19 | INFO | bdc.consumidores | Validação condicional concluída para 00831373000104. Tipo=detalhada ERROS=1 AVISOS=1
2026-09-16 13:37:19 | INFO | bdc.consumidores | Iniciando processamento do arquivo LDC TES 10102025 RATING.xlsx em modo incremental.
2026-09-16 13:37:19 | INFO | bdc.consumidores | Extração competitiva: Vencedor padrao_1 identificado para LDC TES 10102025 RATING.xlsx.
2026-09-16 13:37:19 | INFO | bdc.consumidores | Registro normalizado (Entrada: 28, Saída: 30).
2026-09-16 13:37:19 | INFO | bdc.consumidores | Classificação documental para LDC TES 10102025 RATING.xlsx: tipo=<5MWm analise=simplificada
2026-09-16 13:37:19 | INFO | bdc.consumidores | Iniciando validação unificada do registro. CNPJ=None
2026-09-16 13:37:19 | INFO | bdc.consumidores | Validação concluída. CNPJ=None ERROS=3 AVISOS=0
2026-09-16 13:37:19 | WARNING | bdc.consumidores | Erros de validação para CNPJ=None: ['GATE_ENGINE ausente: CNPJ', 'GATE_ENGINE ausente: EMPRESA', 'GATE_ENGINE ausente: DATA_DEMONSTRACAO_FINANCEIRA']
2026-09-16 13:37:19 | INFO | bdc.consumidores | Validação condicional concluída para None. Tipo=simplificada ERROS=4 AVISOS=1
2026-09-16 13:37:19 | INFO | bdc.consumidores | Iniciando processamento do arquivo LDC TES 30062025.xlsx em modo incremental.
2026-09-16 13:37:19 | INFO | bdc.consumidores | Extração competitiva: Vencedor padrao_1 identificado para LDC TES 30062025.xlsx.
2026-09-16 13:37:19 | INFO | bdc.consumidores | Registro normalizado (Entrada: 28, Saída: 30).
2026-09-16 13:37:19 | INFO | bdc.consumidores | Classificação documental para LDC TES 30062025.xlsx: tipo=>=5MWm analise=detalhada
2026-09-16 13:37:19 | INFO | bdc.consumidores | Iniciando validação unificada do registro. CNPJ=18845076000183
2026-09-16 13:37:19 | INFO | bdc.consumidores | Validação concluída. CNPJ=18845076000183 ERROS=0 AVISOS=1
2026-09-16 13:37:19 | INFO | bdc.consumidores | Validação condicional concluída para 18845076000183. Tipo=detalhada ERROS=2 AVISOS=2
2026-09-16 13:37:19 | INFO | bdc.consumidores | Ficha processada com sucesso: LDC TES 30062025.xlsx.
2026-09-16 13:37:19 | INFO | bdc.consumidores | Iniciando processamento do arquivo LIASA 05012024 v2.xlsx em modo incremental.
2026-09-16 13:37:19 | INFO | bdc.consumidores | Extração competitiva: Vencedor padrao_1 identificado para LIASA 05012024 v2.xlsx.
2026-09-16 13:37:19 | INFO | bdc.consumidores | Registro normalizado (Entrada: 28, Saída: 30).
2026-09-16 13:37:19 | INFO | bdc.consumidores | Classificação documental para LIASA 05012024 v2.xlsx: tipo=>=5MWm analise=detalhada
2026-09-16 13:37:19 | INFO | bdc.consumidores | Iniciando validação unificada do registro. CNPJ=17221771000101
2026-09-16 13:37:19 | INFO | bdc.consumidores | Validação concluída. CNPJ=17221771000101 ERROS=0 AVISOS=1
2026-09-16 13:37:19 | INFO | bdc.consumidores | Validação condicional concluída para 17221771000101. Tipo=detalhada ERROS=2 AVISOS=2
2026-09-16 13:37:19 | INFO | bdc.consumidores | Ficha processada com sucesso: LIASA 05012024 v2.xlsx.
2026-09-16 13:37:19 | INFO | bdc.consumidores | Iniciando processamento do arquivo LIASA 18062025.xlsx em modo incremental.
2026-09-16 13:37:19 | INFO | bdc.consumidores | Extração competitiva: Vencedor padrao_1 identificado para LIASA 18062025.xlsx.
2026-09-16 13:37:19 | INFO | bdc.consumidores | Registro normalizado (Entrada: 28, Saída: 30).
2026-09-16 13:37:19 | INFO | bdc.consumidores | Classificação documental para LIASA 18062025.xlsx: tipo=>=5MWm analise=detalhada
2026-09-16 13:37:19 | INFO | bdc.consumidores | Iniciando validação unificada do registro. CNPJ=17221771000101
2026-09-16 13:37:19 | INFO | bdc.consumidores | Validação concluída. CNPJ=17221771000101 ERROS=0 AVISOS=0
2026-09-16 13:37:19 | INFO | bdc.consumidores | Validação condicional concluída para 17221771000101. Tipo=detalhada ERROS=2 AVISOS=1
2026-09-16 13:37:20 | INFO | bdc.consumidores | Ficha processada com sucesso: LIASA 18062025.xlsx.
2026-09-16 13:37:20 | INFO | bdc.consumidores | Iniciando processamento do arquivo LIASA RATING 24102025.xlsx em modo incremental.
2026-09-16 13:37:20 | INFO | bdc.consumidores | Extração competitiva: Vencedor padrao_2 identificado para LIASA RATING 24102025.xlsx.
2026-09-16 13:37:20 | INFO | bdc.consumidores | Registro normalizado (Entrada: 28, Saída: 30).
2026-09-16 13:37:20 | INFO | bdc.consumidores | Classificação documental para LIASA RATING 24102025.xlsx: tipo=>=5MWm analise=detalhada
2026-09-16 13:37:20 | INFO | bdc.consumidores | Iniciando validação unificada do registro. CNPJ=17221771000101
2026-09-16 13:37:20 | INFO | bdc.consumidores | Validação concluída. CNPJ=17221771000101 ERROS=0 AVISOS=1
2026-09-16 13:37:20 | INFO | bdc.consumidores | Validação condicional concluída para 17221771000101. Tipo=detalhada ERROS=1 AVISOS=1
2026-09-16 13:37:20 | INFO | bdc.consumidores | Ficha processada com sucesso: LIASA RATING 24102025.xlsx.
2026-09-16 13:37:20 | INFO | bdc.consumidores | Iniciando processamento do arquivo LIASA RATING 29102025.xlsx em modo incremental.
2026-09-16 13:37:20 | INFO | bdc.consumidores | Extração competitiva: Vencedor padrao_2 identificado para LIASA RATING 29102025.xlsx.
2026-09-16 13:37:20 | INFO | bdc.consumidores | Registro normalizado (Entrada: 28, Saída: 30).
2026-09-16 13:37:20 | INFO | bdc.consumidores | Classificação documental para LIASA RATING 29102025.xlsx: tipo=>=5MWm analise=detalhada
2026-09-16 13:37:20 | INFO | bdc.consumidores | Iniciando validação unificada do registro. CNPJ=17221771000101
2026-09-16 13:37:20 | INFO | bdc.consumidores | Validação concluída. CNPJ=17221771000101 ERROS=0 AVISOS=1
2026-09-16 13:37:20 | INFO | bdc.consumidores | Validação condicional concluída para 17221771000101. Tipo=detalhada ERROS=0 AVISOS=1
2026-09-16 13:37:20 | INFO | bdc.consumidores | Iniciando processamento do arquivo LIBRA LIGAS - 08 04 2024.xlsx em modo incremental.
2026-09-16 13:37:20 | INFO | bdc.consumidores | Extração competitiva: Vencedor padrao_1 identificado para LIBRA LIGAS - 08 04 2024.xlsx.
2026-09-16 13:37:20 | INFO | bdc.consumidores | Registro normalizado (Entrada: 28, Saída: 30).
2026-09-16 13:37:20 | INFO | bdc.consumidores | Classificação documental para LIBRA LIGAS - 08 04 2024.xlsx: tipo=>=5MWm analise=detalhada
2026-09-16 13:37:20 | INFO | bdc.consumidores | Iniciando validação unificada do registro. CNPJ=10500221000182
2026-09-16 13:37:20 | INFO | bdc.consumidores | Validação concluída. CNPJ=10500221000182 ERROS=0 AVISOS=1
2026-09-16 13:37:20 | INFO | bdc.consumidores | Validação condicional concluída para 10500221000182. Tipo=detalhada ERROS=2 AVISOS=2
2026-09-16 13:37:20 | INFO | bdc.consumidores | Ficha processada com sucesso: LIBRA LIGAS - 08 04 2024.xlsx.
2026-09-16 13:37:20 | INFO | bdc.consumidores | Iniciando processamento do arquivo LIBRAS RATING 09032026.xlsx em modo incremental.
2026-09-16 13:37:20 | INFO | bdc.consumidores | Extração competitiva: Vencedor padrao_2 identificado para LIBRAS RATING 09032026.xlsx.
2026-09-16 13:37:20 | INFO | bdc.consumidores | Registro normalizado (Entrada: 28, Saída: 30).
2026-09-16 13:37:20 | INFO | bdc.consumidores | Classificação documental para LIBRAS RATING 09032026.xlsx: tipo=>=5MWm analise=detalhada
2026-09-16 13:37:20 | INFO | bdc.consumidores | Iniciando validação unificada do registro. CNPJ=10500221000182
2026-09-16 13:37:20 | INFO | bdc.consumidores | Validação concluída. CNPJ=10500221000182 ERROS=0 AVISOS=1
2026-09-16 13:37:20 | INFO | bdc.consumidores | Validação condicional concluída para 10500221000182. Tipo=detalhada ERROS=0 AVISOS=1
2026-09-16 13:37:20 | INFO | bdc.consumidores | Ficha processada com sucesso: LIBRAS RATING 09032026.xlsx.
2026-09-16 13:37:20 | INFO | bdc.consumidores | Iniciando processamento do arquivo LIGA ALVARO BAHIA RATING 03112025.xlsx em modo incremental.
2026-09-16 13:37:20 | INFO | bdc.consumidores | Extração competitiva: Vencedor padrao_2 identificado para LIGA ALVARO BAHIA RATING 03112025.xlsx.
2026-09-16 13:37:20 | INFO | bdc.consumidores | Registro normalizado (Entrada: 28, Saída: 30).
2026-09-16 13:37:20 | INFO | bdc.consumidores | Classificação documental para LIGA ALVARO BAHIA RATING 03112025.xlsx: tipo=>=5MWm analise=detalhada
2026-09-16 13:37:20 | INFO | bdc.consumidores | Iniciando validação unificada do registro. CNPJ=15170723000106
2026-09-16 13:37:20 | INFO | bdc.consumidores | Validação concluída. CNPJ=15170723000106 ERROS=0 AVISOS=1
2026-09-16 13:37:20 | INFO | bdc.consumidores | Validação condicional concluída para 15170723000106. Tipo=detalhada ERROS=0 AVISOS=1
2026-09-16 13:37:20 | INFO | bdc.consumidores | Ficha processada com sucesso: LIGA ALVARO BAHIA RATING 03112025.xlsx.
2026-09-16 13:37:20 | INFO | bdc.consumidores | Iniciando processamento do arquivo LINHA 4 - MOTIVA 06072026.xlsx em modo incremental.
2026-09-16 13:37:20 | INFO | bdc.consumidores | Extração competitiva: Vencedor padrao_2 identificado para LINHA 4 - MOTIVA 06072026.xlsx.
2026-09-16 13:37:20 | INFO | bdc.consumidores | Registro normalizado (Entrada: 28, Saída: 30).
2026-09-16 13:37:20 | INFO | bdc.consumidores | Classificação documental para LINHA 4 - MOTIVA 06072026.xlsx: tipo=<5MWm analise=simplificada
2026-09-16 13:37:20 | INFO | bdc.consumidores | Iniciando validação unificada do registro. CNPJ=07682638000107
2026-09-16 13:37:20 | INFO | bdc.consumidores | Validação concluída. CNPJ=07682638000107 ERROS=0 AVISOS=0
2026-09-16 13:37:20 | INFO | bdc.consumidores | Validação condicional concluída para 07682638000107. Tipo=simplificada ERROS=1 AVISOS=1
2026-09-16 13:37:20 | INFO | bdc.consumidores | Ficha processada com sucesso: LINHA 4 - MOTIVA 06072026.xlsx.
2026-09-16 13:37:21 | INFO | bdc.consumidores | Iniciando processamento do arquivo LINHAS 5 E 17 06072026.xlsx em modo incremental.
2026-09-16 13:37:21 | INFO | bdc.consumidores | Extração competitiva: Vencedor padrao_2 identificado para LINHAS 5 E 17 06072026.xlsx.
2026-09-16 13:37:21 | INFO | bdc.consumidores | Registro normalizado (Entrada: 28, Saída: 30).
2026-09-16 13:37:21 | INFO | bdc.consumidores | Classificação documental para LINHAS 5 E 17 06072026.xlsx: tipo=<5MWm analise=simplificada
2026-09-16 13:37:21 | INFO | bdc.consumidores | Iniciando validação unificada do registro. CNPJ=29938085000135
2026-09-16 13:37:21 | INFO | bdc.consumidores | Validação concluída. CNPJ=29938085000135 ERROS=0 AVISOS=0
2026-09-16 13:37:21 | INFO | bdc.consumidores | Validação condicional concluída para 29938085000135. Tipo=simplificada ERROS=1 AVISOS=1
2026-09-16 13:37:21 | INFO | bdc.consumidores | Ficha processada com sucesso: LINHAS 5 E 17 06072026.xlsx.
2026-09-16 13:37:21 | INFO | bdc.consumidores | Iniciando processamento do arquivo LINHAS 8 E 9 07072026.xlsx em modo incremental.
2026-09-16 13:37:21 | INFO | bdc.consumidores | Extração competitiva: Vencedor padrao_1 identificado para LINHAS 8 E 9 07072026.xlsx.
2026-09-16 13:37:21 | INFO | bdc.consumidores | Registro normalizado (Entrada: 28, Saída: 30).
2026-09-16 13:37:21 | INFO | bdc.consumidores | Classificação documental para LINHAS 8 E 9 07072026.xlsx: tipo=<5MWm analise=simplificada
2026-09-16 13:37:21 | INFO | bdc.consumidores | Iniciando validação unificada do registro. CNPJ=None
2026-09-16 13:37:21 | INFO | bdc.consumidores | Validação concluída. CNPJ=None ERROS=3 AVISOS=0
2026-09-16 13:37:21 | WARNING | bdc.consumidores | Erros de validação para CNPJ=None: ['GATE_ENGINE ausente: CNPJ', 'GATE_ENGINE ausente: EMPRESA', 'GATE_ENGINE ausente: DATA_DEMONSTRACAO_FINANCEIRA']
2026-09-16 13:37:21 | INFO | bdc.consumidores | Validação condicional concluída para None. Tipo=simplificada ERROS=4 AVISOS=1
2026-09-16 13:37:21 | INFO | bdc.consumidores | Iniciando processamento do arquivo LSNC RATING 12122025.xlsx em modo incremental.
2026-09-16 13:37:21 | INFO | bdc.consumidores | Extração competitiva: Vencedor padrao_2 identificado para LSNC RATING 12122025.xlsx.
2026-09-16 13:37:21 | INFO | bdc.consumidores | Registro normalizado (Entrada: 28, Saída: 30).
2026-09-16 13:37:21 | INFO | bdc.consumidores | Classificação documental para LSNC RATING 12122025.xlsx: tipo=>=5MWm analise=detalhada
2026-09-16 13:37:21 | INFO | bdc.consumidores | Iniciando validação unificada do registro. CNPJ=55924836000174
2026-09-16 13:37:21 | INFO | bdc.consumidores | Validação concluída. CNPJ=55924836000174 ERROS=0 AVISOS=1
2026-09-16 13:37:21 | INFO | bdc.consumidores | Validação condicional concluída para 55924836000174. Tipo=detalhada ERROS=0 AVISOS=1
2026-09-16 13:37:21 | INFO | bdc.consumidores | Ficha processada com sucesso: LSNC RATING 12122025.xlsx.
2026-09-16 13:37:21 | INFO | bdc.consumidores | Iniciando processamento do arquivo LUME CERAMICA 14042026.xlsx em modo incremental.
2026-09-16 13:37:21 | INFO | bdc.consumidores | Extração competitiva: Vencedor padrao_2 identificado para LUME CERAMICA 14042026.xlsx.
2026-09-16 13:37:21 | INFO | bdc.consumidores | Registro normalizado (Entrada: 28, Saída: 30).
2026-09-16 13:37:21 | INFO | bdc.consumidores | Classificação documental para LUME CERAMICA 14042026.xlsx: tipo=>=5MWm analise=detalhada
2026-09-16 13:37:21 | INFO | bdc.consumidores | Iniciando validação unificada do registro. CNPJ=04201168000116
2026-09-16 13:37:21 | INFO | bdc.consumidores | Validação concluída. CNPJ=04201168000116 ERROS=0 AVISOS=1
2026-09-16 13:37:21 | INFO | bdc.consumidores | Validação condicional concluída para 04201168000116. Tipo=detalhada ERROS=0 AVISOS=1
2026-09-16 13:37:21 | INFO | bdc.consumidores | Ficha processada com sucesso: LUME CERAMICA 14042026.xlsx.
2026-09-16 13:37:21 | INFO | bdc.consumidores | Iniciando processamento do arquivo LYCRA_22062023.xlsx em modo incremental.
2026-09-16 13:37:21 | INFO | bdc.consumidores | Extração competitiva: Vencedor padrao_1 identificado para LYCRA_22062023.xlsx.
2026-09-16 13:37:21 | INFO | bdc.consumidores | Registro normalizado (Entrada: 28, Saída: 30).
2026-09-16 13:37:21 | INFO | bdc.consumidores | Classificação documental para LYCRA_22062023.xlsx: tipo=>=5MWm analise=detalhada
2026-09-16 13:37:21 | INFO | bdc.consumidores | Iniciando validação unificada do registro. CNPJ=00021096000417
2026-09-16 13:37:21 | INFO | bdc.consumidores | Validação concluída. CNPJ=00021096000417 ERROS=0 AVISOS=1
2026-09-16 13:37:21 | INFO | bdc.consumidores | Validação condicional concluída para 00021096000417. Tipo=detalhada ERROS=2 AVISOS=2
2026-09-16 13:37:21 | INFO | bdc.consumidores | Ficha processada com sucesso: LYCRA_22062023.xlsx.
2026-09-16 13:37:21 | INFO | bdc.consumidores | Iniciando processamento do arquivo Laticínios Ruhban 09102025.xlsx em modo incremental.
2026-09-16 13:37:21 | INFO | bdc.consumidores | Extração competitiva: Vencedor padrao_1 identificado para Laticínios Ruhban 09102025.xlsx.
2026-09-16 13:37:21 | INFO | bdc.consumidores | Registro normalizado (Entrada: 28, Saída: 30).
2026-09-16 13:37:21 | INFO | bdc.consumidores | Classificação documental para Laticínios Ruhban 09102025.xlsx: tipo=<5MWm analise=simplificada
2026-09-16 13:37:21 | INFO | bdc.consumidores | Iniciando validação unificada do registro. CNPJ=None
2026-09-16 13:37:21 | INFO | bdc.consumidores | Validação concluída. CNPJ=None ERROS=3 AVISOS=0
2026-09-16 13:37:21 | WARNING | bdc.consumidores | Erros de validação para CNPJ=None: ['GATE_ENGINE ausente: CNPJ', 'GATE_ENGINE ausente: EMPRESA', 'GATE_ENGINE ausente: DATA_DEMONSTRACAO_FINANCEIRA']
2026-09-16 13:37:21 | INFO | bdc.consumidores | Validação condicional concluída para None. Tipo=simplificada ERROS=4 AVISOS=1
2026-09-16 13:37:21 | INFO | bdc.consumidores | Iniciando processamento do arquivo LÍDER (Atacadista) 02122024.xlsx em modo incremental.
2026-09-16 13:37:21 | INFO | bdc.consumidores | Extração competitiva: Vencedor padrao_1 identificado para LÍDER (Atacadista) 02122024.xlsx.
2026-09-16 13:37:21 | INFO | bdc.consumidores | Registro normalizado (Entrada: 28, Saída: 30).
2026-09-16 13:37:21 | INFO | bdc.consumidores | Classificação documental para LÍDER (Atacadista) 02122024.xlsx: tipo=>=5MWm analise=detalhada
2026-09-16 13:37:21 | INFO | bdc.consumidores | Iniciando validação unificada do registro. CNPJ=05054671000159
2026-09-16 13:37:21 | INFO | bdc.consumidores | Validação concluída. CNPJ=05054671000159 ERROS=0 AVISOS=0
2026-09-16 13:37:21 | INFO | bdc.consumidores | Validação condicional concluída para 05054671000159. Tipo=detalhada ERROS=2 AVISOS=1
2026-09-16 13:37:21 | INFO | bdc.consumidores | Ficha processada com sucesso: LÍDER (Atacadista) 02122024.xlsx.
2026-09-16 13:37:22 | INFO | bdc.consumidores | Iniciando processamento do arquivo M DIAS BRANCO 08062026.xlsx em modo incremental.
2026-09-16 13:37:22 | INFO | bdc.consumidores | Extração competitiva: Vencedor padrao_2 identificado para M DIAS BRANCO 08062026.xlsx.
2026-09-16 13:37:22 | INFO | bdc.consumidores | Registro normalizado (Entrada: 28, Saída: 30).
2026-09-16 13:37:22 | INFO | bdc.consumidores | Classificação documental para M DIAS BRANCO 08062026.xlsx: tipo=<5MWm analise=simplificada
2026-09-16 13:37:22 | INFO | bdc.consumidores | Iniciando validação unificada do registro. CNPJ=07206816000115
2026-09-16 13:37:22 | INFO | bdc.consumidores | Validação concluída. CNPJ=07206816000115 ERROS=0 AVISOS=0
2026-09-16 13:37:22 | INFO | bdc.consumidores | Validação condicional concluída para 07206816000115. Tipo=simplificada ERROS=1 AVISOS=1
2026-09-16 13:37:22 | INFO | bdc.consumidores | Ficha processada com sucesso: M DIAS BRANCO 08062026.xlsx.
2026-09-16 13:37:22 | INFO | bdc.consumidores | Iniciando processamento do arquivo M DIAS BRANCO 15082025.xlsx em modo incremental.
2026-09-16 13:37:22 | INFO | bdc.consumidores | Extração competitiva: Vencedor padrao_1 identificado para M DIAS BRANCO 15082025.xlsx.
2026-09-16 13:37:22 | INFO | bdc.consumidores | Registro normalizado (Entrada: 28, Saída: 30).
2026-09-16 13:37:22 | INFO | bdc.consumidores | Classificação documental para M DIAS BRANCO 15082025.xlsx: tipo=>=5MWm analise=detalhada
2026-09-16 13:37:22 | INFO | bdc.consumidores | Iniciando validação unificada do registro. CNPJ=07206816000115
2026-09-16 13:37:22 | INFO | bdc.consumidores | Validação concluída. CNPJ=07206816000115 ERROS=0 AVISOS=1
2026-09-16 13:37:22 | INFO | bdc.consumidores | Validação condicional concluída para 07206816000115. Tipo=detalhada ERROS=2 AVISOS=2
2026-09-16 13:37:22 | INFO | bdc.consumidores | Ficha processada com sucesso: M DIAS BRANCO 15082025.xlsx.
2026-09-16 13:37:22 | INFO | bdc.consumidores | Iniciando processamento do arquivo M DIAS BRANCO 15082025_consiste.xlsx em modo incremental.
2026-09-16 13:37:22 | INFO | bdc.consumidores | Extração competitiva: Vencedor padrao_1 identificado para M DIAS BRANCO 15082025_consiste.xlsx.
2026-09-16 13:37:22 | INFO | bdc.consumidores | Registro normalizado (Entrada: 28, Saída: 30).
2026-09-16 13:37:22 | INFO | bdc.consumidores | Classificação documental para M DIAS BRANCO 15082025_consiste.xlsx: tipo=>=5MWm analise=detalhada
2026-09-16 13:37:22 | INFO | bdc.consumidores | Iniciando validação unificada do registro. CNPJ=07206816000115
2026-09-16 13:37:22 | INFO | bdc.consumidores | Validação concluída. CNPJ=07206816000115 ERROS=0 AVISOS=1
2026-09-16 13:37:22 | INFO | bdc.consumidores | Validação condicional concluída para 07206816000115. Tipo=detalhada ERROS=2 AVISOS=2
2026-09-16 13:37:22 | INFO | bdc.consumidores | Iniciando processamento do arquivo M DIAS BRANCO RATING 03112025.xlsx em modo incremental.
2026-09-16 13:37:22 | INFO | bdc.consumidores | Extração competitiva: Vencedor padrao_2 identificado para M DIAS BRANCO RATING 03112025.xlsx.
2026-09-16 13:37:22 | INFO | bdc.consumidores | Registro normalizado (Entrada: 28, Saída: 30).
2026-09-16 13:37:22 | INFO | bdc.consumidores | Classificação documental para M DIAS BRANCO RATING 03112025.xlsx: tipo=>=5MWm analise=detalhada
2026-09-16 13:37:22 | INFO | bdc.consumidores | Iniciando validação unificada do registro. CNPJ=07206816000115
2026-09-16 13:37:22 | INFO | bdc.consumidores | Validação concluída. CNPJ=07206816000115 ERROS=0 AVISOS=1
2026-09-16 13:37:22 | INFO | bdc.consumidores | Validação condicional concluída para 07206816000115. Tipo=detalhada ERROS=1 AVISOS=1
2026-09-16 13:37:22 | INFO | bdc.consumidores | Iniciando processamento do arquivo MAHLE 13082026.xlsx em modo incremental.
2026-09-16 13:37:22 | INFO | bdc.consumidores | Extração competitiva: Vencedor padrao_2 identificado para MAHLE 13082026.xlsx.
2026-09-16 13:37:22 | INFO | bdc.consumidores | Registro normalizado (Entrada: 28, Saída: 30).
2026-09-16 13:37:22 | INFO | bdc.consumidores | Classificação documental para MAHLE 13082026.xlsx: tipo=<5MWm analise=simplificada
2026-09-16 13:37:22 | INFO | bdc.consumidores | Iniciando validação unificada do registro. CNPJ=60476884000187
2026-09-16 13:37:22 | INFO | bdc.consumidores | Validação concluída. CNPJ=60476884000187 ERROS=0 AVISOS=0
2026-09-16 13:37:22 | INFO | bdc.consumidores | Validação condicional concluída para 60476884000187. Tipo=simplificada ERROS=1 AVISOS=1
2026-09-16 13:37:22 | INFO | bdc.consumidores | Ficha processada com sucesso: MAHLE 13082026.xlsx.
2026-09-16 13:37:22 | INFO | bdc.consumidores | Iniciando processamento do arquivo MARFRIG RATING 05112025.xlsx em modo incremental.
2026-09-16 13:37:22 | INFO | bdc.consumidores | Extração competitiva: Vencedor padrao_2 identificado para MARFRIG RATING 05112025.xlsx.
2026-09-16 13:37:22 | INFO | bdc.consumidores | Registro normalizado (Entrada: 28, Saída: 30).
2026-09-16 13:37:22 | INFO | bdc.consumidores | Classificação documental para MARFRIG RATING 05112025.xlsx: tipo=>=5MWm analise=detalhada
2026-09-16 13:37:22 | INFO | bdc.consumidores | Iniciando validação unificada do registro. CNPJ=03853896000140
2026-09-16 13:37:22 | INFO | bdc.consumidores | Validação concluída. CNPJ=03853896000140 ERROS=0 AVISOS=1
2026-09-16 13:37:22 | INFO | bdc.consumidores | Validação condicional concluída para 03853896000140. Tipo=detalhada ERROS=0 AVISOS=1
2026-09-16 13:37:22 | INFO | bdc.consumidores | Ficha processada com sucesso: MARFRIG RATING 05112025.xlsx.
2026-09-16 13:37:22 | INFO | bdc.consumidores | Iniciando processamento do arquivo MARINGA FERRO LIGA 18062026.xlsx em modo incremental.
2026-09-16 13:37:22 | INFO | bdc.consumidores | Extração competitiva: Vencedor padrao_2 identificado para MARINGA FERRO LIGA 18062026.xlsx.
2026-09-16 13:37:22 | INFO | bdc.consumidores | Registro normalizado (Entrada: 28, Saída: 30).
2026-09-16 13:37:22 | INFO | bdc.consumidores | Classificação documental para MARINGA FERRO LIGA 18062026.xlsx: tipo=<5MWm analise=simplificada
2026-09-16 13:37:22 | INFO | bdc.consumidores | Iniciando validação unificada do registro. CNPJ=61082988000170
2026-09-16 13:37:22 | INFO | bdc.consumidores | Validação concluída. CNPJ=61082988000170 ERROS=0 AVISOS=0
2026-09-16 13:37:22 | INFO | bdc.consumidores | Validação condicional concluída para 61082988000170. Tipo=simplificada ERROS=1 AVISOS=1
2026-09-16 13:37:22 | INFO | bdc.consumidores | Ficha processada com sucesso: MARINGA FERRO LIGA 18062026.xlsx.
2026-09-16 13:37:22 | INFO | bdc.consumidores | Iniciando processamento do arquivo MARINGA FERRO LIGA 26082025.xlsx em modo incremental.
2026-09-16 13:37:23 | INFO | bdc.consumidores | Extração competitiva: Vencedor padrao_1 identificado para MARINGA FERRO LIGA 26082025.xlsx.
2026-09-16 13:37:23 | INFO | bdc.consumidores | Registro normalizado (Entrada: 28, Saída: 30).
2026-09-16 13:37:23 | INFO | bdc.consumidores | Classificação documental para MARINGA FERRO LIGA 26082025.xlsx: tipo=>=5MWm analise=detalhada
2026-09-16 13:37:23 | INFO | bdc.consumidores | Iniciando validação unificada do registro. CNPJ=61082988000170
2026-09-16 13:37:23 | INFO | bdc.consumidores | Validação concluída. CNPJ=61082988000170 ERROS=0 AVISOS=1
2026-09-16 13:37:23 | INFO | bdc.consumidores | Validação condicional concluída para 61082988000170. Tipo=detalhada ERROS=2 AVISOS=2
2026-09-16 13:37:23 | INFO | bdc.consumidores | Ficha processada com sucesso: MARINGA FERRO LIGA 26082025.xlsx.
2026-09-16 13:37:23 | INFO | bdc.consumidores | Iniciando processamento do arquivo MARINGA FERRO LIGA RATING 31102025.xlsx em modo incremental.
2026-09-16 13:37:23 | INFO | bdc.consumidores | Extração competitiva: Vencedor padrao_2 identificado para MARINGA FERRO LIGA RATING 31102025.xlsx.
2026-09-16 13:37:23 | INFO | bdc.consumidores | Registro normalizado (Entrada: 28, Saída: 30).
2026-09-16 13:37:23 | INFO | bdc.consumidores | Classificação documental para MARINGA FERRO LIGA RATING 31102025.xlsx: tipo=>=5MWm analise=detalhada
2026-09-16 13:37:23 | INFO | bdc.consumidores | Iniciando validação unificada do registro. CNPJ=61082988000170
2026-09-16 13:37:23 | INFO | bdc.consumidores | Validação concluída. CNPJ=61082988000170 ERROS=0 AVISOS=1
2026-09-16 13:37:23 | INFO | bdc.consumidores | Validação condicional concluída para 61082988000170. Tipo=detalhada ERROS=1 AVISOS=1
2026-09-16 13:37:23 | INFO | bdc.consumidores | Iniciando processamento do arquivo MBRF_09062026.xlsx em modo incremental.
2026-09-16 13:37:23 | INFO | bdc.consumidores | Extração competitiva: Vencedor padrao_2 identificado para MBRF_09062026.xlsx.
2026-09-16 13:37:23 | INFO | bdc.consumidores | Registro normalizado (Entrada: 28, Saída: 30).
2026-09-16 13:37:23 | INFO | bdc.consumidores | Classificação documental para MBRF_09062026.xlsx: tipo=<5MWm analise=simplificada
2026-09-16 13:37:23 | INFO | bdc.consumidores | Iniciando validação unificada do registro. CNPJ=03853896000140
2026-09-16 13:37:23 | INFO | bdc.consumidores | Validação concluída. CNPJ=03853896000140 ERROS=0 AVISOS=0
2026-09-16 13:37:23 | INFO | bdc.consumidores | Validação condicional concluída para 03853896000140. Tipo=simplificada ERROS=1 AVISOS=1
2026-09-16 13:37:23 | INFO | bdc.consumidores | Ficha processada com sucesso: MBRF_09062026.xlsx.
2026-09-16 13:37:23 | INFO | bdc.consumidores | Iniciando processamento do arquivo MESSER GASES 02072025.xlsx em modo incremental.
2026-09-16 13:37:23 | INFO | bdc.consumidores | Extração competitiva: Vencedor padrao_1 identificado para MESSER GASES 02072025.xlsx.
2026-09-16 13:37:23 | INFO | bdc.consumidores | Registro normalizado (Entrada: 28, Saída: 30).
2026-09-16 13:37:23 | INFO | bdc.consumidores | Classificação documental para MESSER GASES 02072025.xlsx: tipo=>=5MWm analise=detalhada
2026-09-16 13:37:23 | INFO | bdc.consumidores | Iniciando validação unificada do registro. CNPJ=60619202000148
2026-09-16 13:37:23 | INFO | bdc.consumidores | Validação concluída. CNPJ=60619202000148 ERROS=0 AVISOS=1
2026-09-16 13:37:23 | INFO | bdc.consumidores | Validação condicional concluída para 60619202000148. Tipo=detalhada ERROS=2 AVISOS=2
2026-09-16 13:37:23 | INFO | bdc.consumidores | Ficha processada com sucesso: MESSER GASES 02072025.xlsx.
2026-09-16 13:37:23 | INFO | bdc.consumidores | Iniciando processamento do arquivo MESSER GASES 22072026.xlsx em modo incremental.
2026-09-16 13:37:23 | INFO | bdc.consumidores | Extração competitiva: Vencedor padrao_2 identificado para MESSER GASES 22072026.xlsx.
2026-09-16 13:37:23 | INFO | bdc.consumidores | Registro normalizado (Entrada: 28, Saída: 30).
2026-09-16 13:37:23 | INFO | bdc.consumidores | Classificação documental para MESSER GASES 22072026.xlsx: tipo=<5MWm analise=simplificada
2026-09-16 13:37:23 | INFO | bdc.consumidores | Iniciando validação unificada do registro. CNPJ=60619202000148
2026-09-16 13:37:23 | INFO | bdc.consumidores | Validação concluída. CNPJ=60619202000148 ERROS=0 AVISOS=0
2026-09-16 13:37:23 | INFO | bdc.consumidores | Validação condicional concluída para 60619202000148. Tipo=simplificada ERROS=1 AVISOS=1
2026-09-16 13:37:23 | INFO | bdc.consumidores | Ficha processada com sucesso: MESSER GASES 22072026.xlsx.
2026-09-16 13:37:23 | INFO | bdc.consumidores | Iniciando processamento do arquivo MESSER GASES_05052022.xlsx em modo incremental.
2026-09-16 13:37:23 | INFO | bdc.consumidores | Extração competitiva: Vencedor padrao_1 identificado para MESSER GASES_05052022.xlsx.
2026-09-16 13:37:23 | INFO | bdc.consumidores | Registro normalizado (Entrada: 28, Saída: 30).
2026-09-16 13:37:23 | INFO | bdc.consumidores | Classificação documental para MESSER GASES_05052022.xlsx: tipo=>=5MWm analise=detalhada
2026-09-16 13:37:23 | INFO | bdc.consumidores | Iniciando validação unificada do registro. CNPJ=60619202003325
2026-09-16 13:37:23 | INFO | bdc.consumidores | Validação concluída. CNPJ=60619202003325 ERROS=0 AVISOS=1
2026-09-16 13:37:23 | INFO | bdc.consumidores | Validação condicional concluída para 60619202003325. Tipo=detalhada ERROS=2 AVISOS=2
2026-09-16 13:37:23 | INFO | bdc.consumidores | Ficha processada com sucesso: MESSER GASES_05052022.xlsx.
2026-09-16 13:37:23 | INFO | bdc.consumidores | Iniciando processamento do arquivo MESSER_27_12_2022.xlsx em modo incremental.
2026-09-16 13:37:23 | INFO | bdc.consumidores | Extração competitiva: Vencedor padrao_1 identificado para MESSER_27_12_2022.xlsx.
2026-09-16 13:37:24 | INFO | bdc.consumidores | Registro normalizado (Entrada: 28, Saída: 30).
2026-09-16 13:37:24 | INFO | bdc.consumidores | Classificação documental para MESSER_27_12_2022.xlsx: tipo=>=5MWm analise=detalhada
2026-09-16 13:37:24 | INFO | bdc.consumidores | Iniciando validação unificada do registro. CNPJ=60619202000148
2026-09-16 13:37:24 | INFO | bdc.consumidores | Validação concluída. CNPJ=60619202000148 ERROS=0 AVISOS=1
2026-09-16 13:37:24 | INFO | bdc.consumidores | Validação condicional concluída para 60619202000148. Tipo=detalhada ERROS=2 AVISOS=2
2026-09-16 13:37:24 | INFO | bdc.consumidores | Ficha processada com sucesso: MESSER_27_12_2022.xlsx.
2026-09-16 13:37:24 | INFO | bdc.consumidores | Iniciando processamento do arquivo MESSES GASES RATING 12112025.xlsx em modo incremental.
2026-09-16 13:37:24 | INFO | bdc.consumidores | Extração competitiva: Vencedor padrao_2 identificado para MESSES GASES RATING 12112025.xlsx.
2026-09-16 13:37:24 | INFO | bdc.consumidores | Registro normalizado (Entrada: 28, Saída: 30).
2026-09-16 13:37:24 | INFO | bdc.consumidores | Classificação documental para MESSES GASES RATING 12112025.xlsx: tipo=>=5MWm analise=detalhada
2026-09-16 13:37:24 | INFO | bdc.consumidores | Iniciando validação unificada do registro. CNPJ=60619202000148
2026-09-16 13:37:24 | INFO | bdc.consumidores | Validação concluída. CNPJ=60619202000148 ERROS=0 AVISOS=1
2026-09-16 13:37:24 | INFO | bdc.consumidores | Validação condicional concluída para 60619202000148. Tipo=detalhada ERROS=1 AVISOS=1
2026-09-16 13:37:24 | INFO | bdc.consumidores | Iniciando processamento do arquivo METAL LEVE - 21082025.xlsx em modo incremental.
2026-09-16 13:37:24 | INFO | bdc.consumidores | Extração competitiva: Vencedor padrao_1 identificado para METAL LEVE - 21082025.xlsx.
2026-09-16 13:37:24 | INFO | bdc.consumidores | Registro normalizado (Entrada: 28, Saída: 30).
2026-09-16 13:37:24 | INFO | bdc.consumidores | Classificação documental para METAL LEVE - 21082025.xlsx: tipo=>=5MWm analise=detalhada
2026-09-16 13:37:24 | INFO | bdc.consumidores | Iniciando validação unificada do registro. CNPJ=60476884000187
2026-09-16 13:37:24 | INFO | bdc.consumidores | Validação concluída. CNPJ=60476884000187 ERROS=0 AVISOS=1
2026-09-16 13:37:24 | INFO | bdc.consumidores | Validação condicional concluída para 60476884000187. Tipo=detalhada ERROS=2 AVISOS=2
2026-09-16 13:37:24 | INFO | bdc.consumidores | Ficha processada com sucesso: METAL LEVE - 21082025.xlsx.
2026-09-16 13:37:24 | INFO | bdc.consumidores | Iniciando processamento do arquivo METAL LEVE RATING 18022026.xlsx em modo incremental.
2026-09-16 13:37:24 | INFO | bdc.consumidores | Extração competitiva: Vencedor padrao_2 identificado para METAL LEVE RATING 18022026.xlsx.
2026-09-16 13:37:24 | INFO | bdc.consumidores | Registro normalizado (Entrada: 28, Saída: 30).
2026-09-16 13:37:24 | INFO | bdc.consumidores | Classificação documental para METAL LEVE RATING 18022026.xlsx: tipo=>=5MWm analise=detalhada
2026-09-16 13:37:24 | INFO | bdc.consumidores | Iniciando validação unificada do registro. CNPJ=60476884000187
2026-09-16 13:37:24 | INFO | bdc.consumidores | Validação concluída. CNPJ=60476884000187 ERROS=0 AVISOS=1
2026-09-16 13:37:24 | INFO | bdc.consumidores | Validação condicional concluída para 60476884000187. Tipo=detalhada ERROS=1 AVISOS=1
2026-09-16 13:37:24 | INFO | bdc.consumidores | Iniciando processamento do arquivo METAL LEVE RATING 31102025.xlsx em modo incremental.
2026-09-16 13:37:24 | INFO | bdc.consumidores | Extração competitiva: Vencedor padrao_2 identificado para METAL LEVE RATING 31102025.xlsx.
2026-09-16 13:37:24 | INFO | bdc.consumidores | Registro normalizado (Entrada: 28, Saída: 30).
2026-09-16 13:37:24 | INFO | bdc.consumidores | Classificação documental para METAL LEVE RATING 31102025.xlsx: tipo=>=5MWm analise=detalhada
2026-09-16 13:37:24 | INFO | bdc.consumidores | Iniciando validação unificada do registro. CNPJ=60476884000187
2026-09-16 13:37:24 | INFO | bdc.consumidores | Validação concluída. CNPJ=60476884000187 ERROS=0 AVISOS=1
2026-09-16 13:37:24 | INFO | bdc.consumidores | Validação condicional concluída para 60476884000187. Tipo=detalhada ERROS=1 AVISOS=1
2026-09-16 13:37:24 | INFO | bdc.consumidores | Iniciando processamento do arquivo METALBRAZING 11062026.xlsx em modo incremental.
2026-09-16 13:37:24 | INFO | bdc.consumidores | Extração competitiva: Vencedor padrao_2 identificado para METALBRAZING 11062026.xlsx.
2026-09-16 13:37:24 | INFO | bdc.consumidores | Registro normalizado (Entrada: 28, Saída: 30).
2026-09-16 13:37:24 | INFO | bdc.consumidores | Classificação documental para METALBRAZING 11062026.xlsx: tipo=<5MWm analise=simplificada
2026-09-16 13:37:24 | INFO | bdc.consumidores | Iniciando validação unificada do registro. CNPJ=05251919000171
2026-09-16 13:37:24 | INFO | bdc.consumidores | Validação concluída. CNPJ=05251919000171 ERROS=0 AVISOS=0
2026-09-16 13:37:24 | INFO | bdc.consumidores | Validação condicional concluída para 05251919000171. Tipo=simplificada ERROS=1 AVISOS=1
2026-09-16 13:37:24 | INFO | bdc.consumidores | Ficha processada com sucesso: METALBRAZING 11062026.xlsx.
2026-09-16 13:37:24 | INFO | bdc.consumidores | Iniciando processamento do arquivo METRO 15072025.xlsx em modo incremental.
2026-09-16 13:37:24 | INFO | bdc.consumidores | Extração competitiva: Vencedor padrao_1 identificado para METRO 15072025.xlsx.
2026-09-16 13:37:24 | INFO | bdc.consumidores | Registro normalizado (Entrada: 28, Saída: 30).
2026-09-16 13:37:24 | INFO | bdc.consumidores | Classificação documental para METRO 15072025.xlsx: tipo=>=5MWm analise=detalhada
2026-09-16 13:37:24 | INFO | bdc.consumidores | Iniciando validação unificada do registro. CNPJ=62070362000106
2026-09-16 13:37:24 | INFO | bdc.consumidores | Validação concluída. CNPJ=62070362000106 ERROS=0 AVISOS=0
2026-09-16 13:37:24 | INFO | bdc.consumidores | Validação condicional concluída para 62070362000106. Tipo=detalhada ERROS=2 AVISOS=1
2026-09-16 13:37:24 | INFO | bdc.consumidores | Ficha processada com sucesso: METRO 15072025.xlsx.
2026-09-16 13:37:24 | INFO | bdc.consumidores | Iniciando processamento do arquivo METRO BAHIA 08102025.xlsx em modo incremental.
2026-09-16 13:37:25 | INFO | bdc.consumidores | Extração competitiva: Vencedor padrao_1 identificado para METRO BAHIA 08102025.xlsx.
2026-09-16 13:37:25 | INFO | bdc.consumidores | Registro normalizado (Entrada: 28, Saída: 30).
2026-09-16 13:37:25 | INFO | bdc.consumidores | Classificação documental para METRO BAHIA 08102025.xlsx: tipo=<5MWm analise=simplificada
2026-09-16 13:37:25 | INFO | bdc.consumidores | Iniciando validação unificada do registro. CNPJ=None
2026-09-16 13:37:25 | INFO | bdc.consumidores | Validação concluída. CNPJ=None ERROS=3 AVISOS=0
2026-09-16 13:37:25 | WARNING | bdc.consumidores | Erros de validação para CNPJ=None: ['GATE_ENGINE ausente: CNPJ', 'GATE_ENGINE ausente: EMPRESA', 'GATE_ENGINE ausente: DATA_DEMONSTRACAO_FINANCEIRA']
2026-09-16 13:37:25 | INFO | bdc.consumidores | Validação condicional concluída para None. Tipo=simplificada ERROS=4 AVISOS=1
2026-09-16 13:37:25 | INFO | bdc.consumidores | Iniciando processamento do arquivo METRO BAHIA 21082025.xlsx em modo incremental.
2026-09-16 13:37:25 | INFO | bdc.consumidores | Extração competitiva: Vencedor padrao_1 identificado para METRO BAHIA 21082025.xlsx.
2026-09-16 13:37:25 | INFO | bdc.consumidores | Registro normalizado (Entrada: 28, Saída: 30).
2026-09-16 13:37:25 | INFO | bdc.consumidores | Classificação documental para METRO BAHIA 21082025.xlsx: tipo=>=5MWm analise=detalhada
2026-09-16 13:37:25 | INFO | bdc.consumidores | Iniciando validação unificada do registro. CNPJ=18891185000137
2026-09-16 13:37:25 | INFO | bdc.consumidores | Validação concluída. CNPJ=18891185000137 ERROS=0 AVISOS=0
2026-09-16 13:37:25 | INFO | bdc.consumidores | Validação condicional concluída para 18891185000137. Tipo=detalhada ERROS=2 AVISOS=1
2026-09-16 13:37:25 | INFO | bdc.consumidores | Ficha processada com sucesso: METRO BAHIA 21082025.xlsx.
2026-09-16 13:37:25 | INFO | bdc.consumidores | Iniciando processamento do arquivo METRO BAHIA RATING 19112025.xlsx em modo incremental.
2026-09-16 13:37:25 | INFO | bdc.consumidores | Extração competitiva: Vencedor padrao_2 identificado para METRO BAHIA RATING 19112025.xlsx.
2026-09-16 13:37:25 | INFO | bdc.consumidores | Registro normalizado (Entrada: 28, Saída: 30).
2026-09-16 13:37:25 | INFO | bdc.consumidores | Classificação documental para METRO BAHIA RATING 19112025.xlsx: tipo=>=5MWm analise=detalhada
2026-09-16 13:37:25 | INFO | bdc.consumidores | Iniciando validação unificada do registro. CNPJ=18891185000137
2026-09-16 13:37:25 | INFO | bdc.consumidores | Validação concluída. CNPJ=18891185000137 ERROS=0 AVISOS=0
2026-09-16 13:37:25 | INFO | bdc.consumidores | Validação condicional concluída para 18891185000137. Tipo=detalhada ERROS=1 AVISOS=0
2026-09-16 13:37:25 | INFO | bdc.consumidores | Iniciando processamento do arquivo METRO RATING 26112025.xlsx em modo incremental.
2026-09-16 13:37:25 | INFO | bdc.consumidores | Extração competitiva: Vencedor padrao_2 identificado para METRO RATING 26112025.xlsx.
2026-09-16 13:37:25 | INFO | bdc.consumidores | Registro normalizado (Entrada: 28, Saída: 30).
2026-09-16 13:37:25 | INFO | bdc.consumidores | Classificação documental para METRO RATING 26112025.xlsx: tipo=>=5MWm analise=detalhada
2026-09-16 13:37:25 | INFO | bdc.consumidores | Iniciando validação unificada do registro. CNPJ=62070362000106
2026-09-16 13:37:25 | INFO | bdc.consumidores | Validação concluída. CNPJ=62070362000106 ERROS=0 AVISOS=0
2026-09-16 13:37:25 | INFO | bdc.consumidores | Validação condicional concluída para 62070362000106. Tipo=detalhada ERROS=0 AVISOS=0
2026-09-16 13:37:25 | INFO | bdc.consumidores | Iniciando processamento do arquivo METRO RIO 13082025.xlsx em modo incremental.
2026-09-16 13:37:25 | INFO | bdc.consumidores | Extração competitiva: Vencedor padrao_1 identificado para METRO RIO 13082025.xlsx.
2026-09-16 13:37:25 | INFO | bdc.consumidores | Registro normalizado (Entrada: 28, Saída: 30).
2026-09-16 13:37:25 | INFO | bdc.consumidores | Classificação documental para METRO RIO 13082025.xlsx: tipo=>=5MWm analise=detalhada
2026-09-16 13:37:25 | INFO | bdc.consumidores | Iniciando validação unificada do registro. CNPJ=10324624000118
2026-09-16 13:37:25 | INFO | bdc.consumidores | Validação concluída. CNPJ=10324624000118 ERROS=0 AVISOS=0
2026-09-16 13:37:25 | INFO | bdc.consumidores | Validação condicional concluída para 10324624000118. Tipo=detalhada ERROS=2 AVISOS=1
2026-09-16 13:37:25 | INFO | bdc.consumidores | Ficha processada com sucesso: METRO RIO 13082025.xlsx.
2026-09-16 13:37:25 | INFO | bdc.consumidores | Iniciando processamento do arquivo METRO RIO RATING 03112025.xlsx em modo incremental.
2026-09-16 13:37:25 | INFO | bdc.consumidores | Extração competitiva: Vencedor padrao_2 identificado para METRO RIO RATING 03112025.xlsx.
2026-09-16 13:37:25 | INFO | bdc.consumidores | Registro normalizado (Entrada: 28, Saída: 30).
2026-09-16 13:37:25 | INFO | bdc.consumidores | Classificação documental para METRO RIO RATING 03112025.xlsx: tipo=>=5MWm analise=detalhada
2026-09-16 13:37:25 | INFO | bdc.consumidores | Iniciando validação unificada do registro. CNPJ=10324624000118
2026-09-16 13:37:25 | INFO | bdc.consumidores | Validação concluída. CNPJ=10324624000118 ERROS=0 AVISOS=0
2026-09-16 13:37:25 | INFO | bdc.consumidores | Validação condicional concluída para 10324624000118. Tipo=detalhada ERROS=1 AVISOS=0
2026-09-16 13:37:25 | INFO | bdc.consumidores | Iniciando processamento do arquivo METRO SP 23062026.xlsx em modo incremental.
2026-09-16 13:37:25 | INFO | bdc.consumidores | Extração competitiva: Vencedor padrao_2 identificado para METRO SP 23062026.xlsx.
2026-09-16 13:37:26 | INFO | bdc.consumidores | Registro normalizado (Entrada: 28, Saída: 30).
2026-09-16 13:37:26 | INFO | bdc.consumidores | Classificação documental para METRO SP 23062026.xlsx: tipo=<5MWm analise=simplificada
2026-09-16 13:37:26 | INFO | bdc.consumidores | Iniciando validação unificada do registro. CNPJ=62070362000106
2026-09-16 13:37:26 | INFO | bdc.consumidores | Validação concluída. CNPJ=62070362000106 ERROS=0 AVISOS=0
2026-09-16 13:37:26 | INFO | bdc.consumidores | Validação condicional concluída para 62070362000106. Tipo=simplificada ERROS=1 AVISOS=1
2026-09-16 13:37:26 | INFO | bdc.consumidores | Ficha processada com sucesso: METRO SP 23062026.xlsx.
2026-09-16 13:37:26 | INFO | bdc.consumidores | Iniciando processamento do arquivo METRORIO 30062026.xlsx em modo incremental.
2026-09-16 13:37:26 | INFO | bdc.consumidores | Extração competitiva: Vencedor padrao_2 identificado para METRORIO 30062026.xlsx.
2026-09-16 13:37:26 | INFO | bdc.consumidores | Registro normalizado (Entrada: 28, Saída: 30).
2026-09-16 13:37:26 | INFO | bdc.consumidores | Classificação documental para METRORIO 30062026.xlsx: tipo=<5MWm analise=simplificada
2026-09-16 13:37:26 | INFO | bdc.consumidores | Iniciando validação unificada do registro. CNPJ=10324624000118
2026-09-16 13:37:26 | INFO | bdc.consumidores | Validação concluída. CNPJ=10324624000118 ERROS=0 AVISOS=0
2026-09-16 13:37:26 | INFO | bdc.consumidores | Validação condicional concluída para 10324624000118. Tipo=simplificada ERROS=1 AVISOS=1
2026-09-16 13:37:26 | INFO | bdc.consumidores | Ficha processada com sucesso: METRORIO 30062026.xlsx.
2026-09-16 13:37:26 | INFO | bdc.consumidores | Iniciando processamento do arquivo MHC PLASTICOS 28072025.xlsx em modo incremental.
2026-09-16 13:37:26 | INFO | bdc.consumidores | Extração competitiva: Vencedor padrao_1 identificado para MHC PLASTICOS 28072025.xlsx.
2026-09-16 13:37:26 | INFO | bdc.consumidores | Registro normalizado (Entrada: 28, Saída: 30).
2026-09-16 13:37:26 | INFO | bdc.consumidores | Classificação documental para MHC PLASTICOS 28072025.xlsx: tipo=>=5MWm analise=detalhada
2026-09-16 13:37:26 | INFO | bdc.consumidores | Iniciando validação unificada do registro. CNPJ=06164824000183
2026-09-16 13:37:26 | INFO | bdc.consumidores | Validação concluída. CNPJ=06164824000183 ERROS=0 AVISOS=1
2026-09-16 13:37:26 | INFO | bdc.consumidores | Validação condicional concluída para 06164824000183. Tipo=detalhada ERROS=2 AVISOS=2
2026-09-16 13:37:26 | INFO | bdc.consumidores | Ficha processada com sucesso: MHC PLASTICOS 28072025.xlsx.
2026-09-16 13:37:26 | INFO | bdc.consumidores | Iniciando processamento do arquivo MICHELIN RATING 15012026.xlsx em modo incremental.
2026-09-16 13:37:26 | INFO | bdc.consumidores | Extração competitiva: Vencedor padrao_1 identificado para MICHELIN RATING 15012026.xlsx.
2026-09-16 13:37:26 | INFO | bdc.consumidores | Registro normalizado (Entrada: 28, Saída: 30).
2026-09-16 13:37:26 | INFO | bdc.consumidores | Classificação documental para MICHELIN RATING 15012026.xlsx: tipo=<5MWm analise=simplificada
2026-09-16 13:37:26 | INFO | bdc.consumidores | Iniciando validação unificada do registro. CNPJ=None
2026-09-16 13:37:26 | INFO | bdc.consumidores | Validação concluída. CNPJ=None ERROS=3 AVISOS=0
2026-09-16 13:37:26 | WARNING | bdc.consumidores | Erros de validação para CNPJ=None: ['GATE_ENGINE ausente: CNPJ', 'GATE_ENGINE ausente: EMPRESA', 'GATE_ENGINE ausente: DATA_DEMONSTRACAO_FINANCEIRA']
2026-09-16 13:37:26 | INFO | bdc.consumidores | Validação condicional concluída para None. Tipo=simplificada ERROS=4 AVISOS=1
2026-09-16 13:37:26 | INFO | bdc.consumidores | Iniciando processamento do arquivo MILI RATING 19112025.xlsx em modo incremental.
2026-09-16 13:37:26 | INFO | bdc.consumidores | Extração competitiva: Vencedor padrao_2 identificado para MILI RATING 19112025.xlsx.
2026-09-16 13:37:26 | INFO | bdc.consumidores | Registro normalizado (Entrada: 28, Saída: 30).
2026-09-16 13:37:26 | INFO | bdc.consumidores | Classificação documental para MILI RATING 19112025.xlsx: tipo=>=5MWm analise=detalhada
2026-09-16 13:37:26 | INFO | bdc.consumidores | Iniciando validação unificada do registro. CNPJ=78908266000124
2026-09-16 13:37:26 | INFO | bdc.consumidores | Validação concluída. CNPJ=78908266000124 ERROS=0 AVISOS=0
2026-09-16 13:37:26 | INFO | bdc.consumidores | Validação condicional concluída para 78908266000124. Tipo=detalhada ERROS=1 AVISOS=0
2026-09-16 13:37:26 | INFO | bdc.consumidores | Ficha processada com sucesso: MILI RATING 19112025.xlsx.
2026-09-16 13:37:26 | INFO | bdc.consumidores | Iniciando processamento do arquivo MILI SA 05082025.xlsx em modo incremental.
2026-09-16 13:37:26 | INFO | bdc.consumidores | Extração competitiva: Vencedor padrao_1 identificado para MILI SA 05082025.xlsx.
2026-09-16 13:37:26 | INFO | bdc.consumidores | Registro normalizado (Entrada: 28, Saída: 30).
2026-09-16 13:37:26 | INFO | bdc.consumidores | Classificação documental para MILI SA 05082025.xlsx: tipo=>=5MWm analise=detalhada
2026-09-16 13:37:26 | INFO | bdc.consumidores | Iniciando validação unificada do registro. CNPJ=78908266000124
2026-09-16 13:37:26 | INFO | bdc.consumidores | Validação concluída. CNPJ=78908266000124 ERROS=0 AVISOS=0
2026-09-16 13:37:26 | INFO | bdc.consumidores | Validação condicional concluída para 78908266000124. Tipo=detalhada ERROS=2 AVISOS=1
2026-09-16 13:37:26 | INFO | bdc.consumidores | Iniciando processamento do arquivo MINASLIGAS 07052026.xlsx em modo incremental.
2026-09-16 13:37:26 | INFO | bdc.consumidores | Extração competitiva: Vencedor padrao_2 identificado para MINASLIGAS 07052026.xlsx.
2026-09-16 13:37:26 | INFO | bdc.consumidores | Registro normalizado (Entrada: 28, Saída: 30).
2026-09-16 13:37:26 | INFO | bdc.consumidores | Classificação documental para MINASLIGAS 07052026.xlsx: tipo=>=5MWm analise=detalhada
2026-09-16 13:37:26 | INFO | bdc.consumidores | Iniciando validação unificada do registro. CNPJ=16933590000145
2026-09-16 13:37:26 | INFO | bdc.consumidores | Validação concluída. CNPJ=16933590000145 ERROS=0 AVISOS=1
2026-09-16 13:37:26 | INFO | bdc.consumidores | Validação condicional concluída para 16933590000145. Tipo=detalhada ERROS=0 AVISOS=1
2026-09-16 13:37:26 | INFO | bdc.consumidores | Ficha processada com sucesso: MINASLIGAS 07052026.xlsx.
2026-09-16 13:37:26 | INFO | bdc.consumidores | Iniciando processamento do arquivo MINERACAO ONCA PUMA 17082026.xlsx em modo incremental.
2026-09-16 13:37:26 | INFO | bdc.consumidores | Extração competitiva: Vencedor padrao_2 identificado para MINERACAO ONCA PUMA 17082026.xlsx.
2026-09-16 13:37:27 | INFO | bdc.consumidores | Registro normalizado (Entrada: 28, Saída: 30).
2026-09-16 13:37:27 | INFO | bdc.consumidores | Classificação documental para MINERACAO ONCA PUMA 17082026.xlsx: tipo=<5MWm analise=simplificada
2026-09-16 13:37:27 | INFO | bdc.consumidores | Iniciando validação unificada do registro. CNPJ=48256824000153
2026-09-16 13:37:27 | INFO | bdc.consumidores | Validação concluída. CNPJ=48256824000153 ERROS=0 AVISOS=0
2026-09-16 13:37:27 | INFO | bdc.consumidores | Validação condicional concluída para 48256824000153. Tipo=simplificada ERROS=1 AVISOS=1
2026-09-16 13:37:27 | INFO | bdc.consumidores | Ficha processada com sucesso: MINERACAO ONCA PUMA 17082026.xlsx.
2026-09-16 13:37:27 | INFO | bdc.consumidores | Iniciando processamento do arquivo MINERACAO ONCA PUMA RATING 03112025.xlsx em modo incremental.
2026-09-16 13:37:27 | INFO | bdc.consumidores | Extração competitiva: Vencedor padrao_2 identificado para MINERACAO ONCA PUMA RATING 03112025.xlsx.
2026-09-16 13:37:27 | INFO | bdc.consumidores | Registro normalizado (Entrada: 28, Saída: 30).
2026-09-16 13:37:27 | INFO | bdc.consumidores | Classificação documental para MINERACAO ONCA PUMA RATING 03112025.xlsx: tipo=>=5MWm analise=detalhada
2026-09-16 13:37:27 | INFO | bdc.consumidores | Iniciando validação unificada do registro. CNPJ=48256824000153
2026-09-16 13:37:27 | INFO | bdc.consumidores | Validação concluída. CNPJ=48256824000153 ERROS=0 AVISOS=0
2026-09-16 13:37:27 | INFO | bdc.consumidores | Validação condicional concluída para 48256824000153. Tipo=detalhada ERROS=0 AVISOS=0
2026-09-16 13:37:27 | INFO | bdc.consumidores | Ficha processada com sucesso: MINERACAO ONCA PUMA RATING 03112025.xlsx.
2026-09-16 13:37:27 | INFO | bdc.consumidores | Iniciando processamento do arquivo MINERACAO RIO DO NORTE 16062026.xlsx em modo incremental.
2026-09-16 13:37:27 | INFO | bdc.consumidores | Extração competitiva: Vencedor padrao_2 identificado para MINERACAO RIO DO NORTE 16062026.xlsx.
2026-09-16 13:37:27 | INFO | bdc.consumidores | Registro normalizado (Entrada: 28, Saída: 30).
2026-09-16 13:37:27 | INFO | bdc.consumidores | Classificação documental para MINERACAO RIO DO NORTE 16062026.xlsx: tipo=<5MWm analise=simplificada
2026-09-16 13:37:27 | INFO | bdc.consumidores | Iniciando validação unificada do registro. CNPJ=04932216000146
2026-09-16 13:37:27 | INFO | bdc.consumidores | Validação concluída. CNPJ=04932216000146 ERROS=0 AVISOS=0
2026-09-16 13:37:27 | INFO | bdc.consumidores | Validação condicional concluída para 04932216000146. Tipo=simplificada ERROS=1 AVISOS=1
2026-09-16 13:37:27 | INFO | bdc.consumidores | Ficha processada com sucesso: MINERACAO RIO DO NORTE 16062026.xlsx.
2026-09-16 13:37:27 | INFO | bdc.consumidores | Iniciando processamento do arquivo MINERACAO RIO DO NORTE SA.xlsx em modo incremental.
2026-09-16 13:37:27 | INFO | bdc.consumidores | Extração competitiva: Vencedor padrao_2 identificado para MINERACAO RIO DO NORTE SA.xlsx.
2026-09-16 13:37:27 | INFO | bdc.consumidores | Registro normalizado (Entrada: 28, Saída: 30).
2026-09-16 13:37:27 | INFO | bdc.consumidores | Classificação documental para MINERACAO RIO DO NORTE SA.xlsx: tipo=>=5MWm analise=detalhada
2026-09-16 13:37:27 | INFO | bdc.consumidores | Iniciando validação unificada do registro. CNPJ=04932216000146
2026-09-16 13:37:27 | INFO | bdc.consumidores | Validação concluída. CNPJ=04932216000146 ERROS=0 AVISOS=1
2026-09-16 13:37:27 | INFO | bdc.consumidores | Validação condicional concluída para 04932216000146. Tipo=detalhada ERROS=0 AVISOS=1
2026-09-16 13:37:27 | INFO | bdc.consumidores | Ficha processada com sucesso: MINERACAO RIO DO NORTE SA.xlsx.
2026-09-16 13:37:27 | INFO | bdc.consumidores | Iniciando processamento do arquivo MINERACAO USMINAS 13082026.xlsx em modo incremental.
2026-09-16 13:37:27 | INFO | bdc.consumidores | Extração competitiva: Vencedor padrao_2 identificado para MINERACAO USMINAS 13082026.xlsx.
2026-09-16 13:37:27 | INFO | bdc.consumidores | Registro normalizado (Entrada: 28, Saída: 30).
2026-09-16 13:37:27 | INFO | bdc.consumidores | Classificação documental para MINERACAO USMINAS 13082026.xlsx: tipo=<5MWm analise=simplificada
2026-09-16 13:37:27 | INFO | bdc.consumidores | Iniciando validação unificada do registro. CNPJ=12056613000120
2026-09-16 13:37:27 | INFO | bdc.consumidores | Validação concluída. CNPJ=12056613000120 ERROS=0 AVISOS=0
2026-09-16 13:37:27 | INFO | bdc.consumidores | Validação condicional concluída para 12056613000120. Tipo=simplificada ERROS=1 AVISOS=1
2026-09-16 13:37:27 | INFO | bdc.consumidores | Ficha processada com sucesso: MINERACAO USMINAS 13082026.xlsx.
2026-09-16 13:37:27 | INFO | bdc.consumidores | Iniciando processamento do arquivo MINERAÇÃO AURIZONA 23082023.xlsx em modo incremental.
2026-09-16 13:37:27 | INFO | bdc.consumidores | Extração competitiva: Vencedor padrao_1 identificado para MINERAÇÃO AURIZONA 23082023.xlsx.
2026-09-16 13:37:27 | INFO | bdc.consumidores | Registro normalizado (Entrada: 28, Saída: 30).
2026-09-16 13:37:27 | INFO | bdc.consumidores | Classificação documental para MINERAÇÃO AURIZONA 23082023.xlsx: tipo=>=5MWm analise=detalhada
2026-09-16 13:37:27 | INFO | bdc.consumidores | Iniciando validação unificada do registro. CNPJ=42422048000138
2026-09-16 13:37:27 | INFO | bdc.consumidores | Validação concluída. CNPJ=42422048000138 ERROS=0 AVISOS=1
2026-09-16 13:37:27 | INFO | bdc.consumidores | Validação condicional concluída para 42422048000138. Tipo=detalhada ERROS=2 AVISOS=2
2026-09-16 13:37:28 | INFO | bdc.consumidores | Ficha processada com sucesso: MINERAÇÃO AURIZONA 23082023.xlsx.
2026-09-16 13:37:28 | INFO | bdc.consumidores | Iniciando processamento do arquivo MINERAÇÃO PARAGOMINAS - 07082025.xlsx em modo incremental.
2026-09-16 13:37:28 | INFO | bdc.consumidores | Extração competitiva: Vencedor padrao_1 identificado para MINERAÇÃO PARAGOMINAS - 07082025.xlsx.
2026-09-16 13:37:28 | INFO | bdc.consumidores | Registro normalizado (Entrada: 28, Saída: 30).
2026-09-16 13:37:28 | INFO | bdc.consumidores | Classificação documental para MINERAÇÃO PARAGOMINAS - 07082025.xlsx: tipo=>=5MWm analise=detalhada
2026-09-16 13:37:28 | INFO | bdc.consumidores | Iniciando validação unificada do registro. CNPJ=12094570000177
2026-09-16 13:37:28 | INFO | bdc.consumidores | Validação concluída. CNPJ=12094570000177 ERROS=0 AVISOS=0
2026-09-16 13:37:28 | INFO | bdc.consumidores | Validação condicional concluída para 12094570000177. Tipo=detalhada ERROS=2 AVISOS=1
2026-09-16 13:37:28 | INFO | bdc.consumidores | Ficha processada com sucesso: MINERAÇÃO PARAGOMINAS - 07082025.xlsx.
2026-09-16 13:37:28 | INFO | bdc.consumidores | Iniciando processamento do arquivo MINING CORUMBA RATING 28012026.xlsx em modo incremental.
2026-09-16 13:37:28 | INFO | bdc.consumidores | Extração competitiva: Vencedor padrao_2 identificado para MINING CORUMBA RATING 28012026.xlsx.
2026-09-16 13:37:28 | INFO | bdc.consumidores | Registro normalizado (Entrada: 28, Saída: 30).
2026-09-16 13:37:28 | INFO | bdc.consumidores | Classificação documental para MINING CORUMBA RATING 28012026.xlsx: tipo=>=5MWm analise=detalhada
2026-09-16 13:37:28 | INFO | bdc.consumidores | Iniciando validação unificada do registro. CNPJ=03327988000196
2026-09-16 13:37:28 | INFO | bdc.consumidores | Validação concluída. CNPJ=03327988000196 ERROS=0 AVISOS=0
2026-09-16 13:37:28 | INFO | bdc.consumidores | Validação condicional concluída para 03327988000196. Tipo=detalhada ERROS=0 AVISOS=0
2026-09-16 13:37:28 | INFO | bdc.consumidores | Ficha processada com sucesso: MINING CORUMBA RATING 28012026.xlsx.
2026-09-16 13:37:28 | INFO | bdc.consumidores | Iniciando processamento do arquivo MOSAIC FERTILIZANTES RATING 21012026.xlsx em modo incremental.
2026-09-16 13:37:28 | INFO | bdc.consumidores | Extração competitiva: Vencedor padrao_1 identificado para MOSAIC FERTILIZANTES RATING 21012026.xlsx.
2026-09-16 13:37:28 | INFO | bdc.consumidores | Registro normalizado (Entrada: 28, Saída: 30).
2026-09-16 13:37:28 | INFO | bdc.consumidores | Classificação documental para MOSAIC FERTILIZANTES RATING 21012026.xlsx: tipo=<5MWm analise=simplificada
2026-09-16 13:37:28 | INFO | bdc.consumidores | Iniciando validação unificada do registro. CNPJ=None
2026-09-16 13:37:28 | INFO | bdc.consumidores | Validação concluída. CNPJ=None ERROS=3 AVISOS=0
2026-09-16 13:37:28 | WARNING | bdc.consumidores | Erros de validação para CNPJ=None: ['GATE_ENGINE ausente: CNPJ', 'GATE_ENGINE ausente: EMPRESA', 'GATE_ENGINE ausente: DATA_DEMONSTRACAO_FINANCEIRA']
2026-09-16 13:37:28 | INFO | bdc.consumidores | Validação condicional concluída para None. Tipo=simplificada ERROS=4 AVISOS=1
2026-09-16 13:37:28 | INFO | bdc.consumidores | Iniciando processamento do arquivo MOTIVA 19062026.xlsx em modo incremental.
2026-09-16 13:37:28 | INFO | bdc.consumidores | Extração competitiva: Vencedor padrao_1 identificado para MOTIVA 19062026.xlsx.
2026-09-16 13:37:28 | INFO | bdc.consumidores | Registro normalizado (Entrada: 28, Saída: 30).
2026-09-16 13:37:28 | INFO | bdc.consumidores | Classificação documental para MOTIVA 19062026.xlsx: tipo=<5MWm analise=simplificada
2026-09-16 13:37:28 | INFO | bdc.consumidores | Iniciando validação unificada do registro. CNPJ=None
2026-09-16 13:37:28 | INFO | bdc.consumidores | Validação concluída. CNPJ=None ERROS=3 AVISOS=0
2026-09-16 13:37:28 | WARNING | bdc.consumidores | Erros de validação para CNPJ=None: ['GATE_ENGINE ausente: CNPJ', 'GATE_ENGINE ausente: EMPRESA', 'GATE_ENGINE ausente: DATA_DEMONSTRACAO_FINANCEIRA']
2026-09-16 13:37:28 | INFO | bdc.consumidores | Validação condicional concluída para None. Tipo=simplificada ERROS=4 AVISOS=1
2026-09-16 13:37:28 | INFO | bdc.consumidores | Iniciando processamento do arquivo MOTIVA RATING 25102025.xlsx em modo incremental.
2026-09-16 13:37:28 | INFO | bdc.consumidores | Extração competitiva: Vencedor padrao_2 identificado para MOTIVA RATING 25102025.xlsx.
2026-09-16 13:37:28 | INFO | bdc.consumidores | Registro normalizado (Entrada: 28, Saída: 30).
2026-09-16 13:37:28 | INFO | bdc.consumidores | Classificação documental para MOTIVA RATING 25102025.xlsx: tipo=>=5MWm analise=detalhada
2026-09-16 13:37:28 | INFO | bdc.consumidores | Iniciando validação unificada do registro. CNPJ=02846056000197
2026-09-16 13:37:28 | INFO | bdc.consumidores | Validação concluída. CNPJ=02846056000197 ERROS=0 AVISOS=1
2026-09-16 13:37:28 | INFO | bdc.consumidores | Validação condicional concluída para 02846056000197. Tipo=detalhada ERROS=0 AVISOS=1
2026-09-16 13:37:28 | INFO | bdc.consumidores | Ficha processada com sucesso: MOTIVA RATING 25102025.xlsx.
2026-09-16 13:37:28 | INFO | bdc.consumidores | Iniciando processamento do arquivo MOTIVA SA 13082026.xlsx em modo incremental.
2026-09-16 13:37:28 | INFO | bdc.consumidores | Extração competitiva: Vencedor padrao_2 identificado para MOTIVA SA 13082026.xlsx.
2026-09-16 13:37:28 | INFO | bdc.consumidores | Registro normalizado (Entrada: 28, Saída: 30).
2026-09-16 13:37:28 | INFO | bdc.consumidores | Classificação documental para MOTIVA SA 13082026.xlsx: tipo=<5MWm analise=simplificada
2026-09-16 13:37:28 | INFO | bdc.consumidores | Iniciando validação unificada do registro. CNPJ=02846056000197
2026-09-16 13:37:28 | INFO | bdc.consumidores | Validação concluída. CNPJ=02846056000197 ERROS=0 AVISOS=0
2026-09-16 13:37:28 | INFO | bdc.consumidores | Validação condicional concluída para 02846056000197. Tipo=simplificada ERROS=1 AVISOS=1
2026-09-16 13:37:28 | INFO | bdc.consumidores | Ficha processada com sucesso: MOTIVA SA 13082026.xlsx.
2026-09-16 13:37:28 | INFO | bdc.consumidores | Iniciando processamento do arquivo MOTIVA SA 23062026.xlsx em modo incremental.
2026-09-16 13:37:28 | INFO | bdc.consumidores | Extração competitiva: Vencedor padrao_2 identificado para MOTIVA SA 23062026.xlsx.
2026-09-16 13:37:28 | INFO | bdc.consumidores | Registro normalizado (Entrada: 28, Saída: 30).
2026-09-16 13:37:28 | INFO | bdc.consumidores | Classificação documental para MOTIVA SA 23062026.xlsx: tipo=<5MWm analise=simplificada
2026-09-16 13:37:28 | INFO | bdc.consumidores | Iniciando validação unificada do registro. CNPJ=02846056000197
2026-09-16 13:37:28 | INFO | bdc.consumidores | Validação concluída. CNPJ=02846056000197 ERROS=0 AVISOS=0
2026-09-16 13:37:28 | INFO | bdc.consumidores | Validação condicional concluída para 02846056000197. Tipo=simplificada ERROS=1 AVISOS=1
2026-09-16 13:37:28 | INFO | bdc.consumidores | Iniciando processamento do arquivo Messer Gases 16112023.xlsx em modo incremental.
2026-09-16 13:37:29 | INFO | bdc.consumidores | Extração competitiva: Vencedor padrao_1 identificado para Messer Gases 16112023.xlsx.
2026-09-16 13:37:29 | INFO | bdc.consumidores | Registro normalizado (Entrada: 28, Saída: 30).
2026-09-16 13:37:29 | INFO | bdc.consumidores | Classificação documental para Messer Gases 16112023.xlsx: tipo=>=5MWm analise=detalhada
2026-09-16 13:37:29 | INFO | bdc.consumidores | Iniciando validação unificada do registro. CNPJ=60619202000148
2026-09-16 13:37:29 | INFO | bdc.consumidores | Validação concluída. CNPJ=60619202000148 ERROS=0 AVISOS=1
2026-09-16 13:37:29 | INFO | bdc.consumidores | Validação condicional concluída para 60619202000148. Tipo=detalhada ERROS=2 AVISOS=2
2026-09-16 13:37:29 | INFO | bdc.consumidores | Ficha processada com sucesso: Messer Gases 16112023.xlsx.
2026-09-16 13:37:29 | INFO | bdc.consumidores | Iniciando processamento do arquivo Metro Bahia 18042024.xlsx em modo incremental.
2026-09-16 13:37:29 | INFO | bdc.consumidores | Extração competitiva: Vencedor padrao_1 identificado para Metro Bahia 18042024.xlsx.
2026-09-16 13:37:29 | INFO | bdc.consumidores | Registro normalizado (Entrada: 28, Saída: 30).
2026-09-16 13:37:29 | INFO | bdc.consumidores | Classificação documental para Metro Bahia 18042024.xlsx: tipo=>=5MWm analise=detalhada
2026-09-16 13:37:29 | INFO | bdc.consumidores | Iniciando validação unificada do registro. CNPJ=02846056000197
2026-09-16 13:37:29 | INFO | bdc.consumidores | Validação concluída. CNPJ=02846056000197 ERROS=0 AVISOS=0
2026-09-16 13:37:29 | INFO | bdc.consumidores | Validação condicional concluída para 02846056000197. Tipo=detalhada ERROS=2 AVISOS=1
2026-09-16 13:37:29 | INFO | bdc.consumidores | Ficha processada com sucesso: Metro Bahia 18042024.xlsx.
2026-09-16 13:37:29 | INFO | bdc.consumidores | Iniciando processamento do arquivo MetroRio_06042023.xlsx em modo incremental.
2026-09-16 13:37:29 | INFO | bdc.consumidores | Extração competitiva: Vencedor padrao_1 identificado para MetroRio_06042023.xlsx.
2026-09-16 13:37:29 | INFO | bdc.consumidores | Registro normalizado (Entrada: 28, Saída: 30).
2026-09-16 13:37:29 | INFO | bdc.consumidores | Classificação documental para MetroRio_06042023.xlsx: tipo=>=5MWm analise=detalhada
2026-09-16 13:37:29 | INFO | bdc.consumidores | Iniciando validação unificada do registro. CNPJ=10324624000118
2026-09-16 13:37:29 | INFO | bdc.consumidores | Validação concluída. CNPJ=10324624000118 ERROS=0 AVISOS=0
2026-09-16 13:37:29 | INFO | bdc.consumidores | Validação condicional concluída para 10324624000118. Tipo=detalhada ERROS=2 AVISOS=1
2026-09-16 13:37:29 | INFO | bdc.consumidores | Ficha processada com sucesso: MetroRio_06042023.xlsx.
2026-09-16 13:37:29 | INFO | bdc.consumidores | Iniciando processamento do arquivo Metrô São Paulo_06032023.xlsx em modo incremental.
2026-09-16 13:37:29 | INFO | bdc.consumidores | Extração competitiva: Vencedor padrao_1 identificado para Metrô São Paulo_06032023.xlsx.
2026-09-16 13:37:29 | INFO | bdc.consumidores | Registro normalizado (Entrada: 28, Saída: 30).
2026-09-16 13:37:29 | INFO | bdc.consumidores | Classificação documental para Metrô São Paulo_06032023.xlsx: tipo=>=5MWm analise=detalhada
2026-09-16 13:37:29 | INFO | bdc.consumidores | Iniciando validação unificada do registro. CNPJ=62070362000106
2026-09-16 13:37:29 | INFO | bdc.consumidores | Validação concluída. CNPJ=62070362000106 ERROS=0 AVISOS=0
2026-09-16 13:37:29 | INFO | bdc.consumidores | Validação condicional concluída para 62070362000106. Tipo=detalhada ERROS=2 AVISOS=1
2026-09-16 13:37:29 | INFO | bdc.consumidores | Ficha processada com sucesso: Metrô São Paulo_06032023.xlsx.
2026-09-16 13:37:29 | INFO | bdc.consumidores | Iniciando processamento do arquivo Mineração Aurizona 17052024.xlsx em modo incremental.
2026-09-16 13:37:29 | INFO | bdc.consumidores | Extração competitiva: Vencedor padrao_1 identificado para Mineração Aurizona 17052024.xlsx.
2026-09-16 13:37:29 | INFO | bdc.consumidores | Registro normalizado (Entrada: 28, Saída: 30).
2026-09-16 13:37:29 | INFO | bdc.consumidores | Classificação documental para Mineração Aurizona 17052024.xlsx: tipo=>=5MWm analise=detalhada
2026-09-16 13:37:29 | INFO | bdc.consumidores | Iniciando validação unificada do registro. CNPJ=42422048000219
2026-09-16 13:37:29 | INFO | bdc.consumidores | Validação concluída. CNPJ=42422048000219 ERROS=0 AVISOS=0
2026-09-16 13:37:29 | INFO | bdc.consumidores | Validação condicional concluída para 42422048000219. Tipo=detalhada ERROS=2 AVISOS=1
2026-09-16 13:37:29 | INFO | bdc.consumidores | Ficha processada com sucesso: Mineração Aurizona 17052024.xlsx.
2026-09-16 13:37:29 | INFO | bdc.consumidores | Iniciando processamento do arquivo Minerva 01112023.xlsx em modo incremental.
2026-09-16 13:37:29 | INFO | bdc.consumidores | Extração competitiva: Vencedor padrao_1 identificado para Minerva 01112023.xlsx.
2026-09-16 13:37:29 | INFO | bdc.consumidores | Registro normalizado (Entrada: 28, Saída: 30).
2026-09-16 13:37:29 | INFO | bdc.consumidores | Classificação documental para Minerva 01112023.xlsx: tipo=>=5MWm analise=detalhada
2026-09-16 13:37:29 | INFO | bdc.consumidores | Iniciando validação unificada do registro. CNPJ=67620377000114
2026-09-16 13:37:29 | INFO | bdc.consumidores | Validação concluída. CNPJ=67620377000114 ERROS=0 AVISOS=1
2026-09-16 13:37:29 | INFO | bdc.consumidores | Validação condicional concluída para 67620377000114. Tipo=detalhada ERROS=2 AVISOS=2
2026-09-16 13:37:29 | INFO | bdc.consumidores | Ficha processada com sucesso: Minerva 01112023.xlsx.
2026-09-16 13:37:29 | INFO | bdc.consumidores | Iniciando processamento do arquivo Moinho Itaipu 29062025.xlsx em modo incremental.
2026-09-16 13:37:29 | INFO | bdc.consumidores | Extração competitiva: Vencedor padrao_1 identificado para Moinho Itaipu 29062025.xlsx.
2026-09-16 13:37:29 | INFO | bdc.consumidores | Registro normalizado (Entrada: 28, Saída: 30).
2026-09-16 13:37:29 | INFO | bdc.consumidores | Classificação documental para Moinho Itaipu 29062025.xlsx: tipo=>=5MWm analise=detalhada
2026-09-16 13:37:29 | INFO | bdc.consumidores | Iniciando validação unificada do registro. CNPJ=81716219000193
2026-09-16 13:37:29 | INFO | bdc.consumidores | Validação concluída. CNPJ=81716219000193 ERROS=0 AVISOS=0
2026-09-16 13:37:29 | INFO | bdc.consumidores | Validação condicional concluída para 81716219000193. Tipo=detalhada ERROS=2 AVISOS=1
2026-09-16 13:37:29 | INFO | bdc.consumidores | Ficha processada com sucesso: Moinho Itaipu 29062025.xlsx.
2026-09-16 13:37:29 | INFO | bdc.consumidores | Iniciando processamento do arquivo Muffato 07112023.xlsx em modo incremental.
2026-09-16 13:37:29 | INFO | bdc.consumidores | Extração competitiva: Vencedor padrao_1 identificado para Muffato 07112023.xlsx.
2026-09-16 13:37:29 | INFO | bdc.consumidores | Registro normalizado (Entrada: 28, Saída: 30).
2026-09-16 13:37:29 | INFO | bdc.consumidores | Classificação documental para Muffato 07112023.xlsx: tipo=>=5MWm analise=detalhada
2026-09-16 13:37:29 | INFO | bdc.consumidores | Iniciando validação unificada do registro. CNPJ=76430438000171
2026-09-16 13:37:29 | INFO | bdc.consumidores | Validação concluída. CNPJ=76430438000171 ERROS=0 AVISOS=1
2026-09-16 13:37:29 | INFO | bdc.consumidores | Validação condicional concluída para 76430438000171. Tipo=detalhada ERROS=2 AVISOS=2
2026-09-16 13:37:30 | INFO | bdc.consumidores | Ficha processada com sucesso: Muffato 07112023.xlsx.
2026-09-16 13:37:30 | INFO | bdc.consumidores | Iniciando processamento do arquivo NADIR FIGUEIREDO 02042026.xlsx em modo incremental.
2026-09-16 13:37:30 | INFO | bdc.consumidores | Extração competitiva: Vencedor padrao_2 identificado para NADIR FIGUEIREDO 02042026.xlsx.
2026-09-16 13:37:30 | INFO | bdc.consumidores | Registro normalizado (Entrada: 28, Saída: 30).
2026-09-16 13:37:30 | INFO | bdc.consumidores | Classificação documental para NADIR FIGUEIREDO 02042026.xlsx: tipo=>=5MWm analise=detalhada
2026-09-16 13:37:30 | INFO | bdc.consumidores | Iniciando validação unificada do registro. CNPJ=61067161000197
2026-09-16 13:37:30 | INFO | bdc.consumidores | Validação concluída. CNPJ=61067161000197 ERROS=0 AVISOS=0
2026-09-16 13:37:30 | INFO | bdc.consumidores | Validação condicional concluída para 61067161000197. Tipo=detalhada ERROS=0 AVISOS=0
2026-09-16 13:37:30 | INFO | bdc.consumidores | Ficha processada com sucesso: NADIR FIGUEIREDO 02042026.xlsx.
2026-09-16 13:37:30 | INFO | bdc.consumidores | Iniciando processamento do arquivo NADIR FIGUEIREDO 21072026.xlsx em modo incremental.
2026-09-16 13:37:30 | INFO | bdc.consumidores | Extração competitiva: Vencedor padrao_2 identificado para NADIR FIGUEIREDO 21072026.xlsx.
2026-09-16 13:37:30 | INFO | bdc.consumidores | Registro normalizado (Entrada: 28, Saída: 30).
2026-09-16 13:37:30 | INFO | bdc.consumidores | Classificação documental para NADIR FIGUEIREDO 21072026.xlsx: tipo=<5MWm analise=simplificada
2026-09-16 13:37:30 | INFO | bdc.consumidores | Iniciando validação unificada do registro. CNPJ=61067161000197
2026-09-16 13:37:30 | INFO | bdc.consumidores | Validação concluída. CNPJ=61067161000197 ERROS=0 AVISOS=0
2026-09-16 13:37:30 | INFO | bdc.consumidores | Validação condicional concluída para 61067161000197. Tipo=simplificada ERROS=1 AVISOS=1
2026-09-16 13:37:30 | INFO | bdc.consumidores | Iniciando processamento do arquivo NATURAFRIG RATING 20022026.xlsx em modo incremental.
2026-09-16 13:37:30 | INFO | bdc.consumidores | Extração competitiva: Vencedor padrao_2 identificado para NATURAFRIG RATING 20022026.xlsx.
2026-09-16 13:37:30 | INFO | bdc.consumidores | Registro normalizado (Entrada: 28, Saída: 30).
2026-09-16 13:37:30 | INFO | bdc.consumidores | Classificação documental para NATURAFRIG RATING 20022026.xlsx: tipo=>=5MWm analise=detalhada
2026-09-16 13:37:30 | INFO | bdc.consumidores | Iniciando validação unificada do registro. CNPJ=18626084000139
2026-09-16 13:37:30 | INFO | bdc.consumidores | Validação concluída. CNPJ=18626084000139 ERROS=0 AVISOS=1
2026-09-16 13:37:30 | INFO | bdc.consumidores | Validação condicional concluída para 18626084000139. Tipo=detalhada ERROS=0 AVISOS=1
2026-09-16 13:37:30 | INFO | bdc.consumidores | Ficha processada com sucesso: NATURAFRIG RATING 20022026.xlsx.
2026-09-16 13:37:30 | INFO | bdc.consumidores | Iniciando processamento do arquivo NC COMUNICACOES RATING 27022026.xlsx em modo incremental.
2026-09-16 13:37:30 | INFO | bdc.consumidores | Extração competitiva: Vencedor padrao_1 identificado para NC COMUNICACOES RATING 27022026.xlsx.
2026-09-16 13:37:30 | INFO | bdc.consumidores | Registro normalizado (Entrada: 28, Saída: 30).
2026-09-16 13:37:30 | INFO | bdc.consumidores | Classificação documental para NC COMUNICACOES RATING 27022026.xlsx: tipo=<5MWm analise=simplificada
2026-09-16 13:37:30 | INFO | bdc.consumidores | Iniciando validação unificada do registro. CNPJ=None
2026-09-16 13:37:30 | INFO | bdc.consumidores | Validação concluída. CNPJ=None ERROS=3 AVISOS=0
2026-09-16 13:37:30 | WARNING | bdc.consumidores | Erros de validação para CNPJ=None: ['GATE_ENGINE ausente: CNPJ', 'GATE_ENGINE ausente: EMPRESA', 'GATE_ENGINE ausente: DATA_DEMONSTRACAO_FINANCEIRA']
2026-09-16 13:37:30 | INFO | bdc.consumidores | Validação condicional concluída para None. Tipo=simplificada ERROS=4 AVISOS=1
2026-09-16 13:37:30 | INFO | bdc.consumidores | Iniciando processamento do arquivo NEXA 05012026.xlsx em modo incremental.
2026-09-16 13:37:30 | INFO | bdc.consumidores | Extração competitiva: Vencedor padrao_1 identificado para NEXA 05012026.xlsx.
2026-09-16 13:37:30 | INFO | bdc.consumidores | Registro normalizado (Entrada: 28, Saída: 30).
2026-09-16 13:37:30 | INFO | bdc.consumidores | Classificação documental para NEXA 05012026.xlsx: tipo=<5MWm analise=simplificada
2026-09-16 13:37:30 | INFO | bdc.consumidores | Iniciando validação unificada do registro. CNPJ=None
2026-09-16 13:37:30 | INFO | bdc.consumidores | Validação concluída. CNPJ=None ERROS=3 AVISOS=0
2026-09-16 13:37:30 | WARNING | bdc.consumidores | Erros de validação para CNPJ=None: ['GATE_ENGINE ausente: CNPJ', 'GATE_ENGINE ausente: EMPRESA', 'GATE_ENGINE ausente: DATA_DEMONSTRACAO_FINANCEIRA']
2026-09-16 13:37:30 | INFO | bdc.consumidores | Validação condicional concluída para None. Tipo=simplificada ERROS=4 AVISOS=1
2026-09-16 13:37:30 | INFO | bdc.consumidores | Iniciando processamento do arquivo NEXA 08072025.xlsx em modo incremental.
2026-09-16 13:37:30 | INFO | bdc.consumidores | Extração competitiva: Vencedor padrao_1 identificado para NEXA 08072025.xlsx.
2026-09-16 13:37:30 | INFO | bdc.consumidores | Registro normalizado (Entrada: 28, Saída: 30).
2026-09-16 13:37:30 | INFO | bdc.consumidores | Classificação documental para NEXA 08072025.xlsx: tipo=>=5MWm analise=detalhada
2026-09-16 13:37:30 | INFO | bdc.consumidores | Iniciando validação unificada do registro. CNPJ=42416651000107
2026-09-16 13:37:30 | INFO | bdc.consumidores | Validação concluída. CNPJ=42416651000107 ERROS=0 AVISOS=1
2026-09-16 13:37:30 | INFO | bdc.consumidores | Validação condicional concluída para 42416651000107. Tipo=detalhada ERROS=2 AVISOS=2
2026-09-16 13:37:30 | INFO | bdc.consumidores | Ficha processada com sucesso: NEXA 08072025.xlsx.
2026-09-16 13:37:30 | INFO | bdc.consumidores | Iniciando processamento do arquivo NEXA RATING 05012026.xlsx em modo incremental.
2026-09-16 13:37:31 | INFO | bdc.consumidores | Extração competitiva: Vencedor padrao_2 identificado para NEXA RATING 05012026.xlsx.
2026-09-16 13:37:31 | INFO | bdc.consumidores | Registro normalizado (Entrada: 28, Saída: 30).
2026-09-16 13:37:31 | INFO | bdc.consumidores | Classificação documental para NEXA RATING 05012026.xlsx: tipo=>=5MWm analise=detalhada
2026-09-16 13:37:31 | INFO | bdc.consumidores | Iniciando validação unificada do registro. CNPJ=42416651000107
2026-09-16 13:37:31 | INFO | bdc.consumidores | Validação concluída. CNPJ=42416651000107 ERROS=0 AVISOS=1
2026-09-16 13:37:31 | INFO | bdc.consumidores | Validação condicional concluída para 42416651000107. Tipo=detalhada ERROS=2 AVISOS=1
2026-09-16 13:37:31 | INFO | bdc.consumidores | Iniciando processamento do arquivo NEXA RECURSOS MINERAIS 18062026.xlsx em modo incremental.
2026-09-16 13:37:31 | INFO | bdc.consumidores | Extração competitiva: Vencedor padrao_2 identificado para NEXA RECURSOS MINERAIS 18062026.xlsx.
2026-09-16 13:37:31 | INFO | bdc.consumidores | Registro normalizado (Entrada: 28, Saída: 30).
2026-09-16 13:37:31 | INFO | bdc.consumidores | Classificação documental para NEXA RECURSOS MINERAIS 18062026.xlsx: tipo=<5MWm analise=simplificada
2026-09-16 13:37:31 | INFO | bdc.consumidores | Iniciando validação unificada do registro. CNPJ=42416651000107
2026-09-16 13:37:31 | INFO | bdc.consumidores | Validação concluída. CNPJ=42416651000107 ERROS=0 AVISOS=0
2026-09-16 13:37:31 | INFO | bdc.consumidores | Validação condicional concluída para 42416651000107. Tipo=simplificada ERROS=1 AVISOS=1
2026-09-16 13:37:31 | INFO | bdc.consumidores | Ficha processada com sucesso: NEXA RECURSOS MINERAIS 18062026.xlsx.
2026-09-16 13:37:31 | INFO | bdc.consumidores | Iniciando processamento do arquivo NORFIL 13062025.xlsx em modo incremental.
2026-09-16 13:37:31 | INFO | bdc.consumidores | Extração competitiva: Vencedor padrao_1 identificado para NORFIL 13062025.xlsx.
2026-09-16 13:37:31 | INFO | bdc.consumidores | Registro normalizado (Entrada: 28, Saída: 30).
2026-09-16 13:37:31 | INFO | bdc.consumidores | Classificação documental para NORFIL 13062025.xlsx: tipo=>=5MWm analise=detalhada
2026-09-16 13:37:31 | INFO | bdc.consumidores | Iniciando validação unificada do registro. CNPJ=02341494000101
2026-09-16 13:37:31 | INFO | bdc.consumidores | Validação concluída. CNPJ=02341494000101 ERROS=0 AVISOS=0
2026-09-16 13:37:31 | INFO | bdc.consumidores | Validação condicional concluída para 02341494000101. Tipo=detalhada ERROS=2 AVISOS=1
2026-09-16 13:37:31 | INFO | bdc.consumidores | Ficha processada com sucesso: NORFIL 13062025.xlsx.
2026-09-16 13:37:31 | INFO | bdc.consumidores | Iniciando processamento do arquivo NORFIL 15022024.xlsx em modo incremental.
2026-09-16 13:37:31 | INFO | bdc.consumidores | Extração competitiva: Vencedor padrao_1 identificado para NORFIL 15022024.xlsx.
2026-09-16 13:37:31 | INFO | bdc.consumidores | Registro normalizado (Entrada: 28, Saída: 30).
2026-09-16 13:37:31 | INFO | bdc.consumidores | Classificação documental para NORFIL 15022024.xlsx: tipo=>=5MWm analise=detalhada
2026-09-16 13:37:31 | INFO | bdc.consumidores | Iniciando validação unificada do registro. CNPJ=02341494000101
2026-09-16 13:37:31 | INFO | bdc.consumidores | Validação concluída. CNPJ=02341494000101 ERROS=0 AVISOS=0
2026-09-16 13:37:31 | INFO | bdc.consumidores | Validação condicional concluída para 02341494000101. Tipo=detalhada ERROS=2 AVISOS=1
2026-09-16 13:37:31 | INFO | bdc.consumidores | Ficha processada com sucesso: NORFIL 15022024.xlsx.
2026-09-16 13:37:31 | INFO | bdc.consumidores | Iniciando processamento do arquivo NORFIL SA 27042026.xlsx em modo incremental.
2026-09-16 13:37:31 | INFO | bdc.consumidores | Extração competitiva: Vencedor padrao_2 identificado para NORFIL SA 27042026.xlsx.
2026-09-16 13:37:31 | INFO | bdc.consumidores | Registro normalizado (Entrada: 28, Saída: 30).
2026-09-16 13:37:31 | INFO | bdc.consumidores | Classificação documental para NORFIL SA 27042026.xlsx: tipo=>=5MWm analise=detalhada
2026-09-16 13:37:31 | INFO | bdc.consumidores | Iniciando validação unificada do registro. CNPJ=02341494000101
2026-09-16 13:37:31 | INFO | bdc.consumidores | Validação concluída. CNPJ=02341494000101 ERROS=0 AVISOS=0
2026-09-16 13:37:31 | INFO | bdc.consumidores | Validação condicional concluída para 02341494000101. Tipo=detalhada ERROS=0 AVISOS=0
2026-09-16 13:37:31 | INFO | bdc.consumidores | Ficha processada com sucesso: NORFIL SA 27042026.xlsx.
2026-09-16 13:37:31 | INFO | bdc.consumidores | Iniciando processamento do arquivo NORFIL_13_01_23.xlsx em modo incremental.
2026-09-16 13:37:31 | INFO | bdc.consumidores | Extração competitiva: Vencedor padrao_1 identificado para NORFIL_13_01_23.xlsx.
2026-09-16 13:37:31 | INFO | bdc.consumidores | Registro normalizado (Entrada: 28, Saída: 30).
2026-09-16 13:37:31 | INFO | bdc.consumidores | Classificação documental para NORFIL_13_01_23.xlsx: tipo=>=5MWm analise=detalhada
2026-09-16 13:37:31 | INFO | bdc.consumidores | Iniciando validação unificada do registro. CNPJ=02341494000101
2026-09-16 13:37:31 | INFO | bdc.consumidores | Validação concluída. CNPJ=02341494000101 ERROS=0 AVISOS=0
2026-09-16 13:37:31 | INFO | bdc.consumidores | Validação condicional concluída para 02341494000101. Tipo=detalhada ERROS=2 AVISOS=1
2026-09-16 13:37:31 | INFO | bdc.consumidores | Ficha processada com sucesso: NORFIL_13_01_23.xlsx.
2026-09-16 13:37:31 | INFO | bdc.consumidores | Iniciando processamento do arquivo NOVA FIAÇAO 14052026.xlsx em modo incremental.
2026-09-16 13:37:31 | INFO | bdc.consumidores | Extração competitiva: Vencedor padrao_2 identificado para NOVA FIAÇAO 14052026.xlsx.
2026-09-16 13:37:31 | INFO | bdc.consumidores | Registro normalizado (Entrada: 28, Saída: 30).
2026-09-16 13:37:31 | INFO | bdc.consumidores | Classificação documental para NOVA FIAÇAO 14052026.xlsx: tipo=>=5MWm analise=detalhada
2026-09-16 13:37:31 | INFO | bdc.consumidores | Iniciando validação unificada do registro. CNPJ=18067083000100
2026-09-16 13:37:31 | INFO | bdc.consumidores | Validação concluída. CNPJ=18067083000100 ERROS=0 AVISOS=1
2026-09-16 13:37:31 | INFO | bdc.consumidores | Validação condicional concluída para 18067083000100. Tipo=detalhada ERROS=0 AVISOS=1
2026-09-16 13:37:31 | INFO | bdc.consumidores | Ficha processada com sucesso: NOVA FIAÇAO 14052026.xlsx.
2026-09-16 13:37:32 | INFO | bdc.consumidores | Iniciando processamento do arquivo NOVELIS 05062026.xlsx em modo incremental.
2026-09-16 13:37:32 | INFO | bdc.consumidores | Extração competitiva: Vencedor padrao_2 identificado para NOVELIS 05062026.xlsx.
2026-09-16 13:37:32 | INFO | bdc.consumidores | Registro normalizado (Entrada: 28, Saída: 30).
2026-09-16 13:37:32 | INFO | bdc.consumidores | Classificação documental para NOVELIS 05062026.xlsx: tipo=>=5MWm analise=detalhada
2026-09-16 13:37:32 | INFO | bdc.consumidores | Iniciando validação unificada do registro. CNPJ=60561800000103
2026-09-16 13:37:32 | INFO | bdc.consumidores | Validação concluída. CNPJ=60561800000103 ERROS=0 AVISOS=1
2026-09-16 13:37:32 | INFO | bdc.consumidores | Validação condicional concluída para 60561800000103. Tipo=detalhada ERROS=0 AVISOS=1
2026-09-16 13:37:32 | INFO | bdc.consumidores | Ficha processada com sucesso: NOVELIS 05062026.xlsx.
2026-09-16 13:37:32 | INFO | bdc.consumidores | Iniciando processamento do arquivo NOVELIS 08052026.xlsx em modo incremental.
2026-09-16 13:37:32 | INFO | bdc.consumidores | Extração competitiva: Vencedor padrao_2 identificado para NOVELIS 08052026.xlsx.
2026-09-16 13:37:32 | INFO | bdc.consumidores | Registro normalizado (Entrada: 28, Saída: 30).
2026-09-16 13:37:32 | INFO | bdc.consumidores | Classificação documental para NOVELIS 08052026.xlsx: tipo=>=5MWm analise=detalhada
2026-09-16 13:37:32 | INFO | bdc.consumidores | Iniciando validação unificada do registro. CNPJ=60561800000103
2026-09-16 13:37:32 | INFO | bdc.consumidores | Validação concluída. CNPJ=60561800000103 ERROS=0 AVISOS=1
2026-09-16 13:37:32 | INFO | bdc.consumidores | Validação condicional concluída para 60561800000103. Tipo=detalhada ERROS=0 AVISOS=1
2026-09-16 13:37:32 | INFO | bdc.consumidores | Ficha processada com sucesso: NOVELIS 08052026.xlsx.
2026-09-16 13:37:32 | INFO | bdc.consumidores | Iniciando processamento do arquivo NOVO ATACAREJO 28102025.xlsx em modo incremental.
2026-09-16 13:37:32 | INFO | bdc.consumidores | Extração competitiva: Vencedor padrao_2 identificado para NOVO ATACAREJO 28102025.xlsx.
2026-09-16 13:37:32 | INFO | bdc.consumidores | Registro normalizado (Entrada: 28, Saída: 30).
2026-09-16 13:37:32 | INFO | bdc.consumidores | Classificação documental para NOVO ATACAREJO 28102025.xlsx: tipo=>=5MWm analise=detalhada
2026-09-16 13:37:32 | INFO | bdc.consumidores | Iniciando validação unificada do registro. CNPJ=20300157003912
2026-09-16 13:37:32 | INFO | bdc.consumidores | Validação concluída. CNPJ=20300157003912 ERROS=0 AVISOS=1
2026-09-16 13:37:32 | INFO | bdc.consumidores | Validação condicional concluída para 20300157003912. Tipo=detalhada ERROS=0 AVISOS=1
2026-09-16 13:37:32 | INFO | bdc.consumidores | Ficha processada com sucesso: NOVO ATACAREJO 28102025.xlsx.
2026-09-16 13:37:32 | INFO | bdc.consumidores | Iniciando processamento do arquivo Nitaplast 16_08_2022.xlsx em modo incremental.
2026-09-16 13:37:32 | INFO | bdc.consumidores | Extração competitiva: Vencedor padrao_1 identificado para Nitaplast 16_08_2022.xlsx.
2026-09-16 13:37:32 | INFO | bdc.consumidores | Registro normalizado (Entrada: 28, Saída: 30).
2026-09-16 13:37:32 | INFO | bdc.consumidores | Classificação documental para Nitaplast 16_08_2022.xlsx: tipo=>=5MWm analise=detalhada
2026-09-16 13:37:32 | INFO | bdc.consumidores | Iniciando validação unificada do registro. CNPJ=82295817000107
2026-09-16 13:37:32 | INFO | bdc.consumidores | Validação concluída. CNPJ=82295817000107 ERROS=0 AVISOS=0
2026-09-16 13:37:32 | INFO | bdc.consumidores | Validação condicional concluída para 82295817000107. Tipo=detalhada ERROS=2 AVISOS=1
2026-09-16 13:37:32 | INFO | bdc.consumidores | Ficha processada com sucesso: Nitaplast 16_08_2022.xlsx.
2026-09-16 13:37:32 | INFO | bdc.consumidores | Iniciando processamento do arquivo ORIZON 25092025.xlsx em modo incremental.
2026-09-16 13:37:32 | INFO | bdc.consumidores | Extração competitiva: Vencedor padrao_1 identificado para ORIZON 25092025.xlsx.
2026-09-16 13:37:32 | INFO | bdc.consumidores | Registro normalizado (Entrada: 28, Saída: 30).
2026-09-16 13:37:32 | INFO | bdc.consumidores | Classificação documental para ORIZON 25092025.xlsx: tipo=>=5MWm analise=detalhada
2026-09-16 13:37:32 | INFO | bdc.consumidores | Iniciando validação unificada do registro. CNPJ=11421994000136
2026-09-16 13:37:32 | INFO | bdc.consumidores | Validação concluída. CNPJ=11421994000136 ERROS=0 AVISOS=0
2026-09-16 13:37:32 | INFO | bdc.consumidores | Validação condicional concluída para 11421994000136. Tipo=detalhada ERROS=2 AVISOS=1
2026-09-16 13:37:32 | INFO | bdc.consumidores | Ficha processada com sucesso: ORIZON 25092025.xlsx.
2026-09-16 13:37:32 | INFO | bdc.consumidores | Iniciando processamento do arquivo ORIZON RATING 25112025.xlsx em modo incremental.
2026-09-16 13:37:32 | INFO | bdc.consumidores | Extração competitiva: Vencedor padrao_2 identificado para ORIZON RATING 25112025.xlsx.
2026-09-16 13:37:32 | INFO | bdc.consumidores | Registro normalizado (Entrada: 28, Saída: 30).
2026-09-16 13:37:32 | INFO | bdc.consumidores | Classificação documental para ORIZON RATING 25112025.xlsx: tipo=>=5MWm analise=detalhada
2026-09-16 13:37:32 | INFO | bdc.consumidores | Iniciando validação unificada do registro. CNPJ=11421994000136
2026-09-16 13:37:32 | INFO | bdc.consumidores | Validação concluída. CNPJ=11421994000136 ERROS=0 AVISOS=0
2026-09-16 13:37:32 | INFO | bdc.consumidores | Validação condicional concluída para 11421994000136. Tipo=detalhada ERROS=0 AVISOS=0
2026-09-16 13:37:32 | INFO | bdc.consumidores | Iniciando processamento do arquivo OXITENO 24062026.xlsx em modo incremental.
2026-09-16 13:37:32 | INFO | bdc.consumidores | Extração competitiva: Vencedor padrao_2 identificado para OXITENO 24062026.xlsx.
2026-09-16 13:37:33 | INFO | bdc.consumidores | Registro normalizado (Entrada: 28, Saída: 30).
2026-09-16 13:37:33 | INFO | bdc.consumidores | Classificação documental para OXITENO 24062026.xlsx: tipo=<5MWm analise=simplificada
2026-09-16 13:37:33 | INFO | bdc.consumidores | Iniciando validação unificada do registro. CNPJ=62545686000153
2026-09-16 13:37:33 | INFO | bdc.consumidores | Validação concluída. CNPJ=62545686000153 ERROS=0 AVISOS=0
2026-09-16 13:37:33 | INFO | bdc.consumidores | Validação condicional concluída para 62545686000153. Tipo=simplificada ERROS=1 AVISOS=1
2026-09-16 13:37:33 | INFO | bdc.consumidores | Ficha processada com sucesso: OXITENO 24062026.xlsx.
2026-09-16 13:37:33 | INFO | bdc.consumidores | Iniciando processamento do arquivo Oggi Alimentos_13_10_2022.xlsx em modo incremental.
2026-09-16 13:37:33 | INFO | bdc.consumidores | Extração competitiva: Vencedor padrao_1 identificado para Oggi Alimentos_13_10_2022.xlsx.
2026-09-16 13:37:33 | INFO | bdc.consumidores | Registro normalizado (Entrada: 28, Saída: 30).
2026-09-16 13:37:33 | INFO | bdc.consumidores | Classificação documental para Oggi Alimentos_13_10_2022.xlsx: tipo=>=5MWm analise=detalhada
2026-09-16 13:37:33 | INFO | bdc.consumidores | Iniciando validação unificada do registro. CNPJ=01621399000190
2026-09-16 13:37:33 | INFO | bdc.consumidores | Validação concluída. CNPJ=01621399000190 ERROS=0 AVISOS=1
2026-09-16 13:37:33 | INFO | bdc.consumidores | Validação condicional concluída para 01621399000190. Tipo=detalhada ERROS=2 AVISOS=2
2026-09-16 13:37:33 | INFO | bdc.consumidores | Ficha processada com sucesso: Oggi Alimentos_13_10_2022.xlsx.
2026-09-16 13:37:33 | INFO | bdc.consumidores | Iniciando processamento do arquivo PADO_28062023.xlsx em modo incremental.
2026-09-16 13:37:33 | INFO | bdc.consumidores | Extração competitiva: Vencedor padrao_1 identificado para PADO_28062023.xlsx.
2026-09-16 13:37:33 | INFO | bdc.consumidores | Registro normalizado (Entrada: 28, Saída: 30).
2026-09-16 13:37:33 | INFO | bdc.consumidores | Classificação documental para PADO_28062023.xlsx: tipo=>=5MWm analise=detalhada
2026-09-16 13:37:33 | INFO | bdc.consumidores | Iniciando validação unificada do registro. CNPJ=61144150000678
2026-09-16 13:37:33 | INFO | bdc.consumidores | Validação concluída. CNPJ=61144150000678 ERROS=0 AVISOS=1
2026-09-16 13:37:33 | INFO | bdc.consumidores | Validação condicional concluída para 61144150000678. Tipo=detalhada ERROS=2 AVISOS=2
2026-09-16 13:37:33 | INFO | bdc.consumidores | Ficha processada com sucesso: PADO_28062023.xlsx.
2026-09-16 13:37:33 | INFO | bdc.consumidores | Iniciando processamento do arquivo PAPIRUS RATING 25022026.xlsx em modo incremental.
2026-09-16 13:37:33 | INFO | bdc.consumidores | Extração competitiva: Vencedor padrao_2 identificado para PAPIRUS RATING 25022026.xlsx.
2026-09-16 13:37:33 | INFO | bdc.consumidores | Registro normalizado (Entrada: 28, Saída: 30).
2026-09-16 13:37:33 | INFO | bdc.consumidores | Classificação documental para PAPIRUS RATING 25022026.xlsx: tipo=>=5MWm analise=detalhada
2026-09-16 13:37:33 | INFO | bdc.consumidores | Iniciando validação unificada do registro. CNPJ=60856077000947
2026-09-16 13:37:33 | INFO | bdc.consumidores | Validação concluída. CNPJ=60856077000947 ERROS=0 AVISOS=1
2026-09-16 13:37:33 | INFO | bdc.consumidores | Validação condicional concluída para 60856077000947. Tipo=detalhada ERROS=0 AVISOS=1
2026-09-16 13:37:33 | INFO | bdc.consumidores | Ficha processada com sucesso: PAPIRUS RATING 25022026.xlsx.
2026-09-16 13:37:33 | INFO | bdc.consumidores | Iniciando processamento do arquivo PARACATU RATING 04032026.xlsx em modo incremental.
2026-09-16 13:37:33 | INFO | bdc.consumidores | Extração competitiva: Vencedor padrao_1 identificado para PARACATU RATING 04032026.xlsx.
2026-09-16 13:37:33 | INFO | bdc.consumidores | Registro normalizado (Entrada: 28, Saída: 30).
2026-09-16 13:37:33 | INFO | bdc.consumidores | Classificação documental para PARACATU RATING 04032026.xlsx: tipo=<5MWm analise=simplificada
2026-09-16 13:37:33 | INFO | bdc.consumidores | Iniciando validação unificada do registro. CNPJ=None
2026-09-16 13:37:33 | INFO | bdc.consumidores | Validação concluída. CNPJ=None ERROS=3 AVISOS=0
2026-09-16 13:37:33 | WARNING | bdc.consumidores | Erros de validação para CNPJ=None: ['GATE_ENGINE ausente: CNPJ', 'GATE_ENGINE ausente: EMPRESA', 'GATE_ENGINE ausente: DATA_DEMONSTRACAO_FINANCEIRA']
2026-09-16 13:37:33 | INFO | bdc.consumidores | Validação condicional concluída para None. Tipo=simplificada ERROS=4 AVISOS=1
2026-09-16 13:37:33 | INFO | bdc.consumidores | Iniciando processamento do arquivo PARAGOMINAS 03082026.xlsx em modo incremental.
2026-09-16 13:37:33 | INFO | bdc.consumidores | Extração competitiva: Vencedor padrao_2 identificado para PARAGOMINAS 03082026.xlsx.
2026-09-16 13:37:33 | INFO | bdc.consumidores | Registro normalizado (Entrada: 28, Saída: 30).
2026-09-16 13:37:33 | INFO | bdc.consumidores | Classificação documental para PARAGOMINAS 03082026.xlsx: tipo=<5MWm analise=simplificada
2026-09-16 13:37:33 | INFO | bdc.consumidores | Iniciando validação unificada do registro. CNPJ=12094570000177
2026-09-16 13:37:33 | INFO | bdc.consumidores | Validação concluída. CNPJ=12094570000177 ERROS=0 AVISOS=0
2026-09-16 13:37:33 | INFO | bdc.consumidores | Validação condicional concluída para 12094570000177. Tipo=simplificada ERROS=1 AVISOS=1
2026-09-16 13:37:33 | INFO | bdc.consumidores | Ficha processada com sucesso: PARAGOMINAS 03082026.xlsx.
2026-09-16 13:37:33 | INFO | bdc.consumidores | Iniciando processamento do arquivo PARAGOMINAS RATING 18112025.xlsx em modo incremental.
2026-09-16 13:37:33 | INFO | bdc.consumidores | Extração competitiva: Vencedor padrao_2 identificado para PARAGOMINAS RATING 18112025.xlsx.
2026-09-16 13:37:33 | INFO | bdc.consumidores | Registro normalizado (Entrada: 28, Saída: 30).
2026-09-16 13:37:33 | INFO | bdc.consumidores | Classificação documental para PARAGOMINAS RATING 18112025.xlsx: tipo=>=5MWm analise=detalhada
2026-09-16 13:37:33 | INFO | bdc.consumidores | Iniciando validação unificada do registro. CNPJ=12094570000177
2026-09-16 13:37:33 | INFO | bdc.consumidores | Validação concluída. CNPJ=12094570000177 ERROS=0 AVISOS=0
2026-09-16 13:37:33 | INFO | bdc.consumidores | Validação condicional concluída para 12094570000177. Tipo=detalhada ERROS=0 AVISOS=0
2026-09-16 13:37:33 | INFO | bdc.consumidores | Iniciando processamento do arquivo PARANA BOI 24042026.xlsx em modo incremental.
2026-09-16 13:37:34 | INFO | bdc.consumidores | Extração competitiva: Vencedor padrao_2 identificado para PARANA BOI 24042026.xlsx.
2026-09-16 13:37:34 | INFO | bdc.consumidores | Registro normalizado (Entrada: 28, Saída: 30).
2026-09-16 13:37:34 | INFO | bdc.consumidores | Classificação documental para PARANA BOI 24042026.xlsx: tipo=>=5MWm analise=detalhada
2026-09-16 13:37:34 | INFO | bdc.consumidores | Iniciando validação unificada do registro. CNPJ=28969492000147
2026-09-16 13:37:34 | INFO | bdc.consumidores | Validação concluída. CNPJ=28969492000147 ERROS=0 AVISOS=0
2026-09-16 13:37:34 | INFO | bdc.consumidores | Validação condicional concluída para 28969492000147. Tipo=detalhada ERROS=0 AVISOS=0
2026-09-16 13:37:34 | INFO | bdc.consumidores | Ficha processada com sucesso: PARANA BOI 24042026.xlsx.
2026-09-16 13:37:34 | INFO | bdc.consumidores | Iniciando processamento do arquivo PB Gelatinas_03_10_2022.xlsx em modo incremental.
2026-09-16 13:37:34 | INFO | bdc.consumidores | Extração competitiva: Vencedor padrao_1 identificado para PB Gelatinas_03_10_2022.xlsx.
2026-09-16 13:37:34 | INFO | bdc.consumidores | Registro normalizado (Entrada: 28, Saída: 30).
2026-09-16 13:37:34 | INFO | bdc.consumidores | Classificação documental para PB Gelatinas_03_10_2022.xlsx: tipo=>=5MWm analise=detalhada
2026-09-16 13:37:34 | INFO | bdc.consumidores | Iniciando validação unificada do registro. CNPJ=10914514000106
2026-09-16 13:37:34 | INFO | bdc.consumidores | Validação concluída. CNPJ=10914514000106 ERROS=0 AVISOS=1
2026-09-16 13:37:34 | INFO | bdc.consumidores | Validação condicional concluída para 10914514000106. Tipo=detalhada ERROS=2 AVISOS=2
2026-09-16 13:37:34 | INFO | bdc.consumidores | Ficha processada com sucesso: PB Gelatinas_03_10_2022.xlsx.
2026-09-16 13:37:34 | INFO | bdc.consumidores | Iniciando processamento do arquivo PEROXIDOS 28-04-2026.xlsx em modo incremental.
2026-09-16 13:37:34 | INFO | bdc.consumidores | Extração competitiva: Vencedor padrao_2 identificado para PEROXIDOS 28-04-2026.xlsx.
2026-09-16 13:37:34 | INFO | bdc.consumidores | Registro normalizado (Entrada: 28, Saída: 30).
2026-09-16 13:37:34 | INFO | bdc.consumidores | Classificação documental para PEROXIDOS 28-04-2026.xlsx: tipo=>=5MWm analise=detalhada
2026-09-16 13:37:34 | INFO | bdc.consumidores | Iniciando validação unificada do registro. CNPJ=51784262000125
2026-09-16 13:37:34 | INFO | bdc.consumidores | Validação concluída. CNPJ=51784262000125 ERROS=0 AVISOS=0
2026-09-16 13:37:34 | INFO | bdc.consumidores | Validação condicional concluída para 51784262000125. Tipo=detalhada ERROS=1 AVISOS=0
2026-09-16 13:37:34 | INFO | bdc.consumidores | Ficha processada com sucesso: PEROXIDOS 28-04-2026.xlsx.
2026-09-16 13:37:34 | INFO | bdc.consumidores | Iniciando processamento do arquivo PETROBRAS 10062026.xlsx em modo incremental.
2026-09-16 13:37:34 | INFO | bdc.consumidores | Extração competitiva: Vencedor padrao_2 identificado para PETROBRAS 10062026.xlsx.
2026-09-16 13:37:34 | INFO | bdc.consumidores | Registro normalizado (Entrada: 28, Saída: 30).
2026-09-16 13:37:34 | INFO | bdc.consumidores | Classificação documental para PETROBRAS 10062026.xlsx: tipo=<5MWm analise=simplificada
2026-09-16 13:37:34 | INFO | bdc.consumidores | Iniciando validação unificada do registro. CNPJ=33000167000101
2026-09-16 13:37:34 | INFO | bdc.consumidores | Validação concluída. CNPJ=33000167000101 ERROS=0 AVISOS=0
2026-09-16 13:37:34 | INFO | bdc.consumidores | Validação condicional concluída para 33000167000101. Tipo=simplificada ERROS=1 AVISOS=1
2026-09-16 13:37:34 | INFO | bdc.consumidores | Ficha processada com sucesso: PETROBRAS 10062026.xlsx.
2026-09-16 13:37:34 | INFO | bdc.consumidores | Iniciando processamento do arquivo PETROBRAS RATING 10112025.xlsx em modo incremental.
2026-09-16 13:37:34 | INFO | bdc.consumidores | Extração competitiva: Vencedor padrao_2 identificado para PETROBRAS RATING 10112025.xlsx.
2026-09-16 13:37:34 | INFO | bdc.consumidores | Registro normalizado (Entrada: 28, Saída: 30).
2026-09-16 13:37:34 | INFO | bdc.consumidores | Classificação documental para PETROBRAS RATING 10112025.xlsx: tipo=>=5MWm analise=detalhada
2026-09-16 13:37:34 | INFO | bdc.consumidores | Iniciando validação unificada do registro. CNPJ=33000167000101
2026-09-16 13:37:34 | INFO | bdc.consumidores | Validação concluída. CNPJ=33000167000101 ERROS=0 AVISOS=1
2026-09-16 13:37:34 | INFO | bdc.consumidores | Validação condicional concluída para 33000167000101. Tipo=detalhada ERROS=1 AVISOS=1
2026-09-16 13:37:34 | INFO | bdc.consumidores | Ficha processada com sucesso: PETROBRAS RATING 10112025.xlsx.
2026-09-16 13:37:34 | INFO | bdc.consumidores | Iniciando processamento do arquivo PETRORECONCAVO 08052026.xlsx em modo incremental.
2026-09-16 13:37:34 | INFO | bdc.consumidores | Extração competitiva: Vencedor padrao_2 identificado para PETRORECONCAVO 08052026.xlsx.
2026-09-16 13:37:34 | INFO | bdc.consumidores | Registro normalizado (Entrada: 28, Saída: 30).
2026-09-16 13:37:34 | INFO | bdc.consumidores | Classificação documental para PETRORECONCAVO 08052026.xlsx: tipo=>=5MWm analise=detalhada
2026-09-16 13:37:34 | INFO | bdc.consumidores | Iniciando validação unificada do registro. CNPJ=03342704000130
2026-09-16 13:37:34 | INFO | bdc.consumidores | Validação concluída. CNPJ=03342704000130 ERROS=0 AVISOS=1
2026-09-16 13:37:34 | INFO | bdc.consumidores | Validação condicional concluída para 03342704000130. Tipo=detalhada ERROS=0 AVISOS=1
2026-09-16 13:37:34 | INFO | bdc.consumidores | Ficha processada com sucesso: PETRORECONCAVO 08052026.xlsx.
2026-09-16 13:37:34 | INFO | bdc.consumidores | Iniciando processamento do arquivo PETRORECONCAVO RATING 11112025.xlsx em modo incremental.
2026-09-16 13:37:34 | INFO | bdc.consumidores | Extração competitiva: Vencedor padrao_2 identificado para PETRORECONCAVO RATING 11112025.xlsx.
2026-09-16 13:37:34 | INFO | bdc.consumidores | Registro normalizado (Entrada: 28, Saída: 30).
2026-09-16 13:37:34 | INFO | bdc.consumidores | Classificação documental para PETRORECONCAVO RATING 11112025.xlsx: tipo=>=5MWm analise=detalhada
2026-09-16 13:37:34 | INFO | bdc.consumidores | Iniciando validação unificada do registro. CNPJ=03342704000130
2026-09-16 13:37:34 | INFO | bdc.consumidores | Validação concluída. CNPJ=03342704000130 ERROS=0 AVISOS=0
2026-09-16 13:37:34 | INFO | bdc.consumidores | Validação condicional concluída para 03342704000130. Tipo=detalhada ERROS=0 AVISOS=0
2026-09-16 13:37:34 | INFO | bdc.consumidores | Ficha processada com sucesso: PETRORECONCAVO RATING 11112025.xlsx.
2026-09-16 13:37:34 | INFO | bdc.consumidores | Iniciando processamento do arquivo PLASTICOS AMSTERDAN 13072026.xlsx em modo incremental.
2026-09-16 13:37:34 | INFO | bdc.consumidores | Extração competitiva: Vencedor padrao_2 identificado para PLASTICOS AMSTERDAN 13072026.xlsx.
2026-09-16 13:37:34 | INFO | bdc.consumidores | Registro normalizado (Entrada: 28, Saída: 30).
2026-09-16 13:37:34 | INFO | bdc.consumidores | Classificação documental para PLASTICOS AMSTERDAN 13072026.xlsx: tipo=<5MWm analise=simplificada
2026-09-16 13:37:34 | INFO | bdc.consumidores | Iniciando validação unificada do registro. CNPJ=59221316000156
2026-09-16 13:37:34 | INFO | bdc.consumidores | Validação concluída. CNPJ=59221316000156 ERROS=0 AVISOS=0
2026-09-16 13:37:34 | INFO | bdc.consumidores | Validação condicional concluída para 59221316000156. Tipo=simplificada ERROS=1 AVISOS=1
2026-09-16 13:37:34 | INFO | bdc.consumidores | Ficha processada com sucesso: PLASTICOS AMSTERDAN 13072026.xlsx.
2026-09-16 13:37:34 | INFO | bdc.consumidores | Iniciando processamento do arquivo PM Cascavel.xlsx em modo incremental.
2026-09-16 13:37:34 | INFO | bdc.consumidores | Extração competitiva: Vencedor padrao_1 identificado para PM Cascavel.xlsx.
2026-09-16 13:37:34 | INFO | bdc.consumidores | Registro normalizado (Entrada: 28, Saída: 30).
2026-09-16 13:37:34 | INFO | bdc.consumidores | Classificação documental para PM Cascavel.xlsx: tipo=>=5MWm analise=detalhada
2026-09-16 13:37:34 | INFO | bdc.consumidores | Iniciando validação unificada do registro. CNPJ=76208867000107
2026-09-16 13:37:34 | INFO | bdc.consumidores | Validação concluída. CNPJ=76208867000107 ERROS=0 AVISOS=1
2026-09-16 13:37:34 | INFO | bdc.consumidores | Validação condicional concluída para 76208867000107. Tipo=detalhada ERROS=2 AVISOS=2
2026-09-16 13:37:34 | INFO | bdc.consumidores | Ficha processada com sucesso: PM Cascavel.xlsx.
2026-09-16 13:37:34 | INFO | bdc.consumidores | Iniciando processamento do arquivo POLIMIX_06062023.xlsx em modo incremental.
2026-09-16 13:37:35 | INFO | bdc.consumidores | Extração competitiva: Vencedor padrao_1 identificado para POLIMIX_06062023.xlsx.
2026-09-16 13:37:35 | INFO | bdc.consumidores | Registro normalizado (Entrada: 28, Saída: 30).
2026-09-16 13:37:35 | INFO | bdc.consumidores | Classificação documental para POLIMIX_06062023.xlsx: tipo=>=5MWm analise=detalhada
2026-09-16 13:37:35 | INFO | bdc.consumidores | Iniciando validação unificada do registro. CNPJ=29067113000196
2026-09-16 13:37:35 | INFO | bdc.consumidores | Validação concluída. CNPJ=29067113000196 ERROS=0 AVISOS=1
2026-09-16 13:37:35 | INFO | bdc.consumidores | Validação condicional concluída para 29067113000196. Tipo=detalhada ERROS=2 AVISOS=2
2026-09-16 13:37:35 | INFO | bdc.consumidores | Ficha processada com sucesso: POLIMIX_06062023.xlsx.
2026-09-16 13:37:35 | INFO | bdc.consumidores | Iniciando processamento do arquivo POLO FILMS 20-07-2022.xlsx em modo incremental.
2026-09-16 13:37:35 | INFO | bdc.consumidores | Extração competitiva: Vencedor padrao_1 identificado para POLO FILMS 20-07-2022.xlsx.
2026-09-16 13:37:35 | INFO | bdc.consumidores | Registro normalizado (Entrada: 28, Saída: 30).
2026-09-16 13:37:35 | INFO | bdc.consumidores | Classificação documental para POLO FILMS 20-07-2022.xlsx: tipo=>=5MWm analise=detalhada
2026-09-16 13:37:35 | INFO | bdc.consumidores | Iniciando validação unificada do registro. CNPJ=26051817000182
2026-09-16 13:37:35 | INFO | bdc.consumidores | Validação concluída. CNPJ=26051817000182 ERROS=0 AVISOS=0
2026-09-16 13:37:35 | INFO | bdc.consumidores | Validação condicional concluída para 26051817000182. Tipo=detalhada ERROS=2 AVISOS=1
2026-09-16 13:37:35 | INFO | bdc.consumidores | Ficha processada com sucesso: POLO FILMS 20-07-2022.xlsx.
2026-09-16 13:37:35 | INFO | bdc.consumidores | Iniciando processamento do arquivo PORTO ITAPOA RATING 10122025.xlsx em modo incremental.
2026-09-16 13:37:35 | INFO | bdc.consumidores | Extração competitiva: Vencedor padrao_2 identificado para PORTO ITAPOA RATING 10122025.xlsx.
2026-09-16 13:37:35 | INFO | bdc.consumidores | Registro normalizado (Entrada: 28, Saída: 30).
2026-09-16 13:37:35 | INFO | bdc.consumidores | Classificação documental para PORTO ITAPOA RATING 10122025.xlsx: tipo=>=5MWm analise=detalhada
2026-09-16 13:37:35 | INFO | bdc.consumidores | Iniciando validação unificada do registro. CNPJ=01317277000105
2026-09-16 13:37:35 | INFO | bdc.consumidores | Validação concluída. CNPJ=01317277000105 ERROS=0 AVISOS=0
2026-09-16 13:37:35 | INFO | bdc.consumidores | Validação condicional concluída para 01317277000105. Tipo=detalhada ERROS=0 AVISOS=0
2026-09-16 13:37:35 | INFO | bdc.consumidores | Ficha processada com sucesso: PORTO ITAPOA RATING 10122025.xlsx.
2026-09-16 13:37:35 | INFO | bdc.consumidores | Iniciando processamento do arquivo PRATI DONADUZI 14072026.xlsx em modo incremental.
2026-09-16 13:37:35 | INFO | bdc.consumidores | Extração competitiva: Vencedor padrao_2 identificado para PRATI DONADUZI 14072026.xlsx.
2026-09-16 13:37:35 | INFO | bdc.consumidores | Registro normalizado (Entrada: 28, Saída: 30).
2026-09-16 13:37:35 | INFO | bdc.consumidores | Classificação documental para PRATI DONADUZI 14072026.xlsx: tipo=<5MWm analise=simplificada
2026-09-16 13:37:35 | INFO | bdc.consumidores | Iniciando validação unificada do registro. CNPJ=73856593000166
2026-09-16 13:37:35 | INFO | bdc.consumidores | Validação concluída. CNPJ=73856593000166 ERROS=0 AVISOS=0
2026-09-16 13:37:35 | INFO | bdc.consumidores | Validação condicional concluída para 73856593000166. Tipo=simplificada ERROS=1 AVISOS=1
2026-09-16 13:37:35 | INFO | bdc.consumidores | Ficha processada com sucesso: PRATI DONADUZI 14072026.xlsx.
2026-09-16 13:37:35 | INFO | bdc.consumidores | Iniciando processamento do arquivo PRATI DONADUZZI 24082023.xlsx em modo incremental.
2026-09-16 13:37:35 | INFO | bdc.consumidores | Extração competitiva: Vencedor padrao_1 identificado para PRATI DONADUZZI 24082023.xlsx.
2026-09-16 13:37:35 | INFO | bdc.consumidores | Registro normalizado (Entrada: 28, Saída: 30).
2026-09-16 13:37:35 | INFO | bdc.consumidores | Classificação documental para PRATI DONADUZZI 24082023.xlsx: tipo=>=5MWm analise=detalhada
2026-09-16 13:37:35 | INFO | bdc.consumidores | Iniciando validação unificada do registro. CNPJ=73856593000166
2026-09-16 13:37:35 | INFO | bdc.consumidores | Validação concluída. CNPJ=73856593000166 ERROS=0 AVISOS=1
2026-09-16 13:37:35 | INFO | bdc.consumidores | Validação condicional concluída para 73856593000166. Tipo=detalhada ERROS=2 AVISOS=2
2026-09-16 13:37:35 | INFO | bdc.consumidores | Ficha processada com sucesso: PRATI DONADUZZI 24082023.xlsx.
2026-09-16 13:37:35 | INFO | bdc.consumidores | Iniciando processamento do arquivo PRIMA FOODS RATING 27012026.xlsx em modo incremental.
2026-09-16 13:37:35 | INFO | bdc.consumidores | Extração competitiva: Vencedor padrao_2 identificado para PRIMA FOODS RATING 27012026.xlsx.
2026-09-16 13:37:35 | INFO | bdc.consumidores | Registro normalizado (Entrada: 28, Saída: 30).
2026-09-16 13:37:35 | INFO | bdc.consumidores | Classificação documental para PRIMA FOODS RATING 27012026.xlsx: tipo=>=5MWm analise=detalhada
2026-09-16 13:37:35 | INFO | bdc.consumidores | Iniciando validação unificada do registro. CNPJ=16820052000144
2026-09-16 13:37:35 | INFO | bdc.consumidores | Validação concluída. CNPJ=16820052000144 ERROS=0 AVISOS=1
2026-09-16 13:37:35 | INFO | bdc.consumidores | Validação condicional concluída para 16820052000144. Tipo=detalhada ERROS=0 AVISOS=1
2026-09-16 13:37:35 | INFO | bdc.consumidores | Ficha processada com sucesso: PRIMA FOODS RATING 27012026.xlsx.
2026-09-16 13:37:35 | INFO | bdc.consumidores | Iniciando processamento do arquivo PURO PELLET - Avaliação Middle.xlsx em modo incremental.
2026-09-16 13:37:35 | INFO | bdc.consumidores | Extração competitiva: Vencedor padrao_1 identificado para PURO PELLET - Avaliação Middle.xlsx.
2026-09-16 13:37:35 | INFO | bdc.consumidores | Registro normalizado (Entrada: 28, Saída: 30).
2026-09-16 13:37:35 | INFO | bdc.consumidores | Classificação documental para PURO PELLET - Avaliação Middle.xlsx: tipo=>=5MWm analise=detalhada
2026-09-16 13:37:35 | INFO | bdc.consumidores | Iniciando validação unificada do registro. CNPJ=39449320000169
2026-09-16 13:37:35 | INFO | bdc.consumidores | Validação concluída. CNPJ=39449320000169 ERROS=0 AVISOS=0
2026-09-16 13:37:35 | INFO | bdc.consumidores | Validação condicional concluída para 39449320000169. Tipo=detalhada ERROS=2 AVISOS=1
2026-09-16 13:37:35 | INFO | bdc.consumidores | Ficha processada com sucesso: PURO PELLET - Avaliação Middle.xlsx.
2026-09-16 13:37:35 | INFO | bdc.consumidores | Iniciando processamento do arquivo Paraná Xisto 13012025.xlsx em modo incremental.
2026-09-16 13:37:35 | INFO | bdc.consumidores | Extração competitiva: Vencedor padrao_1 identificado para Paraná Xisto 13012025.xlsx.
2026-09-16 13:37:35 | INFO | bdc.consumidores | Registro normalizado (Entrada: 28, Saída: 30).
2026-09-16 13:37:35 | INFO | bdc.consumidores | Classificação documental para Paraná Xisto 13012025.xlsx: tipo=>=5MWm analise=detalhada
2026-09-16 13:37:35 | INFO | bdc.consumidores | Iniciando validação unificada do registro. CNPJ=40254927000172
2026-09-16 13:37:35 | INFO | bdc.consumidores | Validação concluída. CNPJ=40254927000172 ERROS=0 AVISOS=1
2026-09-16 13:37:35 | INFO | bdc.consumidores | Validação condicional concluída para 40254927000172. Tipo=detalhada ERROS=2 AVISOS=2
2026-09-16 13:37:35 | INFO | bdc.consumidores | Ficha processada com sucesso: Paraná Xisto 13012025.xlsx.
2026-09-16 13:37:35 | INFO | bdc.consumidores | Iniciando processamento do arquivo Paraná Xisto 22082023.xlsx em modo incremental.
2026-09-16 13:37:35 | INFO | bdc.consumidores | Extração competitiva: Vencedor padrao_1 identificado para Paraná Xisto 22082023.xlsx.
2026-09-16 13:37:35 | INFO | bdc.consumidores | Registro normalizado (Entrada: 28, Saída: 30).
2026-09-16 13:37:35 | INFO | bdc.consumidores | Classificação documental para Paraná Xisto 22082023.xlsx: tipo=>=5MWm analise=detalhada
2026-09-16 13:37:35 | INFO | bdc.consumidores | Iniciando validação unificada do registro. CNPJ=40254927000172
2026-09-16 13:37:35 | INFO | bdc.consumidores | Validação concluída. CNPJ=40254927000172 ERROS=0 AVISOS=1
2026-09-16 13:37:35 | INFO | bdc.consumidores | Validação condicional concluída para 40254927000172. Tipo=detalhada ERROS=2 AVISOS=2
2026-09-16 13:37:35 | INFO | bdc.consumidores | Ficha processada com sucesso: Paraná Xisto 22082023.xlsx.
2026-09-16 13:37:35 | INFO | bdc.consumidores | Iniciando processamento do arquivo Peróxidos_24_02_2023.xlsx em modo incremental.
2026-09-16 13:37:36 | INFO | bdc.consumidores | Extração competitiva: Vencedor padrao_1 identificado para Peróxidos_24_02_2023.xlsx.
2026-09-16 13:37:36 | INFO | bdc.consumidores | Registro normalizado (Entrada: 28, Saída: 30).
2026-09-16 13:37:36 | INFO | bdc.consumidores | Classificação documental para Peróxidos_24_02_2023.xlsx: tipo=>=5MWm analise=detalhada
2026-09-16 13:37:36 | INFO | bdc.consumidores | Iniciando validação unificada do registro. CNPJ=51784262000125
2026-09-16 13:37:36 | INFO | bdc.consumidores | Validação concluída. CNPJ=51784262000125 ERROS=0 AVISOS=0
2026-09-16 13:37:36 | INFO | bdc.consumidores | Validação condicional concluída para 51784262000125. Tipo=detalhada ERROS=2 AVISOS=1
2026-09-16 13:37:36 | INFO | bdc.consumidores | Ficha processada com sucesso: Peróxidos_24_02_2023.xlsx.
2026-09-16 13:37:36 | INFO | bdc.consumidores | Iniciando processamento do arquivo Prati Donaduzzi_24_06_2022.xlsx em modo incremental.
2026-09-16 13:37:36 | INFO | bdc.consumidores | Extração competitiva: Vencedor padrao_1 identificado para Prati Donaduzzi_24_06_2022.xlsx.
2026-09-16 13:37:36 | INFO | bdc.consumidores | Registro normalizado (Entrada: 28, Saída: 30).
2026-09-16 13:37:36 | INFO | bdc.consumidores | Classificação documental para Prati Donaduzzi_24_06_2022.xlsx: tipo=>=5MWm analise=detalhada
2026-09-16 13:37:36 | INFO | bdc.consumidores | Iniciando validação unificada do registro. CNPJ=73856593000166
2026-09-16 13:37:36 | INFO | bdc.consumidores | Validação concluída. CNPJ=73856593000166 ERROS=0 AVISOS=1
2026-09-16 13:37:36 | INFO | bdc.consumidores | Validação condicional concluída para 73856593000166. Tipo=detalhada ERROS=2 AVISOS=2
2026-09-16 13:37:36 | INFO | bdc.consumidores | Ficha processada com sucesso: Prati Donaduzzi_24_06_2022.xlsx.
2026-09-16 13:37:36 | INFO | bdc.consumidores | Iniciando processamento do arquivo QAIR 02072025.xlsx em modo incremental.
2026-09-16 13:37:36 | INFO | bdc.consumidores | Extração competitiva: Vencedor padrao_1 identificado para QAIR 02072025.xlsx.
2026-09-16 13:37:36 | INFO | bdc.consumidores | Registro normalizado (Entrada: 28, Saída: 30).
2026-09-16 13:37:36 | INFO | bdc.consumidores | Classificação documental para QAIR 02072025.xlsx: tipo=>=5MWm analise=detalhada
2026-09-16 13:37:36 | INFO | bdc.consumidores | Iniciando validação unificada do registro. CNPJ=08666285000106
2026-09-16 13:37:36 | INFO | bdc.consumidores | Validação concluída. CNPJ=08666285000106 ERROS=0 AVISOS=1
2026-09-16 13:37:36 | INFO | bdc.consumidores | Validação condicional concluída para 08666285000106. Tipo=detalhada ERROS=2 AVISOS=2
2026-09-16 13:37:36 | INFO | bdc.consumidores | Ficha processada com sucesso: QAIR 02072025.xlsx.
2026-09-16 13:37:36 | INFO | bdc.consumidores | Iniciando processamento do arquivo QAIR BRASIL RATING 09012026.xlsx em modo incremental.
2026-09-16 13:37:36 | INFO | bdc.consumidores | Extração competitiva: Vencedor padrao_2 identificado para QAIR BRASIL RATING 09012026.xlsx.
2026-09-16 13:37:36 | INFO | bdc.consumidores | Registro normalizado (Entrada: 28, Saída: 30).
2026-09-16 13:37:36 | INFO | bdc.consumidores | Classificação documental para QAIR BRASIL RATING 09012026.xlsx: tipo=>=5MWm analise=detalhada
2026-09-16 13:37:36 | INFO | bdc.consumidores | Iniciando validação unificada do registro. CNPJ=08666285000106
2026-09-16 13:37:36 | INFO | bdc.consumidores | Validação concluída. CNPJ=08666285000106 ERROS=0 AVISOS=0
2026-09-16 13:37:36 | INFO | bdc.consumidores | Validação condicional concluída para 08666285000106. Tipo=detalhada ERROS=0 AVISOS=0
2026-09-16 13:37:36 | INFO | bdc.consumidores | Iniciando processamento do arquivo Quimica Amparo YPE - Avaliação Middle.xlsx em modo incremental.
2026-09-16 13:37:36 | INFO | bdc.consumidores | Extração competitiva: Vencedor padrao_1 identificado para Quimica Amparo YPE - Avaliação Middle.xlsx.
2026-09-16 13:37:36 | INFO | bdc.consumidores | Registro normalizado (Entrada: 28, Saída: 30).
2026-09-16 13:37:36 | INFO | bdc.consumidores | Classificação documental para Quimica Amparo YPE - Avaliação Middle.xlsx: tipo=>=5MWm analise=detalhada
2026-09-16 13:37:36 | INFO | bdc.consumidores | Iniciando validação unificada do registro. CNPJ=43461789000190
2026-09-16 13:37:36 | INFO | bdc.consumidores | Validação concluída. CNPJ=43461789000190 ERROS=0 AVISOS=1
2026-09-16 13:37:36 | INFO | bdc.consumidores | Validação condicional concluída para 43461789000190. Tipo=detalhada ERROS=2 AVISOS=2
2026-09-16 13:37:36 | INFO | bdc.consumidores | Ficha processada com sucesso: Quimica Amparo YPE - Avaliação Middle.xlsx.
2026-09-16 13:37:36 | INFO | bdc.consumidores | Iniciando processamento do arquivo RAIZEN 16042026.xlsx em modo incremental.
2026-09-16 13:37:36 | INFO | bdc.consumidores | Extração competitiva: Vencedor padrao_1 identificado para RAIZEN 16042026.xlsx.
2026-09-16 13:37:36 | INFO | bdc.consumidores | Registro normalizado (Entrada: 28, Saída: 30).
2026-09-16 13:37:36 | INFO | bdc.consumidores | Classificação documental para RAIZEN 16042026.xlsx: tipo=<5MWm analise=simplificada
2026-09-16 13:37:36 | INFO | bdc.consumidores | Iniciando validação unificada do registro. CNPJ=None
2026-09-16 13:37:36 | INFO | bdc.consumidores | Validação concluída. CNPJ=None ERROS=3 AVISOS=0
2026-09-16 13:37:36 | WARNING | bdc.consumidores | Erros de validação para CNPJ=None: ['GATE_ENGINE ausente: CNPJ', 'GATE_ENGINE ausente: EMPRESA', 'GATE_ENGINE ausente: DATA_DEMONSTRACAO_FINANCEIRA']
2026-09-16 13:37:36 | INFO | bdc.consumidores | Validação condicional concluída para None. Tipo=simplificada ERROS=4 AVISOS=1
2026-09-16 13:37:36 | INFO | bdc.consumidores | Iniciando processamento do arquivo RAIZEN_20092023.xlsx em modo incremental.
2026-09-16 13:37:36 | INFO | bdc.consumidores | Extração competitiva: Vencedor padrao_1 identificado para RAIZEN_20092023.xlsx.
2026-09-16 13:37:36 | INFO | bdc.consumidores | Registro normalizado (Entrada: 28, Saída: 30).
2026-09-16 13:37:36 | INFO | bdc.consumidores | Classificação documental para RAIZEN_20092023.xlsx: tipo=>=5MWm analise=detalhada
2026-09-16 13:37:36 | INFO | bdc.consumidores | Iniciando validação unificada do registro. CNPJ=08070508000178
2026-09-16 13:37:36 | INFO | bdc.consumidores | Validação concluída. CNPJ=08070508000178 ERROS=0 AVISOS=1
2026-09-16 13:37:36 | INFO | bdc.consumidores | Validação condicional concluída para 08070508000178. Tipo=detalhada ERROS=2 AVISOS=2
2026-09-16 13:37:36 | INFO | bdc.consumidores | Ficha processada com sucesso: RAIZEN_20092023.xlsx.
2026-09-16 13:37:36 | INFO | bdc.consumidores | Iniciando processamento do arquivo RANDON 03082026.xlsx em modo incremental.
2026-09-16 13:37:36 | INFO | bdc.consumidores | Extração competitiva: Vencedor padrao_2 identificado para RANDON 03082026.xlsx.
2026-09-16 13:37:36 | INFO | bdc.consumidores | Registro normalizado (Entrada: 28, Saída: 30).
2026-09-16 13:37:36 | INFO | bdc.consumidores | Classificação documental para RANDON 03082026.xlsx: tipo=<5MWm analise=simplificada
2026-09-16 13:37:36 | INFO | bdc.consumidores | Iniciando validação unificada do registro. CNPJ=89086144001198
2026-09-16 13:37:36 | INFO | bdc.consumidores | Validação concluída. CNPJ=89086144001198 ERROS=0 AVISOS=0
2026-09-16 13:37:36 | INFO | bdc.consumidores | Validação condicional concluída para 89086144001198. Tipo=simplificada ERROS=1 AVISOS=1
2026-09-16 13:37:36 | INFO | bdc.consumidores | Ficha processada com sucesso: RANDON 03082026.xlsx.
2026-09-16 13:37:36 | INFO | bdc.consumidores | Iniciando processamento do arquivo RANDON 04032024.xlsx em modo incremental.
2026-09-16 13:37:36 | INFO | bdc.consumidores | Extração competitiva: Vencedor padrao_1 identificado para RANDON 04032024.xlsx.
2026-09-16 13:37:36 | INFO | bdc.consumidores | Registro normalizado (Entrada: 28, Saída: 30).
2026-09-16 13:37:36 | INFO | bdc.consumidores | Classificação documental para RANDON 04032024.xlsx: tipo=>=5MWm analise=detalhada
2026-09-16 13:37:36 | INFO | bdc.consumidores | Iniciando validação unificada do registro. CNPJ=89086144001198
2026-09-16 13:37:36 | INFO | bdc.consumidores | Validação concluída. CNPJ=89086144001198 ERROS=0 AVISOS=0
2026-09-16 13:37:36 | INFO | bdc.consumidores | Validação condicional concluída para 89086144001198. Tipo=detalhada ERROS=2 AVISOS=1
2026-09-16 13:37:36 | INFO | bdc.consumidores | Ficha processada com sucesso: RANDON 04032024.xlsx.
2026-09-16 13:37:36 | INFO | bdc.consumidores | Iniciando processamento do arquivo REDE DOR SÃO LUIZ.xlsx em modo incremental.
2026-09-16 13:37:36 | INFO | bdc.consumidores | Extração competitiva: Vencedor padrao_1 identificado para REDE DOR SÃO LUIZ.xlsx.
2026-09-16 13:37:37 | INFO | bdc.consumidores | Registro normalizado (Entrada: 28, Saída: 30).
2026-09-16 13:37:37 | INFO | bdc.consumidores | Classificação documental para REDE DOR SÃO LUIZ.xlsx: tipo=>=5MWm analise=detalhada
2026-09-16 13:37:37 | INFO | bdc.consumidores | Iniciando validação unificada do registro. CNPJ=06047087000139
2026-09-16 13:37:37 | INFO | bdc.consumidores | Validação concluída. CNPJ=06047087000139 ERROS=0 AVISOS=1
2026-09-16 13:37:37 | INFO | bdc.consumidores | Validação condicional concluída para 06047087000139. Tipo=detalhada ERROS=2 AVISOS=2
2026-09-16 13:37:37 | INFO | bdc.consumidores | Ficha processada com sucesso: REDE DOR SÃO LUIZ.xlsx.
2026-09-16 13:37:37 | INFO | bdc.consumidores | Iniciando processamento do arquivo REFINARIA MATARIPE 17082026.xlsx em modo incremental.
2026-09-16 13:37:37 | INFO | bdc.consumidores | Extração competitiva: Vencedor padrao_2 identificado para REFINARIA MATARIPE 17082026.xlsx.
2026-09-16 13:37:37 | INFO | bdc.consumidores | Registro normalizado (Entrada: 28, Saída: 30).
2026-09-16 13:37:37 | INFO | bdc.consumidores | Classificação documental para REFINARIA MATARIPE 17082026.xlsx: tipo=<5MWm analise=simplificada
2026-09-16 13:37:37 | INFO | bdc.consumidores | Iniciando validação unificada do registro. CNPJ=41777706000141
2026-09-16 13:37:37 | INFO | bdc.consumidores | Validação concluída. CNPJ=41777706000141 ERROS=0 AVISOS=0
2026-09-16 13:37:37 | INFO | bdc.consumidores | Validação condicional concluída para 41777706000141. Tipo=simplificada ERROS=1 AVISOS=1
2026-09-16 13:37:37 | INFO | bdc.consumidores | Ficha processada com sucesso: REFINARIA MATARIPE 17082026.xlsx.
2026-09-16 13:37:37 | INFO | bdc.consumidores | Iniciando processamento do arquivo REPINHO 01072025.xlsx em modo incremental.
2026-09-16 13:37:37 | INFO | bdc.consumidores | Extração competitiva: Vencedor padrao_1 identificado para REPINHO 01072025.xlsx.
2026-09-16 13:37:37 | INFO | bdc.consumidores | Registro normalizado (Entrada: 28, Saída: 30).
2026-09-16 13:37:37 | INFO | bdc.consumidores | Classificação documental para REPINHO 01072025.xlsx: tipo=>=5MWm analise=detalhada
2026-09-16 13:37:37 | INFO | bdc.consumidores | Iniciando validação unificada do registro. CNPJ=82196510000140
2026-09-16 13:37:37 | INFO | bdc.consumidores | Validação concluída. CNPJ=82196510000140 ERROS=0 AVISOS=0
2026-09-16 13:37:37 | INFO | bdc.consumidores | Validação condicional concluída para 82196510000140. Tipo=detalhada ERROS=2 AVISOS=1
2026-09-16 13:37:37 | INFO | bdc.consumidores | Ficha processada com sucesso: REPINHO 01072025.xlsx.
2026-09-16 13:37:37 | INFO | bdc.consumidores | Iniciando processamento do arquivo REPINHO 29042025.xlsx em modo incremental.
2026-09-16 13:37:37 | INFO | bdc.consumidores | Extração competitiva: Vencedor padrao_1 identificado para REPINHO 29042025.xlsx.
2026-09-16 13:37:37 | INFO | bdc.consumidores | Registro normalizado (Entrada: 28, Saída: 30).
2026-09-16 13:37:37 | INFO | bdc.consumidores | Classificação documental para REPINHO 29042025.xlsx: tipo=>=5MWm analise=detalhada
2026-09-16 13:37:37 | INFO | bdc.consumidores | Iniciando validação unificada do registro. CNPJ=82196510000140
2026-09-16 13:37:37 | INFO | bdc.consumidores | Validação concluída. CNPJ=82196510000140 ERROS=0 AVISOS=0
2026-09-16 13:37:37 | INFO | bdc.consumidores | Validação condicional concluída para 82196510000140. Tipo=detalhada ERROS=2 AVISOS=1
2026-09-16 13:37:37 | INFO | bdc.consumidores | Ficha processada com sucesso: REPINHO 29042025.xlsx.
2026-09-16 13:37:37 | INFO | bdc.consumidores | Iniciando processamento do arquivo RHODIA BRASIL 20072026.xlsx em modo incremental.
2026-09-16 13:37:37 | INFO | bdc.consumidores | Extração competitiva: Vencedor padrao_2 identificado para RHODIA BRASIL 20072026.xlsx.
2026-09-16 13:37:37 | INFO | bdc.consumidores | Registro normalizado (Entrada: 28, Saída: 30).
2026-09-16 13:37:37 | INFO | bdc.consumidores | Classificação documental para RHODIA BRASIL 20072026.xlsx: tipo=<5MWm analise=simplificada
2026-09-16 13:37:37 | INFO | bdc.consumidores | Iniciando validação unificada do registro. CNPJ=57507626000106
2026-09-16 13:37:37 | INFO | bdc.consumidores | Validação concluída. CNPJ=57507626000106 ERROS=0 AVISOS=0
2026-09-16 13:37:37 | INFO | bdc.consumidores | Validação condicional concluída para 57507626000106. Tipo=simplificada ERROS=1 AVISOS=1
2026-09-16 13:37:37 | INFO | bdc.consumidores | Ficha processada com sucesso: RHODIA BRASIL 20072026.xlsx.
2026-09-16 13:37:37 | INFO | bdc.consumidores | Iniciando processamento do arquivo RIACHUELO_05072023.xlsx em modo incremental.
2026-09-16 13:37:37 | INFO | bdc.consumidores | Extração competitiva: Vencedor padrao_1 identificado para RIACHUELO_05072023.xlsx.
2026-09-16 13:37:37 | INFO | bdc.consumidores | Registro normalizado (Entrada: 28, Saída: 30).
2026-09-16 13:37:37 | INFO | bdc.consumidores | Classificação documental para RIACHUELO_05072023.xlsx: tipo=>=5MWm analise=detalhada
2026-09-16 13:37:37 | INFO | bdc.consumidores | Iniciando validação unificada do registro. CNPJ=33200056000149
2026-09-16 13:37:37 | INFO | bdc.consumidores | Validação concluída. CNPJ=33200056000149 ERROS=0 AVISOS=1
2026-09-16 13:37:37 | INFO | bdc.consumidores | Validação condicional concluída para 33200056000149. Tipo=detalhada ERROS=2 AVISOS=2
2026-09-16 13:37:37 | INFO | bdc.consumidores | Ficha processada com sucesso: RIACHUELO_05072023.xlsx.
2026-09-16 13:37:37 | INFO | bdc.consumidores | Iniciando processamento do arquivo RIMA INDSUTRIAL 07072025.xlsx em modo incremental.
2026-09-16 13:37:37 | INFO | bdc.consumidores | Extração competitiva: Vencedor padrao_1 identificado para RIMA INDSUTRIAL 07072025.xlsx.
2026-09-16 13:37:37 | INFO | bdc.consumidores | Registro normalizado (Entrada: 28, Saída: 30).
2026-09-16 13:37:37 | INFO | bdc.consumidores | Classificação documental para RIMA INDSUTRIAL 07072025.xlsx: tipo=>=5MWm analise=detalhada
2026-09-16 13:37:37 | INFO | bdc.consumidores | Iniciando validação unificada do registro. CNPJ=18279158000108
2026-09-16 13:37:37 | INFO | bdc.consumidores | Validação concluída. CNPJ=18279158000108 ERROS=0 AVISOS=0
2026-09-16 13:37:37 | INFO | bdc.consumidores | Validação condicional concluída para 18279158000108. Tipo=detalhada ERROS=2 AVISOS=1
2026-09-16 13:37:37 | INFO | bdc.consumidores | Ficha processada com sucesso: RIMA INDSUTRIAL 07072025.xlsx.
2026-09-16 13:37:37 | INFO | bdc.consumidores | Iniciando processamento do arquivo RIMA INDUSTRIAL RATING 04112025.xlsx em modo incremental.
2026-09-16 13:37:38 | INFO | bdc.consumidores | Extração competitiva: Vencedor padrao_2 identificado para RIMA INDUSTRIAL RATING 04112025.xlsx.
2026-09-16 13:37:38 | INFO | bdc.consumidores | Registro normalizado (Entrada: 28, Saída: 30).
2026-09-16 13:37:38 | INFO | bdc.consumidores | Classificação documental para RIMA INDUSTRIAL RATING 04112025.xlsx: tipo=>=5MWm analise=detalhada
2026-09-16 13:37:38 | INFO | bdc.consumidores | Iniciando validação unificada do registro. CNPJ=18279158000108
2026-09-16 13:37:38 | INFO | bdc.consumidores | Validação concluída. CNPJ=18279158000108 ERROS=0 AVISOS=0
2026-09-16 13:37:38 | INFO | bdc.consumidores | Validação condicional concluída para 18279158000108. Tipo=detalhada ERROS=1 AVISOS=0
2026-09-16 13:37:38 | INFO | bdc.consumidores | Ficha processada com sucesso: RIMA INDUSTRIAL RATING 04112025.xlsx.
2026-09-16 13:37:38 | INFO | bdc.consumidores | Iniciando processamento do arquivo RIO GALEAO RATING 04112025.xlsx em modo incremental.
2026-09-16 13:37:38 | INFO | bdc.consumidores | Extração competitiva: Vencedor padrao_2 identificado para RIO GALEAO RATING 04112025.xlsx.
2026-09-16 13:37:38 | INFO | bdc.consumidores | Registro normalizado (Entrada: 28, Saída: 30).
2026-09-16 13:37:38 | INFO | bdc.consumidores | Classificação documental para RIO GALEAO RATING 04112025.xlsx: tipo=>=5MWm analise=detalhada
2026-09-16 13:37:38 | INFO | bdc.consumidores | Iniciando validação unificada do registro. CNPJ=19726111000108
2026-09-16 13:37:38 | INFO | bdc.consumidores | Validação concluída. CNPJ=19726111000108 ERROS=0 AVISOS=0
2026-09-16 13:37:38 | INFO | bdc.consumidores | Validação condicional concluída para 19726111000108. Tipo=detalhada ERROS=1 AVISOS=0
2026-09-16 13:37:38 | INFO | bdc.consumidores | Ficha processada com sucesso: RIO GALEAO RATING 04112025.xlsx.
2026-09-16 13:37:38 | INFO | bdc.consumidores | Iniciando processamento do arquivo RIO PARANÁ ENERGIA 26112024.xlsx em modo incremental.
2026-09-16 13:37:38 | INFO | bdc.consumidores | Extração competitiva: Vencedor padrao_1 identificado para RIO PARANÁ ENERGIA 26112024.xlsx.
2026-09-16 13:37:38 | INFO | bdc.consumidores | Registro normalizado (Entrada: 28, Saída: 30).
2026-09-16 13:37:38 | INFO | bdc.consumidores | Classificação documental para RIO PARANÁ ENERGIA 26112024.xlsx: tipo=>=5MWm analise=detalhada
2026-09-16 13:37:38 | INFO | bdc.consumidores | Iniciando validação unificada do registro. CNPJ=23096269000119
2026-09-16 13:37:38 | INFO | bdc.consumidores | Validação concluída. CNPJ=23096269000119 ERROS=0 AVISOS=0
2026-09-16 13:37:38 | INFO | bdc.consumidores | Validação condicional concluída para 23096269000119. Tipo=detalhada ERROS=3 AVISOS=1
2026-09-16 13:37:38 | INFO | bdc.consumidores | Ficha processada com sucesso: RIO PARANÁ ENERGIA 26112024.xlsx.
2026-09-16 13:37:38 | INFO | bdc.consumidores | Iniciando processamento do arquivo ROMI 16052025.xlsx em modo incremental.
2026-09-16 13:37:38 | INFO | bdc.consumidores | Extração competitiva: Vencedor padrao_1 identificado para ROMI 16052025.xlsx.
2026-09-16 13:37:38 | INFO | bdc.consumidores | Registro normalizado (Entrada: 28, Saída: 30).
2026-09-16 13:37:38 | INFO | bdc.consumidores | Classificação documental para ROMI 16052025.xlsx: tipo=>=5MWm analise=detalhada
2026-09-16 13:37:38 | INFO | bdc.consumidores | Iniciando validação unificada do registro. CNPJ=56720428001488
2026-09-16 13:37:38 | INFO | bdc.consumidores | Validação concluída. CNPJ=56720428001488 ERROS=0 AVISOS=0
2026-09-16 13:37:38 | INFO | bdc.consumidores | Validação condicional concluída para 56720428001488. Tipo=detalhada ERROS=2 AVISOS=1
2026-09-16 13:37:38 | INFO | bdc.consumidores | Ficha processada com sucesso: ROMI 16052025.xlsx.
2026-09-16 13:37:38 | INFO | bdc.consumidores | Iniciando processamento do arquivo ROMI RATING 31102025.xlsx em modo incremental.
2026-09-16 13:37:38 | INFO | bdc.consumidores | Extração competitiva: Vencedor padrao_2 identificado para ROMI RATING 31102025.xlsx.
2026-09-16 13:37:38 | INFO | bdc.consumidores | Registro normalizado (Entrada: 28, Saída: 30).
2026-09-16 13:37:38 | INFO | bdc.consumidores | Classificação documental para ROMI RATING 31102025.xlsx: tipo=>=5MWm analise=detalhada
2026-09-16 13:37:38 | INFO | bdc.consumidores | Iniciando validação unificada do registro. CNPJ=56720428001488
2026-09-16 13:37:38 | INFO | bdc.consumidores | Validação concluída. CNPJ=56720428001488 ERROS=0 AVISOS=1
2026-09-16 13:37:38 | INFO | bdc.consumidores | Validação condicional concluída para 56720428001488. Tipo=detalhada ERROS=1 AVISOS=1
2026-09-16 13:37:38 | INFO | bdc.consumidores | Iniciando processamento do arquivo ROMI_24062025.xlsx em modo incremental.
2026-09-16 13:37:38 | INFO | bdc.consumidores | Extração competitiva: Vencedor padrao_1 identificado para ROMI_24062025.xlsx.
2026-09-16 13:37:38 | INFO | bdc.consumidores | Registro normalizado (Entrada: 28, Saída: 30).
2026-09-16 13:37:38 | INFO | bdc.consumidores | Classificação documental para ROMI_24062025.xlsx: tipo=>=5MWm analise=detalhada
2026-09-16 13:37:38 | INFO | bdc.consumidores | Iniciando validação unificada do registro. CNPJ=56720428001488
2026-09-16 13:37:38 | INFO | bdc.consumidores | Validação concluída. CNPJ=56720428001488 ERROS=0 AVISOS=1
2026-09-16 13:37:38 | INFO | bdc.consumidores | Validação condicional concluída para 56720428001488. Tipo=detalhada ERROS=2 AVISOS=2
2026-09-16 13:37:38 | INFO | bdc.consumidores | Iniciando processamento do arquivo RUY ROCHA 30042026.xlsx em modo incremental.
2026-09-16 13:37:38 | INFO | bdc.consumidores | Extração competitiva: Vencedor padrao_2 identificado para RUY ROCHA 30042026.xlsx.
2026-09-16 13:37:38 | INFO | bdc.consumidores | Registro normalizado (Entrada: 28, Saída: 30).
2026-09-16 13:37:38 | INFO | bdc.consumidores | Classificação documental para RUY ROCHA 30042026.xlsx: tipo=>=5MWm analise=detalhada
2026-09-16 13:37:38 | INFO | bdc.consumidores | Iniciando validação unificada do registro. CNPJ=57107609000343
2026-09-16 13:37:38 | INFO | bdc.consumidores | Validação concluída. CNPJ=57107609000343 ERROS=0 AVISOS=0
2026-09-16 13:37:38 | INFO | bdc.consumidores | Validação condicional concluída para 57107609000343. Tipo=detalhada ERROS=0 AVISOS=0
2026-09-16 13:37:38 | INFO | bdc.consumidores | Ficha processada com sucesso: RUY ROCHA 30042026.xlsx.
2026-09-16 13:37:39 | INFO | bdc.consumidores | Iniciando processamento do arquivo RVTRANS 31072026.xlsx em modo incremental.
2026-09-16 13:37:39 | INFO | bdc.consumidores | Extração competitiva: Vencedor padrao_2 identificado para RVTRANS 31072026.xlsx.
2026-09-16 13:37:39 | INFO | bdc.consumidores | Registro normalizado (Entrada: 28, Saída: 30).
2026-09-16 13:37:39 | INFO | bdc.consumidores | Classificação documental para RVTRANS 31072026.xlsx: tipo=<5MWm analise=simplificada
2026-09-16 13:37:39 | INFO | bdc.consumidores | Iniciando validação unificada do registro. CNPJ=32140332000168
2026-09-16 13:37:39 | INFO | bdc.consumidores | Validação concluída. CNPJ=32140332000168 ERROS=0 AVISOS=0
2026-09-16 13:37:39 | INFO | bdc.consumidores | Validação condicional concluída para 32140332000168. Tipo=simplificada ERROS=1 AVISOS=1
2026-09-16 13:37:39 | INFO | bdc.consumidores | Ficha processada com sucesso: RVTRANS 31072026.xlsx.
2026-09-16 13:37:39 | INFO | bdc.consumidores | Iniciando processamento do arquivo Raízen Geo Biogás 13022025.xlsx em modo incremental.
2026-09-16 13:37:39 | INFO | bdc.consumidores | Extração competitiva: Vencedor padrao_1 identificado para Raízen Geo Biogás 13022025.xlsx.
2026-09-16 13:37:39 | INFO | bdc.consumidores | Registro normalizado (Entrada: 28, Saída: 30).
2026-09-16 13:37:39 | INFO | bdc.consumidores | Classificação documental para Raízen Geo Biogás 13022025.xlsx: tipo=>=5MWm analise=detalhada
2026-09-16 13:37:39 | INFO | bdc.consumidores | Iniciando validação unificada do registro. CNPJ=25201024000130
2026-09-16 13:37:39 | INFO | bdc.consumidores | Validação concluída. CNPJ=25201024000130 ERROS=0 AVISOS=1
2026-09-16 13:37:39 | INFO | bdc.consumidores | Validação condicional concluída para 25201024000130. Tipo=detalhada ERROS=2 AVISOS=2
2026-09-16 13:37:39 | INFO | bdc.consumidores | Ficha processada com sucesso: Raízen Geo Biogás 13022025.xlsx.
2026-09-16 13:37:39 | INFO | bdc.consumidores | Iniciando processamento do arquivo Rio de Janeiro Refrescos - Avaliação Middle.xlsx em modo incremental.
2026-09-16 13:37:39 | INFO | bdc.consumidores | Extração competitiva: Vencedor padrao_1 identificado para Rio de Janeiro Refrescos - Avaliação Middle.xlsx.
2026-09-16 13:37:39 | INFO | bdc.consumidores | Registro normalizado (Entrada: 28, Saída: 30).
2026-09-16 13:37:39 | INFO | bdc.consumidores | Classificação documental para Rio de Janeiro Refrescos - Avaliação Middle.xlsx: tipo=>=5MWm analise=detalhada
2026-09-16 13:37:39 | INFO | bdc.consumidores | Iniciando validação unificada do registro. CNPJ=00074569000100
2026-09-16 13:37:39 | INFO | bdc.consumidores | Validação concluída. CNPJ=00074569000100 ERROS=0 AVISOS=1
2026-09-16 13:37:39 | INFO | bdc.consumidores | Validação condicional concluída para 00074569000100. Tipo=detalhada ERROS=2 AVISOS=2
2026-09-16 13:37:39 | INFO | bdc.consumidores | Ficha processada com sucesso: Rio de Janeiro Refrescos - Avaliação Middle.xlsx.
2026-09-16 13:37:39 | INFO | bdc.consumidores | Iniciando processamento do arquivo Rio de Janeiro Refrescos 16102023.xlsx em modo incremental.
2026-09-16 13:37:39 | INFO | bdc.consumidores | Extração competitiva: Vencedor padrao_1 identificado para Rio de Janeiro Refrescos 16102023.xlsx.
2026-09-16 13:37:39 | INFO | bdc.consumidores | Registro normalizado (Entrada: 28, Saída: 30).
2026-09-16 13:37:39 | INFO | bdc.consumidores | Classificação documental para Rio de Janeiro Refrescos 16102023.xlsx: tipo=>=5MWm analise=detalhada
2026-09-16 13:37:39 | INFO | bdc.consumidores | Iniciando validação unificada do registro. CNPJ=00074569000100
2026-09-16 13:37:39 | INFO | bdc.consumidores | Validação concluída. CNPJ=00074569000100 ERROS=0 AVISOS=1
2026-09-16 13:37:39 | INFO | bdc.consumidores | Validação condicional concluída para 00074569000100. Tipo=detalhada ERROS=2 AVISOS=2
2026-09-16 13:37:39 | INFO | bdc.consumidores | Ficha processada com sucesso: Rio de Janeiro Refrescos 16102023.xlsx.
2026-09-16 13:37:39 | INFO | bdc.consumidores | Iniciando processamento do arquivo SABESP 23062026.xlsx em modo incremental.
2026-09-16 13:37:39 | INFO | bdc.consumidores | Extração competitiva: Vencedor padrao_1 identificado para SABESP 23062026.xlsx.
2026-09-16 13:37:39 | INFO | bdc.consumidores | Registro normalizado (Entrada: 28, Saída: 30).
2026-09-16 13:37:39 | INFO | bdc.consumidores | Classificação documental para SABESP 23062026.xlsx: tipo=<5MWm analise=simplificada
2026-09-16 13:37:39 | INFO | bdc.consumidores | Iniciando validação unificada do registro. CNPJ=None
2026-09-16 13:37:39 | INFO | bdc.consumidores | Validação concluída. CNPJ=None ERROS=3 AVISOS=0
2026-09-16 13:37:39 | WARNING | bdc.consumidores | Erros de validação para CNPJ=None: ['GATE_ENGINE ausente: CNPJ', 'GATE_ENGINE ausente: EMPRESA', 'GATE_ENGINE ausente: DATA_DEMONSTRACAO_FINANCEIRA']
2026-09-16 13:37:39 | INFO | bdc.consumidores | Validação condicional concluída para None. Tipo=simplificada ERROS=4 AVISOS=1
2026-09-16 13:37:39 | INFO | bdc.consumidores | Iniciando processamento do arquivo SABESP RATING 10112025.xlsx em modo incremental.
2026-09-16 13:37:39 | INFO | bdc.consumidores | Extração competitiva: Vencedor padrao_1 identificado para SABESP RATING 10112025.xlsx.
2026-09-16 13:37:39 | INFO | bdc.consumidores | Registro normalizado (Entrada: 28, Saída: 30).
2026-09-16 13:37:39 | INFO | bdc.consumidores | Classificação documental para SABESP RATING 10112025.xlsx: tipo=<5MWm analise=simplificada
2026-09-16 13:37:39 | INFO | bdc.consumidores | Iniciando validação unificada do registro. CNPJ=None
2026-09-16 13:37:39 | INFO | bdc.consumidores | Validação concluída. CNPJ=None ERROS=3 AVISOS=0
2026-09-16 13:37:39 | WARNING | bdc.consumidores | Erros de validação para CNPJ=None: ['GATE_ENGINE ausente: CNPJ', 'GATE_ENGINE ausente: EMPRESA', 'GATE_ENGINE ausente: DATA_DEMONSTRACAO_FINANCEIRA']
2026-09-16 13:37:39 | INFO | bdc.consumidores | Validação condicional concluída para None. Tipo=simplificada ERROS=4 AVISOS=1
2026-09-16 13:37:39 | INFO | bdc.consumidores | Iniciando processamento do arquivo SABESP_27052025.xlsx em modo incremental.
2026-09-16 13:37:39 | INFO | bdc.consumidores | Extração competitiva: Vencedor padrao_1 identificado para SABESP_27052025.xlsx.
2026-09-16 13:37:39 | INFO | bdc.consumidores | Registro normalizado (Entrada: 28, Saída: 30).
2026-09-16 13:37:39 | INFO | bdc.consumidores | Classificação documental para SABESP_27052025.xlsx: tipo=>=5MWm analise=detalhada
2026-09-16 13:37:39 | INFO | bdc.consumidores | Iniciando validação unificada do registro. CNPJ=43776517000180
2026-09-16 13:37:39 | INFO | bdc.consumidores | Validação concluída. CNPJ=43776517000180 ERROS=1 AVISOS=1
2026-09-16 13:37:39 | WARNING | bdc.consumidores | Erros de validação para CNPJ=43776517000180: ['GATE_ENGINE ausente: EMPRESA']
2026-09-16 13:37:39 | INFO | bdc.consumidores | Validação condicional concluída para 43776517000180. Tipo=detalhada ERROS=3 AVISOS=2
2026-09-16 13:37:39 | INFO | bdc.consumidores | Iniciando processamento do arquivo SALOBO METAIS 20082026.xlsx em modo incremental.
2026-09-16 13:37:39 | INFO | bdc.consumidores | Extração competitiva: Vencedor padrao_2 identificado para SALOBO METAIS 20082026.xlsx.
2026-09-16 13:37:39 | INFO | bdc.consumidores | Registro normalizado (Entrada: 28, Saída: 30).
2026-09-16 13:37:39 | INFO | bdc.consumidores | Classificação documental para SALOBO METAIS 20082026.xlsx: tipo=<5MWm analise=simplificada
2026-09-16 13:37:39 | INFO | bdc.consumidores | Iniciando validação unificada do registro. CNPJ=33931478000194
2026-09-16 13:37:39 | INFO | bdc.consumidores | Validação concluída. CNPJ=33931478000194 ERROS=0 AVISOS=0
2026-09-16 13:37:39 | INFO | bdc.consumidores | Validação condicional concluída para 33931478000194. Tipo=simplificada ERROS=1 AVISOS=1
2026-09-16 13:37:39 | INFO | bdc.consumidores | Ficha processada com sucesso: SALOBO METAIS 20082026.xlsx.
2026-09-16 13:37:39 | INFO | bdc.consumidores | Iniciando processamento do arquivo SALOBO METAIS 28072025.xlsx em modo incremental.
2026-09-16 13:37:39 | INFO | bdc.consumidores | Extração competitiva: Vencedor padrao_1 identificado para SALOBO METAIS 28072025.xlsx.
2026-09-16 13:37:40 | INFO | bdc.consumidores | Registro normalizado (Entrada: 28, Saída: 30).
2026-09-16 13:37:40 | INFO | bdc.consumidores | Classificação documental para SALOBO METAIS 28072025.xlsx: tipo=>=5MWm analise=detalhada
2026-09-16 13:37:40 | INFO | bdc.consumidores | Iniciando validação unificada do registro. CNPJ=33931478000194
2026-09-16 13:37:40 | INFO | bdc.consumidores | Validação concluída. CNPJ=33931478000194 ERROS=0 AVISOS=0
2026-09-16 13:37:40 | INFO | bdc.consumidores | Validação condicional concluída para 33931478000194. Tipo=detalhada ERROS=2 AVISOS=1
2026-09-16 13:37:40 | INFO | bdc.consumidores | Ficha processada com sucesso: SALOBO METAIS 28072025.xlsx.
2026-09-16 13:37:40 | INFO | bdc.consumidores | Iniciando processamento do arquivo SALOBO METAIS RATING 12112025.xlsx em modo incremental.
2026-09-16 13:37:40 | INFO | bdc.consumidores | Extração competitiva: Vencedor padrao_2 identificado para SALOBO METAIS RATING 12112025.xlsx.
2026-09-16 13:37:40 | INFO | bdc.consumidores | Registro normalizado (Entrada: 28, Saída: 30).
2026-09-16 13:37:40 | INFO | bdc.consumidores | Classificação documental para SALOBO METAIS RATING 12112025.xlsx: tipo=>=5MWm analise=detalhada
2026-09-16 13:37:40 | INFO | bdc.consumidores | Iniciando validação unificada do registro. CNPJ=33931478000194
2026-09-16 13:37:40 | INFO | bdc.consumidores | Validação concluída. CNPJ=33931478000194 ERROS=0 AVISOS=0
2026-09-16 13:37:40 | INFO | bdc.consumidores | Validação condicional concluída para 33931478000194. Tipo=detalhada ERROS=0 AVISOS=0
2026-09-16 13:37:40 | INFO | bdc.consumidores | Iniciando processamento do arquivo SAMARCO 13102025.xlsx em modo incremental.
2026-09-16 13:37:40 | INFO | bdc.consumidores | Extração competitiva: Vencedor padrao_1 identificado para SAMARCO 13102025.xlsx.
2026-09-16 13:37:40 | INFO | bdc.consumidores | Registro normalizado (Entrada: 28, Saída: 30).
2026-09-16 13:37:40 | INFO | bdc.consumidores | Classificação documental para SAMARCO 13102025.xlsx: tipo=<5MWm analise=simplificada
2026-09-16 13:37:40 | INFO | bdc.consumidores | Iniciando validação unificada do registro. CNPJ=None
2026-09-16 13:37:40 | INFO | bdc.consumidores | Validação concluída. CNPJ=None ERROS=3 AVISOS=0
2026-09-16 13:37:40 | WARNING | bdc.consumidores | Erros de validação para CNPJ=None: ['GATE_ENGINE ausente: CNPJ', 'GATE_ENGINE ausente: EMPRESA', 'GATE_ENGINE ausente: DATA_DEMONSTRACAO_FINANCEIRA']
2026-09-16 13:37:40 | INFO | bdc.consumidores | Validação condicional concluída para None. Tipo=simplificada ERROS=4 AVISOS=1
2026-09-16 13:37:40 | INFO | bdc.consumidores | Iniciando processamento do arquivo SAMARCO 16102023.xlsx em modo incremental.
2026-09-16 13:37:40 | INFO | bdc.consumidores | Extração competitiva: Vencedor padrao_1 identificado para SAMARCO 16102023.xlsx.
2026-09-16 13:37:40 | INFO | bdc.consumidores | Registro normalizado (Entrada: 28, Saída: 30).
2026-09-16 13:37:40 | INFO | bdc.consumidores | Classificação documental para SAMARCO 16102023.xlsx: tipo=<5MWm analise=simplificada
2026-09-16 13:37:40 | INFO | bdc.consumidores | Iniciando validação unificada do registro. CNPJ=16628281000161
2026-09-16 13:37:40 | INFO | bdc.consumidores | Validação concluída. CNPJ=16628281000161 ERROS=0 AVISOS=0
2026-09-16 13:37:40 | INFO | bdc.consumidores | Validação condicional concluída para 16628281000161. Tipo=simplificada ERROS=1 AVISOS=1
2026-09-16 13:37:40 | INFO | bdc.consumidores | Ficha processada com sucesso: SAMARCO 16102023.xlsx.
2026-09-16 13:37:40 | INFO | bdc.consumidores | Iniciando processamento do arquivo SAMARCO 21082026.xlsx em modo incremental.
2026-09-16 13:37:40 | INFO | bdc.consumidores | Extração competitiva: Vencedor padrao_2 identificado para SAMARCO 21082026.xlsx.
2026-09-16 13:37:40 | INFO | bdc.consumidores | Registro normalizado (Entrada: 28, Saída: 30).
2026-09-16 13:37:40 | INFO | bdc.consumidores | Classificação documental para SAMARCO 21082026.xlsx: tipo=<5MWm analise=simplificada
2026-09-16 13:37:40 | INFO | bdc.consumidores | Iniciando validação unificada do registro. CNPJ=16628281000161
2026-09-16 13:37:40 | INFO | bdc.consumidores | Validação concluída. CNPJ=16628281000161 ERROS=0 AVISOS=0
2026-09-16 13:37:40 | INFO | bdc.consumidores | Validação condicional concluída para 16628281000161. Tipo=simplificada ERROS=1 AVISOS=1
2026-09-16 13:37:40 | INFO | bdc.consumidores | Ficha processada com sucesso: SAMARCO 21082026.xlsx.
2026-09-16 13:37:40 | INFO | bdc.consumidores | Iniciando processamento do arquivo SAMARCO 25082025.xlsx em modo incremental.
2026-09-16 13:37:40 | INFO | bdc.consumidores | Extração competitiva: Vencedor padrao_1 identificado para SAMARCO 25082025.xlsx.
2026-09-16 13:37:40 | INFO | bdc.consumidores | Registro normalizado (Entrada: 28, Saída: 30).
2026-09-16 13:37:40 | INFO | bdc.consumidores | Classificação documental para SAMARCO 25082025.xlsx: tipo=<5MWm analise=simplificada
2026-09-16 13:37:40 | INFO | bdc.consumidores | Iniciando validação unificada do registro. CNPJ=None
2026-09-16 13:37:40 | INFO | bdc.consumidores | Validação concluída. CNPJ=None ERROS=2 AVISOS=0
2026-09-16 13:37:40 | WARNING | bdc.consumidores | Erros de validação para CNPJ=None: ['GATE_ENGINE ausente: CNPJ', 'GATE_ENGINE ausente: EMPRESA']
2026-09-16 13:37:40 | INFO | bdc.consumidores | Validação condicional concluída para None. Tipo=simplificada ERROS=3 AVISOS=1
2026-09-16 13:37:40 | INFO | bdc.consumidores | Iniciando processamento do arquivo SAMARCO RATING 23122025.xlsx em modo incremental.
2026-09-16 13:37:40 | INFO | bdc.consumidores | Extração competitiva: Vencedor padrao_2 identificado para SAMARCO RATING 23122025.xlsx.
2026-09-16 13:37:40 | INFO | bdc.consumidores | Registro normalizado (Entrada: 28, Saída: 30).
2026-09-16 13:37:40 | INFO | bdc.consumidores | Classificação documental para SAMARCO RATING 23122025.xlsx: tipo=>=5MWm analise=detalhada
2026-09-16 13:37:40 | INFO | bdc.consumidores | Iniciando validação unificada do registro. CNPJ=16628281000161
2026-09-16 13:37:40 | INFO | bdc.consumidores | Validação concluída. CNPJ=16628281000161 ERROS=0 AVISOS=1
2026-09-16 13:37:40 | INFO | bdc.consumidores | Validação condicional concluída para 16628281000161. Tipo=detalhada ERROS=0 AVISOS=1
2026-09-16 13:37:40 | INFO | bdc.consumidores | Ficha processada com sucesso: SAMARCO RATING 23122025.xlsx.
2026-09-16 13:37:40 | INFO | bdc.consumidores | Iniciando processamento do arquivo SANEAGO_20250106.xlsx em modo incremental.
2026-09-16 13:37:40 | INFO | bdc.consumidores | Extração competitiva: Vencedor padrao_1 identificado para SANEAGO_20250106.xlsx.
2026-09-16 13:37:40 | INFO | bdc.consumidores | Registro normalizado (Entrada: 28, Saída: 30).
2026-09-16 13:37:40 | INFO | bdc.consumidores | Classificação documental para SANEAGO_20250106.xlsx: tipo=>=5MWm analise=detalhada
2026-09-16 13:37:40 | INFO | bdc.consumidores | Iniciando validação unificada do registro. CNPJ=01616929000102
2026-09-16 13:37:40 | INFO | bdc.consumidores | Validação concluída. CNPJ=01616929000102 ERROS=0 AVISOS=1
2026-09-16 13:37:40 | INFO | bdc.consumidores | Validação condicional concluída para 01616929000102. Tipo=detalhada ERROS=2 AVISOS=2
2026-09-16 13:37:40 | INFO | bdc.consumidores | Ficha processada com sucesso: SANEAGO_20250106.xlsx.
2026-09-16 13:37:40 | INFO | bdc.consumidores | Iniciando processamento do arquivo SANEPAR 02072025.xlsx em modo incremental.
2026-09-16 13:37:40 | INFO | bdc.consumidores | Extração competitiva: Vencedor padrao_1 identificado para SANEPAR 02072025.xlsx.
2026-09-16 13:37:40 | INFO | bdc.consumidores | Registro normalizado (Entrada: 28, Saída: 30).
2026-09-16 13:37:40 | INFO | bdc.consumidores | Classificação documental para SANEPAR 02072025.xlsx: tipo=>=5MWm analise=detalhada
2026-09-16 13:37:40 | INFO | bdc.consumidores | Iniciando validação unificada do registro. CNPJ=76484013000145
2026-09-16 13:37:40 | INFO | bdc.consumidores | Validação concluída. CNPJ=76484013000145 ERROS=0 AVISOS=0
2026-09-16 13:37:40 | INFO | bdc.consumidores | Validação condicional concluída para 76484013000145. Tipo=detalhada ERROS=3 AVISOS=1
2026-09-16 13:37:40 | INFO | bdc.consumidores | Ficha processada com sucesso: SANEPAR 02072025.xlsx.
2026-09-16 13:37:40 | INFO | bdc.consumidores | Iniciando processamento do arquivo SANEPAR 12012024.xlsx em modo incremental.
2026-09-16 13:37:40 | INFO | bdc.consumidores | Extração competitiva: Vencedor padrao_1 identificado para SANEPAR 12012024.xlsx.
2026-09-16 13:37:40 | INFO | bdc.consumidores | Registro normalizado (Entrada: 28, Saída: 30).
2026-09-16 13:37:40 | INFO | bdc.consumidores | Classificação documental para SANEPAR 12012024.xlsx: tipo=>=5MWm analise=detalhada
2026-09-16 13:37:40 | INFO | bdc.consumidores | Iniciando validação unificada do registro. CNPJ=76484013000145
2026-09-16 13:37:40 | INFO | bdc.consumidores | Validação concluída. CNPJ=76484013000145 ERROS=0 AVISOS=1
2026-09-16 13:37:40 | INFO | bdc.consumidores | Validação condicional concluída para 76484013000145. Tipo=detalhada ERROS=2 AVISOS=2
2026-09-16 13:37:41 | INFO | bdc.consumidores | Ficha processada com sucesso: SANEPAR 12012024.xlsx.
2026-09-16 13:37:41 | INFO | bdc.consumidores | Iniciando processamento do arquivo SANEPAR 21052026.xlsx em modo incremental.
2026-09-16 13:37:41 | INFO | bdc.consumidores | Extração competitiva: Vencedor padrao_2 identificado para SANEPAR 21052026.xlsx.
2026-09-16 13:37:41 | INFO | bdc.consumidores | Registro normalizado (Entrada: 28, Saída: 30).
2026-09-16 13:37:41 | INFO | bdc.consumidores | Classificação documental para SANEPAR 21052026.xlsx: tipo=>=5MWm analise=detalhada
2026-09-16 13:37:41 | INFO | bdc.consumidores | Iniciando validação unificada do registro. CNPJ=76484013000145
2026-09-16 13:37:41 | INFO | bdc.consumidores | Validação concluída. CNPJ=76484013000145 ERROS=0 AVISOS=1
2026-09-16 13:37:41 | INFO | bdc.consumidores | Validação condicional concluída para 76484013000145. Tipo=detalhada ERROS=1 AVISOS=1
2026-09-16 13:37:41 | INFO | bdc.consumidores | Ficha processada com sucesso: SANEPAR 21052026.xlsx.
2026-09-16 13:37:41 | INFO | bdc.consumidores | Iniciando processamento do arquivo SANEPAR RATING 17102025.xlsx em modo incremental.
2026-09-16 13:37:41 | INFO | bdc.consumidores | Extração competitiva: Vencedor padrao_1 identificado para SANEPAR RATING 17102025.xlsx.
2026-09-16 13:37:41 | INFO | bdc.consumidores | Registro normalizado (Entrada: 28, Saída: 30).
2026-09-16 13:37:41 | INFO | bdc.consumidores | Classificação documental para SANEPAR RATING 17102025.xlsx: tipo=<5MWm analise=simplificada
2026-09-16 13:37:41 | INFO | bdc.consumidores | Iniciando validação unificada do registro. CNPJ=None
2026-09-16 13:37:41 | INFO | bdc.consumidores | Validação concluída. CNPJ=None ERROS=3 AVISOS=0
2026-09-16 13:37:41 | WARNING | bdc.consumidores | Erros de validação para CNPJ=None: ['GATE_ENGINE ausente: CNPJ', 'GATE_ENGINE ausente: EMPRESA', 'GATE_ENGINE ausente: DATA_DEMONSTRACAO_FINANCEIRA']
2026-09-16 13:37:41 | INFO | bdc.consumidores | Validação condicional concluída para None. Tipo=simplificada ERROS=4 AVISOS=1
2026-09-16 13:37:41 | INFO | bdc.consumidores | Iniciando processamento do arquivo SANSUY 10062025 v2.xlsx em modo incremental.
2026-09-16 13:37:41 | INFO | bdc.consumidores | Extração competitiva: Vencedor padrao_1 identificado para SANSUY 10062025 v2.xlsx.
2026-09-16 13:37:41 | INFO | bdc.consumidores | Registro normalizado (Entrada: 28, Saída: 30).
2026-09-16 13:37:41 | INFO | bdc.consumidores | Classificação documental para SANSUY 10062025 v2.xlsx: tipo=>=5MWm analise=detalhada
2026-09-16 13:37:41 | INFO | bdc.consumidores | Iniciando validação unificada do registro. CNPJ=14807945000124
2026-09-16 13:37:41 | INFO | bdc.consumidores | Validação concluída. CNPJ=14807945000124 ERROS=0 AVISOS=1
2026-09-16 13:37:41 | INFO | bdc.consumidores | Validação condicional concluída para 14807945000124. Tipo=detalhada ERROS=2 AVISOS=2
2026-09-16 13:37:41 | INFO | bdc.consumidores | Ficha processada com sucesso: SANSUY 10062025 v2.xlsx.
2026-09-16 13:37:41 | INFO | bdc.consumidores | Iniciando processamento do arquivo SANSUY 10062025.xlsx em modo incremental.
2026-09-16 13:37:41 | INFO | bdc.consumidores | Extração competitiva: Vencedor padrao_1 identificado para SANSUY 10062025.xlsx.
2026-09-16 13:37:41 | INFO | bdc.consumidores | Registro normalizado (Entrada: 28, Saída: 30).
2026-09-16 13:37:41 | INFO | bdc.consumidores | Classificação documental para SANSUY 10062025.xlsx: tipo=>=5MWm analise=detalhada
2026-09-16 13:37:41 | INFO | bdc.consumidores | Iniciando validação unificada do registro. CNPJ=14807945000124
2026-09-16 13:37:41 | INFO | bdc.consumidores | Validação concluída. CNPJ=14807945000124 ERROS=0 AVISOS=1
2026-09-16 13:37:41 | INFO | bdc.consumidores | Validação condicional concluída para 14807945000124. Tipo=detalhada ERROS=2 AVISOS=2
2026-09-16 13:37:41 | INFO | bdc.consumidores | Iniciando processamento do arquivo SANTAHELENA_2023_03_15.xlsx em modo incremental.
2026-09-16 13:37:41 | INFO | bdc.consumidores | Extração competitiva: Vencedor padrao_1 identificado para SANTAHELENA_2023_03_15.xlsx.
2026-09-16 13:37:41 | INFO | bdc.consumidores | Registro normalizado (Entrada: 28, Saída: 30).
2026-09-16 13:37:41 | INFO | bdc.consumidores | Classificação documental para SANTAHELENA_2023_03_15.xlsx: tipo=>=5MWm analise=detalhada
2026-09-16 13:37:41 | INFO | bdc.consumidores | Iniciando validação unificada do registro. CNPJ=59970947000178
2026-09-16 13:37:41 | INFO | bdc.consumidores | Validação concluída. CNPJ=59970947000178 ERROS=0 AVISOS=0
2026-09-16 13:37:41 | INFO | bdc.consumidores | Validação condicional concluída para 59970947000178. Tipo=detalhada ERROS=2 AVISOS=1
2026-09-16 13:37:41 | INFO | bdc.consumidores | Ficha processada com sucesso: SANTAHELENA_2023_03_15.xlsx.
2026-09-16 13:37:41 | INFO | bdc.consumidores | Iniciando processamento do arquivo SAO MARTINHO 01062026.xlsx em modo incremental.
2026-09-16 13:37:41 | INFO | bdc.consumidores | Extração competitiva: Vencedor padrao_2 identificado para SAO MARTINHO 01062026.xlsx.
2026-09-16 13:37:41 | INFO | bdc.consumidores | Registro normalizado (Entrada: 28, Saída: 30).
2026-09-16 13:37:41 | INFO | bdc.consumidores | Classificação documental para SAO MARTINHO 01062026.xlsx: tipo=>=5MWm analise=detalhada
2026-09-16 13:37:41 | INFO | bdc.consumidores | Iniciando validação unificada do registro. CNPJ=51466860000156
2026-09-16 13:37:41 | INFO | bdc.consumidores | Validação concluída. CNPJ=51466860000156 ERROS=0 AVISOS=1
2026-09-16 13:37:41 | INFO | bdc.consumidores | Validação condicional concluída para 51466860000156. Tipo=detalhada ERROS=1 AVISOS=1
2026-09-16 13:37:41 | INFO | bdc.consumidores | Ficha processada com sucesso: SAO MARTINHO 01062026.xlsx.
2026-09-16 13:37:41 | INFO | bdc.consumidores | Iniciando processamento do arquivo SAO MARTINHO RATING 02022026.xlsx em modo incremental.
2026-09-16 13:37:41 | INFO | bdc.consumidores | Extração competitiva: Vencedor padrao_2 identificado para SAO MARTINHO RATING 02022026.xlsx.
2026-09-16 13:37:41 | INFO | bdc.consumidores | Registro normalizado (Entrada: 28, Saída: 30).
2026-09-16 13:37:41 | INFO | bdc.consumidores | Classificação documental para SAO MARTINHO RATING 02022026.xlsx: tipo=>=5MWm analise=detalhada
2026-09-16 13:37:41 | INFO | bdc.consumidores | Iniciando validação unificada do registro. CNPJ=51466860000156
2026-09-16 13:37:41 | INFO | bdc.consumidores | Validação concluída. CNPJ=51466860000156 ERROS=0 AVISOS=1
2026-09-16 13:37:41 | INFO | bdc.consumidores | Validação condicional concluída para 51466860000156. Tipo=detalhada ERROS=0 AVISOS=1
2026-09-16 13:37:41 | INFO | bdc.consumidores | Ficha processada com sucesso: SAO MARTINHO RATING 02022026.xlsx.
2026-09-16 13:37:41 | INFO | bdc.consumidores | Iniciando processamento do arquivo SAVOY MATRIZ 27042026.xlsx em modo incremental.
2026-09-16 13:37:41 | INFO | bdc.consumidores | Extração competitiva: Vencedor padrao_1 identificado para SAVOY MATRIZ 27042026.xlsx.
2026-09-16 13:37:41 | INFO | bdc.consumidores | Registro normalizado (Entrada: 28, Saída: 30).
2026-09-16 13:37:41 | INFO | bdc.consumidores | Classificação documental para SAVOY MATRIZ 27042026.xlsx: tipo=<5MWm analise=simplificada
2026-09-16 13:37:41 | INFO | bdc.consumidores | Iniciando validação unificada do registro. CNPJ=None
2026-09-16 13:37:41 | INFO | bdc.consumidores | Validação concluída. CNPJ=None ERROS=3 AVISOS=0
2026-09-16 13:37:41 | WARNING | bdc.consumidores | Erros de validação para CNPJ=None: ['GATE_ENGINE ausente: CNPJ', 'GATE_ENGINE ausente: EMPRESA', 'GATE_ENGINE ausente: DATA_DEMONSTRACAO_FINANCEIRA']
2026-09-16 13:37:41 | INFO | bdc.consumidores | Validação condicional concluída para None. Tipo=simplificada ERROS=4 AVISOS=1
2026-09-16 13:37:41 | INFO | bdc.consumidores | Iniciando processamento do arquivo SCALA DATA CENTERS 0508226.xlsx em modo incremental.
2026-09-16 13:37:41 | INFO | bdc.consumidores | Extração competitiva: Vencedor padrao_2 identificado para SCALA DATA CENTERS 0508226.xlsx.
2026-09-16 13:37:41 | INFO | bdc.consumidores | Registro normalizado (Entrada: 28, Saída: 30).
2026-09-16 13:37:41 | INFO | bdc.consumidores | Classificação documental para SCALA DATA CENTERS 0508226.xlsx: tipo=<5MWm analise=simplificada
2026-09-16 13:37:41 | INFO | bdc.consumidores | Iniciando validação unificada do registro. CNPJ=34562112000158
2026-09-16 13:37:41 | INFO | bdc.consumidores | Validação concluída. CNPJ=34562112000158 ERROS=0 AVISOS=0
2026-09-16 13:37:41 | INFO | bdc.consumidores | Validação condicional concluída para 34562112000158. Tipo=simplificada ERROS=1 AVISOS=1
2026-09-16 13:37:41 | INFO | bdc.consumidores | Ficha processada com sucesso: SCALA DATA CENTERS 0508226.xlsx.
2026-09-16 13:37:41 | INFO | bdc.consumidores | Iniciando processamento do arquivo SCALA DATA CENTERS 2025.xlsx em modo incremental.
2026-09-16 13:37:42 | INFO | bdc.consumidores | Extração competitiva: Vencedor padrao_1 identificado para SCALA DATA CENTERS 2025.xlsx.
2026-09-16 13:37:42 | INFO | bdc.consumidores | Registro normalizado (Entrada: 28, Saída: 30).
2026-09-16 13:37:42 | INFO | bdc.consumidores | Classificação documental para SCALA DATA CENTERS 2025.xlsx: tipo=>=5MWm analise=detalhada
2026-09-16 13:37:42 | INFO | bdc.consumidores | Iniciando validação unificada do registro. CNPJ=34562112000158
2026-09-16 13:37:42 | INFO | bdc.consumidores | Validação concluída. CNPJ=34562112000158 ERROS=0 AVISOS=0
2026-09-16 13:37:42 | INFO | bdc.consumidores | Validação condicional concluída para 34562112000158. Tipo=detalhada ERROS=2 AVISOS=1
2026-09-16 13:37:42 | INFO | bdc.consumidores | Ficha processada com sucesso: SCALA DATA CENTERS 2025.xlsx.
2026-09-16 13:37:42 | INFO | bdc.consumidores | Iniciando processamento do arquivo SCALA DATA CENTERS RATING 18112025.xlsx em modo incremental.
2026-09-16 13:37:42 | INFO | bdc.consumidores | Extração competitiva: Vencedor padrao_2 identificado para SCALA DATA CENTERS RATING 18112025.xlsx.
2026-09-16 13:37:42 | INFO | bdc.consumidores | Registro normalizado (Entrada: 28, Saída: 30).
2026-09-16 13:37:42 | INFO | bdc.consumidores | Classificação documental para SCALA DATA CENTERS RATING 18112025.xlsx: tipo=>=5MWm analise=detalhada
2026-09-16 13:37:42 | INFO | bdc.consumidores | Iniciando validação unificada do registro. CNPJ=34562112000158
2026-09-16 13:37:42 | INFO | bdc.consumidores | Validação concluída. CNPJ=34562112000158 ERROS=0 AVISOS=0
2026-09-16 13:37:42 | INFO | bdc.consumidores | Validação condicional concluída para 34562112000158. Tipo=detalhada ERROS=0 AVISOS=0
2026-09-16 13:37:42 | INFO | bdc.consumidores | Iniciando processamento do arquivo SCHULZ 18082026.xlsx em modo incremental.
2026-09-16 13:37:42 | INFO | bdc.consumidores | Extração competitiva: Vencedor padrao_2 identificado para SCHULZ 18082026.xlsx.
2026-09-16 13:37:42 | INFO | bdc.consumidores | Registro normalizado (Entrada: 28, Saída: 30).
2026-09-16 13:37:42 | INFO | bdc.consumidores | Classificação documental para SCHULZ 18082026.xlsx: tipo=<5MWm analise=simplificada
2026-09-16 13:37:42 | INFO | bdc.consumidores | Iniciando validação unificada do registro. CNPJ=84693183000168
2026-09-16 13:37:42 | INFO | bdc.consumidores | Validação concluída. CNPJ=84693183000168 ERROS=0 AVISOS=0
2026-09-16 13:37:42 | INFO | bdc.consumidores | Validação condicional concluída para 84693183000168. Tipo=simplificada ERROS=1 AVISOS=1
2026-09-16 13:37:42 | INFO | bdc.consumidores | Ficha processada com sucesso: SCHULZ 18082026.xlsx.
2026-09-16 13:37:42 | INFO | bdc.consumidores | Iniciando processamento do arquivo SENDAS DISTRIBUIDORA 22_08_2022.xlsx em modo incremental.
2026-09-16 13:37:42 | INFO | bdc.consumidores | Extração competitiva: Vencedor padrao_1 identificado para SENDAS DISTRIBUIDORA 22_08_2022.xlsx.
2026-09-16 13:37:42 | INFO | bdc.consumidores | Registro normalizado (Entrada: 28, Saída: 30).
2026-09-16 13:37:42 | INFO | bdc.consumidores | Classificação documental para SENDAS DISTRIBUIDORA 22_08_2022.xlsx: tipo=>=5MWm analise=detalhada
2026-09-16 13:37:42 | INFO | bdc.consumidores | Iniciando validação unificada do registro. CNPJ=06057223000171
2026-09-16 13:37:42 | INFO | bdc.consumidores | Validação concluída. CNPJ=06057223000171 ERROS=0 AVISOS=1
2026-09-16 13:37:42 | INFO | bdc.consumidores | Validação condicional concluída para 06057223000171. Tipo=detalhada ERROS=2 AVISOS=2
2026-09-16 13:37:42 | INFO | bdc.consumidores | Ficha processada com sucesso: SENDAS DISTRIBUIDORA 22_08_2022.xlsx.
2026-09-16 13:37:42 | INFO | bdc.consumidores | Iniciando processamento do arquivo SERLONAS RATING 10032026.xlsx em modo incremental.
2026-09-16 13:37:42 | INFO | bdc.consumidores | Extração competitiva: Vencedor padrao_2 identificado para SERLONAS RATING 10032026.xlsx.
2026-09-16 13:37:42 | INFO | bdc.consumidores | Registro normalizado (Entrada: 28, Saída: 30).
2026-09-16 13:37:42 | INFO | bdc.consumidores | Classificação documental para SERLONAS RATING 10032026.xlsx: tipo=>=5MWm analise=detalhada
2026-09-16 13:37:42 | INFO | bdc.consumidores | Iniciando validação unificada do registro. CNPJ=04630268000168
2026-09-16 13:37:42 | INFO | bdc.consumidores | Validação concluída. CNPJ=04630268000168 ERROS=0 AVISOS=0
2026-09-16 13:37:42 | INFO | bdc.consumidores | Validação condicional concluída para 04630268000168. Tipo=detalhada ERROS=0 AVISOS=0
2026-09-16 13:37:42 | INFO | bdc.consumidores | Ficha processada com sucesso: SERLONAS RATING 10032026.xlsx.
2026-09-16 13:37:42 | INFO | bdc.consumidores | Iniciando processamento do arquivo SERRANA 11062025.xlsx em modo incremental.
2026-09-16 13:37:42 | INFO | bdc.consumidores | Extração competitiva: Vencedor padrao_1 identificado para SERRANA 11062025.xlsx.
2026-09-16 13:37:42 | INFO | bdc.consumidores | Registro normalizado (Entrada: 28, Saída: 30).
2026-09-16 13:37:42 | INFO | bdc.consumidores | Classificação documental para SERRANA 11062025.xlsx: tipo=>=5MWm analise=detalhada
2026-09-16 13:37:42 | INFO | bdc.consumidores | Iniciando validação unificada do registro. CNPJ=07094597000120
2026-09-16 13:37:42 | INFO | bdc.consumidores | Validação concluída. CNPJ=07094597000120 ERROS=0 AVISOS=0
2026-09-16 13:37:42 | INFO | bdc.consumidores | Validação condicional concluída para 07094597000120. Tipo=detalhada ERROS=2 AVISOS=1
2026-09-16 13:37:42 | INFO | bdc.consumidores | Ficha processada com sucesso: SERRANA 11062025.xlsx.
2026-09-16 13:37:42 | INFO | bdc.consumidores | Iniciando processamento do arquivo SERVENG CIVILSAN 18082026.xlsx em modo incremental.
2026-09-16 13:37:42 | INFO | bdc.consumidores | Extração competitiva: Vencedor padrao_2 identificado para SERVENG CIVILSAN 18082026.xlsx.
2026-09-16 13:37:42 | INFO | bdc.consumidores | Registro normalizado (Entrada: 28, Saída: 30).
2026-09-16 13:37:42 | INFO | bdc.consumidores | Classificação documental para SERVENG CIVILSAN 18082026.xlsx: tipo=<5MWm analise=simplificada
2026-09-16 13:37:42 | INFO | bdc.consumidores | Iniciando validação unificada do registro. CNPJ=48540421000131
2026-09-16 13:37:42 | INFO | bdc.consumidores | Validação concluída. CNPJ=48540421000131 ERROS=0 AVISOS=0
2026-09-16 13:37:42 | INFO | bdc.consumidores | Validação condicional concluída para 48540421000131. Tipo=simplificada ERROS=1 AVISOS=1
2026-09-16 13:37:42 | INFO | bdc.consumidores | Ficha processada com sucesso: SERVENG CIVILSAN 18082026.xlsx.
2026-09-16 13:37:42 | INFO | bdc.consumidores | Iniciando processamento do arquivo SERVENG CIVILSAN RATING 12112025.xlsx em modo incremental.
2026-09-16 13:37:43 | INFO | bdc.consumidores | Extração competitiva: Vencedor padrao_2 identificado para SERVENG CIVILSAN RATING 12112025.xlsx.
2026-09-16 13:37:43 | INFO | bdc.consumidores | Registro normalizado (Entrada: 28, Saída: 30).
2026-09-16 13:37:43 | INFO | bdc.consumidores | Classificação documental para SERVENG CIVILSAN RATING 12112025.xlsx: tipo=>=5MWm analise=detalhada
2026-09-16 13:37:43 | INFO | bdc.consumidores | Iniciando validação unificada do registro. CNPJ=48540421000131
2026-09-16 13:37:43 | INFO | bdc.consumidores | Validação concluída. CNPJ=48540421000131 ERROS=0 AVISOS=1
2026-09-16 13:37:43 | INFO | bdc.consumidores | Validação condicional concluída para 48540421000131. Tipo=detalhada ERROS=0 AVISOS=1
2026-09-16 13:37:43 | INFO | bdc.consumidores | Ficha processada com sucesso: SERVENG CIVILSAN RATING 12112025.xlsx.
2026-09-16 13:37:43 | INFO | bdc.consumidores | Iniciando processamento do arquivo SHOPPING BOULEVARD RATING 16032026.xlsx em modo incremental.
2026-09-16 13:37:43 | INFO | bdc.consumidores | Extração competitiva: Vencedor padrao_2 identificado para SHOPPING BOULEVARD RATING 16032026.xlsx.
2026-09-16 13:37:43 | INFO | bdc.consumidores | Registro normalizado (Entrada: 28, Saída: 30).
2026-09-16 13:37:43 | INFO | bdc.consumidores | Classificação documental para SHOPPING BOULEVARD RATING 16032026.xlsx: tipo=>=5MWm analise=detalhada
2026-09-16 13:37:43 | INFO | bdc.consumidores | Iniciando validação unificada do registro. CNPJ=28547761000187
2026-09-16 13:37:43 | INFO | bdc.consumidores | Validação concluída. CNPJ=28547761000187 ERROS=0 AVISOS=1
2026-09-16 13:37:43 | INFO | bdc.consumidores | Validação condicional concluída para 28547761000187. Tipo=detalhada ERROS=0 AVISOS=1
2026-09-16 13:37:43 | INFO | bdc.consumidores | Ficha processada com sucesso: SHOPPING BOULEVARD RATING 16032026.xlsx.
2026-09-16 13:37:43 | INFO | bdc.consumidores | Iniciando processamento do arquivo SHOPPING VILHA  VELHA RATING 19032026.xlsx em modo incremental.
2026-09-16 13:37:43 | INFO | bdc.consumidores | Extração competitiva: Vencedor padrao_2 identificado para SHOPPING VILHA  VELHA RATING 19032026.xlsx.
2026-09-16 13:37:43 | INFO | bdc.consumidores | Registro normalizado (Entrada: 28, Saída: 30).
2026-09-16 13:37:43 | INFO | bdc.consumidores | Classificação documental para SHOPPING VILHA  VELHA RATING 19032026.xlsx: tipo=>=5MWm analise=detalhada
2026-09-16 13:37:43 | INFO | bdc.consumidores | Iniciando validação unificada do registro. CNPJ=15091769000130
2026-09-16 13:37:43 | INFO | bdc.consumidores | Validação concluída. CNPJ=15091769000130 ERROS=0 AVISOS=0
2026-09-16 13:37:43 | INFO | bdc.consumidores | Validação condicional concluída para 15091769000130. Tipo=detalhada ERROS=1 AVISOS=0
2026-09-16 13:37:43 | INFO | bdc.consumidores | Ficha processada com sucesso: SHOPPING VILHA  VELHA RATING 19032026.xlsx.
2026-09-16 13:37:43 | INFO | bdc.consumidores | Iniciando processamento do arquivo SINOBRAS 09072026.xlsx em modo incremental.
2026-09-16 13:37:43 | INFO | bdc.consumidores | Extração competitiva: Vencedor padrao_2 identificado para SINOBRAS 09072026.xlsx.
2026-09-16 13:37:43 | INFO | bdc.consumidores | Registro normalizado (Entrada: 28, Saída: 30).
2026-09-16 13:37:43 | INFO | bdc.consumidores | Classificação documental para SINOBRAS 09072026.xlsx: tipo=<5MWm analise=simplificada
2026-09-16 13:37:43 | INFO | bdc.consumidores | Iniciando validação unificada do registro. CNPJ=07933914000154
2026-09-16 13:37:43 | INFO | bdc.consumidores | Validação concluída. CNPJ=07933914000154 ERROS=0 AVISOS=0
2026-09-16 13:37:43 | INFO | bdc.consumidores | Validação condicional concluída para 07933914000154. Tipo=simplificada ERROS=1 AVISOS=1
2026-09-16 13:37:43 | INFO | bdc.consumidores | Ficha processada com sucesso: SINOBRAS 09072026.xlsx.
2026-09-16 13:37:43 | INFO | bdc.consumidores | Iniciando processamento do arquivo SLC_AGRICOLA_23_11_2022.xlsx em modo incremental.
2026-09-16 13:37:43 | INFO | bdc.consumidores | Extração competitiva: Vencedor padrao_1 identificado para SLC_AGRICOLA_23_11_2022.xlsx.
2026-09-16 13:37:43 | INFO | bdc.consumidores | Registro normalizado (Entrada: 28, Saída: 30).
2026-09-16 13:37:43 | INFO | bdc.consumidores | Classificação documental para SLC_AGRICOLA_23_11_2022.xlsx: tipo=>=5MWm analise=detalhada
2026-09-16 13:37:43 | INFO | bdc.consumidores | Iniciando validação unificada do registro. CNPJ=89096457000155
2026-09-16 13:37:43 | INFO | bdc.consumidores | Validação concluída. CNPJ=89096457000155 ERROS=0 AVISOS=1
2026-09-16 13:37:43 | INFO | bdc.consumidores | Validação condicional concluída para 89096457000155. Tipo=detalhada ERROS=2 AVISOS=2
2026-09-16 13:37:43 | INFO | bdc.consumidores | Ficha processada com sucesso: SLC_AGRICOLA_23_11_2022.xlsx.
2026-09-16 13:37:43 | INFO | bdc.consumidores | Iniciando processamento do arquivo SOFTYS BRASIL 25062025.xlsx em modo incremental.
2026-09-16 13:37:43 | INFO | bdc.consumidores | Extração competitiva: Vencedor padrao_1 identificado para SOFTYS BRASIL 25062025.xlsx.
2026-09-16 13:37:43 | INFO | bdc.consumidores | Registro normalizado (Entrada: 28, Saída: 30).
2026-09-16 13:37:43 | INFO | bdc.consumidores | Classificação documental para SOFTYS BRASIL 25062025.xlsx: tipo=>=5MWm analise=detalhada
2026-09-16 13:37:43 | INFO | bdc.consumidores | Iniciando validação unificada do registro. CNPJ=44145845000140
2026-09-16 13:37:43 | INFO | bdc.consumidores | Validação concluída. CNPJ=44145845000140 ERROS=0 AVISOS=1
2026-09-16 13:37:43 | INFO | bdc.consumidores | Validação condicional concluída para 44145845000140. Tipo=detalhada ERROS=2 AVISOS=2
2026-09-16 13:37:43 | INFO | bdc.consumidores | Ficha processada com sucesso: SOFTYS BRASIL 25062025.xlsx.
2026-09-16 13:37:43 | INFO | bdc.consumidores | Iniciando processamento do arquivo SOFTYS BRASIL RATING 03122025.xlsx em modo incremental.
2026-09-16 13:37:43 | INFO | bdc.consumidores | Extração competitiva: Vencedor padrao_2 identificado para SOFTYS BRASIL RATING 03122025.xlsx.
2026-09-16 13:37:43 | INFO | bdc.consumidores | Registro normalizado (Entrada: 28, Saída: 30).
2026-09-16 13:37:43 | INFO | bdc.consumidores | Classificação documental para SOFTYS BRASIL RATING 03122025.xlsx: tipo=>=5MWm analise=detalhada
2026-09-16 13:37:43 | INFO | bdc.consumidores | Iniciando validação unificada do registro. CNPJ=44145845000140
2026-09-16 13:37:43 | INFO | bdc.consumidores | Validação concluída. CNPJ=44145845000140 ERROS=0 AVISOS=1
2026-09-16 13:37:43 | INFO | bdc.consumidores | Validação condicional concluída para 44145845000140. Tipo=detalhada ERROS=1 AVISOS=1
2026-09-16 13:37:43 | INFO | bdc.consumidores | Iniciando processamento do arquivo SOFTYS_09_03_2022.xlsx em modo incremental.
2026-09-16 13:37:43 | INFO | bdc.consumidores | Extração competitiva: Vencedor padrao_1 identificado para SOFTYS_09_03_2022.xlsx.
2026-09-16 13:37:44 | INFO | bdc.consumidores | Registro normalizado (Entrada: 28, Saída: 30).
2026-09-16 13:37:44 | INFO | bdc.consumidores | Classificação documental para SOFTYS_09_03_2022.xlsx: tipo=>=5MWm analise=detalhada
2026-09-16 13:37:44 | INFO | bdc.consumidores | Iniciando validação unificada do registro. CNPJ=44145845000140
2026-09-16 13:37:44 | INFO | bdc.consumidores | Validação concluída. CNPJ=44145845000140 ERROS=0 AVISOS=1
2026-09-16 13:37:44 | INFO | bdc.consumidores | Validação condicional concluída para 44145845000140. Tipo=detalhada ERROS=2 AVISOS=2
2026-09-16 13:37:44 | INFO | bdc.consumidores | Ficha processada com sucesso: SOFTYS_09_03_2022.xlsx.
2026-09-16 13:37:44 | INFO | bdc.consumidores | Iniciando processamento do arquivo SOLAR BEBIDAS SA RATING 09012026.xlsx em modo incremental.
2026-09-16 13:37:44 | INFO | bdc.consumidores | Extração competitiva: Vencedor padrao_2 identificado para SOLAR BEBIDAS SA RATING 09012026.xlsx.
2026-09-16 13:37:44 | INFO | bdc.consumidores | Registro normalizado (Entrada: 28, Saída: 30).
2026-09-16 13:37:44 | INFO | bdc.consumidores | Classificação documental para SOLAR BEBIDAS SA RATING 09012026.xlsx: tipo=>=5MWm analise=detalhada
2026-09-16 13:37:44 | INFO | bdc.consumidores | Iniciando validação unificada do registro. CNPJ=41052420000107
2026-09-16 13:37:44 | INFO | bdc.consumidores | Validação concluída. CNPJ=41052420000107 ERROS=0 AVISOS=1
2026-09-16 13:37:44 | INFO | bdc.consumidores | Validação condicional concluída para 41052420000107. Tipo=detalhada ERROS=0 AVISOS=1
2026-09-16 13:37:44 | INFO | bdc.consumidores | Ficha processada com sucesso: SOLAR BEBIDAS SA RATING 09012026.xlsx.
2026-09-16 13:37:44 | INFO | bdc.consumidores | Iniciando processamento do arquivo SOLAR BR 25052026.xlsx em modo incremental.
2026-09-16 13:37:44 | INFO | bdc.consumidores | Extração competitiva: Vencedor padrao_2 identificado para SOLAR BR 25052026.xlsx.
2026-09-16 13:37:44 | INFO | bdc.consumidores | Registro normalizado (Entrada: 28, Saída: 30).
2026-09-16 13:37:44 | INFO | bdc.consumidores | Classificação documental para SOLAR BR 25052026.xlsx: tipo=>=5MWm analise=detalhada
2026-09-16 13:37:44 | INFO | bdc.consumidores | Iniciando validação unificada do registro. CNPJ=41501877000143
2026-09-16 13:37:44 | INFO | bdc.consumidores | Validação concluída. CNPJ=41501877000143 ERROS=0 AVISOS=1
2026-09-16 13:37:44 | INFO | bdc.consumidores | Validação condicional concluída para 41501877000143. Tipo=detalhada ERROS=1 AVISOS=1
2026-09-16 13:37:44 | INFO | bdc.consumidores | Ficha processada com sucesso: SOLAR BR 25052026.xlsx.
2026-09-16 13:37:44 | INFO | bdc.consumidores | Iniciando processamento do arquivo SOLAR BR ENERGIA RATING 09012026.xlsx em modo incremental.
2026-09-16 13:37:44 | INFO | bdc.consumidores | Extração competitiva: Vencedor padrao_2 identificado para SOLAR BR ENERGIA RATING 09012026.xlsx.
2026-09-16 13:37:44 | INFO | bdc.consumidores | Registro normalizado (Entrada: 28, Saída: 30).
2026-09-16 13:37:44 | INFO | bdc.consumidores | Classificação documental para SOLAR BR ENERGIA RATING 09012026.xlsx: tipo=>=5MWm analise=detalhada
2026-09-16 13:37:44 | INFO | bdc.consumidores | Iniciando validação unificada do registro. CNPJ=41501877000143
2026-09-16 13:37:44 | INFO | bdc.consumidores | Validação concluída. CNPJ=41501877000143 ERROS=0 AVISOS=0
2026-09-16 13:37:44 | INFO | bdc.consumidores | Validação condicional concluída para 41501877000143. Tipo=detalhada ERROS=0 AVISOS=0
2026-09-16 13:37:44 | INFO | bdc.consumidores | Ficha processada com sucesso: SOLAR BR ENERGIA RATING 09012026.xlsx.
2026-09-16 13:37:44 | INFO | bdc.consumidores | Iniciando processamento do arquivo SOLAR ENERGIAS RATING 12122025.xlsx em modo incremental.
2026-09-16 13:37:44 | INFO | bdc.consumidores | Extração competitiva: Vencedor padrao_1 identificado para SOLAR ENERGIAS RATING 12122025.xlsx.
2026-09-16 13:37:44 | INFO | bdc.consumidores | Registro normalizado (Entrada: 28, Saída: 30).
2026-09-16 13:37:44 | INFO | bdc.consumidores | Classificação documental para SOLAR ENERGIAS RATING 12122025.xlsx: tipo=<5MWm analise=simplificada
2026-09-16 13:37:44 | INFO | bdc.consumidores | Iniciando validação unificada do registro. CNPJ=None
2026-09-16 13:37:44 | INFO | bdc.consumidores | Validação concluída. CNPJ=None ERROS=3 AVISOS=0
2026-09-16 13:37:44 | WARNING | bdc.consumidores | Erros de validação para CNPJ=None: ['GATE_ENGINE ausente: CNPJ', 'GATE_ENGINE ausente: EMPRESA', 'GATE_ENGINE ausente: DATA_DEMONSTRACAO_FINANCEIRA']
2026-09-16 13:37:44 | INFO | bdc.consumidores | Validação condicional concluída para None. Tipo=simplificada ERROS=4 AVISOS=1
2026-09-16 13:37:44 | INFO | bdc.consumidores | Iniciando processamento do arquivo SOLVI ESSENCIS RATING 23032026.xlsx em modo incremental.
2026-09-16 13:37:44 | INFO | bdc.consumidores | Extração competitiva: Vencedor padrao_2 identificado para SOLVI ESSENCIS RATING 23032026.xlsx.
2026-09-16 13:37:44 | INFO | bdc.consumidores | Registro normalizado (Entrada: 28, Saída: 30).
2026-09-16 13:37:44 | INFO | bdc.consumidores | Classificação documental para SOLVI ESSENCIS RATING 23032026.xlsx: tipo=>=5MWm analise=detalhada
2026-09-16 13:37:44 | INFO | bdc.consumidores | Iniciando validação unificada do registro. CNPJ=40263170000183
2026-09-16 13:37:44 | INFO | bdc.consumidores | Validação concluída. CNPJ=40263170000183 ERROS=0 AVISOS=1
2026-09-16 13:37:44 | INFO | bdc.consumidores | Validação condicional concluída para 40263170000183. Tipo=detalhada ERROS=0 AVISOS=1
2026-09-16 13:37:44 | INFO | bdc.consumidores | Ficha processada com sucesso: SOLVI ESSENCIS RATING 23032026.xlsx.
2026-09-16 13:37:44 | INFO | bdc.consumidores | Iniciando processamento do arquivo SONORA ESTANCIA 25052026.xlsx em modo incremental.
2026-09-16 13:37:44 | INFO | bdc.consumidores | Extração competitiva: Vencedor padrao_2 identificado para SONORA ESTANCIA 25052026.xlsx.
2026-09-16 13:37:44 | INFO | bdc.consumidores | Registro normalizado (Entrada: 28, Saída: 30).
2026-09-16 13:37:44 | INFO | bdc.consumidores | Classificação documental para SONORA ESTANCIA 25052026.xlsx: tipo=>=5MWm analise=detalhada
2026-09-16 13:37:44 | INFO | bdc.consumidores | Iniciando validação unificada do registro. CNPJ=47902283000120
2026-09-16 13:37:44 | INFO | bdc.consumidores | Validação concluída. CNPJ=47902283000120 ERROS=0 AVISOS=1
2026-09-16 13:37:44 | INFO | bdc.consumidores | Validação condicional concluída para 47902283000120. Tipo=detalhada ERROS=1 AVISOS=1
2026-09-16 13:37:44 | INFO | bdc.consumidores | Ficha processada com sucesso: SONORA ESTANCIA 25052026.xlsx.
2026-09-16 13:37:44 | INFO | bdc.consumidores | Iniciando processamento do arquivo SOUTH32 18082026.xlsx em modo incremental.
2026-09-16 13:37:44 | INFO | bdc.consumidores | Extração competitiva: Vencedor padrao_2 identificado para SOUTH32 18082026.xlsx.
2026-09-16 13:37:44 | INFO | bdc.consumidores | Registro normalizado (Entrada: 28, Saída: 30).
2026-09-16 13:37:44 | INFO | bdc.consumidores | Classificação documental para SOUTH32 18082026.xlsx: tipo=<5MWm analise=simplificada
2026-09-16 13:37:44 | INFO | bdc.consumidores | Iniciando validação unificada do registro. CNPJ=42105890000146
2026-09-16 13:37:44 | INFO | bdc.consumidores | Validação concluída. CNPJ=42105890000146 ERROS=0 AVISOS=0
2026-09-16 13:37:44 | INFO | bdc.consumidores | Validação condicional concluída para 42105890000146. Tipo=simplificada ERROS=1 AVISOS=1
2026-09-16 13:37:44 | INFO | bdc.consumidores | Ficha processada com sucesso: SOUTH32 18082026.xlsx.
2026-09-16 13:37:44 | INFO | bdc.consumidores | Iniciando processamento do arquivo SOUTH32 RATING 09122025.xlsx em modo incremental.
2026-09-16 13:37:44 | INFO | bdc.consumidores | Extração competitiva: Vencedor padrao_2 identificado para SOUTH32 RATING 09122025.xlsx.
2026-09-16 13:37:44 | INFO | bdc.consumidores | Registro normalizado (Entrada: 28, Saída: 30).
2026-09-16 13:37:44 | INFO | bdc.consumidores | Classificação documental para SOUTH32 RATING 09122025.xlsx: tipo=>=5MWm analise=detalhada
2026-09-16 13:37:44 | INFO | bdc.consumidores | Iniciando validação unificada do registro. CNPJ=42105890000146
2026-09-16 13:37:44 | INFO | bdc.consumidores | Validação concluída. CNPJ=42105890000146 ERROS=0 AVISOS=1
2026-09-16 13:37:44 | INFO | bdc.consumidores | Validação condicional concluída para 42105890000146. Tipo=detalhada ERROS=0 AVISOS=1
2026-09-16 13:37:45 | INFO | bdc.consumidores | Iniciando processamento do arquivo SOUZA CRUZ RATING 04032026.xlsx em modo incremental.
2026-09-16 13:37:45 | INFO | bdc.consumidores | Extração competitiva: Vencedor padrao_2 identificado para SOUZA CRUZ RATING 04032026.xlsx.
2026-09-16 13:37:45 | INFO | bdc.consumidores | Registro normalizado (Entrada: 28, Saída: 30).
2026-09-16 13:37:45 | INFO | bdc.consumidores | Classificação documental para SOUZA CRUZ RATING 04032026.xlsx: tipo=>=5MWm analise=detalhada
2026-09-16 13:37:45 | INFO | bdc.consumidores | Iniciando validação unificada do registro. CNPJ=33009911000139
2026-09-16 13:37:45 | INFO | bdc.consumidores | Validação concluída. CNPJ=33009911000139 ERROS=0 AVISOS=1
2026-09-16 13:37:45 | INFO | bdc.consumidores | Validação condicional concluída para 33009911000139. Tipo=detalhada ERROS=0 AVISOS=1
2026-09-16 13:37:45 | INFO | bdc.consumidores | Ficha processada com sucesso: SOUZA CRUZ RATING 04032026.xlsx.
2026-09-16 13:37:45 | INFO | bdc.consumidores | Iniciando processamento do arquivo SUDATI 08042024.xlsx em modo incremental.
2026-09-16 13:37:45 | INFO | bdc.consumidores | Extração competitiva: Vencedor padrao_1 identificado para SUDATI 08042024.xlsx.
2026-09-16 13:37:45 | INFO | bdc.consumidores | Registro normalizado (Entrada: 28, Saída: 30).
2026-09-16 13:37:45 | INFO | bdc.consumidores | Classificação documental para SUDATI 08042024.xlsx: tipo=>=5MWm analise=detalhada
2026-09-16 13:37:45 | INFO | bdc.consumidores | Iniciando validação unificada do registro. CNPJ=08803452000113
2026-09-16 13:37:45 | INFO | bdc.consumidores | Validação concluída. CNPJ=08803452000113 ERROS=0 AVISOS=0
2026-09-16 13:37:45 | INFO | bdc.consumidores | Validação condicional concluída para 08803452000113. Tipo=detalhada ERROS=2 AVISOS=1
2026-09-16 13:37:45 | INFO | bdc.consumidores | Ficha processada com sucesso: SUDATI 08042024.xlsx.
2026-09-16 13:37:45 | INFO | bdc.consumidores | Iniciando processamento do arquivo SUPERMERCADO LIS RATING 29012026.xlsx em modo incremental.
2026-09-16 13:37:45 | INFO | bdc.consumidores | Extração competitiva: Vencedor padrao_2 identificado para SUPERMERCADO LIS RATING 29012026.xlsx.
2026-09-16 13:37:45 | INFO | bdc.consumidores | Registro normalizado (Entrada: 28, Saída: 30).
2026-09-16 13:37:45 | INFO | bdc.consumidores | Classificação documental para SUPERMERCADO LIS RATING 29012026.xlsx: tipo=>=5MWm analise=detalhada
2026-09-16 13:37:45 | INFO | bdc.consumidores | Iniciando validação unificada do registro. CNPJ=07255463000143
2026-09-16 13:37:45 | INFO | bdc.consumidores | Validação concluída. CNPJ=07255463000143 ERROS=0 AVISOS=1
2026-09-16 13:37:45 | INFO | bdc.consumidores | Validação condicional concluída para 07255463000143. Tipo=detalhada ERROS=0 AVISOS=1
2026-09-16 13:37:45 | INFO | bdc.consumidores | Ficha processada com sucesso: SUPERMERCADO LIS RATING 29012026.xlsx.
2026-09-16 13:37:45 | INFO | bdc.consumidores | Iniciando processamento do arquivo SUZANO 29052026.xlsx em modo incremental.
2026-09-16 13:37:45 | INFO | bdc.consumidores | Extração competitiva: Vencedor padrao_2 identificado para SUZANO 29052026.xlsx.
2026-09-16 13:37:45 | INFO | bdc.consumidores | Registro normalizado (Entrada: 28, Saída: 30).
2026-09-16 13:37:45 | INFO | bdc.consumidores | Classificação documental para SUZANO 29052026.xlsx: tipo=>=5MWm analise=detalhada
2026-09-16 13:37:45 | INFO | bdc.consumidores | Iniciando validação unificada do registro. CNPJ=16404287000155
2026-09-16 13:37:45 | INFO | bdc.consumidores | Validação concluída. CNPJ=16404287000155 ERROS=0 AVISOS=1
2026-09-16 13:37:45 | INFO | bdc.consumidores | Validação condicional concluída para 16404287000155. Tipo=detalhada ERROS=1 AVISOS=1
2026-09-16 13:37:45 | INFO | bdc.consumidores | Ficha processada com sucesso: SUZANO 29052026.xlsx.
2026-09-16 13:37:45 | INFO | bdc.consumidores | Iniciando processamento do arquivo SUZANO RATING 03122025.xlsx em modo incremental.
2026-09-16 13:37:45 | INFO | bdc.consumidores | Extração competitiva: Vencedor padrao_2 identificado para SUZANO RATING 03122025.xlsx.
2026-09-16 13:37:45 | INFO | bdc.consumidores | Registro normalizado (Entrada: 28, Saída: 30).
2026-09-16 13:37:45 | INFO | bdc.consumidores | Classificação documental para SUZANO RATING 03122025.xlsx: tipo=>=5MWm analise=detalhada
2026-09-16 13:37:45 | INFO | bdc.consumidores | Iniciando validação unificada do registro. CNPJ=16404287000155
2026-09-16 13:37:45 | INFO | bdc.consumidores | Validação concluída. CNPJ=16404287000155 ERROS=0 AVISOS=1
2026-09-16 13:37:45 | INFO | bdc.consumidores | Validação condicional concluída para 16404287000155. Tipo=detalhada ERROS=2 AVISOS=1
2026-09-16 13:37:45 | INFO | bdc.consumidores | Ficha processada com sucesso: SUZANO RATING 03122025.xlsx.
2026-09-16 13:37:45 | INFO | bdc.consumidores | Iniciando processamento do arquivo SUZANO_2023_07_03.xlsx em modo incremental.
2026-09-16 13:37:45 | INFO | bdc.consumidores | Extração competitiva: Vencedor padrao_1 identificado para SUZANO_2023_07_03.xlsx.
2026-09-16 13:37:45 | INFO | bdc.consumidores | Registro normalizado (Entrada: 28, Saída: 30).
2026-09-16 13:37:45 | INFO | bdc.consumidores | Classificação documental para SUZANO_2023_07_03.xlsx: tipo=>=5MWm analise=detalhada
2026-09-16 13:37:45 | INFO | bdc.consumidores | Iniciando validação unificada do registro. CNPJ=16404287000155
2026-09-16 13:37:45 | INFO | bdc.consumidores | Validação concluída. CNPJ=16404287000155 ERROS=0 AVISOS=1
2026-09-16 13:37:45 | INFO | bdc.consumidores | Validação condicional concluída para 16404287000155. Tipo=detalhada ERROS=2 AVISOS=2
2026-09-16 13:37:45 | INFO | bdc.consumidores | Ficha processada com sucesso: SUZANO_2023_07_03.xlsx.
2026-09-16 13:37:45 | INFO | bdc.consumidores | Iniciando processamento do arquivo SUZANO_26062025.xlsx em modo incremental.
2026-09-16 13:37:45 | INFO | bdc.consumidores | Extração competitiva: Vencedor padrao_1 identificado para SUZANO_26062025.xlsx.
2026-09-16 13:37:45 | INFO | bdc.consumidores | Registro normalizado (Entrada: 28, Saída: 30).
2026-09-16 13:37:45 | INFO | bdc.consumidores | Classificação documental para SUZANO_26062025.xlsx: tipo=>=5MWm analise=detalhada
2026-09-16 13:37:45 | INFO | bdc.consumidores | Iniciando validação unificada do registro. CNPJ=16404287000155
2026-09-16 13:37:45 | INFO | bdc.consumidores | Validação concluída. CNPJ=16404287000155 ERROS=0 AVISOS=1
2026-09-16 13:37:45 | INFO | bdc.consumidores | Validação condicional concluída para 16404287000155. Tipo=detalhada ERROS=2 AVISOS=2
2026-09-16 13:37:45 | INFO | bdc.consumidores | Iniciando processamento do arquivo SYLVAMO_20_07_2022.xlsx em modo incremental.
2026-09-16 13:37:45 | INFO | bdc.consumidores | Extração competitiva: Vencedor padrao_1 identificado para SYLVAMO_20_07_2022.xlsx.
2026-09-16 13:37:45 | INFO | bdc.consumidores | Registro normalizado (Entrada: 28, Saída: 30).
2026-09-16 13:37:45 | INFO | bdc.consumidores | Classificação documental para SYLVAMO_20_07_2022.xlsx: tipo=>=5MWm analise=detalhada
2026-09-16 13:37:45 | INFO | bdc.consumidores | Iniciando validação unificada do registro. CNPJ=52736949000158
2026-09-16 13:37:45 | INFO | bdc.consumidores | Validação concluída. CNPJ=52736949000158 ERROS=0 AVISOS=1
2026-09-16 13:37:45 | INFO | bdc.consumidores | Validação condicional concluída para 52736949000158. Tipo=detalhada ERROS=2 AVISOS=2
2026-09-16 13:37:45 | INFO | bdc.consumidores | Ficha processada com sucesso: SYLVAMO_20_07_2022.xlsx.
2026-09-16 13:37:45 | INFO | bdc.consumidores | Iniciando processamento do arquivo Santa Maria_11_03_2022.xlsx em modo incremental.
2026-09-16 13:37:45 | INFO | bdc.consumidores | Extração competitiva: Vencedor padrao_1 identificado para Santa Maria_11_03_2022.xlsx.
2026-09-16 13:37:45 | INFO | bdc.consumidores | Registro normalizado (Entrada: 28, Saída: 30).
2026-09-16 13:37:46 | INFO | bdc.consumidores | Classificação documental para Santa Maria_11_03_2022.xlsx: tipo=>=5MWm analise=detalhada
2026-09-16 13:37:46 | INFO | bdc.consumidores | Iniciando validação unificada do registro. CNPJ=77887917000184
2026-09-16 13:37:46 | INFO | bdc.consumidores | Validação concluída. CNPJ=77887917000184 ERROS=0 AVISOS=1
2026-09-16 13:37:46 | INFO | bdc.consumidores | Validação condicional concluída para 77887917000184. Tipo=detalhada ERROS=2 AVISOS=2
2026-09-16 13:37:46 | INFO | bdc.consumidores | Ficha processada com sucesso: Santa Maria_11_03_2022.xlsx.
2026-09-16 13:37:46 | INFO | bdc.consumidores | Iniciando processamento do arquivo Santa Terezinha 24032025.xlsx em modo incremental.
2026-09-16 13:37:46 | INFO | bdc.consumidores | Extração competitiva: Vencedor padrao_1 identificado para Santa Terezinha 24032025.xlsx.
2026-09-16 13:37:46 | INFO | bdc.consumidores | Registro normalizado (Entrada: 28, Saída: 30).
2026-09-16 13:37:46 | INFO | bdc.consumidores | Classificação documental para Santa Terezinha 24032025.xlsx: tipo=>=5MWm analise=detalhada
2026-09-16 13:37:46 | INFO | bdc.consumidores | Iniciando validação unificada do registro. CNPJ=79109237000165
2026-09-16 13:37:46 | INFO | bdc.consumidores | Validação concluída. CNPJ=79109237000165 ERROS=0 AVISOS=1
2026-09-16 13:37:46 | INFO | bdc.consumidores | Validação condicional concluída para 79109237000165. Tipo=detalhada ERROS=2 AVISOS=2
2026-09-16 13:37:46 | INFO | bdc.consumidores | Ficha processada com sucesso: Santa Terezinha 24032025.xlsx.
2026-09-16 13:37:46 | INFO | bdc.consumidores | Iniciando processamento do arquivo Santander 02012024.xlsx em modo incremental.
2026-09-16 13:37:46 | INFO | bdc.consumidores | Extração competitiva: Vencedor padrao_1 identificado para Santander 02012024.xlsx.
2026-09-16 13:37:46 | INFO | bdc.consumidores | Registro normalizado (Entrada: 28, Saída: 30).
2026-09-16 13:37:46 | INFO | bdc.consumidores | Classificação documental para Santander 02012024.xlsx: tipo=<5MWm analise=simplificada
2026-09-16 13:37:46 | INFO | bdc.consumidores | Iniciando validação unificada do registro. CNPJ=90400888000142
2026-09-16 13:37:46 | INFO | bdc.consumidores | Validação concluída. CNPJ=90400888000142 ERROS=0 AVISOS=0
2026-09-16 13:37:46 | INFO | bdc.consumidores | Validação condicional concluída para 90400888000142. Tipo=simplificada ERROS=1 AVISOS=1
2026-09-16 13:37:46 | INFO | bdc.consumidores | Iniciando processamento do arquivo Santher 01022024 sem eprotocolo.xlsx em modo incremental.
2026-09-16 13:37:46 | INFO | bdc.consumidores | Extração competitiva: Vencedor padrao_1 identificado para Santher 01022024 sem eprotocolo.xlsx.
2026-09-16 13:37:46 | INFO | bdc.consumidores | Registro normalizado (Entrada: 28, Saída: 30).
2026-09-16 13:37:46 | INFO | bdc.consumidores | Classificação documental para Santher 01022024 sem eprotocolo.xlsx: tipo=>=5MWm analise=detalhada
2026-09-16 13:37:46 | INFO | bdc.consumidores | Iniciando validação unificada do registro. CNPJ=61101895000145
2026-09-16 13:37:46 | INFO | bdc.consumidores | Validação concluída. CNPJ=61101895000145 ERROS=0 AVISOS=1
2026-09-16 13:37:46 | INFO | bdc.consumidores | Validação condicional concluída para 61101895000145. Tipo=detalhada ERROS=2 AVISOS=2
2026-09-16 13:37:46 | INFO | bdc.consumidores | Ficha processada com sucesso: Santher 01022024 sem eprotocolo.xlsx.
2026-09-16 13:37:46 | INFO | bdc.consumidores | Iniciando processamento do arquivo Santo Antonio Energia 01102024.xlsx em modo incremental.
2026-09-16 13:37:46 | INFO | bdc.consumidores | Extração competitiva: Vencedor padrao_1 identificado para Santo Antonio Energia 01102024.xlsx.
2026-09-16 13:37:46 | INFO | bdc.consumidores | Registro normalizado (Entrada: 28, Saída: 30).
2026-09-16 13:37:46 | INFO | bdc.consumidores | Classificação documental para Santo Antonio Energia 01102024.xlsx: tipo=>=5MWm analise=detalhada
2026-09-16 13:37:46 | INFO | bdc.consumidores | Iniciando validação unificada do registro. CNPJ=09391823000240
2026-09-16 13:37:46 | INFO | bdc.consumidores | Validação concluída. CNPJ=09391823000240 ERROS=0 AVISOS=0
2026-09-16 13:37:46 | INFO | bdc.consumidores | Validação condicional concluída para 09391823000240. Tipo=detalhada ERROS=2 AVISOS=1
2026-09-16 13:37:46 | INFO | bdc.consumidores | Ficha processada com sucesso: Santo Antonio Energia 01102024.xlsx.
2026-09-16 13:37:46 | INFO | bdc.consumidores | Iniciando processamento do arquivo Segalas Alimentos - Avaliação Middle.xlsx em modo incremental.
2026-09-16 13:37:46 | INFO | bdc.consumidores | Extração competitiva: Vencedor padrao_1 identificado para Segalas Alimentos - Avaliação Middle.xlsx.
2026-09-16 13:37:46 | INFO | bdc.consumidores | Registro normalizado (Entrada: 28, Saída: 30).
2026-09-16 13:37:46 | INFO | bdc.consumidores | Classificação documental para Segalas Alimentos - Avaliação Middle.xlsx: tipo=>=5MWm analise=detalhada
2026-09-16 13:37:46 | INFO | bdc.consumidores | Iniciando validação unificada do registro. CNPJ=01333984000195
2026-09-16 13:37:46 | INFO | bdc.consumidores | Validação concluída. CNPJ=01333984000195 ERROS=0 AVISOS=1
2026-09-16 13:37:46 | INFO | bdc.consumidores | Validação condicional concluída para 01333984000195. Tipo=detalhada ERROS=2 AVISOS=2
2026-09-16 13:37:46 | INFO | bdc.consumidores | Ficha processada com sucesso: Segalas Alimentos - Avaliação Middle.xlsx.
2026-09-16 13:37:46 | INFO | bdc.consumidores | Iniciando processamento do arquivo Sta Casa Rio Claro 17102023.xlsx em modo incremental.
2026-09-16 13:37:46 | INFO | bdc.consumidores | Extração competitiva: Vencedor padrao_1 identificado para Sta Casa Rio Claro 17102023.xlsx.
2026-09-16 13:37:46 | INFO | bdc.consumidores | Registro normalizado (Entrada: 28, Saída: 30).
2026-09-16 13:37:46 | INFO | bdc.consumidores | Classificação documental para Sta Casa Rio Claro 17102023.xlsx: tipo=>=5MWm analise=detalhada
2026-09-16 13:37:46 | INFO | bdc.consumidores | Iniciando validação unificada do registro. CNPJ=56384183000140
2026-09-16 13:37:46 | INFO | bdc.consumidores | Validação concluída. CNPJ=56384183000140 ERROS=0 AVISOS=1
2026-09-16 13:37:46 | INFO | bdc.consumidores | Validação condicional concluída para 56384183000140. Tipo=detalhada ERROS=3 AVISOS=2
2026-09-16 13:37:46 | INFO | bdc.consumidores | Ficha processada com sucesso: Sta Casa Rio Claro 17102023.xlsx.
2026-09-16 13:37:46 | INFO | bdc.consumidores | Iniciando processamento do arquivo Stara - Avaliação Middle.xlsx em modo incremental.
2026-09-16 13:37:46 | INFO | bdc.consumidores | Extração competitiva: Vencedor padrao_1 identificado para Stara - Avaliação Middle.xlsx.
2026-09-16 13:37:46 | INFO | bdc.consumidores | Registro normalizado (Entrada: 28, Saída: 30).
2026-09-16 13:37:46 | INFO | bdc.consumidores | Classificação documental para Stara - Avaliação Middle.xlsx: tipo=>=5MWm analise=detalhada
2026-09-16 13:37:46 | INFO | bdc.consumidores | Iniciando validação unificada do registro. CNPJ=91495499000100
2026-09-16 13:37:46 | INFO | bdc.consumidores | Validação concluída. CNPJ=91495499000100 ERROS=0 AVISOS=0
2026-09-16 13:37:46 | INFO | bdc.consumidores | Validação condicional concluída para 91495499000100. Tipo=detalhada ERROS=2 AVISOS=1
2026-09-16 13:37:46 | INFO | bdc.consumidores | Ficha processada com sucesso: Stara - Avaliação Middle.xlsx.
2026-09-16 13:37:46 | INFO | bdc.consumidores | Iniciando processamento do arquivo Sumitomo_10082023.xlsx em modo incremental.
2026-09-16 13:37:46 | INFO | bdc.consumidores | Extração competitiva: Vencedor padrao_1 identificado para Sumitomo_10082023.xlsx.
2026-09-16 13:37:46 | INFO | bdc.consumidores | Registro normalizado (Entrada: 28, Saída: 30).
2026-09-16 13:37:46 | INFO | bdc.consumidores | Classificação documental para Sumitomo_10082023.xlsx: tipo=>=5MWm analise=detalhada
2026-09-16 13:37:46 | INFO | bdc.consumidores | Iniciando validação unificada do registro. CNPJ=13816470000170
2026-09-16 13:37:46 | INFO | bdc.consumidores | Validação concluída. CNPJ=13816470000170 ERROS=0 AVISOS=0
2026-09-16 13:37:46 | INFO | bdc.consumidores | Validação condicional concluída para 13816470000170. Tipo=detalhada ERROS=2 AVISOS=1
2026-09-16 13:37:46 | INFO | bdc.consumidores | Ficha processada com sucesso: Sumitomo_10082023.xlsx.
2026-09-16 13:37:46 | INFO | bdc.consumidores | Iniciando processamento do arquivo Supremo Cimentos_02032023.xlsx em modo incremental.
2026-09-16 13:37:46 | INFO | bdc.consumidores | Extração competitiva: Vencedor padrao_1 identificado para Supremo Cimentos_02032023.xlsx.
2026-09-16 13:37:46 | INFO | bdc.consumidores | Registro normalizado (Entrada: 28, Saída: 30).
2026-09-16 13:37:46 | INFO | bdc.consumidores | Classificação documental para Supremo Cimentos_02032023.xlsx: tipo=>=5MWm analise=detalhada
2026-09-16 13:37:46 | INFO | bdc.consumidores | Iniciando validação unificada do registro. CNPJ=05798883000140
2026-09-16 13:37:46 | INFO | bdc.consumidores | Validação concluída. CNPJ=05798883000140 ERROS=0 AVISOS=0
2026-09-16 13:37:46 | INFO | bdc.consumidores | Validação condicional concluída para 05798883000140. Tipo=detalhada ERROS=2 AVISOS=1
2026-09-16 13:37:46 | INFO | bdc.consumidores | Ficha processada com sucesso: Supremo Cimentos_02032023.xlsx.
2026-09-16 13:37:46 | INFO | bdc.consumidores | Iniciando processamento do arquivo Suzano 01022024 sem eprotocolo.xlsx em modo incremental.
2026-09-16 13:37:47 | INFO | bdc.consumidores | Extração competitiva: Vencedor padrao_1 identificado para Suzano 01022024 sem eprotocolo.xlsx.
2026-09-16 13:37:47 | INFO | bdc.consumidores | Registro normalizado (Entrada: 28, Saída: 30).
2026-09-16 13:37:47 | INFO | bdc.consumidores | Classificação documental para Suzano 01022024 sem eprotocolo.xlsx: tipo=>=5MWm analise=detalhada
2026-09-16 13:37:47 | INFO | bdc.consumidores | Iniciando validação unificada do registro. CNPJ=16404287000155
2026-09-16 13:37:47 | INFO | bdc.consumidores | Validação concluída. CNPJ=16404287000155 ERROS=0 AVISOS=1
2026-09-16 13:37:47 | INFO | bdc.consumidores | Validação condicional concluída para 16404287000155. Tipo=detalhada ERROS=2 AVISOS=2
2026-09-16 13:37:47 | INFO | bdc.consumidores | Ficha processada com sucesso: Suzano 01022024 sem eprotocolo.xlsx.
2026-09-16 13:37:47 | INFO | bdc.consumidores | Iniciando processamento do arquivo SÃO PAULO ENERGÉTICA 11062025.xlsx em modo incremental.
2026-09-16 13:37:47 | INFO | bdc.consumidores | Extração competitiva: Vencedor padrao_1 identificado para SÃO PAULO ENERGÉTICA 11062025.xlsx.
2026-09-16 13:37:47 | INFO | bdc.consumidores | Registro normalizado (Entrada: 28, Saída: 30).
2026-09-16 13:37:47 | INFO | bdc.consumidores | Classificação documental para SÃO PAULO ENERGÉTICA 11062025.xlsx: tipo=>=5MWm analise=detalhada
2026-09-16 13:37:47 | INFO | bdc.consumidores | Iniciando validação unificada do registro. CNPJ=07726782000190
2026-09-16 13:37:47 | INFO | bdc.consumidores | Validação concluída. CNPJ=07726782000190 ERROS=0 AVISOS=0
2026-09-16 13:37:47 | INFO | bdc.consumidores | Validação condicional concluída para 07726782000190. Tipo=detalhada ERROS=2 AVISOS=1
2026-09-16 13:37:47 | INFO | bdc.consumidores | Ficha processada com sucesso: SÃO PAULO ENERGÉTICA 11062025.xlsx.
2026-09-16 13:37:47 | INFO | bdc.consumidores | Iniciando processamento do arquivo TCP 04082025.xlsx em modo incremental.
2026-09-16 13:37:47 | INFO | bdc.consumidores | Extração competitiva: Vencedor padrao_1 identificado para TCP 04082025.xlsx.
2026-09-16 13:37:47 | INFO | bdc.consumidores | Registro normalizado (Entrada: 28, Saída: 30).
2026-09-16 13:37:47 | INFO | bdc.consumidores | Classificação documental para TCP 04082025.xlsx: tipo=>=5MWm analise=detalhada
2026-09-16 13:37:47 | INFO | bdc.consumidores | Iniciando validação unificada do registro. CNPJ=12919786000124
2026-09-16 13:37:47 | INFO | bdc.consumidores | Validação concluída. CNPJ=12919786000124 ERROS=0 AVISOS=1
2026-09-16 13:37:47 | INFO | bdc.consumidores | Validação condicional concluída para 12919786000124. Tipo=detalhada ERROS=2 AVISOS=2
2026-09-16 13:37:47 | INFO | bdc.consumidores | Ficha processada com sucesso: TCP 04082025.xlsx.
2026-09-16 13:37:47 | INFO | bdc.consumidores | Iniciando processamento do arquivo TCP RATING 04112025.xlsx em modo incremental.
2026-09-16 13:37:47 | INFO | bdc.consumidores | Extração competitiva: Vencedor padrao_2 identificado para TCP RATING 04112025.xlsx.
2026-09-16 13:37:47 | INFO | bdc.consumidores | Registro normalizado (Entrada: 28, Saída: 30).
2026-09-16 13:37:47 | INFO | bdc.consumidores | Classificação documental para TCP RATING 04112025.xlsx: tipo=>=5MWm analise=detalhada
2026-09-16 13:37:47 | INFO | bdc.consumidores | Iniciando validação unificada do registro. CNPJ=12919786000124
2026-09-16 13:37:47 | INFO | bdc.consumidores | Validação concluída. CNPJ=12919786000124 ERROS=0 AVISOS=1
2026-09-16 13:37:47 | INFO | bdc.consumidores | Validação condicional concluída para 12919786000124. Tipo=detalhada ERROS=1 AVISOS=1
2026-09-16 13:37:47 | INFO | bdc.consumidores | Ficha processada com sucesso: TCP RATING 04112025.xlsx.
2026-09-16 13:37:47 | INFO | bdc.consumidores | Iniciando processamento do arquivo TCP_Paranaguá_16_01_2023.xlsx em modo incremental.
2026-09-16 13:37:47 | INFO | bdc.consumidores | Extração competitiva: Vencedor padrao_1 identificado para TCP_Paranaguá_16_01_2023.xlsx.
2026-09-16 13:37:47 | INFO | bdc.consumidores | Registro normalizado (Entrada: 28, Saída: 30).
2026-09-16 13:37:47 | INFO | bdc.consumidores | Classificação documental para TCP_Paranaguá_16_01_2023.xlsx: tipo=>=5MWm analise=detalhada
2026-09-16 13:37:47 | INFO | bdc.consumidores | Iniciando validação unificada do registro. CNPJ=12919786000124
2026-09-16 13:37:47 | INFO | bdc.consumidores | Validação concluída. CNPJ=12919786000124 ERROS=0 AVISOS=1
2026-09-16 13:37:47 | INFO | bdc.consumidores | Validação condicional concluída para 12919786000124. Tipo=detalhada ERROS=2 AVISOS=2
2026-09-16 13:37:47 | INFO | bdc.consumidores | Ficha processada com sucesso: TCP_Paranaguá_16_01_2023.xlsx.
2026-09-16 13:37:47 | INFO | bdc.consumidores | Iniciando processamento do arquivo TECPAR 03072024.xlsx em modo incremental.
2026-09-16 13:37:47 | INFO | bdc.consumidores | Extração competitiva: Vencedor padrao_1 identificado para TECPAR 03072024.xlsx.
2026-09-16 13:37:47 | INFO | bdc.consumidores | Registro normalizado (Entrada: 28, Saída: 30).
2026-09-16 13:37:47 | INFO | bdc.consumidores | Classificação documental para TECPAR 03072024.xlsx: tipo=>=5MWm analise=detalhada
2026-09-16 13:37:47 | INFO | bdc.consumidores | Iniciando validação unificada do registro. CNPJ=77964393000188
2026-09-16 13:37:47 | INFO | bdc.consumidores | Validação concluída. CNPJ=77964393000188 ERROS=0 AVISOS=1
2026-09-16 13:37:47 | INFO | bdc.consumidores | Validação condicional concluída para 77964393000188. Tipo=detalhada ERROS=2 AVISOS=2
2026-09-16 13:37:47 | INFO | bdc.consumidores | Ficha processada com sucesso: TECPAR 03072024.xlsx.
2026-09-16 13:37:47 | INFO | bdc.consumidores | Iniciando processamento do arquivo TEREOS ACUCAR 14072026.xlsx em modo incremental.
2026-09-16 13:37:47 | INFO | bdc.consumidores | Extração competitiva: Vencedor padrao_2 identificado para TEREOS ACUCAR 14072026.xlsx.
2026-09-16 13:37:47 | INFO | bdc.consumidores | Registro normalizado (Entrada: 28, Saída: 30).
2026-09-16 13:37:47 | INFO | bdc.consumidores | Classificação documental para TEREOS ACUCAR 14072026.xlsx: tipo=<5MWm analise=simplificada
2026-09-16 13:37:47 | INFO | bdc.consumidores | Iniciando validação unificada do registro. CNPJ=47080619000117
2026-09-16 13:37:47 | INFO | bdc.consumidores | Validação concluída. CNPJ=47080619000117 ERROS=0 AVISOS=0
2026-09-16 13:37:47 | INFO | bdc.consumidores | Validação condicional concluída para 47080619000117. Tipo=simplificada ERROS=1 AVISOS=1
2026-09-16 13:37:47 | INFO | bdc.consumidores | Ficha processada com sucesso: TEREOS ACUCAR 14072026.xlsx.
2026-09-16 13:37:48 | INFO | bdc.consumidores | Iniciando processamento do arquivo TEREOS AMIDOS E ADOCANTES RATING 27112025.xlsx em modo incremental.
2026-09-16 13:37:48 | INFO | bdc.consumidores | Extração competitiva: Vencedor padrao_2 identificado para TEREOS AMIDOS E ADOCANTES RATING 27112025.xlsx.
2026-09-16 13:37:48 | INFO | bdc.consumidores | Registro normalizado (Entrada: 28, Saída: 30).
2026-09-16 13:37:48 | INFO | bdc.consumidores | Classificação documental para TEREOS AMIDOS E ADOCANTES RATING 27112025.xlsx: tipo=>=5MWm analise=detalhada
2026-09-16 13:37:48 | INFO | bdc.consumidores | Iniciando validação unificada do registro. CNPJ=65882680000160
2026-09-16 13:37:48 | INFO | bdc.consumidores | Validação concluída. CNPJ=65882680000160 ERROS=0 AVISOS=0
2026-09-16 13:37:48 | INFO | bdc.consumidores | Validação condicional concluída para 65882680000160. Tipo=detalhada ERROS=0 AVISOS=0
2026-09-16 13:37:48 | INFO | bdc.consumidores | Ficha processada com sucesso: TEREOS AMIDOS E ADOCANTES RATING 27112025.xlsx.
2026-09-16 13:37:48 | INFO | bdc.consumidores | Iniciando processamento do arquivo TEREOS AÇÚCAR RATING 25032026.xlsx em modo incremental.
2026-09-16 13:37:48 | INFO | bdc.consumidores | Extração competitiva: Vencedor padrao_2 identificado para TEREOS AÇÚCAR RATING 25032026.xlsx.
2026-09-16 13:37:48 | INFO | bdc.consumidores | Registro normalizado (Entrada: 28, Saída: 30).
2026-09-16 13:37:48 | INFO | bdc.consumidores | Classificação documental para TEREOS AÇÚCAR RATING 25032026.xlsx: tipo=>=5MWm analise=detalhada
2026-09-16 13:37:48 | INFO | bdc.consumidores | Iniciando validação unificada do registro. CNPJ=47080619000117
2026-09-16 13:37:48 | INFO | bdc.consumidores | Validação concluída. CNPJ=47080619000117 ERROS=0 AVISOS=0
2026-09-16 13:37:48 | INFO | bdc.consumidores | Validação condicional concluída para 47080619000117. Tipo=detalhada ERROS=0 AVISOS=0
2026-09-16 13:37:48 | INFO | bdc.consumidores | Ficha processada com sucesso: TEREOS AÇÚCAR RATING 25032026.xlsx.
2026-09-16 13:37:48 | INFO | bdc.consumidores | Iniciando processamento do arquivo TERNIUM 26052026.xlsx em modo incremental.
2026-09-16 13:37:48 | INFO | bdc.consumidores | Extração competitiva: Vencedor padrao_2 identificado para TERNIUM 26052026.xlsx.
2026-09-16 13:37:48 | INFO | bdc.consumidores | Registro normalizado (Entrada: 28, Saída: 30).
2026-09-16 13:37:48 | INFO | bdc.consumidores | Classificação documental para TERNIUM 26052026.xlsx: tipo=>=5MWm analise=detalhada
2026-09-16 13:37:48 | INFO | bdc.consumidores | Iniciando validação unificada do registro. CNPJ=07005330000119
2026-09-16 13:37:48 | INFO | bdc.consumidores | Validação concluída. CNPJ=07005330000119 ERROS=0 AVISOS=0
2026-09-16 13:37:48 | INFO | bdc.consumidores | Validação condicional concluída para 07005330000119. Tipo=detalhada ERROS=1 AVISOS=0
2026-09-16 13:37:48 | INFO | bdc.consumidores | Ficha processada com sucesso: TERNIUM 26052026.xlsx.
2026-09-16 13:37:48 | INFO | bdc.consumidores | Iniciando processamento do arquivo TERNIUM BRASIL 02072025.xlsx em modo incremental.
2026-09-16 13:37:48 | INFO | bdc.consumidores | Extração competitiva: Vencedor padrao_1 identificado para TERNIUM BRASIL 02072025.xlsx.
2026-09-16 13:37:48 | INFO | bdc.consumidores | Registro normalizado (Entrada: 28, Saída: 30).
2026-09-16 13:37:48 | INFO | bdc.consumidores | Classificação documental para TERNIUM BRASIL 02072025.xlsx: tipo=>=5MWm analise=detalhada
2026-09-16 13:37:48 | INFO | bdc.consumidores | Iniciando validação unificada do registro. CNPJ=07005330000119
2026-09-16 13:37:48 | INFO | bdc.consumidores | Validação concluída. CNPJ=07005330000119 ERROS=0 AVISOS=0
2026-09-16 13:37:48 | INFO | bdc.consumidores | Validação condicional concluída para 07005330000119. Tipo=detalhada ERROS=2 AVISOS=1
2026-09-16 13:37:48 | INFO | bdc.consumidores | Ficha processada com sucesso: TERNIUM BRASIL 02072025.xlsx.
2026-09-16 13:37:48 | INFO | bdc.consumidores | Iniciando processamento do arquivo TERNIUM RATING 27102025.xlsx em modo incremental.
2026-09-16 13:37:48 | INFO | bdc.consumidores | Extração competitiva: Vencedor padrao_2 identificado para TERNIUM RATING 27102025.xlsx.
2026-09-16 13:37:48 | INFO | bdc.consumidores | Registro normalizado (Entrada: 28, Saída: 30).
2026-09-16 13:37:48 | INFO | bdc.consumidores | Classificação documental para TERNIUM RATING 27102025.xlsx: tipo=>=5MWm analise=detalhada
2026-09-16 13:37:48 | INFO | bdc.consumidores | Iniciando validação unificada do registro. CNPJ=07005330000119
2026-09-16 13:37:48 | INFO | bdc.consumidores | Validação concluída. CNPJ=07005330000119 ERROS=0 AVISOS=0
2026-09-16 13:37:48 | INFO | bdc.consumidores | Validação condicional concluída para 07005330000119. Tipo=detalhada ERROS=0 AVISOS=0
2026-09-16 13:37:48 | INFO | bdc.consumidores | Iniciando processamento do arquivo TERPHANE RATING 30012026.xlsx em modo incremental.
2026-09-16 13:37:48 | INFO | bdc.consumidores | Extração competitiva: Vencedor padrao_2 identificado para TERPHANE RATING 30012026.xlsx.
2026-09-16 13:37:48 | INFO | bdc.consumidores | Registro normalizado (Entrada: 28, Saída: 30).
2026-09-16 13:37:48 | INFO | bdc.consumidores | Classificação documental para TERPHANE RATING 30012026.xlsx: tipo=>=5MWm analise=detalhada
2026-09-16 13:37:48 | INFO | bdc.consumidores | Iniciando validação unificada do registro. CNPJ=02429732000127
2026-09-16 13:37:48 | INFO | bdc.consumidores | Validação concluída. CNPJ=02429732000127 ERROS=0 AVISOS=0
2026-09-16 13:37:48 | INFO | bdc.consumidores | Validação condicional concluída para 02429732000127. Tipo=detalhada ERROS=0 AVISOS=0
2026-09-16 13:37:48 | INFO | bdc.consumidores | Ficha processada com sucesso: TERPHANE RATING 30012026.xlsx.
2026-09-16 13:37:48 | INFO | bdc.consumidores | Iniciando processamento do arquivo TES Terminal Exp Santos 05052026.xlsx em modo incremental.
2026-09-16 13:37:48 | INFO | bdc.consumidores | Extração competitiva: Vencedor padrao_2 identificado para TES Terminal Exp Santos 05052026.xlsx.
2026-09-16 13:37:48 | INFO | bdc.consumidores | Registro normalizado (Entrada: 28, Saída: 30).
2026-09-16 13:37:48 | INFO | bdc.consumidores | Classificação documental para TES Terminal Exp Santos 05052026.xlsx: tipo=>=5MWm analise=detalhada
2026-09-16 13:37:48 | INFO | bdc.consumidores | Iniciando validação unificada do registro. CNPJ=18845076000183
2026-09-16 13:37:48 | INFO | bdc.consumidores | Validação concluída. CNPJ=18845076000183 ERROS=0 AVISOS=1
2026-09-16 13:37:48 | INFO | bdc.consumidores | Validação condicional concluída para 18845076000183. Tipo=detalhada ERROS=0 AVISOS=1
2026-09-16 13:37:49 | INFO | bdc.consumidores | Ficha processada com sucesso: TES Terminal Exp Santos 05052026.xlsx.
2026-09-16 13:37:49 | INFO | bdc.consumidores | Iniciando processamento do arquivo TIGRE_27032023.xlsx em modo incremental.
2026-09-16 13:37:49 | INFO | bdc.consumidores | Extração competitiva: Vencedor padrao_1 identificado para TIGRE_27032023.xlsx.
2026-09-16 13:37:49 | INFO | bdc.consumidores | Registro normalizado (Entrada: 28, Saída: 30).
2026-09-16 13:37:49 | INFO | bdc.consumidores | Classificação documental para TIGRE_27032023.xlsx: tipo=>=5MWm analise=detalhada
2026-09-16 13:37:49 | INFO | bdc.consumidores | Iniciando validação unificada do registro. CNPJ=84684455000163
2026-09-16 13:37:49 | INFO | bdc.consumidores | Validação concluída. CNPJ=84684455000163 ERROS=0 AVISOS=1
2026-09-16 13:37:49 | INFO | bdc.consumidores | Validação condicional concluída para 84684455000163. Tipo=detalhada ERROS=2 AVISOS=2
2026-09-16 13:37:49 | INFO | bdc.consumidores | Ficha processada com sucesso: TIGRE_27032023.xlsx.
2026-09-16 13:37:49 | INFO | bdc.consumidores | Iniciando processamento do arquivo TIM - Avaliação Middle.xlsx em modo incremental.
2026-09-16 13:37:49 | INFO | bdc.consumidores | Extração competitiva: Vencedor padrao_1 identificado para TIM - Avaliação Middle.xlsx.
2026-09-16 13:37:49 | INFO | bdc.consumidores | Registro normalizado (Entrada: 28, Saída: 30).
2026-09-16 13:37:49 | INFO | bdc.consumidores | Classificação documental para TIM - Avaliação Middle.xlsx: tipo=>=5MWm analise=detalhada
2026-09-16 13:37:49 | INFO | bdc.consumidores | Iniciando validação unificada do registro. CNPJ=02421421000111
2026-09-16 13:37:49 | INFO | bdc.consumidores | Validação concluída. CNPJ=02421421000111 ERROS=0 AVISOS=1
2026-09-16 13:37:49 | INFO | bdc.consumidores | Validação condicional concluída para 02421421000111. Tipo=detalhada ERROS=2 AVISOS=2
2026-09-16 13:37:49 | INFO | bdc.consumidores | Ficha processada com sucesso: TIM - Avaliação Middle.xlsx.
2026-09-16 13:37:49 | INFO | bdc.consumidores | Iniciando processamento do arquivo TODIMO_06122024.xlsx em modo incremental.
2026-09-16 13:37:49 | INFO | bdc.consumidores | Extração competitiva: Vencedor padrao_1 identificado para TODIMO_06122024.xlsx.
2026-09-16 13:37:49 | INFO | bdc.consumidores | Registro normalizado (Entrada: 28, Saída: 30).
2026-09-16 13:37:49 | INFO | bdc.consumidores | Classificação documental para TODIMO_06122024.xlsx: tipo=>=5MWm analise=detalhada
2026-09-16 13:37:49 | INFO | bdc.consumidores | Iniciando validação unificada do registro. CNPJ=15375991000164
2026-09-16 13:37:49 | INFO | bdc.consumidores | Validação concluída. CNPJ=15375991000164 ERROS=0 AVISOS=1
2026-09-16 13:37:49 | INFO | bdc.consumidores | Validação condicional concluída para 15375991000164. Tipo=detalhada ERROS=2 AVISOS=2
2026-09-16 13:37:49 | INFO | bdc.consumidores | Ficha processada com sucesso: TODIMO_06122024.xlsx.
2026-09-16 13:37:49 | INFO | bdc.consumidores | Iniciando processamento do arquivo TRANSPETRO 08062026.xlsx em modo incremental.
2026-09-16 13:37:49 | INFO | bdc.consumidores | Extração competitiva: Vencedor padrao_2 identificado para TRANSPETRO 08062026.xlsx.
2026-09-16 13:37:49 | INFO | bdc.consumidores | Registro normalizado (Entrada: 28, Saída: 30).
2026-09-16 13:37:49 | INFO | bdc.consumidores | Classificação documental para TRANSPETRO 08062026.xlsx: tipo=<5MWm analise=simplificada
2026-09-16 13:37:49 | INFO | bdc.consumidores | Iniciando validação unificada do registro. CNPJ=02709449000159
2026-09-16 13:37:49 | INFO | bdc.consumidores | Validação concluída. CNPJ=02709449000159 ERROS=0 AVISOS=0
2026-09-16 13:37:49 | INFO | bdc.consumidores | Validação condicional concluída para 02709449000159. Tipo=simplificada ERROS=1 AVISOS=1
2026-09-16 13:37:49 | INFO | bdc.consumidores | Ficha processada com sucesso: TRANSPETRO 08062026.xlsx.
2026-09-16 13:37:49 | INFO | bdc.consumidores | Iniciando processamento do arquivo TRANSPETRO 09072025.xlsx em modo incremental.
2026-09-16 13:37:49 | INFO | bdc.consumidores | Extração competitiva: Vencedor padrao_1 identificado para TRANSPETRO 09072025.xlsx.
2026-09-16 13:37:49 | INFO | bdc.consumidores | Registro normalizado (Entrada: 28, Saída: 30).
2026-09-16 13:37:49 | INFO | bdc.consumidores | Classificação documental para TRANSPETRO 09072025.xlsx: tipo=>=5MWm analise=detalhada
2026-09-16 13:37:49 | INFO | bdc.consumidores | Iniciando validação unificada do registro. CNPJ=02709449000159
2026-09-16 13:37:49 | INFO | bdc.consumidores | Validação concluída. CNPJ=02709449000159 ERROS=0 AVISOS=1
2026-09-16 13:37:49 | INFO | bdc.consumidores | Validação condicional concluída para 02709449000159. Tipo=detalhada ERROS=2 AVISOS=2
2026-09-16 13:37:49 | INFO | bdc.consumidores | Ficha processada com sucesso: TRANSPETRO 09072025.xlsx.
2026-09-16 13:37:49 | INFO | bdc.consumidores | Iniciando processamento do arquivo TRANSPETRO 25082025.xlsx em modo incremental.
2026-09-16 13:37:49 | INFO | bdc.consumidores | Extração competitiva: Vencedor padrao_1 identificado para TRANSPETRO 25082025.xlsx.
2026-09-16 13:37:49 | INFO | bdc.consumidores | Registro normalizado (Entrada: 28, Saída: 30).
2026-09-16 13:37:49 | INFO | bdc.consumidores | Classificação documental para TRANSPETRO 25082025.xlsx: tipo=>=5MWm analise=detalhada
2026-09-16 13:37:49 | INFO | bdc.consumidores | Iniciando validação unificada do registro. CNPJ=02709449000159
2026-09-16 13:37:49 | INFO | bdc.consumidores | Validação concluída. CNPJ=02709449000159 ERROS=0 AVISOS=1
2026-09-16 13:37:49 | INFO | bdc.consumidores | Validação condicional concluída para 02709449000159. Tipo=detalhada ERROS=2 AVISOS=2
2026-09-16 13:37:49 | INFO | bdc.consumidores | Iniciando processamento do arquivo TRANSPETRO 25082025_consiste.xlsx em modo incremental.
2026-09-16 13:37:49 | INFO | bdc.consumidores | Extração competitiva: Vencedor padrao_1 identificado para TRANSPETRO 25082025_consiste.xlsx.
2026-09-16 13:37:49 | INFO | bdc.consumidores | Registro normalizado (Entrada: 28, Saída: 30).
2026-09-16 13:37:49 | INFO | bdc.consumidores | Classificação documental para TRANSPETRO 25082025_consiste.xlsx: tipo=>=5MWm analise=detalhada
2026-09-16 13:37:49 | INFO | bdc.consumidores | Iniciando validação unificada do registro. CNPJ=02709449000159
2026-09-16 13:37:49 | INFO | bdc.consumidores | Validação concluída. CNPJ=02709449000159 ERROS=0 AVISOS=1
2026-09-16 13:37:49 | INFO | bdc.consumidores | Validação condicional concluída para 02709449000159. Tipo=detalhada ERROS=2 AVISOS=2
2026-09-16 13:37:49 | INFO | bdc.consumidores | Iniciando processamento do arquivo TRANSPETRO RATING 19112025.xlsx em modo incremental.
2026-09-16 13:37:49 | INFO | bdc.consumidores | Extração competitiva: Vencedor padrao_2 identificado para TRANSPETRO RATING 19112025.xlsx.
2026-09-16 13:37:50 | INFO | bdc.consumidores | Registro normalizado (Entrada: 28, Saída: 30).
2026-09-16 13:37:50 | INFO | bdc.consumidores | Classificação documental para TRANSPETRO RATING 19112025.xlsx: tipo=>=5MWm analise=detalhada
2026-09-16 13:37:50 | INFO | bdc.consumidores | Iniciando validação unificada do registro. CNPJ=02709449000159
2026-09-16 13:37:50 | INFO | bdc.consumidores | Validação concluída. CNPJ=02709449000159 ERROS=0 AVISOS=1
2026-09-16 13:37:50 | INFO | bdc.consumidores | Validação condicional concluída para 02709449000159. Tipo=detalhada ERROS=1 AVISOS=1
2026-09-16 13:37:50 | INFO | bdc.consumidores | Iniciando processamento do arquivo TRANSPPASS 03082026.xlsx em modo incremental.
2026-09-16 13:37:50 | INFO | bdc.consumidores | Extração competitiva: Vencedor padrao_2 identificado para TRANSPPASS 03082026.xlsx.
2026-09-16 13:37:50 | INFO | bdc.consumidores | Registro normalizado (Entrada: 28, Saída: 30).
2026-09-16 13:37:50 | INFO | bdc.consumidores | Classificação documental para TRANSPPASS 03082026.xlsx: tipo=<5MWm analise=simplificada
2026-09-16 13:37:50 | INFO | bdc.consumidores | Iniciando validação unificada do registro. CNPJ=06268099000193
2026-09-16 13:37:50 | INFO | bdc.consumidores | Validação concluída. CNPJ=06268099000193 ERROS=0 AVISOS=0
2026-09-16 13:37:50 | INFO | bdc.consumidores | Validação condicional concluída para 06268099000193. Tipo=simplificada ERROS=1 AVISOS=1
2026-09-16 13:37:50 | INFO | bdc.consumidores | Ficha processada com sucesso: TRANSPPASS 03082026.xlsx.
2026-09-16 13:37:50 | INFO | bdc.consumidores | Iniciando processamento do arquivo TRANSVIDA RATING 20022026.xlsx em modo incremental.
2026-09-16 13:37:50 | INFO | bdc.consumidores | Extração competitiva: Vencedor padrao_2 identificado para TRANSVIDA RATING 20022026.xlsx.
2026-09-16 13:37:50 | INFO | bdc.consumidores | Registro normalizado (Entrada: 28, Saída: 30).
2026-09-16 13:37:50 | INFO | bdc.consumidores | Classificação documental para TRANSVIDA RATING 20022026.xlsx: tipo=>=5MWm analise=detalhada
2026-09-16 13:37:50 | INFO | bdc.consumidores | Iniciando validação unificada do registro. CNPJ=33443024000174
2026-09-16 13:37:50 | INFO | bdc.consumidores | Validação concluída. CNPJ=33443024000174 ERROS=0 AVISOS=1
2026-09-16 13:37:50 | INFO | bdc.consumidores | Validação condicional concluída para 33443024000174. Tipo=detalhada ERROS=0 AVISOS=1
2026-09-16 13:37:50 | INFO | bdc.consumidores | Ficha processada com sucesso: TRANSVIDA RATING 20022026.xlsx.
2026-09-16 13:37:50 | INFO | bdc.consumidores | Iniciando processamento do arquivo TRENS DE SP 21082025.xlsx em modo incremental.
2026-09-16 13:37:50 | INFO | bdc.consumidores | Extração competitiva: Vencedor padrao_1 identificado para TRENS DE SP 21082025.xlsx.
2026-09-16 13:37:50 | INFO | bdc.consumidores | Registro normalizado (Entrada: 28, Saída: 30).
2026-09-16 13:37:50 | INFO | bdc.consumidores | Classificação documental para TRENS DE SP 21082025.xlsx: tipo=>=5MWm analise=detalhada
2026-09-16 13:37:50 | INFO | bdc.consumidores | Iniciando validação unificada do registro. CNPJ=42288184000187
2026-09-16 13:37:50 | INFO | bdc.consumidores | Validação concluída. CNPJ=42288184000187 ERROS=1 AVISOS=0
2026-09-16 13:37:50 | WARNING | bdc.consumidores | Erros de validação para CNPJ=42288184000187: ['GATE_ENGINE ausente: EMPRESA']
2026-09-16 13:37:50 | INFO | bdc.consumidores | Validação condicional concluída para 42288184000187. Tipo=detalhada ERROS=3 AVISOS=1
2026-09-16 13:37:50 | INFO | bdc.consumidores | Iniciando processamento do arquivo TROMBINI - 15.07.2024.xlsx em modo incremental.
2026-09-16 13:37:50 | INFO | bdc.consumidores | Extração competitiva: Vencedor padrao_1 identificado para TROMBINI - 15.07.2024.xlsx.
2026-09-16 13:37:50 | INFO | bdc.consumidores | Registro normalizado (Entrada: 28, Saída: 30).
2026-09-16 13:37:50 | INFO | bdc.consumidores | Classificação documental para TROMBINI - 15.07.2024.xlsx: tipo=>=5MWm analise=detalhada
2026-09-16 13:37:50 | INFO | bdc.consumidores | Iniciando validação unificada do registro. CNPJ=11252642000102
2026-09-16 13:37:50 | INFO | bdc.consumidores | Validação concluída. CNPJ=11252642000102 ERROS=0 AVISOS=1
2026-09-16 13:37:50 | INFO | bdc.consumidores | Validação condicional concluída para 11252642000102. Tipo=detalhada ERROS=2 AVISOS=2
2026-09-16 13:37:50 | INFO | bdc.consumidores | Ficha processada com sucesso: TROMBINI - 15.07.2024.xlsx.
2026-09-16 13:37:50 | INFO | bdc.consumidores | Iniciando processamento do arquivo TROMBINI 28082023.xlsx em modo incremental.
2026-09-16 13:37:50 | INFO | bdc.consumidores | Extração competitiva: Vencedor padrao_1 identificado para TROMBINI 28082023.xlsx.
2026-09-16 13:37:50 | INFO | bdc.consumidores | Registro normalizado (Entrada: 28, Saída: 30).
2026-09-16 13:37:50 | INFO | bdc.consumidores | Classificação documental para TROMBINI 28082023.xlsx: tipo=>=5MWm analise=detalhada
2026-09-16 13:37:50 | INFO | bdc.consumidores | Iniciando validação unificada do registro. CNPJ=11252642000102
2026-09-16 13:37:50 | INFO | bdc.consumidores | Validação concluída. CNPJ=11252642000102 ERROS=0 AVISOS=1
2026-09-16 13:37:50 | INFO | bdc.consumidores | Validação condicional concluída para 11252642000102. Tipo=detalhada ERROS=2 AVISOS=2
2026-09-16 13:37:50 | INFO | bdc.consumidores | Ficha processada com sucesso: TROMBINI 28082023.xlsx.
2026-09-16 13:37:50 | INFO | bdc.consumidores | Iniciando processamento do arquivo TUPY 14072025.xlsx em modo incremental.
2026-09-16 13:37:50 | INFO | bdc.consumidores | Extração competitiva: Vencedor padrao_1 identificado para TUPY 14072025.xlsx.
2026-09-16 13:37:50 | INFO | bdc.consumidores | Registro normalizado (Entrada: 28, Saída: 30).
2026-09-16 13:37:50 | INFO | bdc.consumidores | Classificação documental para TUPY 14072025.xlsx: tipo=>=5MWm analise=detalhada
2026-09-16 13:37:50 | INFO | bdc.consumidores | Iniciando validação unificada do registro. CNPJ=84683374000149
2026-09-16 13:37:50 | INFO | bdc.consumidores | Validação concluída. CNPJ=84683374000149 ERROS=0 AVISOS=0
2026-09-16 13:37:50 | INFO | bdc.consumidores | Validação condicional concluída para 84683374000149. Tipo=detalhada ERROS=2 AVISOS=1
2026-09-16 13:37:50 | INFO | bdc.consumidores | Ficha processada com sucesso: TUPY 14072025.xlsx.
2026-09-16 13:37:50 | INFO | bdc.consumidores | Iniciando processamento do arquivo TUPY RATING 19112025.xlsx em modo incremental.
2026-09-16 13:37:50 | INFO | bdc.consumidores | Extração competitiva: Vencedor padrao_2 identificado para TUPY RATING 19112025.xlsx.
2026-09-16 13:37:50 | INFO | bdc.consumidores | Registro normalizado (Entrada: 28, Saída: 30).
2026-09-16 13:37:50 | INFO | bdc.consumidores | Classificação documental para TUPY RATING 19112025.xlsx: tipo=>=5MWm analise=detalhada
2026-09-16 13:37:50 | INFO | bdc.consumidores | Iniciando validação unificada do registro. CNPJ=84683374000149
2026-09-16 13:37:50 | INFO | bdc.consumidores | Validação concluída. CNPJ=84683374000149 ERROS=0 AVISOS=0
2026-09-16 13:37:50 | INFO | bdc.consumidores | Validação condicional concluída para 84683374000149. Tipo=detalhada ERROS=1 AVISOS=0
2026-09-16 13:37:50 | INFO | bdc.consumidores | Iniciando processamento do arquivo TUPY_15052023.xlsx em modo incremental.
2026-09-16 13:37:50 | INFO | bdc.consumidores | Extração competitiva: Vencedor padrao_1 identificado para TUPY_15052023.xlsx.
2026-09-16 13:37:50 | INFO | bdc.consumidores | Registro normalizado (Entrada: 28, Saída: 30).
2026-09-16 13:37:50 | INFO | bdc.consumidores | Classificação documental para TUPY_15052023.xlsx: tipo=>=5MWm analise=detalhada
2026-09-16 13:37:50 | INFO | bdc.consumidores | Iniciando validação unificada do registro. CNPJ=84683374000149
2026-09-16 13:37:50 | INFO | bdc.consumidores | Validação concluída. CNPJ=84683374000149 ERROS=0 AVISOS=1
2026-09-16 13:37:50 | INFO | bdc.consumidores | Validação condicional concluída para 84683374000149. Tipo=detalhada ERROS=2 AVISOS=2
2026-09-16 13:37:50 | INFO | bdc.consumidores | Ficha processada com sucesso: TUPY_15052023.xlsx.
2026-09-16 13:37:50 | INFO | bdc.consumidores | Iniciando processamento do arquivo Termomecânica São Paulo_05102023.xlsx em modo incremental.
2026-09-16 13:37:50 | INFO | bdc.consumidores | Extração competitiva: Vencedor padrao_1 identificado para Termomecânica São Paulo_05102023.xlsx.
2026-09-16 13:37:51 | INFO | bdc.consumidores | Registro normalizado (Entrada: 28, Saída: 30).
2026-09-16 13:37:51 | INFO | bdc.consumidores | Classificação documental para Termomecânica São Paulo_05102023.xlsx: tipo=>=5MWm analise=detalhada
2026-09-16 13:37:51 | INFO | bdc.consumidores | Iniciando validação unificada do registro. CNPJ=59106666000171
2026-09-16 13:37:51 | INFO | bdc.consumidores | Validação concluída. CNPJ=59106666000171 ERROS=0 AVISOS=0
2026-09-16 13:37:51 | INFO | bdc.consumidores | Validação condicional concluída para 59106666000171. Tipo=detalhada ERROS=2 AVISOS=1
2026-09-16 13:37:51 | INFO | bdc.consumidores | Ficha processada com sucesso: Termomecânica São Paulo_05102023.xlsx.
2026-09-16 13:37:51 | INFO | bdc.consumidores | Iniciando processamento do arquivo Terphane - Avaliação Middle.xlsx em modo incremental.
2026-09-16 13:37:51 | INFO | bdc.consumidores | Extração competitiva: Vencedor padrao_1 identificado para Terphane - Avaliação Middle.xlsx.
2026-09-16 13:37:51 | INFO | bdc.consumidores | Registro normalizado (Entrada: 28, Saída: 30).
2026-09-16 13:37:51 | INFO | bdc.consumidores | Classificação documental para Terphane - Avaliação Middle.xlsx: tipo=>=5MWm analise=detalhada
2026-09-16 13:37:51 | INFO | bdc.consumidores | Iniciando validação unificada do registro. CNPJ=02429732000127
2026-09-16 13:37:51 | INFO | bdc.consumidores | Validação concluída. CNPJ=02429732000127 ERROS=0 AVISOS=0
2026-09-16 13:37:51 | INFO | bdc.consumidores | Validação condicional concluída para 02429732000127. Tipo=detalhada ERROS=2 AVISOS=1
2026-09-16 13:37:51 | INFO | bdc.consumidores | Ficha processada com sucesso: Terphane - Avaliação Middle.xlsx.
2026-09-16 13:37:51 | INFO | bdc.consumidores | Iniciando processamento do arquivo Trombini_10_11_2022.xlsx em modo incremental.
2026-09-16 13:37:51 | INFO | bdc.consumidores | Extração competitiva: Vencedor padrao_1 identificado para Trombini_10_11_2022.xlsx.
2026-09-16 13:37:51 | INFO | bdc.consumidores | Registro normalizado (Entrada: 28, Saída: 30).
2026-09-16 13:37:51 | INFO | bdc.consumidores | Classificação documental para Trombini_10_11_2022.xlsx: tipo=>=5MWm analise=detalhada
2026-09-16 13:37:51 | INFO | bdc.consumidores | Iniciando validação unificada do registro. CNPJ=11252642000102
2026-09-16 13:37:51 | INFO | bdc.consumidores | Validação concluída. CNPJ=11252642000102 ERROS=0 AVISOS=1
2026-09-16 13:37:51 | INFO | bdc.consumidores | Validação condicional concluída para 11252642000102. Tipo=detalhada ERROS=2 AVISOS=2
2026-09-16 13:37:51 | INFO | bdc.consumidores | Ficha processada com sucesso: Trombini_10_11_2022.xlsx.
2026-09-16 13:37:51 | INFO | bdc.consumidores | Iniciando processamento do arquivo UHE SAO SIMAO 28082025.xlsx em modo incremental.
2026-09-16 13:37:51 | INFO | bdc.consumidores | Extração competitiva: Vencedor padrao_1 identificado para UHE SAO SIMAO 28082025.xlsx.
2026-09-16 13:37:51 | INFO | bdc.consumidores | Registro normalizado (Entrada: 28, Saída: 30).
2026-09-16 13:37:51 | INFO | bdc.consumidores | Classificação documental para UHE SAO SIMAO 28082025.xlsx: tipo=>=5MWm analise=detalhada
2026-09-16 13:37:51 | INFO | bdc.consumidores | Iniciando validação unificada do registro. CNPJ=27352303000120
2026-09-16 13:37:51 | INFO | bdc.consumidores | Validação concluída. CNPJ=27352303000120 ERROS=0 AVISOS=1
2026-09-16 13:37:51 | INFO | bdc.consumidores | Validação condicional concluída para 27352303000120. Tipo=detalhada ERROS=2 AVISOS=2
2026-09-16 13:37:51 | INFO | bdc.consumidores | Ficha processada com sucesso: UHE SAO SIMAO 28082025.xlsx.
2026-09-16 13:37:51 | INFO | bdc.consumidores | Iniciando processamento do arquivo UNIAO OESTE 20052026.xlsx em modo incremental.
2026-09-16 13:37:51 | INFO | bdc.consumidores | Extração competitiva: Vencedor padrao_2 identificado para UNIAO OESTE 20052026.xlsx.
2026-09-16 13:37:51 | INFO | bdc.consumidores | Registro normalizado (Entrada: 28, Saída: 30).
2026-09-16 13:37:51 | INFO | bdc.consumidores | Classificação documental para UNIAO OESTE 20052026.xlsx: tipo=>=5MWm analise=detalhada
2026-09-16 13:37:51 | INFO | bdc.consumidores | Iniciando validação unificada do registro. CNPJ=81270548000153
2026-09-16 13:37:51 | INFO | bdc.consumidores | Validação concluída. CNPJ=81270548000153 ERROS=0 AVISOS=1
2026-09-16 13:37:51 | INFO | bdc.consumidores | Validação condicional concluída para 81270548000153. Tipo=detalhada ERROS=1 AVISOS=1
2026-09-16 13:37:51 | INFO | bdc.consumidores | Ficha processada com sucesso: UNIAO OESTE 20052026.xlsx.
2026-09-16 13:37:51 | INFO | bdc.consumidores | Iniciando processamento do arquivo UNIDAS SUL 180052026.xlsx em modo incremental.
2026-09-16 13:37:51 | INFO | bdc.consumidores | Extração competitiva: Vencedor padrao_2 identificado para UNIDAS SUL 180052026.xlsx.
2026-09-16 13:37:51 | INFO | bdc.consumidores | Registro normalizado (Entrada: 28, Saída: 30).
2026-09-16 13:37:51 | INFO | bdc.consumidores | Classificação documental para UNIDAS SUL 180052026.xlsx: tipo=>=5MWm analise=detalhada
2026-09-16 13:37:51 | INFO | bdc.consumidores | Iniciando validação unificada do registro. CNPJ=07718633000189
2026-09-16 13:37:51 | INFO | bdc.consumidores | Validação concluída. CNPJ=07718633000189 ERROS=0 AVISOS=1
2026-09-16 13:37:51 | INFO | bdc.consumidores | Validação condicional concluída para 07718633000189. Tipo=detalhada ERROS=1 AVISOS=1
2026-09-16 13:37:51 | INFO | bdc.consumidores | Ficha processada com sucesso: UNIDAS SUL 180052026.xlsx.
2026-09-16 13:37:51 | INFO | bdc.consumidores | Iniciando processamento do arquivo UNIGEL - Proquigel 30-01-2023.xlsx em modo incremental.
2026-09-16 13:37:51 | INFO | bdc.consumidores | Extração competitiva: Vencedor padrao_1 identificado para UNIGEL - Proquigel 30-01-2023.xlsx.
2026-09-16 13:37:51 | INFO | bdc.consumidores | Registro normalizado (Entrada: 28, Saída: 30).
2026-09-16 13:37:51 | INFO | bdc.consumidores | Classificação documental para UNIGEL - Proquigel 30-01-2023.xlsx: tipo=>=5MWm analise=detalhada
2026-09-16 13:37:51 | INFO | bdc.consumidores | Iniciando validação unificada do registro. CNPJ=27515154002035
2026-09-16 13:37:51 | INFO | bdc.consumidores | Validação concluída. CNPJ=27515154002035 ERROS=0 AVISOS=1
2026-09-16 13:37:51 | INFO | bdc.consumidores | Validação condicional concluída para 27515154002035. Tipo=detalhada ERROS=2 AVISOS=2
2026-09-16 13:37:51 | INFO | bdc.consumidores | Ficha processada com sucesso: UNIGEL - Proquigel 30-01-2023.xlsx.
2026-09-16 13:37:51 | INFO | bdc.consumidores | Iniciando processamento do arquivo UNIGEL 24072025.xlsx em modo incremental.
2026-09-16 13:37:51 | INFO | bdc.consumidores | Extração competitiva: Vencedor padrao_1 identificado para UNIGEL 24072025.xlsx.
2026-09-16 13:37:51 | INFO | bdc.consumidores | Registro normalizado (Entrada: 28, Saída: 30).
2026-09-16 13:37:51 | INFO | bdc.consumidores | Classificação documental para UNIGEL 24072025.xlsx: tipo=>=5MWm analise=detalhada
2026-09-16 13:37:51 | INFO | bdc.consumidores | Iniciando validação unificada do registro. CNPJ=38246958000130
2026-09-16 13:37:51 | INFO | bdc.consumidores | Validação concluída. CNPJ=38246958000130 ERROS=0 AVISOS=1
2026-09-16 13:37:51 | INFO | bdc.consumidores | Validação condicional concluída para 38246958000130. Tipo=detalhada ERROS=2 AVISOS=2
2026-09-16 13:37:51 | INFO | bdc.consumidores | Ficha processada com sucesso: UNIGEL 24072025.xlsx.
2026-09-16 13:37:51 | INFO | bdc.consumidores | Iniciando processamento do arquivo UNIMED 15072026.xlsx em modo incremental.
2026-09-16 13:37:51 | INFO | bdc.consumidores | Extração competitiva: Vencedor padrao_2 identificado para UNIMED 15072026.xlsx.
2026-09-16 13:37:51 | INFO | bdc.consumidores | Registro normalizado (Entrada: 28, Saída: 30).
2026-09-16 13:37:51 | INFO | bdc.consumidores | Classificação documental para UNIMED 15072026.xlsx: tipo=<5MWm analise=simplificada
2026-09-16 13:37:51 | INFO | bdc.consumidores | Iniciando validação unificada do registro. CNPJ=77781706000243
2026-09-16 13:37:51 | INFO | bdc.consumidores | Validação concluída. CNPJ=77781706000243 ERROS=0 AVISOS=0
2026-09-16 13:37:51 | INFO | bdc.consumidores | Validação condicional concluída para 77781706000243. Tipo=simplificada ERROS=1 AVISOS=1
2026-09-16 13:37:52 | INFO | bdc.consumidores | Ficha processada com sucesso: UNIMED 15072026.xlsx.
2026-09-16 13:37:52 | INFO | bdc.consumidores | Iniciando processamento do arquivo UNIMED LONDRINA.xlsx em modo incremental.
2026-09-16 13:37:52 | INFO | bdc.consumidores | Extração competitiva: Vencedor padrao_2 identificado para UNIMED LONDRINA.xlsx.
2026-09-16 13:37:52 | INFO | bdc.consumidores | Registro normalizado (Entrada: 28, Saída: 30).
2026-09-16 13:37:52 | INFO | bdc.consumidores | Classificação documental para UNIMED LONDRINA.xlsx: tipo=<5MWm analise=simplificada
2026-09-16 13:37:52 | INFO | bdc.consumidores | Iniciando validação unificada do registro. CNPJ=75222224000147
2026-09-16 13:37:52 | INFO | bdc.consumidores | Validação concluída. CNPJ=75222224000147 ERROS=0 AVISOS=0
2026-09-16 13:37:52 | INFO | bdc.consumidores | Validação condicional concluída para 75222224000147. Tipo=simplificada ERROS=1 AVISOS=1
2026-09-16 13:37:52 | INFO | bdc.consumidores | Ficha processada com sucesso: UNIMED LONDRINA.xlsx.
2026-09-16 13:37:52 | INFO | bdc.consumidores | Iniciando processamento do arquivo UNIPAR 19052026.xlsx em modo incremental.
2026-09-16 13:37:52 | INFO | bdc.consumidores | Extração competitiva: Vencedor padrao_2 identificado para UNIPAR 19052026.xlsx.
2026-09-16 13:37:52 | INFO | bdc.consumidores | Registro normalizado (Entrada: 28, Saída: 30).
2026-09-16 13:37:52 | INFO | bdc.consumidores | Classificação documental para UNIPAR 19052026.xlsx: tipo=>=5MWm analise=detalhada
2026-09-16 13:37:52 | INFO | bdc.consumidores | Iniciando validação unificada do registro. CNPJ=33958695000178
2026-09-16 13:37:52 | INFO | bdc.consumidores | Validação concluída. CNPJ=33958695000178 ERROS=0 AVISOS=1
2026-09-16 13:37:52 | INFO | bdc.consumidores | Validação condicional concluída para 33958695000178. Tipo=detalhada ERROS=1 AVISOS=1
2026-09-16 13:37:52 | INFO | bdc.consumidores | Ficha processada com sucesso: UNIPAR 19052026.xlsx.
2026-09-16 13:37:52 | INFO | bdc.consumidores | Iniciando processamento do arquivo UNIPAR RATING 04112025.xlsx em modo incremental.
2026-09-16 13:37:52 | INFO | bdc.consumidores | Extração competitiva: Vencedor padrao_2 identificado para UNIPAR RATING 04112025.xlsx.
2026-09-16 13:37:52 | INFO | bdc.consumidores | Registro normalizado (Entrada: 28, Saída: 30).
2026-09-16 13:37:52 | INFO | bdc.consumidores | Classificação documental para UNIPAR RATING 04112025.xlsx: tipo=>=5MWm analise=detalhada
2026-09-16 13:37:52 | INFO | bdc.consumidores | Iniciando validação unificada do registro. CNPJ=33958695000178
2026-09-16 13:37:52 | INFO | bdc.consumidores | Validação concluída. CNPJ=33958695000178 ERROS=0 AVISOS=1
2026-09-16 13:37:52 | INFO | bdc.consumidores | Validação condicional concluída para 33958695000178. Tipo=detalhada ERROS=0 AVISOS=1
2026-09-16 13:37:52 | INFO | bdc.consumidores | Ficha processada com sucesso: UNIPAR RATING 04112025.xlsx.
2026-09-16 13:37:52 | INFO | bdc.consumidores | Iniciando processamento do arquivo UNIRON_10_10_2022.xlsx em modo incremental.
2026-09-16 13:37:52 | INFO | bdc.consumidores | Extração competitiva: Vencedor padrao_1 identificado para UNIRON_10_10_2022.xlsx.
2026-09-16 13:37:52 | INFO | bdc.consumidores | Registro normalizado (Entrada: 28, Saída: 30).
2026-09-16 13:37:52 | INFO | bdc.consumidores | Classificação documental para UNIRON_10_10_2022.xlsx: tipo=>=5MWm analise=detalhada
2026-09-16 13:37:52 | INFO | bdc.consumidores | Iniciando validação unificada do registro. CNPJ=03327149000178
2026-09-16 13:37:52 | INFO | bdc.consumidores | Validação concluída. CNPJ=03327149000178 ERROS=0 AVISOS=1
2026-09-16 13:37:52 | INFO | bdc.consumidores | Validação condicional concluída para 03327149000178. Tipo=detalhada ERROS=2 AVISOS=2
2026-09-16 13:37:52 | INFO | bdc.consumidores | Ficha processada com sucesso: UNIRON_10_10_2022.xlsx.
2026-09-16 13:37:52 | INFO | bdc.consumidores | Iniciando processamento do arquivo URUCUIA GERAÇÃO 20082025.xlsx em modo incremental.
2026-09-16 13:37:52 | INFO | bdc.consumidores | Extração competitiva: Vencedor padrao_1 identificado para URUCUIA GERAÇÃO 20082025.xlsx.
2026-09-16 13:37:52 | INFO | bdc.consumidores | Registro normalizado (Entrada: 28, Saída: 30).
2026-09-16 13:37:52 | INFO | bdc.consumidores | Classificação documental para URUCUIA GERAÇÃO 20082025.xlsx: tipo=<5MWm analise=simplificada
2026-09-16 13:37:52 | INFO | bdc.consumidores | Iniciando validação unificada do registro. CNPJ=None
2026-09-16 13:37:52 | INFO | bdc.consumidores | Validação concluída. CNPJ=None ERROS=2 AVISOS=0
2026-09-16 13:37:52 | WARNING | bdc.consumidores | Erros de validação para CNPJ=None: ['GATE_ENGINE ausente: CNPJ', 'GATE_ENGINE ausente: EMPRESA']
2026-09-16 13:37:52 | INFO | bdc.consumidores | Validação condicional concluída para None. Tipo=simplificada ERROS=3 AVISOS=1
2026-09-16 13:37:52 | INFO | bdc.consumidores | Iniciando processamento do arquivo USIMINAS 07072025.xlsx em modo incremental.
2026-09-16 13:37:52 | INFO | bdc.consumidores | Extração competitiva: Vencedor padrao_1 identificado para USIMINAS 07072025.xlsx.
2026-09-16 13:37:52 | INFO | bdc.consumidores | Registro normalizado (Entrada: 28, Saída: 30).
2026-09-16 13:37:52 | INFO | bdc.consumidores | Classificação documental para USIMINAS 07072025.xlsx: tipo=>=5MWm analise=detalhada
2026-09-16 13:37:52 | INFO | bdc.consumidores | Iniciando validação unificada do registro. CNPJ=60894730000105
2026-09-16 13:37:52 | INFO | bdc.consumidores | Validação concluída. CNPJ=60894730000105 ERROS=0 AVISOS=0
2026-09-16 13:37:52 | INFO | bdc.consumidores | Validação condicional concluída para 60894730000105. Tipo=detalhada ERROS=2 AVISOS=1
2026-09-16 13:37:52 | INFO | bdc.consumidores | Ficha processada com sucesso: USIMINAS 07072025.xlsx.
2026-09-16 13:37:52 | INFO | bdc.consumidores | Iniciando processamento do arquivo USIMINAS 15042026.xlsx em modo incremental.
2026-09-16 13:37:52 | INFO | bdc.consumidores | Extração competitiva: Vencedor padrao_2 identificado para USIMINAS 15042026.xlsx.
2026-09-16 13:37:52 | INFO | bdc.consumidores | Registro normalizado (Entrada: 28, Saída: 30).
2026-09-16 13:37:52 | INFO | bdc.consumidores | Classificação documental para USIMINAS 15042026.xlsx: tipo=>=5MWm analise=detalhada
2026-09-16 13:37:52 | INFO | bdc.consumidores | Iniciando validação unificada do registro. CNPJ=42956441000101
2026-09-16 13:37:52 | INFO | bdc.consumidores | Validação concluída. CNPJ=42956441000101 ERROS=0 AVISOS=1
2026-09-16 13:37:52 | INFO | bdc.consumidores | Validação condicional concluída para 42956441000101. Tipo=detalhada ERROS=0 AVISOS=1
2026-09-16 13:37:52 | INFO | bdc.consumidores | Ficha processada com sucesso: USIMINAS 15042026.xlsx.
2026-09-16 13:37:52 | INFO | bdc.consumidores | Iniciando processamento do arquivo USIMINAS 25062026.xlsx em modo incremental.
2026-09-16 13:37:53 | INFO | bdc.consumidores | Extração competitiva: Vencedor padrao_2 identificado para USIMINAS 25062026.xlsx.
2026-09-16 13:37:53 | INFO | bdc.consumidores | Registro normalizado (Entrada: 28, Saída: 30).
2026-09-16 13:37:53 | INFO | bdc.consumidores | Classificação documental para USIMINAS 25062026.xlsx: tipo=<5MWm analise=simplificada
2026-09-16 13:37:53 | INFO | bdc.consumidores | Iniciando validação unificada do registro. CNPJ=60894730000105
2026-09-16 13:37:53 | INFO | bdc.consumidores | Validação concluída. CNPJ=60894730000105 ERROS=0 AVISOS=0
2026-09-16 13:37:53 | INFO | bdc.consumidores | Validação condicional concluída para 60894730000105. Tipo=simplificada ERROS=1 AVISOS=1
2026-09-16 13:37:53 | INFO | bdc.consumidores | Ficha processada com sucesso: USIMINAS 25062026.xlsx.
2026-09-16 13:37:53 | INFO | bdc.consumidores | Iniciando processamento do arquivo USIMINAS RATING 05112025.xlsx em modo incremental.
2026-09-16 13:37:53 | INFO | bdc.consumidores | Extração competitiva: Vencedor padrao_2 identificado para USIMINAS RATING 05112025.xlsx.
2026-09-16 13:37:53 | INFO | bdc.consumidores | Registro normalizado (Entrada: 28, Saída: 30).
2026-09-16 13:37:53 | INFO | bdc.consumidores | Classificação documental para USIMINAS RATING 05112025.xlsx: tipo=>=5MWm analise=detalhada
2026-09-16 13:37:53 | INFO | bdc.consumidores | Iniciando validação unificada do registro. CNPJ=60894730000105
2026-09-16 13:37:53 | INFO | bdc.consumidores | Validação concluída. CNPJ=60894730000105 ERROS=0 AVISOS=0
2026-09-16 13:37:53 | INFO | bdc.consumidores | Validação condicional concluída para 60894730000105. Tipo=detalhada ERROS=1 AVISOS=0
2026-09-16 13:37:53 | INFO | bdc.consumidores | Iniciando processamento do arquivo USINA LATICIÍNIOS JUSSARA 08052026.xlsx em modo incremental.
2026-09-16 13:37:53 | INFO | bdc.consumidores | Extração competitiva: Vencedor padrao_2 identificado para USINA LATICIÍNIOS JUSSARA 08052026.xlsx.
2026-09-16 13:37:53 | INFO | bdc.consumidores | Registro normalizado (Entrada: 28, Saída: 30).
2026-09-16 13:37:53 | INFO | bdc.consumidores | Classificação documental para USINA LATICIÍNIOS JUSSARA 08052026.xlsx: tipo=>=5MWm analise=detalhada
2026-09-16 13:37:53 | INFO | bdc.consumidores | Iniciando validação unificada do registro. CNPJ=47964911000100
2026-09-16 13:37:53 | INFO | bdc.consumidores | Validação concluída. CNPJ=47964911000100 ERROS=0 AVISOS=1
2026-09-16 13:37:53 | INFO | bdc.consumidores | Validação condicional concluída para 47964911000100. Tipo=detalhada ERROS=0 AVISOS=1
2026-09-16 13:37:53 | INFO | bdc.consumidores | Ficha processada com sucesso: USINA LATICIÍNIOS JUSSARA 08052026.xlsx.
2026-09-16 13:37:53 | INFO | bdc.consumidores | Iniciando processamento do arquivo USINAGEM TIMBO RATING 05022026.xlsx em modo incremental.
2026-09-16 13:37:53 | INFO | bdc.consumidores | Extração competitiva: Vencedor padrao_1 identificado para USINAGEM TIMBO RATING 05022026.xlsx.
2026-09-16 13:37:53 | INFO | bdc.consumidores | Registro normalizado (Entrada: 28, Saída: 30).
2026-09-16 13:37:53 | INFO | bdc.consumidores | Classificação documental para USINAGEM TIMBO RATING 05022026.xlsx: tipo=<5MWm analise=simplificada
2026-09-16 13:37:53 | INFO | bdc.consumidores | Iniciando validação unificada do registro. CNPJ=None
2026-09-16 13:37:53 | INFO | bdc.consumidores | Validação concluída. CNPJ=None ERROS=3 AVISOS=0
2026-09-16 13:37:53 | WARNING | bdc.consumidores | Erros de validação para CNPJ=None: ['GATE_ENGINE ausente: CNPJ', 'GATE_ENGINE ausente: EMPRESA', 'GATE_ENGINE ausente: DATA_DEMONSTRACAO_FINANCEIRA']
2026-09-16 13:37:53 | INFO | bdc.consumidores | Validação condicional concluída para None. Tipo=simplificada ERROS=4 AVISOS=1
2026-09-16 13:37:53 | INFO | bdc.consumidores | Iniciando processamento do arquivo Unilever_17112023.xlsx em modo incremental.
2026-09-16 13:37:53 | INFO | bdc.consumidores | Extração competitiva: Vencedor padrao_1 identificado para Unilever_17112023.xlsx.
2026-09-16 13:37:53 | INFO | bdc.consumidores | Registro normalizado (Entrada: 28, Saída: 30).
2026-09-16 13:37:53 | INFO | bdc.consumidores | Classificação documental para Unilever_17112023.xlsx: tipo=>=5MWm analise=detalhada
2026-09-16 13:37:53 | INFO | bdc.consumidores | Iniciando validação unificada do registro. CNPJ=01615814000101
2026-09-16 13:37:53 | INFO | bdc.consumidores | Validação concluída. CNPJ=01615814000101 ERROS=0 AVISOS=1
2026-09-16 13:37:53 | INFO | bdc.consumidores | Validação condicional concluída para 01615814000101. Tipo=detalhada ERROS=2 AVISOS=2
2026-09-16 13:37:53 | INFO | bdc.consumidores | Ficha processada com sucesso: Unilever_17112023.xlsx.
2026-09-16 13:37:53 | INFO | bdc.consumidores | Iniciando processamento do arquivo União Química 14112023.xlsx em modo incremental.
2026-09-16 13:37:53 | INFO | bdc.consumidores | Extração competitiva: Vencedor padrao_1 identificado para União Química 14112023.xlsx.
2026-09-16 13:37:53 | INFO | bdc.consumidores | Registro normalizado (Entrada: 28, Saída: 30).
2026-09-16 13:37:53 | INFO | bdc.consumidores | Classificação documental para União Química 14112023.xlsx: tipo=>=5MWm analise=detalhada
2026-09-16 13:37:53 | INFO | bdc.consumidores | Iniciando validação unificada do registro. CNPJ=60665981000118
2026-09-16 13:37:53 | INFO | bdc.consumidores | Validação concluída. CNPJ=60665981000118 ERROS=0 AVISOS=0
2026-09-16 13:37:53 | INFO | bdc.consumidores | Validação condicional concluída para 60665981000118. Tipo=detalhada ERROS=2 AVISOS=1
2026-09-16 13:37:53 | INFO | bdc.consumidores | Ficha processada com sucesso: União Química 14112023.xlsx.
2026-09-16 13:37:53 | INFO | bdc.consumidores | Iniciando processamento do arquivo V.TAL RATING 31102025.xlsx em modo incremental.
2026-09-16 13:37:53 | INFO | bdc.consumidores | Extração competitiva: Vencedor padrao_2 identificado para V.TAL RATING 31102025.xlsx.
2026-09-16 13:37:53 | INFO | bdc.consumidores | Registro normalizado (Entrada: 28, Saída: 30).
2026-09-16 13:37:53 | INFO | bdc.consumidores | Classificação documental para V.TAL RATING 31102025.xlsx: tipo=>=5MWm analise=detalhada
2026-09-16 13:37:53 | INFO | bdc.consumidores | Iniciando validação unificada do registro. CNPJ=02041460000193
2026-09-16 13:37:53 | INFO | bdc.consumidores | Validação concluída. CNPJ=02041460000193 ERROS=0 AVISOS=0
2026-09-16 13:37:53 | INFO | bdc.consumidores | Validação condicional concluída para 02041460000193. Tipo=detalhada ERROS=1 AVISOS=0
2026-09-16 13:37:53 | INFO | bdc.consumidores | Ficha processada com sucesso: V.TAL RATING 31102025.xlsx.
2026-09-16 13:37:53 | INFO | bdc.consumidores | Iniciando processamento do arquivo VALE 20072026.xlsx em modo incremental.
2026-09-16 13:37:53 | INFO | bdc.consumidores | Extração competitiva: Vencedor padrao_1 identificado para VALE 20072026.xlsx.
2026-09-16 13:37:53 | INFO | bdc.consumidores | Registro normalizado (Entrada: 28, Saída: 30).
2026-09-16 13:37:53 | INFO | bdc.consumidores | Classificação documental para VALE 20072026.xlsx: tipo=<5MWm analise=simplificada
2026-09-16 13:37:53 | INFO | bdc.consumidores | Iniciando validação unificada do registro. CNPJ=None
2026-09-16 13:37:53 | INFO | bdc.consumidores | Validação concluída. CNPJ=None ERROS=3 AVISOS=0
2026-09-16 13:37:53 | WARNING | bdc.consumidores | Erros de validação para CNPJ=None: ['GATE_ENGINE ausente: CNPJ', 'GATE_ENGINE ausente: EMPRESA', 'GATE_ENGINE ausente: DATA_DEMONSTRACAO_FINANCEIRA']
2026-09-16 13:37:53 | INFO | bdc.consumidores | Validação condicional concluída para None. Tipo=simplificada ERROS=4 AVISOS=1
2026-09-16 13:37:53 | INFO | bdc.consumidores | Iniciando processamento do arquivo VALE 30-05-2025.xlsx em modo incremental.
2026-09-16 13:37:53 | INFO | bdc.consumidores | Extração competitiva: Vencedor padrao_1 identificado para VALE 30-05-2025.xlsx.
2026-09-16 13:37:54 | INFO | bdc.consumidores | Registro normalizado (Entrada: 28, Saída: 30).
2026-09-16 13:37:54 | INFO | bdc.consumidores | Classificação documental para VALE 30-05-2025.xlsx: tipo=>=5MWm analise=detalhada
2026-09-16 13:37:54 | INFO | bdc.consumidores | Iniciando validação unificada do registro. CNPJ=33592510000154
2026-09-16 13:37:54 | INFO | bdc.consumidores | Validação concluída. CNPJ=33592510000154 ERROS=0 AVISOS=1
2026-09-16 13:37:54 | INFO | bdc.consumidores | Validação condicional concluída para 33592510000154. Tipo=detalhada ERROS=2 AVISOS=2
2026-09-16 13:37:54 | INFO | bdc.consumidores | Ficha processada com sucesso: VALE 30-05-2025.xlsx.
2026-09-16 13:37:54 | INFO | bdc.consumidores | Iniciando processamento do arquivo VALE RATING 04112025.xlsx em modo incremental.
2026-09-16 13:37:54 | INFO | bdc.consumidores | Extração competitiva: Vencedor padrao_2 identificado para VALE RATING 04112025.xlsx.
2026-09-16 13:37:54 | INFO | bdc.consumidores | Registro normalizado (Entrada: 28, Saída: 30).
2026-09-16 13:37:54 | INFO | bdc.consumidores | Classificação documental para VALE RATING 04112025.xlsx: tipo=>=5MWm analise=detalhada
2026-09-16 13:37:54 | INFO | bdc.consumidores | Iniciando validação unificada do registro. CNPJ=33592510000154
2026-09-16 13:37:54 | INFO | bdc.consumidores | Validação concluída. CNPJ=33592510000154 ERROS=0 AVISOS=1
2026-09-16 13:37:54 | INFO | bdc.consumidores | Validação condicional concluída para 33592510000154. Tipo=detalhada ERROS=1 AVISOS=1
2026-09-16 13:37:54 | INFO | bdc.consumidores | Iniciando processamento do arquivo VALGROUP PACKAGING SOLUTIONS - Avaliação Middle.xlsx em modo incremental.
2026-09-16 13:37:54 | INFO | bdc.consumidores | Extração competitiva: Vencedor padrao_1 identificado para VALGROUP PACKAGING SOLUTIONS - Avaliação Middle.xlsx.
2026-09-16 13:37:54 | INFO | bdc.consumidores | Registro normalizado (Entrada: 28, Saída: 30).
2026-09-16 13:37:54 | INFO | bdc.consumidores | Classificação documental para VALGROUP PACKAGING SOLUTIONS - Avaliação Middle.xlsx: tipo=>=5MWm analise=detalhada
2026-09-16 13:37:54 | INFO | bdc.consumidores | Iniciando validação unificada do registro. CNPJ=32184195000163
2026-09-16 13:37:54 | INFO | bdc.consumidores | Validação concluída. CNPJ=32184195000163 ERROS=0 AVISOS=0
2026-09-16 13:37:54 | INFO | bdc.consumidores | Validação condicional concluída para 32184195000163. Tipo=detalhada ERROS=2 AVISOS=1
2026-09-16 13:37:54 | INFO | bdc.consumidores | Ficha processada com sucesso: VALGROUP PACKAGING SOLUTIONS - Avaliação Middle.xlsx.
2026-09-16 13:37:54 | INFO | bdc.consumidores | Iniciando processamento do arquivo VALLOUREC SOLUCOES RATING 08012026.xlsx em modo incremental.
2026-09-16 13:37:54 | INFO | bdc.consumidores | Extração competitiva: Vencedor padrao_2 identificado para VALLOUREC SOLUCOES RATING 08012026.xlsx.
2026-09-16 13:37:54 | INFO | bdc.consumidores | Registro normalizado (Entrada: 28, Saída: 30).
2026-09-16 13:37:54 | INFO | bdc.consumidores | Classificação documental para VALLOUREC SOLUCOES RATING 08012026.xlsx: tipo=>=5MWm analise=detalhada
2026-09-16 13:37:54 | INFO | bdc.consumidores | Iniciando validação unificada do registro. CNPJ=08689024000101
2026-09-16 13:37:54 | INFO | bdc.consumidores | Validação concluída. CNPJ=08689024000101 ERROS=0 AVISOS=0
2026-09-16 13:37:54 | INFO | bdc.consumidores | Validação condicional concluída para 08689024000101. Tipo=detalhada ERROS=0 AVISOS=0
2026-09-16 13:37:54 | INFO | bdc.consumidores | Ficha processada com sucesso: VALLOUREC SOLUCOES RATING 08012026.xlsx.
2026-09-16 13:37:54 | INFO | bdc.consumidores | Iniciando processamento do arquivo VALLOUREC TUBOS RATING 08012025.xlsx em modo incremental.
2026-09-16 13:37:54 | INFO | bdc.consumidores | Extração competitiva: Vencedor padrao_1 identificado para VALLOUREC TUBOS RATING 08012025.xlsx.
2026-09-16 13:37:54 | INFO | bdc.consumidores | Registro normalizado (Entrada: 28, Saída: 30).
2026-09-16 13:37:54 | INFO | bdc.consumidores | Classificação documental para VALLOUREC TUBOS RATING 08012025.xlsx: tipo=<5MWm analise=simplificada
2026-09-16 13:37:54 | INFO | bdc.consumidores | Iniciando validação unificada do registro. CNPJ=None
2026-09-16 13:37:54 | INFO | bdc.consumidores | Validação concluída. CNPJ=None ERROS=3 AVISOS=0
2026-09-16 13:37:54 | WARNING | bdc.consumidores | Erros de validação para CNPJ=None: ['GATE_ENGINE ausente: CNPJ', 'GATE_ENGINE ausente: EMPRESA', 'GATE_ENGINE ausente: DATA_DEMONSTRACAO_FINANCEIRA']
2026-09-16 13:37:54 | INFO | bdc.consumidores | Validação condicional concluída para None. Tipo=simplificada ERROS=4 AVISOS=1
2026-09-16 13:37:54 | INFO | bdc.consumidores | Iniciando processamento do arquivo VEOLIA_28082024.xlsx em modo incremental.
2026-09-16 13:37:54 | INFO | bdc.consumidores | Extração competitiva: Vencedor padrao_1 identificado para VEOLIA_28082024.xlsx.
2026-09-16 13:37:54 | INFO | bdc.consumidores | Registro normalizado (Entrada: 28, Saída: 30).
2026-09-16 13:37:54 | INFO | bdc.consumidores | Classificação documental para VEOLIA_28082024.xlsx: tipo=>=5MWm analise=detalhada
2026-09-16 13:37:54 | INFO | bdc.consumidores | Iniciando validação unificada do registro. CNPJ=02740510000120
2026-09-16 13:37:54 | INFO | bdc.consumidores | Validação concluída. CNPJ=02740510000120 ERROS=0 AVISOS=0
2026-09-16 13:37:54 | INFO | bdc.consumidores | Validação condicional concluída para 02740510000120. Tipo=detalhada ERROS=2 AVISOS=1
2026-09-16 13:37:54 | INFO | bdc.consumidores | Ficha processada com sucesso: VEOLIA_28082024.xlsx.
2026-09-16 13:37:54 | INFO | bdc.consumidores | Iniciando processamento do arquivo VERALLIA_02_12_2022.xlsx em modo incremental.
2026-09-16 13:37:54 | INFO | bdc.consumidores | Extração competitiva: Vencedor padrao_1 identificado para VERALLIA_02_12_2022.xlsx.
2026-09-16 13:37:54 | INFO | bdc.consumidores | Registro normalizado (Entrada: 28, Saída: 30).
2026-09-16 13:37:54 | INFO | bdc.consumidores | Classificação documental para VERALLIA_02_12_2022.xlsx: tipo=>=5MWm analise=detalhada
2026-09-16 13:37:54 | INFO | bdc.consumidores | Iniciando validação unificada do registro. CNPJ=60853942000144
2026-09-16 13:37:54 | INFO | bdc.consumidores | Validação concluída. CNPJ=60853942000144 ERROS=0 AVISOS=0
2026-09-16 13:37:54 | INFO | bdc.consumidores | Validação condicional concluída para 60853942000144. Tipo=detalhada ERROS=2 AVISOS=1
2026-09-16 13:37:54 | INFO | bdc.consumidores | Ficha processada com sucesso: VERALLIA_02_12_2022.xlsx.
2026-09-16 13:37:54 | INFO | bdc.consumidores | Iniciando processamento do arquivo VIBRA 26.07.2024.xlsx em modo incremental.
2026-09-16 13:37:54 | INFO | bdc.consumidores | Extração competitiva: Vencedor padrao_1 identificado para VIBRA 26.07.2024.xlsx.
2026-09-16 13:37:54 | INFO | bdc.consumidores | Registro normalizado (Entrada: 28, Saída: 30).
2026-09-16 13:37:54 | INFO | bdc.consumidores | Classificação documental para VIBRA 26.07.2024.xlsx: tipo=>=5MWm analise=detalhada
2026-09-16 13:37:54 | INFO | bdc.consumidores | Iniciando validação unificada do registro. CNPJ=93586303000119
2026-09-16 13:37:54 | INFO | bdc.consumidores | Validação concluída. CNPJ=93586303000119 ERROS=0 AVISOS=0
2026-09-16 13:37:54 | INFO | bdc.consumidores | Validação condicional concluída para 93586303000119. Tipo=detalhada ERROS=2 AVISOS=1
2026-09-16 13:37:54 | INFO | bdc.consumidores | Ficha processada com sucesso: VIBRA 26.07.2024.xlsx.
2026-09-16 13:37:54 | INFO | bdc.consumidores | Iniciando processamento do arquivo VIBRA_05092025.xlsx em modo incremental.
2026-09-16 13:37:54 | INFO | bdc.consumidores | Extração competitiva: Vencedor padrao_1 identificado para VIBRA_05092025.xlsx.
2026-09-16 13:37:55 | INFO | bdc.consumidores | Registro normalizado (Entrada: 28, Saída: 30).
2026-09-16 13:37:55 | INFO | bdc.consumidores | Classificação documental para VIBRA_05092025.xlsx: tipo=>=5MWm analise=detalhada
2026-09-16 13:37:55 | INFO | bdc.consumidores | Iniciando validação unificada do registro. CNPJ=93586303000119
2026-09-16 13:37:55 | INFO | bdc.consumidores | Validação concluída. CNPJ=93586303000119 ERROS=0 AVISOS=0
2026-09-16 13:37:55 | INFO | bdc.consumidores | Validação condicional concluída para 93586303000119. Tipo=detalhada ERROS=2 AVISOS=1
2026-09-16 13:37:55 | INFO | bdc.consumidores | Ficha processada com sucesso: VIBRA_05092025.xlsx.
2026-09-16 13:37:55 | INFO | bdc.consumidores | Iniciando processamento do arquivo VIDROPORTO RATING 03022026.xlsx em modo incremental.
2026-09-16 13:37:55 | INFO | bdc.consumidores | Extração competitiva: Vencedor padrao_2 identificado para VIDROPORTO RATING 03022026.xlsx.
2026-09-16 13:37:55 | INFO | bdc.consumidores | Registro normalizado (Entrada: 28, Saída: 30).
2026-09-16 13:37:55 | INFO | bdc.consumidores | Classificação documental para VIDROPORTO RATING 03022026.xlsx: tipo=>=5MWm analise=detalhada
2026-09-16 13:37:55 | INFO | bdc.consumidores | Iniciando validação unificada do registro. CNPJ=48845556000105
2026-09-16 13:37:55 | INFO | bdc.consumidores | Validação concluída. CNPJ=48845556000105 ERROS=0 AVISOS=1
2026-09-16 13:37:55 | INFO | bdc.consumidores | Validação condicional concluída para 48845556000105. Tipo=detalhada ERROS=0 AVISOS=1
2026-09-16 13:37:55 | INFO | bdc.consumidores | Ficha processada com sucesso: VIDROPORTO RATING 03022026.xlsx.
2026-09-16 13:37:55 | INFO | bdc.consumidores | Iniciando processamento do arquivo VILLARES METALS 02072026.xlsx em modo incremental.
2026-09-16 13:37:55 | INFO | bdc.consumidores | Extração competitiva: Vencedor padrao_2 identificado para VILLARES METALS 02072026.xlsx.
2026-09-16 13:37:55 | INFO | bdc.consumidores | Registro normalizado (Entrada: 28, Saída: 30).
2026-09-16 13:37:55 | INFO | bdc.consumidores | Classificação documental para VILLARES METALS 02072026.xlsx: tipo=<5MWm analise=simplificada
2026-09-16 13:37:55 | INFO | bdc.consumidores | Iniciando validação unificada do registro. CNPJ=42566752000164
2026-09-16 13:37:55 | INFO | bdc.consumidores | Validação concluída. CNPJ=42566752000164 ERROS=0 AVISOS=0
2026-09-16 13:37:55 | INFO | bdc.consumidores | Validação condicional concluída para 42566752000164. Tipo=simplificada ERROS=1 AVISOS=1
2026-09-16 13:37:55 | INFO | bdc.consumidores | Ficha processada com sucesso: VILLARES METALS 02072026.xlsx.
2026-09-16 13:37:55 | INFO | bdc.consumidores | Iniciando processamento do arquivo VILLARES METALS RATING 12112025.xlsx em modo incremental.
2026-09-16 13:37:55 | INFO | bdc.consumidores | Extração competitiva: Vencedor padrao_2 identificado para VILLARES METALS RATING 12112025.xlsx.
2026-09-16 13:37:55 | INFO | bdc.consumidores | Registro normalizado (Entrada: 28, Saída: 30).
2026-09-16 13:37:55 | INFO | bdc.consumidores | Classificação documental para VILLARES METALS RATING 12112025.xlsx: tipo=>=5MWm analise=detalhada
2026-09-16 13:37:55 | INFO | bdc.consumidores | Iniciando validação unificada do registro. CNPJ=42566752000164
2026-09-16 13:37:55 | INFO | bdc.consumidores | Validação concluída. CNPJ=42566752000164 ERROS=0 AVISOS=1
2026-09-16 13:37:55 | INFO | bdc.consumidores | Validação condicional concluída para 42566752000164. Tipo=detalhada ERROS=0 AVISOS=1
2026-09-16 13:37:55 | INFO | bdc.consumidores | Ficha processada com sucesso: VILLARES METALS RATING 12112025.xlsx.
2026-09-16 13:37:55 | INFO | bdc.consumidores | Iniciando processamento do arquivo VILLARES_14032023.xlsx em modo incremental.
2026-09-16 13:37:55 | INFO | bdc.consumidores | Extração competitiva: Vencedor padrao_1 identificado para VILLARES_14032023.xlsx.
2026-09-16 13:37:55 | INFO | bdc.consumidores | Registro normalizado (Entrada: 28, Saída: 30).
2026-09-16 13:37:55 | INFO | bdc.consumidores | Classificação documental para VILLARES_14032023.xlsx: tipo=>=5MWm analise=detalhada
2026-09-16 13:37:55 | INFO | bdc.consumidores | Iniciando validação unificada do registro. CNPJ=42566752000164
2026-09-16 13:37:55 | INFO | bdc.consumidores | Validação concluída. CNPJ=42566752000164 ERROS=0 AVISOS=1
2026-09-16 13:37:55 | INFO | bdc.consumidores | Validação condicional concluída para 42566752000164. Tipo=detalhada ERROS=2 AVISOS=2
2026-09-16 13:37:55 | INFO | bdc.consumidores | Ficha processada com sucesso: VILLARES_14032023.xlsx.
2026-09-16 13:37:55 | INFO | bdc.consumidores | Iniciando processamento do arquivo VIPAL_05042023.xlsx em modo incremental.
2026-09-16 13:37:55 | INFO | bdc.consumidores | Extração competitiva: Vencedor padrao_1 identificado para VIPAL_05042023.xlsx.
2026-09-16 13:37:55 | INFO | bdc.consumidores | Registro normalizado (Entrada: 28, Saída: 30).
2026-09-16 13:37:55 | INFO | bdc.consumidores | Classificação documental para VIPAL_05042023.xlsx: tipo=>=5MWm analise=detalhada
2026-09-16 13:37:55 | INFO | bdc.consumidores | Iniciando validação unificada do registro. CNPJ=87870952000144
2026-09-16 13:37:55 | INFO | bdc.consumidores | Validação concluída. CNPJ=87870952000144 ERROS=0 AVISOS=0
2026-09-16 13:37:55 | INFO | bdc.consumidores | Validação condicional concluída para 87870952000144. Tipo=detalhada ERROS=2 AVISOS=1
2026-09-16 13:37:55 | INFO | bdc.consumidores | Ficha processada com sucesso: VIPAL_05042023.xlsx.
2026-09-16 13:37:55 | INFO | bdc.consumidores | Iniciando processamento do arquivo VIRACOPOS - 04042024.xlsx em modo incremental.
2026-09-16 13:37:55 | INFO | bdc.consumidores | Extração competitiva: Vencedor padrao_1 identificado para VIRACOPOS - 04042024.xlsx.
2026-09-16 13:37:55 | INFO | bdc.consumidores | Registro normalizado (Entrada: 28, Saída: 30).
2026-09-16 13:37:55 | INFO | bdc.consumidores | Classificação documental para VIRACOPOS - 04042024.xlsx: tipo=>=5MWm analise=detalhada
2026-09-16 13:37:55 | INFO | bdc.consumidores | Iniciando validação unificada do registro. CNPJ=14522178000107
2026-09-16 13:37:55 | INFO | bdc.consumidores | Validação concluída. CNPJ=14522178000107 ERROS=0 AVISOS=1
2026-09-16 13:37:55 | INFO | bdc.consumidores | Validação condicional concluída para 14522178000107. Tipo=detalhada ERROS=2 AVISOS=2
2026-09-16 13:37:55 | INFO | bdc.consumidores | Ficha processada com sucesso: VIRACOPOS - 04042024.xlsx.
2026-09-16 13:37:55 | INFO | bdc.consumidores | Iniciando processamento do arquivo VIVIX 28_07_2022.xlsx em modo incremental.
2026-09-16 13:37:55 | INFO | bdc.consumidores | Extração competitiva: Vencedor padrao_1 identificado para VIVIX 28_07_2022.xlsx.
2026-09-16 13:37:55 | INFO | bdc.consumidores | Registro normalizado (Entrada: 28, Saída: 30).
2026-09-16 13:37:55 | INFO | bdc.consumidores | Classificação documental para VIVIX 28_07_2022.xlsx: tipo=>=5MWm analise=detalhada
2026-09-16 13:37:55 | INFO | bdc.consumidores | Iniciando validação unificada do registro. CNPJ=10858291000107
2026-09-16 13:37:55 | INFO | bdc.consumidores | Validação concluída. CNPJ=10858291000107 ERROS=0 AVISOS=0
2026-09-16 13:37:55 | INFO | bdc.consumidores | Validação condicional concluída para 10858291000107. Tipo=detalhada ERROS=2 AVISOS=1
2026-09-16 13:37:55 | INFO | bdc.consumidores | Ficha processada com sucesso: VIVIX 28_07_2022.xlsx.
2026-09-16 13:37:55 | INFO | bdc.consumidores | Iniciando processamento do arquivo VOLKSWAGEN RATING 08012026.xlsx em modo incremental.
2026-09-16 13:37:56 | INFO | bdc.consumidores | Extração competitiva: Vencedor padrao_1 identificado para VOLKSWAGEN RATING 08012026.xlsx.
2026-09-16 13:37:56 | INFO | bdc.consumidores | Registro normalizado (Entrada: 28, Saída: 30).
2026-09-16 13:37:56 | INFO | bdc.consumidores | Classificação documental para VOLKSWAGEN RATING 08012026.xlsx: tipo=<5MWm analise=simplificada
2026-09-16 13:37:56 | INFO | bdc.consumidores | Iniciando validação unificada do registro. CNPJ=None
2026-09-16 13:37:56 | INFO | bdc.consumidores | Validação concluída. CNPJ=None ERROS=3 AVISOS=0
2026-09-16 13:37:56 | WARNING | bdc.consumidores | Erros de validação para CNPJ=None: ['GATE_ENGINE ausente: CNPJ', 'GATE_ENGINE ausente: EMPRESA', 'GATE_ENGINE ausente: DATA_DEMONSTRACAO_FINANCEIRA']
2026-09-16 13:37:56 | INFO | bdc.consumidores | Validação condicional concluída para None. Tipo=simplificada ERROS=4 AVISOS=1
2026-09-16 13:37:56 | INFO | bdc.consumidores | Iniciando processamento do arquivo VOTORANTIM 07072025.xlsx em modo incremental.
2026-09-16 13:37:56 | INFO | bdc.consumidores | Extração competitiva: Vencedor padrao_1 identificado para VOTORANTIM 07072025.xlsx.
2026-09-16 13:37:56 | INFO | bdc.consumidores | Registro normalizado (Entrada: 28, Saída: 30).
2026-09-16 13:37:56 | INFO | bdc.consumidores | Classificação documental para VOTORANTIM 07072025.xlsx: tipo=>=5MWm analise=detalhada
2026-09-16 13:37:56 | INFO | bdc.consumidores | Iniciando validação unificada do registro. CNPJ=03407049000151
2026-09-16 13:37:56 | INFO | bdc.consumidores | Validação concluída. CNPJ=03407049000151 ERROS=0 AVISOS=1
2026-09-16 13:37:56 | INFO | bdc.consumidores | Validação condicional concluída para 03407049000151. Tipo=detalhada ERROS=2 AVISOS=2
2026-09-16 13:37:56 | INFO | bdc.consumidores | Ficha processada com sucesso: VOTORANTIM 07072025.xlsx.
2026-09-16 13:37:56 | INFO | bdc.consumidores | Iniciando processamento do arquivo VOTORANTIM 07072026.xlsx em modo incremental.
2026-09-16 13:37:56 | INFO | bdc.consumidores | Extração competitiva: Vencedor padrao_2 identificado para VOTORANTIM 07072026.xlsx.
2026-09-16 13:37:56 | INFO | bdc.consumidores | Registro normalizado (Entrada: 28, Saída: 30).
2026-09-16 13:37:56 | INFO | bdc.consumidores | Classificação documental para VOTORANTIM 07072026.xlsx: tipo=<5MWm analise=simplificada
2026-09-16 13:37:56 | INFO | bdc.consumidores | Iniciando validação unificada do registro. CNPJ=03407049000151
2026-09-16 13:37:56 | INFO | bdc.consumidores | Validação concluída. CNPJ=03407049000151 ERROS=0 AVISOS=0
2026-09-16 13:37:56 | INFO | bdc.consumidores | Validação condicional concluída para 03407049000151. Tipo=simplificada ERROS=1 AVISOS=1
2026-09-16 13:37:56 | INFO | bdc.consumidores | Ficha processada com sucesso: VOTORANTIM 07072026.xlsx.
2026-09-16 13:37:56 | INFO | bdc.consumidores | Iniciando processamento do arquivo VOTORANTIM CIMENTOS RATING.xlsx em modo incremental.
2026-09-16 13:37:56 | INFO | bdc.consumidores | Extração competitiva: Vencedor padrao_2 identificado para VOTORANTIM CIMENTOS RATING.xlsx.
2026-09-16 13:37:56 | INFO | bdc.consumidores | Registro normalizado (Entrada: 28, Saída: 30).
2026-09-16 13:37:56 | INFO | bdc.consumidores | Classificação documental para VOTORANTIM CIMENTOS RATING.xlsx: tipo=>=5MWm analise=detalhada
2026-09-16 13:37:56 | INFO | bdc.consumidores | Iniciando validação unificada do registro. CNPJ=03407049000151
2026-09-16 13:37:56 | INFO | bdc.consumidores | Validação concluída. CNPJ=03407049000151 ERROS=0 AVISOS=1
2026-09-16 13:37:56 | INFO | bdc.consumidores | Validação condicional concluída para 03407049000151. Tipo=detalhada ERROS=1 AVISOS=1
2026-09-16 13:37:56 | INFO | bdc.consumidores | Iniciando processamento do arquivo VOTORANTIM NNE 20082025.xlsx em modo incremental.
2026-09-16 13:37:56 | INFO | bdc.consumidores | Extração competitiva: Vencedor padrao_1 identificado para VOTORANTIM NNE 20082025.xlsx.
2026-09-16 13:37:56 | INFO | bdc.consumidores | Registro normalizado (Entrada: 28, Saída: 30).
2026-09-16 13:37:56 | INFO | bdc.consumidores | Classificação documental para VOTORANTIM NNE 20082025.xlsx: tipo=>=5MWm analise=detalhada
2026-09-16 13:37:56 | INFO | bdc.consumidores | Iniciando validação unificada do registro. CNPJ=10656452000180
2026-09-16 13:37:56 | INFO | bdc.consumidores | Validação concluída. CNPJ=10656452000180 ERROS=0 AVISOS=1
2026-09-16 13:37:56 | INFO | bdc.consumidores | Validação condicional concluída para 10656452000180. Tipo=detalhada ERROS=2 AVISOS=2
2026-09-16 13:37:56 | INFO | bdc.consumidores | Ficha processada com sucesso: VOTORANTIM NNE 20082025.xlsx.
2026-09-16 13:37:56 | INFO | bdc.consumidores | Iniciando processamento do arquivo VOTORANTIM NNE 20082025_consiste.xlsx em modo incremental.
2026-09-16 13:37:56 | INFO | bdc.consumidores | Extração competitiva: Vencedor padrao_1 identificado para VOTORANTIM NNE 20082025_consiste.xlsx.
2026-09-16 13:37:56 | INFO | bdc.consumidores | Registro normalizado (Entrada: 28, Saída: 30).
2026-09-16 13:37:56 | INFO | bdc.consumidores | Classificação documental para VOTORANTIM NNE 20082025_consiste.xlsx: tipo=>=5MWm analise=detalhada
2026-09-16 13:37:56 | INFO | bdc.consumidores | Iniciando validação unificada do registro. CNPJ=10656452000180
2026-09-16 13:37:56 | INFO | bdc.consumidores | Validação concluída. CNPJ=10656452000180 ERROS=0 AVISOS=1
2026-09-16 13:37:56 | INFO | bdc.consumidores | Validação condicional concluída para 10656452000180. Tipo=detalhada ERROS=2 AVISOS=2
2026-09-16 13:37:56 | INFO | bdc.consumidores | Iniciando processamento do arquivo VOTORANTIM NNE RATING 22122025.xlsx em modo incremental.
2026-09-16 13:37:56 | INFO | bdc.consumidores | Extração competitiva: Vencedor padrao_2 identificado para VOTORANTIM NNE RATING 22122025.xlsx.
2026-09-16 13:37:56 | INFO | bdc.consumidores | Registro normalizado (Entrada: 28, Saída: 30).
2026-09-16 13:37:56 | INFO | bdc.consumidores | Classificação documental para VOTORANTIM NNE RATING 22122025.xlsx: tipo=>=5MWm analise=detalhada
2026-09-16 13:37:56 | INFO | bdc.consumidores | Iniciando validação unificada do registro. CNPJ=10656452000180
2026-09-16 13:37:56 | INFO | bdc.consumidores | Validação concluída. CNPJ=10656452000180 ERROS=0 AVISOS=1
2026-09-16 13:37:56 | INFO | bdc.consumidores | Validação condicional concluída para 10656452000180. Tipo=detalhada ERROS=1 AVISOS=1
2026-09-16 13:37:56 | INFO | bdc.consumidores | Iniciando processamento do arquivo VOTORANTIM RATING 05112025.xlsx em modo incremental.
2026-09-16 13:37:56 | INFO | bdc.consumidores | Extração competitiva: Vencedor padrao_2 identificado para VOTORANTIM RATING 05112025.xlsx.
2026-09-16 13:37:56 | INFO | bdc.consumidores | Registro normalizado (Entrada: 28, Saída: 30).
2026-09-16 13:37:56 | INFO | bdc.consumidores | Classificação documental para VOTORANTIM RATING 05112025.xlsx: tipo=>=5MWm analise=detalhada
2026-09-16 13:37:56 | INFO | bdc.consumidores | Iniciando validação unificada do registro. CNPJ=03407049000151
2026-09-16 13:37:56 | INFO | bdc.consumidores | Validação concluída. CNPJ=03407049000151 ERROS=0 AVISOS=1
2026-09-16 13:37:56 | INFO | bdc.consumidores | Validação condicional concluída para 03407049000151. Tipo=detalhada ERROS=0 AVISOS=1
2026-09-16 13:37:56 | INFO | bdc.consumidores | Iniciando processamento do arquivo VOTORANTIM SA 11052026.xlsx em modo incremental.
2026-09-16 13:37:56 | INFO | bdc.consumidores | Extração competitiva: Vencedor padrao_2 identificado para VOTORANTIM SA 11052026.xlsx.
2026-09-16 13:37:56 | INFO | bdc.consumidores | Registro normalizado (Entrada: 28, Saída: 30).
2026-09-16 13:37:56 | INFO | bdc.consumidores | Classificação documental para VOTORANTIM SA 11052026.xlsx: tipo=>=5MWm analise=detalhada
2026-09-16 13:37:56 | INFO | bdc.consumidores | Iniciando validação unificada do registro. CNPJ=01637895000132
2026-09-16 13:37:56 | INFO | bdc.consumidores | Validação concluída. CNPJ=01637895000132 ERROS=0 AVISOS=1
2026-09-16 13:37:56 | INFO | bdc.consumidores | Validação condicional concluída para 01637895000132. Tipo=detalhada ERROS=0 AVISOS=1
2026-09-16 13:37:57 | INFO | bdc.consumidores | Ficha processada com sucesso: VOTORANTIM SA 11052026.xlsx.
2026-09-16 13:37:57 | INFO | bdc.consumidores | Iniciando processamento do arquivo VTAL Rede Neutra 23072025.xlsx em modo incremental.
2026-09-16 13:37:57 | INFO | bdc.consumidores | Extração competitiva: Vencedor padrao_1 identificado para VTAL Rede Neutra 23072025.xlsx.
2026-09-16 13:37:57 | INFO | bdc.consumidores | Registro normalizado (Entrada: 28, Saída: 30).
2026-09-16 13:37:57 | INFO | bdc.consumidores | Classificação documental para VTAL Rede Neutra 23072025.xlsx: tipo=>=5MWm analise=detalhada
2026-09-16 13:37:57 | INFO | bdc.consumidores | Iniciando validação unificada do registro. CNPJ=02041460000193
2026-09-16 13:37:57 | INFO | bdc.consumidores | Validação concluída. CNPJ=02041460000193 ERROS=0 AVISOS=0
2026-09-16 13:37:57 | INFO | bdc.consumidores | Validação condicional concluída para 02041460000193. Tipo=detalhada ERROS=2 AVISOS=1
2026-09-16 13:37:57 | INFO | bdc.consumidores | Iniciando processamento do arquivo VW do Brasil_18072023.xlsx em modo incremental.
2026-09-16 13:37:57 | INFO | bdc.consumidores | Extração competitiva: Vencedor padrao_1 identificado para VW do Brasil_18072023.xlsx.
2026-09-16 13:37:57 | INFO | bdc.consumidores | Registro normalizado (Entrada: 28, Saída: 30).
2026-09-16 13:37:57 | INFO | bdc.consumidores | Classificação documental para VW do Brasil_18072023.xlsx: tipo=>=5MWm analise=detalhada
2026-09-16 13:37:57 | INFO | bdc.consumidores | Iniciando validação unificada do registro. CNPJ=59104422000150
2026-09-16 13:37:57 | INFO | bdc.consumidores | Validação concluída. CNPJ=59104422000150 ERROS=0 AVISOS=1
2026-09-16 13:37:57 | INFO | bdc.consumidores | Validação condicional concluída para 59104422000150. Tipo=detalhada ERROS=2 AVISOS=2
2026-09-16 13:37:57 | INFO | bdc.consumidores | Ficha processada com sucesso: VW do Brasil_18072023.xlsx.
2026-09-16 13:37:57 | INFO | bdc.consumidores | Iniciando processamento do arquivo Vista Foods 15122023.xlsx em modo incremental.
2026-09-16 13:37:57 | INFO | bdc.consumidores | Extração competitiva: Vencedor padrao_1 identificado para Vista Foods 15122023.xlsx.
2026-09-16 13:37:57 | INFO | bdc.consumidores | Registro normalizado (Entrada: 28, Saída: 30).
2026-09-16 13:37:57 | INFO | bdc.consumidores | Classificação documental para Vista Foods 15122023.xlsx: tipo=>=5MWm analise=detalhada
2026-09-16 13:37:57 | INFO | bdc.consumidores | Iniciando validação unificada do registro. CNPJ=50615144000120
2026-09-16 13:37:57 | INFO | bdc.consumidores | Validação concluída. CNPJ=50615144000120 ERROS=1 AVISOS=1
2026-09-16 13:37:57 | WARNING | bdc.consumidores | Erros de validação para CNPJ=50615144000120: ['GATE_ENGINE ausente: DATA_DEMONSTRACAO_FINANCEIRA']
2026-09-16 13:37:57 | INFO | bdc.consumidores | Validação condicional concluída para 50615144000120. Tipo=detalhada ERROS=3 AVISOS=2
2026-09-16 13:37:57 | INFO | bdc.consumidores | Iniciando processamento do arquivo Vitopel_2023_07_27.xlsx em modo incremental.
2026-09-16 13:37:57 | INFO | bdc.consumidores | Extração competitiva: Vencedor padrao_1 identificado para Vitopel_2023_07_27.xlsx.
2026-09-16 13:37:57 | INFO | bdc.consumidores | Registro normalizado (Entrada: 28, Saída: 30).
2026-09-16 13:37:57 | INFO | bdc.consumidores | Classificação documental para Vitopel_2023_07_27.xlsx: tipo=>=5MWm analise=detalhada
2026-09-16 13:37:57 | INFO | bdc.consumidores | Iniciando validação unificada do registro. CNPJ=03206039000158
2026-09-16 13:37:57 | INFO | bdc.consumidores | Validação concluída. CNPJ=03206039000158 ERROS=0 AVISOS=1
2026-09-16 13:37:57 | INFO | bdc.consumidores | Validação condicional concluída para 03206039000158. Tipo=detalhada ERROS=2 AVISOS=2
2026-09-16 13:37:57 | INFO | bdc.consumidores | Ficha processada com sucesso: Vitopel_2023_07_27.xlsx.
2026-09-16 13:37:57 | INFO | bdc.consumidores | Iniciando processamento do arquivo Volks 21-07-2022.xlsx em modo incremental.
2026-09-16 13:37:57 | INFO | bdc.consumidores | Extração competitiva: Vencedor padrao_1 identificado para Volks 21-07-2022.xlsx.
2026-09-16 13:37:57 | INFO | bdc.consumidores | Registro normalizado (Entrada: 28, Saída: 30).
2026-09-16 13:37:57 | INFO | bdc.consumidores | Classificação documental para Volks 21-07-2022.xlsx: tipo=<5MWm analise=simplificada
2026-09-16 13:37:57 | INFO | bdc.consumidores | Iniciando validação unificada do registro. CNPJ=59104422000150
2026-09-16 13:37:57 | INFO | bdc.consumidores | Validação concluída. CNPJ=59104422000150 ERROS=0 AVISOS=0
2026-09-16 13:37:57 | INFO | bdc.consumidores | Validação condicional concluída para 59104422000150. Tipo=simplificada ERROS=1 AVISOS=1
2026-09-16 13:37:57 | INFO | bdc.consumidores | Ficha processada com sucesso: Volks 21-07-2022.xlsx.
2026-09-16 13:37:57 | INFO | bdc.consumidores | Iniciando processamento do arquivo Votorantim.xlsx em modo incremental.
2026-09-16 13:37:57 | INFO | bdc.consumidores | Extração competitiva: Vencedor padrao_1 identificado para Votorantim.xlsx.
2026-09-16 13:37:57 | INFO | bdc.consumidores | Registro normalizado (Entrada: 28, Saída: 30).
2026-09-16 13:37:57 | INFO | bdc.consumidores | Classificação documental para Votorantim.xlsx: tipo=>=5MWm analise=detalhada
2026-09-16 13:37:57 | INFO | bdc.consumidores | Iniciando validação unificada do registro. CNPJ=01637895000132
2026-09-16 13:37:57 | INFO | bdc.consumidores | Validação concluída. CNPJ=01637895000132 ERROS=0 AVISOS=0
2026-09-16 13:37:57 | INFO | bdc.consumidores | Validação condicional concluída para 01637895000132. Tipo=detalhada ERROS=3 AVISOS=1
2026-09-16 13:37:57 | INFO | bdc.consumidores | Ficha processada com sucesso: Votorantim.xlsx.
2026-09-16 13:37:57 | INFO | bdc.consumidores | Iniciando processamento do arquivo WD AGROINDUSTRIAL 20052026.xlsx em modo incremental.
2026-09-16 13:37:57 | INFO | bdc.consumidores | Extração competitiva: Vencedor padrao_2 identificado para WD AGROINDUSTRIAL 20052026.xlsx.
2026-09-16 13:37:57 | INFO | bdc.consumidores | Registro normalizado (Entrada: 28, Saída: 30).
2026-09-16 13:37:57 | INFO | bdc.consumidores | Classificação documental para WD AGROINDUSTRIAL 20052026.xlsx: tipo=>=5MWm analise=detalhada
2026-09-16 13:37:57 | INFO | bdc.consumidores | Iniciando validação unificada do registro. CNPJ=01105558000102
2026-09-16 13:37:57 | INFO | bdc.consumidores | Validação concluída. CNPJ=01105558000102 ERROS=0 AVISOS=0
2026-09-16 13:37:57 | INFO | bdc.consumidores | Validação condicional concluída para 01105558000102. Tipo=detalhada ERROS=6 AVISOS=0
2026-09-16 13:37:57 | INFO | bdc.consumidores | Ficha processada com sucesso: WD AGROINDUSTRIAL 20052026.xlsx.
2026-09-16 13:37:57 | INFO | bdc.consumidores | Iniciando processamento do arquivo WEG - MATRIZ 15052026.xlsx em modo incremental.
2026-09-16 13:37:57 | INFO | bdc.consumidores | Extração competitiva: Vencedor padrao_2 identificado para WEG - MATRIZ 15052026.xlsx.
2026-09-16 13:37:57 | INFO | bdc.consumidores | Registro normalizado (Entrada: 28, Saída: 30).
2026-09-16 13:37:57 | INFO | bdc.consumidores | Classificação documental para WEG - MATRIZ 15052026.xlsx: tipo=>=5MWm analise=detalhada
2026-09-16 13:37:57 | INFO | bdc.consumidores | Iniciando validação unificada do registro. CNPJ=07175725000160
2026-09-16 13:37:57 | INFO | bdc.consumidores | Validação concluída. CNPJ=07175725000160 ERROS=0 AVISOS=1
2026-09-16 13:37:57 | INFO | bdc.consumidores | Validação condicional concluída para 07175725000160. Tipo=detalhada ERROS=0 AVISOS=1
2026-09-16 13:37:57 | INFO | bdc.consumidores | Ficha processada com sucesso: WEG - MATRIZ 15052026.xlsx.
2026-09-16 13:37:57 | INFO | bdc.consumidores | Iniciando processamento do arquivo WEG 03072025.xlsx em modo incremental.
2026-09-16 13:37:58 | INFO | bdc.consumidores | Extração competitiva: Vencedor padrao_1 identificado para WEG 03072025.xlsx.
2026-09-16 13:37:58 | INFO | bdc.consumidores | Registro normalizado (Entrada: 28, Saída: 30).
2026-09-16 13:37:58 | INFO | bdc.consumidores | Classificação documental para WEG 03072025.xlsx: tipo=>=5MWm analise=detalhada
2026-09-16 13:37:58 | INFO | bdc.consumidores | Iniciando validação unificada do registro. CNPJ=07175725000160
2026-09-16 13:37:58 | INFO | bdc.consumidores | Validação concluída. CNPJ=07175725000160 ERROS=0 AVISOS=1
2026-09-16 13:37:58 | INFO | bdc.consumidores | Validação condicional concluída para 07175725000160. Tipo=detalhada ERROS=2 AVISOS=2
2026-09-16 13:37:58 | INFO | bdc.consumidores | Ficha processada com sucesso: WEG 03072025.xlsx.
2026-09-16 13:37:58 | INFO | bdc.consumidores | Iniciando processamento do arquivo WEG 11012024.xlsx em modo incremental.
2026-09-16 13:37:58 | INFO | bdc.consumidores | Extração competitiva: Vencedor padrao_1 identificado para WEG 11012024.xlsx.
2026-09-16 13:37:58 | INFO | bdc.consumidores | Registro normalizado (Entrada: 28, Saída: 30).
2026-09-16 13:37:58 | INFO | bdc.consumidores | Classificação documental para WEG 11012024.xlsx: tipo=>=5MWm analise=detalhada
2026-09-16 13:37:58 | INFO | bdc.consumidores | Iniciando validação unificada do registro. CNPJ=07175725000160
2026-09-16 13:37:58 | INFO | bdc.consumidores | Validação concluída. CNPJ=07175725000160 ERROS=0 AVISOS=1
2026-09-16 13:37:58 | INFO | bdc.consumidores | Validação condicional concluída para 07175725000160. Tipo=detalhada ERROS=2 AVISOS=2
2026-09-16 13:37:58 | INFO | bdc.consumidores | Ficha processada com sucesso: WEG 11012024.xlsx.
2026-09-16 13:37:58 | INFO | bdc.consumidores | Iniciando processamento do arquivo WEG 25112024.xlsx em modo incremental.
2026-09-16 13:37:58 | INFO | bdc.consumidores | Extração competitiva: Vencedor padrao_1 identificado para WEG 25112024.xlsx.
2026-09-16 13:37:58 | INFO | bdc.consumidores | Registro normalizado (Entrada: 28, Saída: 30).
2026-09-16 13:37:58 | INFO | bdc.consumidores | Classificação documental para WEG 25112024.xlsx: tipo=>=5MWm analise=detalhada
2026-09-16 13:37:58 | INFO | bdc.consumidores | Iniciando validação unificada do registro. CNPJ=07175725000160
2026-09-16 13:37:58 | INFO | bdc.consumidores | Validação concluída. CNPJ=07175725000160 ERROS=0 AVISOS=0
2026-09-16 13:37:58 | INFO | bdc.consumidores | Validação condicional concluída para 07175725000160. Tipo=detalhada ERROS=2 AVISOS=1
2026-09-16 13:37:58 | INFO | bdc.consumidores | Ficha processada com sucesso: WEG 25112024.xlsx.
2026-09-16 13:37:58 | INFO | bdc.consumidores | Iniciando processamento do arquivo WEG RATING 04112025.xlsx em modo incremental.
2026-09-16 13:37:58 | INFO | bdc.consumidores | Extração competitiva: Vencedor padrao_2 identificado para WEG RATING 04112025.xlsx.
2026-09-16 13:37:58 | INFO | bdc.consumidores | Registro normalizado (Entrada: 28, Saída: 30).
2026-09-16 13:37:58 | INFO | bdc.consumidores | Classificação documental para WEG RATING 04112025.xlsx: tipo=>=5MWm analise=detalhada
2026-09-16 13:37:58 | INFO | bdc.consumidores | Iniciando validação unificada do registro. CNPJ=07175725000160
2026-09-16 13:37:58 | INFO | bdc.consumidores | Validação concluída. CNPJ=07175725000160 ERROS=0 AVISOS=1
2026-09-16 13:37:58 | INFO | bdc.consumidores | Validação condicional concluída para 07175725000160. Tipo=detalhada ERROS=1 AVISOS=1
2026-09-16 13:37:58 | INFO | bdc.consumidores | Iniciando processamento do arquivo WHB_08042024.xlsx em modo incremental.
2026-09-16 13:37:58 | INFO | bdc.consumidores | Extração competitiva: Vencedor padrao_1 identificado para WHB_08042024.xlsx.
2026-09-16 13:37:58 | INFO | bdc.consumidores | Registro normalizado (Entrada: 28, Saída: 30).
2026-09-16 13:37:58 | INFO | bdc.consumidores | Classificação documental para WHB_08042024.xlsx: tipo=>=5MWm analise=detalhada
2026-09-16 13:37:58 | INFO | bdc.consumidores | Iniciando validação unificada do registro. CNPJ=01261681000104
2026-09-16 13:37:58 | INFO | bdc.consumidores | Validação concluída. CNPJ=01261681000104 ERROS=0 AVISOS=1
2026-09-16 13:37:58 | INFO | bdc.consumidores | Validação condicional concluída para 01261681000104. Tipo=detalhada ERROS=2 AVISOS=2
2026-09-16 13:37:58 | INFO | bdc.consumidores | Ficha processada com sucesso: WHB_08042024.xlsx.
2026-09-16 13:37:58 | INFO | bdc.consumidores | Iniciando processamento do arquivo WHB_11042024.xlsx em modo incremental.
2026-09-16 13:37:58 | INFO | bdc.consumidores | Extração competitiva: Vencedor padrao_1 identificado para WHB_11042024.xlsx.
2026-09-16 13:37:58 | INFO | bdc.consumidores | Registro normalizado (Entrada: 28, Saída: 30).
2026-09-16 13:37:58 | INFO | bdc.consumidores | Classificação documental para WHB_11042024.xlsx: tipo=>=5MWm analise=detalhada
2026-09-16 13:37:58 | INFO | bdc.consumidores | Iniciando validação unificada do registro. CNPJ=01261681000104
2026-09-16 13:37:58 | INFO | bdc.consumidores | Validação concluída. CNPJ=01261681000104 ERROS=0 AVISOS=1
2026-09-16 13:37:58 | INFO | bdc.consumidores | Validação condicional concluída para 01261681000104. Tipo=detalhada ERROS=2 AVISOS=2
2026-09-16 13:37:58 | INFO | bdc.consumidores | Ficha processada com sucesso: WHB_11042024.xlsx.
2026-09-16 13:37:58 | INFO | bdc.consumidores | Iniciando processamento do arquivo WHIRLPOOL_24_04_2023.xlsx em modo incremental.
2026-09-16 13:37:58 | INFO | bdc.consumidores | Extração competitiva: Vencedor padrao_1 identificado para WHIRLPOOL_24_04_2023.xlsx.
2026-09-16 13:37:58 | INFO | bdc.consumidores | Registro normalizado (Entrada: 28, Saída: 30).
2026-09-16 13:37:58 | INFO | bdc.consumidores | Classificação documental para WHIRLPOOL_24_04_2023.xlsx: tipo=>=5MWm analise=detalhada
2026-09-16 13:37:58 | INFO | bdc.consumidores | Iniciando validação unificada do registro. CNPJ=59105999000186
2026-09-16 13:37:58 | INFO | bdc.consumidores | Validação concluída. CNPJ=59105999000186 ERROS=0 AVISOS=0
2026-09-16 13:37:58 | INFO | bdc.consumidores | Validação condicional concluída para 59105999000186. Tipo=detalhada ERROS=2 AVISOS=1
2026-09-16 13:37:58 | INFO | bdc.consumidores | Ficha processada com sucesso: WHIRLPOOL_24_04_2023.xlsx.
2026-09-16 13:37:58 | INFO | bdc.consumidores | Iniciando processamento do arquivo WHITE MARTINS 20082025.xlsx em modo incremental.
2026-09-16 13:37:58 | INFO | bdc.consumidores | Extração competitiva: Vencedor padrao_1 identificado para WHITE MARTINS 20082025.xlsx.
2026-09-16 13:37:58 | INFO | bdc.consumidores | Registro normalizado (Entrada: 28, Saída: 30).
2026-09-16 13:37:58 | INFO | bdc.consumidores | Classificação documental para WHITE MARTINS 20082025.xlsx: tipo=>=5MWm analise=detalhada
2026-09-16 13:37:58 | INFO | bdc.consumidores | Iniciando validação unificada do registro. CNPJ=35820448000136
2026-09-16 13:37:58 | INFO | bdc.consumidores | Validação concluída. CNPJ=35820448000136 ERROS=0 AVISOS=1
2026-09-16 13:37:58 | INFO | bdc.consumidores | Validação condicional concluída para 35820448000136. Tipo=detalhada ERROS=2 AVISOS=2
2026-09-16 13:37:58 | INFO | bdc.consumidores | Ficha processada com sucesso: WHITE MARTINS 20082025.xlsx.
2026-09-16 13:37:58 | INFO | bdc.consumidores | Iniciando processamento do arquivo WHITE MARTINS 30072026.xlsx em modo incremental.
2026-09-16 13:37:58 | INFO | bdc.consumidores | Extração competitiva: Vencedor padrao_2 identificado para WHITE MARTINS 30072026.xlsx.
2026-09-16 13:37:58 | INFO | bdc.consumidores | Registro normalizado (Entrada: 28, Saída: 30).
2026-09-16 13:37:58 | INFO | bdc.consumidores | Classificação documental para WHITE MARTINS 30072026.xlsx: tipo=<5MWm analise=simplificada
2026-09-16 13:37:58 | INFO | bdc.consumidores | Iniciando validação unificada do registro. CNPJ=35820448000136
2026-09-16 13:37:58 | INFO | bdc.consumidores | Validação concluída. CNPJ=35820448000136 ERROS=0 AVISOS=0
2026-09-16 13:37:59 | INFO | bdc.consumidores | Validação condicional concluída para 35820448000136. Tipo=simplificada ERROS=1 AVISOS=1
2026-09-16 13:37:59 | INFO | bdc.consumidores | Ficha processada com sucesso: WHITE MARTINS 30072026.xlsx.
2026-09-16 13:37:59 | INFO | bdc.consumidores | Iniciando processamento do arquivo WHITE MARTINS RATING 30102025.xlsx em modo incremental.
2026-09-16 13:37:59 | INFO | bdc.consumidores | Extração competitiva: Vencedor padrao_2 identificado para WHITE MARTINS RATING 30102025.xlsx.
2026-09-16 13:37:59 | INFO | bdc.consumidores | Registro normalizado (Entrada: 28, Saída: 30).
2026-09-16 13:37:59 | INFO | bdc.consumidores | Classificação documental para WHITE MARTINS RATING 30102025.xlsx: tipo=>=5MWm analise=detalhada
2026-09-16 13:37:59 | INFO | bdc.consumidores | Iniciando validação unificada do registro. CNPJ=35820448000136
2026-09-16 13:37:59 | INFO | bdc.consumidores | Validação concluída. CNPJ=35820448000136 ERROS=0 AVISOS=1
2026-09-16 13:37:59 | INFO | bdc.consumidores | Validação condicional concluída para 35820448000136. Tipo=detalhada ERROS=0 AVISOS=1
2026-09-16 13:37:59 | INFO | bdc.consumidores | Iniciando processamento do arquivo YARA 13072026.xlsx em modo incremental.
2026-09-16 13:37:59 | INFO | bdc.consumidores | Extração competitiva: Vencedor padrao_1 identificado para YARA 13072026.xlsx.
2026-09-16 13:37:59 | INFO | bdc.consumidores | Registro normalizado (Entrada: 28, Saída: 30).
2026-09-16 13:37:59 | INFO | bdc.consumidores | Classificação documental para YARA 13072026.xlsx: tipo=<5MWm analise=simplificada
2026-09-16 13:37:59 | INFO | bdc.consumidores | Iniciando validação unificada do registro. CNPJ=None
2026-09-16 13:37:59 | INFO | bdc.consumidores | Validação concluída. CNPJ=None ERROS=3 AVISOS=0
2026-09-16 13:37:59 | WARNING | bdc.consumidores | Erros de validação para CNPJ=None: ['GATE_ENGINE ausente: CNPJ', 'GATE_ENGINE ausente: EMPRESA', 'GATE_ENGINE ausente: DATA_DEMONSTRACAO_FINANCEIRA']
2026-09-16 13:37:59 | INFO | bdc.consumidores | Validação condicional concluída para None. Tipo=simplificada ERROS=4 AVISOS=1
2026-09-16 13:37:59 | INFO | bdc.consumidores | Iniciando processamento do arquivo YARA NITROGENADOS RATING 11112025.xlsx em modo incremental.
2026-09-16 13:37:59 | INFO | bdc.consumidores | Extração competitiva: Vencedor padrao_2 identificado para YARA NITROGENADOS RATING 11112025.xlsx.
2026-09-16 13:37:59 | INFO | bdc.consumidores | Registro normalizado (Entrada: 28, Saída: 30).
2026-09-16 13:37:59 | INFO | bdc.consumidores | Classificação documental para YARA NITROGENADOS RATING 11112025.xlsx: tipo=>=5MWm analise=detalhada
2026-09-16 13:37:59 | INFO | bdc.consumidores | Iniciando validação unificada do registro. CNPJ=92660604016933
2026-09-16 13:37:59 | INFO | bdc.consumidores | Validação concluída. CNPJ=92660604016933 ERROS=0 AVISOS=0
2026-09-16 13:37:59 | INFO | bdc.consumidores | Validação condicional concluída para 92660604016933. Tipo=detalhada ERROS=0 AVISOS=0
2026-09-16 13:37:59 | INFO | bdc.consumidores | Ficha processada com sucesso: YARA NITROGENADOS RATING 11112025.xlsx.
2026-09-16 13:37:59 | INFO | bdc.consumidores | Iniciando processamento do arquivo ZILOR 27052026.xlsx em modo incremental.
2026-09-16 13:37:59 | INFO | bdc.consumidores | Extração competitiva: Vencedor padrao_1 identificado para ZILOR 27052026.xlsx.
2026-09-16 13:37:59 | INFO | bdc.consumidores | Registro normalizado (Entrada: 28, Saída: 30).
2026-09-16 13:37:59 | INFO | bdc.consumidores | Classificação documental para ZILOR 27052026.xlsx: tipo=<5MWm analise=simplificada
2026-09-16 13:37:59 | INFO | bdc.consumidores | Iniciando validação unificada do registro. CNPJ=None
2026-09-16 13:37:59 | INFO | bdc.consumidores | Validação concluída. CNPJ=None ERROS=3 AVISOS=0
2026-09-16 13:37:59 | WARNING | bdc.consumidores | Erros de validação para CNPJ=None: ['GATE_ENGINE ausente: CNPJ', 'GATE_ENGINE ausente: EMPRESA', 'GATE_ENGINE ausente: DATA_DEMONSTRACAO_FINANCEIRA']
2026-09-16 13:37:59 | INFO | bdc.consumidores | Validação condicional concluída para None. Tipo=simplificada ERROS=4 AVISOS=1
2026-09-16 13:37:59 | INFO | bdc.consumidores | Iniciando processamento do arquivo ficha ARAUCO 2022.xlsx em modo incremental.
2026-09-16 13:37:59 | INFO | bdc.consumidores | Extração competitiva: Vencedor padrao_1 identificado para ficha ARAUCO 2022.xlsx.
2026-09-16 13:37:59 | INFO | bdc.consumidores | Registro normalizado (Entrada: 28, Saída: 30).
2026-09-16 13:37:59 | INFO | bdc.consumidores | Classificação documental para ficha ARAUCO 2022.xlsx: tipo=>=5MWm analise=detalhada
2026-09-16 13:37:59 | INFO | bdc.consumidores | Iniciando validação unificada do registro. CNPJ=76518836000144
2026-09-16 13:37:59 | INFO | bdc.consumidores | Validação concluída. CNPJ=76518836000144 ERROS=0 AVISOS=1
2026-09-16 13:37:59 | INFO | bdc.consumidores | Validação condicional concluída para 76518836000144. Tipo=detalhada ERROS=2 AVISOS=2
2026-09-16 13:37:59 | INFO | bdc.consumidores | Ficha processada com sucesso: ficha ARAUCO 2022.xlsx.
2026-09-16 13:37:59 | INFO | bdc.consumidores | Iniciando processamento do arquivo ficha BASF 2022.xlsx em modo incremental.
2026-09-16 13:37:59 | INFO | bdc.consumidores | Extração competitiva: Vencedor padrao_1 identificado para ficha BASF 2022.xlsx.
2026-09-16 13:37:59 | INFO | bdc.consumidores | Registro normalizado (Entrada: 28, Saída: 30).
2026-09-16 13:37:59 | INFO | bdc.consumidores | Classificação documental para ficha BASF 2022.xlsx: tipo=>=5MWm analise=detalhada
2026-09-16 13:37:59 | INFO | bdc.consumidores | Iniciando validação unificada do registro. CNPJ=48539407007392
2026-09-16 13:37:59 | INFO | bdc.consumidores | Validação concluída. CNPJ=48539407007392 ERROS=0 AVISOS=0
2026-09-16 13:37:59 | INFO | bdc.consumidores | Validação condicional concluída para 48539407007392. Tipo=detalhada ERROS=2 AVISOS=1
2026-09-16 13:37:59 | INFO | bdc.consumidores | Ficha processada com sucesso: ficha BASF 2022.xlsx.
2026-09-16 13:37:59 | INFO | bdc.consumidores | Iniciando processamento do arquivo ficha FERBASA 2022.xlsx em modo incremental.
2026-09-16 13:37:59 | INFO | bdc.consumidores | Extração competitiva: Vencedor padrao_1 identificado para ficha FERBASA 2022.xlsx.
2026-09-16 13:37:59 | INFO | bdc.consumidores | Registro normalizado (Entrada: 28, Saída: 30).
2026-09-16 13:37:59 | INFO | bdc.consumidores | Classificação documental para ficha FERBASA 2022.xlsx: tipo=>=5MWm analise=detalhada
2026-09-16 13:37:59 | INFO | bdc.consumidores | Iniciando validação unificada do registro. CNPJ=15141799000103
2026-09-16 13:37:59 | INFO | bdc.consumidores | Validação concluída. CNPJ=15141799000103 ERROS=0 AVISOS=0
2026-09-16 13:37:59 | INFO | bdc.consumidores | Validação condicional concluída para 15141799000103. Tipo=detalhada ERROS=2 AVISOS=1
2026-09-16 13:37:59 | INFO | bdc.consumidores | Ficha processada com sucesso: ficha FERBASA 2022.xlsx.
2026-09-16 13:37:59 | INFO | bdc.consumidores | Iniciando processamento do arquivo ficha SANTHER 2022-10.xlsx em modo incremental.
2026-09-16 13:37:59 | INFO | bdc.consumidores | Extração competitiva: Vencedor padrao_1 identificado para ficha SANTHER 2022-10.xlsx.
2026-09-16 13:37:59 | INFO | bdc.consumidores | Registro normalizado (Entrada: 28, Saída: 30).
2026-09-16 13:37:59 | INFO | bdc.consumidores | Classificação documental para ficha SANTHER 2022-10.xlsx: tipo=>=5MWm analise=detalhada
2026-09-16 13:37:59 | INFO | bdc.consumidores | Iniciando validação unificada do registro. CNPJ=61101895003918
2026-09-16 13:37:59 | INFO | bdc.consumidores | Validação concluída. CNPJ=61101895003918 ERROS=0 AVISOS=1
2026-09-16 13:37:59 | INFO | bdc.consumidores | Validação condicional concluída para 61101895003918. Tipo=detalhada ERROS=2 AVISOS=2
2026-09-16 13:37:59 | INFO | bdc.consumidores | Ficha processada com sucesso: ficha SANTHER 2022-10.xlsx.
2026-09-16 13:37:59 | INFO | bdc.consumidores | Iniciando processamento do arquivo ficha São Eutiquiano Participações (Grupo Maringá) 2022.xlsx em modo incremental.
2026-09-16 13:37:59 | INFO | bdc.consumidores | Extração competitiva: Vencedor padrao_1 identificado para ficha São Eutiquiano Participações (Grupo Maringá) 2022.xlsx.
2026-09-16 13:38:00 | INFO | bdc.consumidores | Registro normalizado (Entrada: 28, Saída: 30).
2026-09-16 13:38:00 | INFO | bdc.consumidores | Classificação documental para ficha São Eutiquiano Participações (Grupo Maringá) 2022.xlsx: tipo=>=5MWm analise=detalhada
2026-09-16 13:38:00 | INFO | bdc.consumidores | Iniciando validação unificada do registro. CNPJ=12125536000112
2026-09-16 13:38:00 | INFO | bdc.consumidores | Validação concluída. CNPJ=12125536000112 ERROS=0 AVISOS=1
2026-09-16 13:38:00 | INFO | bdc.consumidores | Validação condicional concluída para 12125536000112. Tipo=detalhada ERROS=2 AVISOS=2
2026-09-16 13:38:00 | INFO | bdc.consumidores | Ficha processada com sucesso: ficha São Eutiquiano Participações (Grupo Maringá) 2022.xlsx.
2026-09-16 13:38:00 | INFO | bdc.consumidores | Iniciando processamento do arquivo ficha Yara Brasil Fertilizantes SA 2022.xlsx em modo incremental.
2026-09-16 13:38:00 | INFO | bdc.consumidores | Extração competitiva: Vencedor padrao_1 identificado para ficha Yara Brasil Fertilizantes SA 2022.xlsx.
2026-09-16 13:38:00 | INFO | bdc.consumidores | Registro normalizado (Entrada: 28, Saída: 30).
2026-09-16 13:38:00 | INFO | bdc.consumidores | Classificação documental para ficha Yara Brasil Fertilizantes SA 2022.xlsx: tipo=>=5MWm analise=detalhada
2026-09-16 13:38:00 | INFO | bdc.consumidores | Iniciando validação unificada do registro. CNPJ=92660604000182
2026-09-16 13:38:00 | INFO | bdc.consumidores | Validação concluída. CNPJ=92660604000182 ERROS=0 AVISOS=0
2026-09-16 13:38:00 | INFO | bdc.consumidores | Validação condicional concluída para 92660604000182. Tipo=detalhada ERROS=2 AVISOS=1
2026-09-16 13:38:00 | INFO | bdc.consumidores | Ficha processada com sucesso: ficha Yara Brasil Fertilizantes SA 2022.xlsx.
2026-09-16 13:38:00 | INFO | bdc.consumidores | Iniciando processamento do arquivo ficha modelo livres acima de 2MWm.xlsx em modo incremental.
2026-09-16 13:38:00 | INFO | bdc.consumidores | Extração competitiva: Vencedor padrao_1 identificado para ficha modelo livres acima de 2MWm.xlsx.
2026-09-16 13:38:00 | INFO | bdc.consumidores | Registro normalizado (Entrada: 28, Saída: 30).
2026-09-16 13:38:00 | INFO | bdc.consumidores | Classificação documental para ficha modelo livres acima de 2MWm.xlsx: tipo=>=5MWm analise=detalhada
2026-09-16 13:38:00 | INFO | bdc.consumidores | Iniciando validação unificada do registro. CNPJ=33200056000149
2026-09-16 13:38:00 | INFO | bdc.consumidores | Validação concluída. CNPJ=33200056000149 ERROS=0 AVISOS=1
2026-09-16 13:38:00 | INFO | bdc.consumidores | Validação condicional concluída para 33200056000149. Tipo=detalhada ERROS=2 AVISOS=2
2026-09-16 13:38:00 | INFO | bdc.consumidores | Ficha processada com sucesso: ficha modelo livres acima de 2MWm.xlsx.
2026-09-16 13:38:00 | INFO | bdc.consumidores | Iniciando processamento do arquivo spal 05032024.xlsx em modo incremental.
2026-09-16 13:38:00 | INFO | bdc.consumidores | Extração competitiva: Vencedor padrao_1 identificado para spal 05032024.xlsx.
2026-09-16 13:38:00 | INFO | bdc.consumidores | Registro normalizado (Entrada: 28, Saída: 30).
2026-09-16 13:38:00 | INFO | bdc.consumidores | Classificação documental para spal 05032024.xlsx: tipo=>=5MWm analise=detalhada
2026-09-16 13:38:00 | INFO | bdc.consumidores | Iniciando validação unificada do registro. CNPJ=61186888000193
2026-09-16 13:38:00 | INFO | bdc.consumidores | Validação concluída. CNPJ=61186888000193 ERROS=0 AVISOS=0
2026-09-16 13:38:00 | INFO | bdc.consumidores | Validação condicional concluída para 61186888000193. Tipo=detalhada ERROS=3 AVISOS=1
2026-09-16 13:38:00 | INFO | bdc.consumidores | Ficha processada com sucesso: spal 05032024.xlsx.
2026-09-16 13:38:00 | INFO | bdc.consumidores | Resumo do processamento: {'run_id': 'BDC_20260916_133618', 'arquivos_recebidos': 729, 'arquivos_reprocessamento': 0, 'registros_silver': 575}
