2026-09-25 12:30:02 | INFO | services.connectors.risk3_connector | --- INICIANDO CONSULTA RISK3 BUREAU (2972 CNPJs) ---
2026-09-25 12:30:02 | INFO | services.connectors.risk3_connector | [1/2972] CNPJ 00000569605903 -> CACHE (SUCESSO, 92d/365d)
2026-09-25 12:30:02 | INFO | services.connectors.risk3_connector | [2/2972] CNPJ 00000993000100 -> CACHE (NAO_ENCONTRADO, 3d/30d)
2026-09-25 12:30:02 | INFO | services.connectors.risk3_connector | [3/2972] CNPJ 00001180000126 -> CACHE (SUCESSO, 38d/365d)
2026-09-25 12:30:02 | INFO | services.connectors.risk3_connector | [4/2972] CNPJ 00001180000207 -> CACHE (NAO_ENCONTRADO, 9d/30d)
2026-09-25 12:30:02 | INFO | services.connectors.risk3_connector | [5/2972] CNPJ 00007750000195 -> CACHE (SUCESSO, 93d/365d)
2026-09-25 12:30:02 | INFO | services.connectors.risk3_connector | [6/2972] CNPJ 00021096000417 -> CACHE (NAO_ENCONTRADO, 9d/30d)
2026-09-25 12:30:02 | INFO | services.connectors.risk3_connector | [7/2972] CNPJ 00056633000111 -> CACHE (SUCESSO, 254d/365d)
2026-09-25 12:30:02 | INFO | services.connectors.risk3_connector | [8/2972] CNPJ 00064742000180 -> CACHE (SUCESSO, 92d/365d)
2026-09-25 12:30:02 | INFO | services.connectors.risk3_connector | [9/2972] CNPJ 00071815000161 -> CACHE (SUCESSO, 87d/365d)
2026-09-25 12:30:02 | INFO | services.connectors.risk3_connector | [10/2972] CNPJ 00074023000140 -> CACHE (SUCESSO, 52d/365d)
2026-09-25 12:30:02 | INFO | services.connectors.risk3_connector | [11/2972] CNPJ 00074569000100 -> CACHE (SUCESSO, 231d/365d)
2026-09-25 12:30:02 | INFO | services.connectors.risk3_connector | [12/2972] CNPJ 00080671000100 -> CACHE (SUCESSO, 254d/365d)
2026-09-25 12:30:02 | INFO | services.connectors.risk3_connector | [13/2972] CNPJ 00080671000371 -> CACHE (NAO_ENCONTRADO, 3d/30d)
2026-09-25 12:30:02 | INFO | services.connectors.risk3_connector | [14/2972] CNPJ 00082024000137 -> CACHE (SUCESSO, 248d/365d)
2026-09-25 12:30:02 | INFO | services.connectors.risk3_connector | [15/2972] CNPJ 00086338000108 -> CACHE (SUCESSO, 287d/365d)
2026-09-25 12:30:02 | INFO | services.connectors.risk3_connector | [16/2972] CNPJ 00093197000231 -> CACHE (NAO_ENCONTRADO, 3d/30d)
2026-09-25 12:30:02 | INFO | services.connectors.risk3_connector | [17/2972] CNPJ 00111960000129 -> CACHE (SUCESSO, 293d/365d)
2026-09-25 12:30:02 | INFO | services.connectors.risk3_connector | [18/2972] CNPJ 00158606000150 -> CACHE (SUCESSO, 329d/365d)
2026-09-25 12:30:02 | INFO | services.connectors.risk3_connector | [19/2972] CNPJ 00178840000149 -> CACHE (SUCESSO, 92d/365d)
2026-09-25 12:30:02 | INFO | services.connectors.risk3_connector | [20/2972] CNPJ 00186720000274 -> CACHE (NAO_ENCONTRADO, 3d/30d)
2026-09-25 12:30:02 | INFO | services.connectors.risk3_connector | [21/2972] CNPJ 00194724000113 -> CACHE (NAO_ENCONTRADO, 23d/30d)
2026-09-25 12:30:02 | INFO | services.connectors.risk3_connector | [22/2972] CNPJ 00204820000103 -> CACHE (SUCESSO, 241d/365d)
2026-09-25 12:30:02 | INFO | services.connectors.risk3_connector | [23/2972] CNPJ 00205375000350 -> CACHE (NAO_ENCONTRADO, 3d/30d)
2026-09-25 12:30:02 | INFO | services.connectors.risk3_connector | [24/2972] CNPJ 00212305000167 -> CACHE (SUCESSO, 92d/365d)
2026-09-25 12:30:02 | INFO | services.connectors.risk3_connector | [25/2972] CNPJ 00246872000134 -> CACHE (SUCESSO, 93d/365d)
2026-09-25 12:30:02 | INFO | services.connectors.risk3_connector | [26/2972] CNPJ 00257348000169 -> CACHE (SUCESSO, 121d/365d)
2026-09-25 12:30:02 | INFO | services.connectors.risk3_connector | [27/2972] CNPJ 00262371000575 -> CACHE (SUCESSO, 155d/365d)
2026-09-25 12:30:02 | INFO | services.connectors.risk3_connector | [28/2972] CNPJ 00291633000104 -> CACHE (NAO_ENCONTRADO, 9d/30d)
2026-09-25 12:30:02 | INFO | services.connectors.risk3_connector | [29/2972] CNPJ 00298749000167 -> CACHE (SUCESSO, 255d/365d)
2026-09-25 12:30:02 | INFO | services.connectors.risk3_connector | [30/2972] CNPJ 00301560000186 -> CACHE (SUCESSO, 212d/365d)
2026-09-25 12:30:02 | INFO | services.connectors.risk3_connector | [31/2972] CNPJ 00304148000110 -> CACHE (NAO_ENCONTRADO, 3d/30d)
2026-09-25 12:30:02 | INFO | services.connectors.risk3_connector | [32/2972] CNPJ 00314794000168 -> CACHE (SUCESSO, 93d/365d)
2026-09-25 12:30:02 | INFO | services.connectors.risk3_connector | [33/2972] CNPJ 00333653000192 -> CACHE (NAO_ENCONTRADO, 3d/30d)
2026-09-25 12:30:02 | INFO | services.connectors.risk3_connector | [34/2972] CNPJ 00336754000117 -> CACHE (SUCESSO, 212d/365d)
2026-09-25 12:30:02 | INFO | services.connectors.risk3_connector | [35/2972] CNPJ 00339244000101 -> CACHE (SUCESSO, 92d/365d)
2026-09-25 12:30:02 | INFO | services.connectors.risk3_connector | [36/2972] CNPJ 00349443000192 -> CACHE (NAO_ENCONTRADO, 3d/30d)
2026-09-25 12:30:02 | INFO | services.connectors.risk3_connector | [37/2972] CNPJ 00350242000105 -> CACHE (SUCESSO, 129d/365d)
2026-09-25 12:30:02 | INFO | services.connectors.risk3_connector | [38/2972] CNPJ 00350763000162 -> CACHE (SUCESSO, 246d/365d)
2026-09-25 12:30:02 | INFO | services.connectors.risk3_connector | [39/2972] CNPJ 00350763002297 -> CACHE (SUCESSO, 119d/365d)
2026-09-25 12:30:02 | INFO | services.connectors.risk3_connector | [40/2972] CNPJ 00358369000170 -> CACHE (SUCESSO, 86d/365d)
2026-09-25 12:30:02 | INFO | services.connectors.risk3_connector | [41/2972] CNPJ 00359256000190 -> CACHE (SUCESSO, 191d/365d)
2026-09-25 12:30:02 | INFO | services.connectors.risk3_connector | [42/2972] CNPJ 00366257000161 -> CACHE (SUCESSO, 170d/365d)
2026-09-25 12:30:02 | INFO | services.connectors.risk3_connector | [43/2972] CNPJ 00374121000101 -> CACHE (SUCESSO, 318d/365d)
2026-09-25 12:30:02 | INFO | services.connectors.risk3_connector | [44/2972] CNPJ 00395490000172 -> CACHE (SUCESSO, 121d/365d)
2026-09-25 12:30:02 | INFO | services.connectors.risk3_connector | [45/2972] CNPJ 00412182000108 -> CACHE (SUCESSO, 93d/365d)
2026-09-25 12:30:02 | INFO | services.connectors.risk3_connector | [46/2972] CNPJ 00425544000103 -> CACHE (NAO_ENCONTRADO, 3d/30d)
2026-09-25 12:30:02 | INFO | services.connectors.risk3_connector | [47/2972] CNPJ 00441012000151 -> CACHE (SUCESSO, 100d/365d)
2026-09-25 12:30:02 | INFO | services.connectors.risk3_connector | [48/2972] CNPJ 00457993000125 -> CACHE (SUCESSO, 93d/365d)
2026-09-25 12:30:02 | INFO | services.connectors.risk3_connector | [49/2972] CNPJ 00460424000562 -> CACHE (NAO_ENCONTRADO, 3d/30d)
2026-09-25 12:30:02 | INFO | services.connectors.risk3_connector | [50/2972] CNPJ 00464830000684 -> CACHE (SUCESSO, 93d/365d)
2026-09-25 12:30:02 | INFO | services.connectors.risk3_connector | [51/2972] CNPJ 00465813000408 -> CACHE (SUCESSO, 93d/365d)
2026-09-25 12:30:02 | INFO | services.connectors.risk3_connector | [52/2972] CNPJ 00495545000116 -> CACHE (SUCESSO, 92d/365d)
2026-09-25 12:30:02 | INFO | services.connectors.risk3_connector | [53/2972] CNPJ 00496586000127 -> CACHE (SUCESSO, 255d/365d)
2026-09-25 12:30:02 | INFO | services.connectors.risk3_connector | [54/2972] CNPJ 00508070000155 -> CACHE (SUCESSO, 198d/365d)
2026-09-25 12:30:02 | INFO | services.connectors.risk3_connector | [55/2972] CNPJ 00514820000100 -> CACHE (SUCESSO, 165d/365d)
2026-09-25 12:30:02 | INFO | services.connectors.risk3_connector | [56/2972] CNPJ 00514820001173 -> CACHE (NAO_ENCONTRADO, 3d/30d)
2026-09-25 12:30:02 | INFO | services.connectors.risk3_connector | [57/2972] CNPJ 00552646000181 -> CACHE (SUCESSO, 126d/365d)
2026-09-25 12:30:02 | INFO | services.connectors.risk3_connector | [58/2972] CNPJ 00553934000150 -> CACHE (SUCESSO, 297d/365d)
2026-09-25 12:30:02 | INFO | services.connectors.risk3_connector | [59/2972] CNPJ 00568480000191 -> CACHE (SUCESSO, 255d/365d)
2026-09-25 12:30:02 | INFO | services.connectors.risk3_connector | [60/2972] CNPJ 00570834000132 -> CACHE (NAO_ENCONTRADO, 3d/30d)
2026-09-25 12:30:02 | INFO | services.connectors.risk3_connector | [61/2972] CNPJ 00573283000160 -> CACHE (SUCESSO, 93d/365d)
2026-09-25 12:30:02 | INFO | services.connectors.risk3_connector | [62/2972] CNPJ 00583224000173 -> CACHE (SUCESSO, 92d/365d)
2026-09-25 12:30:02 | INFO | services.connectors.risk3_connector | [63/2972] CNPJ 00584302000154 -> CACHE (SUCESSO, 65d/365d)
2026-09-25 12:30:02 | INFO | services.connectors.risk3_connector | [64/2972] CNPJ 00601731000192 -> CACHE (SUCESSO, 93d/365d)
2026-09-25 12:30:02 | INFO | services.connectors.risk3_connector | [65/2972] CNPJ 00605582000130 -> CACHE (SUCESSO, 255d/365d)
2026-09-25 12:30:02 | INFO | services.connectors.risk3_connector | [66/2972] CNPJ 00632761000166 -> CACHE (NAO_ENCONTRADO, 3d/30d)
2026-09-25 12:30:02 | INFO | services.connectors.risk3_connector | [67/2972] CNPJ 00649756000166 -> CACHE (SUCESSO, 101d/365d)
2026-09-25 12:30:02 | INFO | services.connectors.risk3_connector | [68/2972] CNPJ 00662514000102 -> CACHE (SUCESSO, 93d/365d)
2026-09-25 12:30:02 | INFO | services.connectors.risk3_connector | [69/2972] CNPJ 00668630000139 -> CACHE (SUCESSO, 190d/365d)
2026-09-25 12:30:02 | INFO | services.connectors.risk3_connector | [70/2972] CNPJ 00671047000187 -> CACHE (SUCESSO, 353d/365d)
2026-09-25 12:30:02 | INFO | services.connectors.risk3_connector | [71/2972] CNPJ 00717453000133 -> CACHE (SUCESSO, 86d/365d)
2026-09-25 12:30:02 | INFO | services.connectors.risk3_connector | [72/2972] CNPJ 00721056000216 -> CACHE (NAO_ENCONTRADO, 3d/30d)
2026-09-25 12:30:02 | INFO | services.connectors.risk3_connector | [73/2972] CNPJ 00727465000149 -> CACHE (SUCESSO, 92d/365d)
2026-09-25 12:30:02 | INFO | services.connectors.risk3_connector | [74/2972] CNPJ 00729422000100 -> CACHE (SUCESSO, 106d/365d)
2026-09-25 12:30:02 | INFO | services.connectors.risk3_connector | [75/2972] CNPJ 00746432000146 -> CACHE (SUCESSO, 185d/365d)
2026-09-25 12:30:02 | INFO | services.connectors.risk3_connector | [76/2972] CNPJ 00750846000149 -> CACHE (SUCESSO, 155d/365d)
2026-09-25 12:30:02 | INFO | services.connectors.risk3_connector | [77/2972] CNPJ 00767144000178 -> CACHE (SUCESSO, 121d/365d)
2026-09-25 12:30:02 | INFO | services.connectors.risk3_connector | [78/2972] CNPJ 00767659000178 -> CACHE (SUCESSO, 248d/365d)
2026-09-25 12:30:02 | INFO | services.connectors.risk3_connector | [79/2972] CNPJ 00771979000100 -> CACHE (NAO_ENCONTRADO, 9d/30d)
2026-09-25 12:30:02 | INFO | services.connectors.risk3_connector | [80/2972] CNPJ 00776574000660 -> CACHE (SUCESSO, 179d/365d)
2026-09-25 12:30:02 | INFO | services.connectors.risk3_connector | [81/2972] CNPJ 00807422000173 -> CACHE (SUCESSO, 79d/365d)
2026-09-25 12:30:02 | INFO | services.connectors.risk3_connector | [82/2972] CNPJ 00822488000132 -> CACHE (SUCESSO, 254d/365d)
2026-09-25 12:30:02 | INFO | services.connectors.risk3_connector | [83/2972] CNPJ 00829352000154 -> CACHE (SUCESSO, 93d/365d)
2026-09-25 12:30:02 | INFO | services.connectors.risk3_connector | [84/2972] CNPJ 00831245000160 -> CACHE (SUCESSO, 92d/365d)
2026-09-25 12:30:02 | INFO | services.connectors.risk3_connector | [85/2972] CNPJ 00831373000104 -> CACHE (SUCESSO, 143d/365d)
2026-09-25 12:30:02 | INFO | services.connectors.risk3_connector | [86/2972] CNPJ 00831373007117 -> CACHE (NAO_ENCONTRADO, 3d/30d)
2026-09-25 12:30:02 | INFO | services.connectors.risk3_connector | [87/2972] CNPJ 00853157000160 -> CACHE (SUCESSO, 193d/365d)
2026-09-25 12:30:02 | INFO | services.connectors.risk3_connector | [88/2972] CNPJ 00863529000139 -> CACHE (SUCESSO, 93d/365d)
2026-09-25 12:30:02 | INFO | services.connectors.risk3_connector | [89/2972] CNPJ 00864040000181 -> CACHE (NAO_ENCONTRADO, 3d/30d)
2026-09-25 12:30:02 | INFO | services.connectors.risk3_connector | [90/2972] CNPJ 00868626000114 -> CACHE (SUCESSO, 241d/365d)
2026-09-25 12:30:02 | INFO | services.connectors.risk3_connector | [91/2972] CNPJ 00869496000134 -> CACHE (SUCESSO, 255d/365d)
2026-09-25 12:30:02 | INFO | services.connectors.risk3_connector | [92/2972] CNPJ 00890837000153 -> CACHE (SUCESSO, 353d/365d)
2026-09-25 12:30:02 | INFO | services.connectors.risk3_connector | [93/2972] CNPJ 00893913000265 -> CACHE (SUCESSO, 93d/365d)
2026-09-25 12:30:02 | INFO | services.connectors.risk3_connector | [94/2972] CNPJ 00899825000190 -> CACHE (SUCESSO, 93d/365d)
2026-09-25 12:30:02 | INFO | services.connectors.risk3_connector | [95/2972] CNPJ 00915958000102 -> CACHE (NAO_ENCONTRADO, 3d/30d)
2026-09-25 12:30:02 | INFO | services.connectors.risk3_connector | [96/2972] CNPJ 00931787000105 -> CACHE (SUCESSO, 255d/365d)
2026-09-25 12:30:02 | INFO | services.connectors.risk3_connector | [97/2972] CNPJ 00934658000170 -> CACHE (SUCESSO, 136d/365d)
2026-09-25 12:30:02 | INFO | services.connectors.risk3_connector | [98/2972] CNPJ 00934662000139 -> CACHE (SUCESSO, 92d/365d)
2026-09-25 12:30:02 | INFO | services.connectors.risk3_connector | [99/2972] CNPJ 00979768000159 -> CACHE (SUCESSO, 93d/365d)
2026-09-25 12:30:02 | INFO | services.connectors.risk3_connector | [100/2972] CNPJ 00990842000138 -> CACHE (SUCESSO, 23d/365d)
2026-09-25 12:30:02 | INFO | services.connectors.risk3_connector | [101/2972] CNPJ 00993264000193 -> CACHE (SUCESSO, 58d/365d)
2026-09-25 12:30:02 | INFO | services.connectors.risk3_connector | [102/2972] CNPJ 00993264001912 -> CACHE (NAO_ENCONTRADO, 3d/30d)
2026-09-25 12:30:02 | INFO | services.connectors.risk3_connector | [103/2972] CNPJ 00993264008097 -> CACHE (SUCESSO, 119d/365d)
2026-09-25 12:30:02 | INFO | services.connectors.risk3_connector | [104/2972] CNPJ 01015553000180 -> CACHE (SUCESSO, 353d/365d)
2026-09-25 12:30:02 | INFO | services.connectors.risk3_connector | [105/2972] CNPJ 01019449000164 -> CACHE (SUCESSO, 189d/365d)
2026-09-25 12:30:02 | INFO | services.connectors.risk3_connector | [106/2972] CNPJ 01024607000174 -> CACHE (SUCESSO, 156d/365d)
2026-09-25 12:30:02 | INFO | services.connectors.risk3_connector | [107/2972] CNPJ 01069573000134 -> CACHE (SUCESSO, 92d/365d)
2026-09-25 12:30:02 | INFO | services.connectors.risk3_connector | [108/2972] CNPJ 01105236000155 -> CACHE (SUCESSO, 92d/365d)
2026-09-25 12:30:02 | INFO | services.connectors.risk3_connector | [109/2972] CNPJ 01105558000102 -> CACHE (SUCESSO, 128d/365d)
2026-09-25 12:30:02 | INFO | services.connectors.risk3_connector | [110/2972] CNPJ 01125487000100 -> CACHE (SUCESSO, 92d/365d)
2026-09-25 12:30:02 | INFO | services.connectors.risk3_connector | [111/2972] CNPJ 01144673000188 -> CACHE (SUCESSO, 165d/365d)
2026-09-25 12:30:02 | INFO | services.connectors.risk3_connector | [112/2972] CNPJ 01152790000193 -> CACHE (SUCESSO, 92d/365d)
2026-09-25 12:30:02 | INFO | services.connectors.risk3_connector | [113/2972] CNPJ 01191198000109 -> CACHE (SUCESSO, 92d/365d)
2026-09-25 12:30:02 | INFO | services.connectors.risk3_connector | [114/2972] CNPJ 01198813000109 -> CACHE (SUCESSO, 99d/365d)
2026-09-25 12:30:02 | INFO | services.connectors.risk3_connector | [115/2972] CNPJ 01203549000227 -> CACHE (SUCESSO, 93d/365d)
2026-09-25 12:30:02 | INFO | services.connectors.risk3_connector | [116/2972] CNPJ 01209357000147 -> CACHE (NAO_ENCONTRADO, 3d/30d)
2026-09-25 12:30:02 | INFO | services.connectors.risk3_connector | [117/2972] CNPJ 01225953000110 -> CACHE (SUCESSO, 254d/365d)
2026-09-25 12:30:02 | INFO | services.connectors.risk3_connector | [118/2972] CNPJ 01253958000157 -> CACHE (NAO_ENCONTRADO, 3d/30d)
2026-09-25 12:30:02 | INFO | services.connectors.risk3_connector | [119/2972] CNPJ 01257995000133 -> CACHE (SUCESSO, 45d/365d)
2026-09-25 12:30:02 | INFO | services.connectors.risk3_connector | [120/2972] CNPJ 01261681000104 -> CACHE (SUCESSO, 24d/365d)
2026-09-25 12:30:02 | INFO | services.connectors.risk3_connector | [121/2972] CNPJ 01274980000183 -> CACHE (SUCESSO, 182d/365d)
2026-09-25 12:30:02 | INFO | services.connectors.risk3_connector | [122/2972] CNPJ 01304124000123 -> CACHE (SUCESSO, 136d/365d)
2026-09-25 12:30:02 | INFO | services.connectors.risk3_connector | [123/2972] CNPJ 01304124001790 -> CACHE (SUCESSO, 93d/365d)
2026-09-25 12:30:02 | INFO | services.connectors.risk3_connector | [124/2972] CNPJ 01304136000158 -> CACHE (SUCESSO, 288d/365d)
2026-09-25 12:30:02 | INFO | services.connectors.risk3_connector | [125/2972] CNPJ 01317277000105 -> CACHE (SUCESSO, 248d/365d)
2026-09-25 12:30:02 | INFO | services.connectors.risk3_connector | [126/2972] CNPJ 01325023000139 -> CACHE (NAO_ENCONTRADO, 9d/30d)
2026-09-25 12:30:02 | INFO | services.connectors.risk3_connector | [127/2972] CNPJ 01333984000195 -> CACHE (SUCESSO, 211d/365d)
2026-09-25 12:30:02 | INFO | services.connectors.risk3_connector | [128/2972] CNPJ 01339015000141 -> CACHE (NAO_ENCONTRADO, 3d/30d)
2026-09-25 12:30:02 | INFO | services.connectors.risk3_connector | [129/2972] CNPJ 01354988000150 -> CACHE (SUCESSO, 92d/365d)
2026-09-25 12:30:02 | INFO | services.connectors.risk3_connector | [130/2972] CNPJ 01377961000182 -> CACHE (SUCESSO, 190d/365d)
2026-09-25 12:30:02 | INFO | services.connectors.risk3_connector | [131/2972] CNPJ 01397555000181 -> CACHE (SUCESSO, 92d/365d)
2026-09-25 12:30:02 | INFO | services.connectors.risk3_connector | [132/2972] CNPJ 01405269000110 -> CACHE (SUCESSO, 217d/365d)
2026-09-25 12:30:02 | INFO | services.connectors.risk3_connector | [133/2972] CNPJ 01417701000193 -> CACHE (SUCESSO, 331d/365d)
2026-09-25 12:30:02 | INFO | services.connectors.risk3_connector | [134/2972] CNPJ 01442702000198 -> CACHE (SUCESSO, 168d/365d)
2026-09-25 12:30:02 | INFO | services.connectors.risk3_connector | [135/2972] CNPJ 01445875000160 -> CACHE (SUCESSO, 87d/365d)
2026-09-25 12:30:02 | INFO | services.connectors.risk3_connector | [136/2972] CNPJ 01485633000108 -> CACHE (SUCESSO, 93d/365d)
2026-09-25 12:30:02 | INFO | services.connectors.risk3_connector | [137/2972] CNPJ 01525323000161 -> CACHE (SUCESSO, 255d/365d)
2026-09-25 12:30:02 | INFO | services.connectors.risk3_connector | [138/2972] CNPJ 01526135000158 -> CACHE (NAO_ENCONTRADO, 3d/30d)
2026-09-25 12:30:02 | INFO | services.connectors.risk3_connector | [139/2972] CNPJ 01528473000129 -> CACHE (NAO_ENCONTRADO, 3d/30d)
2026-09-25 12:30:02 | INFO | services.connectors.risk3_connector | [140/2972] CNPJ 01531984000108 -> CACHE (SUCESSO, 210d/365d)
2026-09-25 12:30:02 | INFO | services.connectors.risk3_connector | [141/2972] CNPJ 01543032000104 -> CACHE (NAO_ENCONTRADO, 3d/30d)
2026-09-25 12:30:02 | INFO | services.connectors.risk3_connector | [142/2972] CNPJ 01551272000142 -> CACHE (SUCESSO, 193d/365d)
2026-09-25 12:30:02 | INFO | services.connectors.risk3_connector | [143/2972] CNPJ 01581464000100 -> CACHE (SUCESSO, 164d/365d)
2026-09-25 12:30:02 | INFO | services.connectors.risk3_connector | [144/2972] CNPJ 01594992000195 -> CACHE (SUCESSO, 114d/365d)
2026-09-25 12:30:02 | INFO | services.connectors.risk3_connector | [145/2972] CNPJ 01599436000101 -> CACHE (SUCESSO, 95d/365d)
2026-09-25 12:30:02 | INFO | services.connectors.risk3_connector | [146/2972] CNPJ 01615814000101 -> Consultando API (Endpoint detalhado por CNPJ)...
2026-09-25 12:30:02 | INFO | services.connectors.risk3_connector | SUCESSO na extração dos detalhes do Bureau!
2026-09-25 12:30:03 | INFO | services.connectors.risk3_connector | [147/2972] CNPJ 01616929000102 -> CACHE (NAO_ENCONTRADO, 9d/30d)
2026-09-25 12:30:03 | INFO | services.connectors.risk3_connector | [148/2972] CNPJ 01618551000267 -> CACHE (SUCESSO, 93d/365d)
2026-09-25 12:30:03 | INFO | services.connectors.risk3_connector | [149/2972] CNPJ 01618722000177 -> CACHE (SUCESSO, 302d/365d)
2026-09-25 12:30:03 | INFO | services.connectors.risk3_connector | [150/2972] CNPJ 01621399000190 -> CACHE (SUCESSO, 92d/365d)
2026-09-25 12:30:03 | INFO | services.connectors.risk3_connector | [151/2972] CNPJ 01637895000132 -> CACHE (SUCESSO, 137d/365d)
2026-09-25 12:30:03 | INFO | services.connectors.risk3_connector | [152/2972] CNPJ 01661770001705 -> CACHE (NAO_ENCONTRADO, 3d/30d)
2026-09-25 12:30:03 | INFO | services.connectors.risk3_connector | [153/2972] CNPJ 01661770001977 -> CACHE (NAO_ENCONTRADO, 3d/30d)
2026-09-25 12:30:03 | INFO | services.connectors.risk3_connector | [154/2972] CNPJ 01665451000100 -> CACHE (SUCESSO, 93d/365d)
2026-09-25 12:30:03 | INFO | services.connectors.risk3_connector | [155/2972] CNPJ 01682147000171 -> CACHE (SUCESSO, 186d/365d)
2026-09-25 12:30:03 | INFO | services.connectors.risk3_connector | [156/2972] CNPJ 01691944000204 -> CACHE (SUCESSO, 93d/365d)
2026-09-25 12:30:03 | INFO | services.connectors.risk3_connector | [157/2972] CNPJ 01693497000133 -> CACHE (SUCESSO, 255d/365d)
2026-09-25 12:30:03 | INFO | services.connectors.risk3_connector | [158/2972] CNPJ 01712320000137 -> CACHE (SUCESSO, 238d/365d)
2026-09-25 12:30:03 | INFO | services.connectors.risk3_connector | [159/2972] CNPJ 01715975000169 -> CACHE (SUCESSO, 92d/365d)
2026-09-25 12:30:03 | INFO | services.connectors.risk3_connector | [160/2972] CNPJ 01717285000220 -> CACHE (NAO_ENCONTRADO, 3d/30d)
2026-09-25 12:30:03 | INFO | services.connectors.risk3_connector | [161/2972] CNPJ 01780732000295 -> CACHE (SUCESSO, 295d/365d)
2026-09-25 12:30:03 | INFO | services.connectors.risk3_connector | [162/2972] CNPJ 01785345000160 -> CACHE (SUCESSO, 121d/365d)
2026-09-25 12:30:03 | INFO | services.connectors.risk3_connector | [163/2972] CNPJ 01794540000157 -> CACHE (SUCESSO, 92d/365d)
2026-09-25 12:30:03 | INFO | services.connectors.risk3_connector | [164/2972] CNPJ 01797504000147 -> CACHE (SUCESSO, 291d/365d)
2026-09-25 12:30:03 | INFO | services.connectors.risk3_connector | [165/2972] CNPJ 01800067000173 -> CACHE (NAO_ENCONTRADO, 3d/30d)
2026-09-25 12:30:03 | INFO | services.connectors.risk3_connector | [166/2972] CNPJ 01831188000182 -> CACHE (SUCESSO, 255d/365d)
2026-09-25 12:30:03 | INFO | services.connectors.risk3_connector | [167/2972] CNPJ 01832301000144 -> CACHE (SUCESSO, 59d/365d)
2026-09-25 12:30:03 | INFO | services.connectors.risk3_connector | [168/2972] CNPJ 01838723000127 -> CACHE (SUCESSO, 15d/365d)
2026-09-25 12:30:03 | INFO | services.connectors.risk3_connector | [169/2972] CNPJ 01874166000108 -> CACHE (NAO_ENCONTRADO, 3d/30d)
2026-09-25 12:30:03 | INFO | services.connectors.risk3_connector | [170/2972] CNPJ 01886356000137 -> CACHE (SUCESSO, 93d/365d)
2026-09-25 12:30:03 | INFO | services.connectors.risk3_connector | [171/2972] CNPJ 01906571000152 -> CACHE (NAO_ENCONTRADO, 3d/30d)
2026-09-25 12:30:03 | INFO | services.connectors.risk3_connector | [172/2972] CNPJ 01912239000109 -> CACHE (SUCESSO, 29d/365d)
2026-09-25 12:30:03 | INFO | services.connectors.risk3_connector | [173/2972] CNPJ 01923317000162 -> CACHE (NAO_ENCONTRADO, 3d/30d)
2026-09-25 12:30:03 | INFO | services.connectors.risk3_connector | [174/2972] CNPJ 01924996000194 -> CACHE (NAO_ENCONTRADO, 3d/30d)
2026-09-25 12:30:03 | INFO | services.connectors.risk3_connector | [175/2972] CNPJ 01941753000164 -> CACHE (SUCESSO, 248d/365d)
2026-09-25 12:30:03 | INFO | services.connectors.risk3_connector | [176/2972] CNPJ 01945414000156 -> CACHE (NAO_ENCONTRADO, 3d/30d)
2026-09-25 12:30:03 | INFO | services.connectors.risk3_connector | [177/2972] CNPJ 01947943000199 -> CACHE (SUCESSO, 25d/365d)
2026-09-25 12:30:03 | INFO | services.connectors.risk3_connector | [178/2972] CNPJ 01961898000127 -> CACHE (SUCESSO, 64d/365d)
2026-09-25 12:30:03 | INFO | services.connectors.risk3_connector | [179/2972] CNPJ 01962011000115 -> CACHE (NAO_ENCONTRADO, 3d/30d)
2026-09-25 12:30:03 | INFO | services.connectors.risk3_connector | [180/2972] CNPJ 01966329000174 -> CACHE (SUCESSO, 162d/365d)
2026-09-25 12:30:03 | INFO | services.connectors.risk3_connector | [181/2972] CNPJ 01974675000102 -> CACHE (SUCESSO, 164d/365d)
2026-09-25 12:30:03 | INFO | services.connectors.risk3_connector | [182/2972] CNPJ 01978934000165 -> CACHE (SUCESSO, 165d/365d)
2026-09-25 12:30:03 | INFO | services.connectors.risk3_connector | [183/2972] CNPJ 01986608000108 -> CACHE (NAO_ENCONTRADO, 3d/30d)
2026-09-25 12:30:03 | INFO | services.connectors.risk3_connector | [184/2972] CNPJ 02001597000467 -> CACHE (NAO_ENCONTRADO, 3d/30d)
2026-09-25 12:30:03 | INFO | services.connectors.risk3_connector | [185/2972] CNPJ 02003591000186 -> CACHE (SUCESSO, 351d/365d)
2026-09-25 12:30:03 | INFO | services.connectors.risk3_connector | [186/2972] CNPJ 02016507000169 -> CACHE (NAO_ENCONTRADO, 9d/30d)
2026-09-25 12:30:03 | INFO | services.connectors.risk3_connector | [187/2972] CNPJ 02021672000109 -> CACHE (NAO_ENCONTRADO, 3d/30d)
2026-09-25 12:30:03 | INFO | services.connectors.risk3_connector | [188/2972] CNPJ 02036483000614 -> CACHE (NAO_ENCONTRADO, 9d/30d)
2026-09-25 12:30:03 | INFO | services.connectors.risk3_connector | [189/2972] CNPJ 02041460000193 -> CACHE (SUCESSO, 29d/365d)
2026-09-25 12:30:03 | INFO | services.connectors.risk3_connector | [190/2972] CNPJ 02045487000154 -> CACHE (SUCESSO, 106d/365d)
2026-09-25 12:30:03 | INFO | services.connectors.risk3_connector | [191/2972] CNPJ 02064150000194 -> CACHE (NAO_ENCONTRADO, 3d/30d)
2026-09-25 12:30:03 | INFO | services.connectors.risk3_connector | [192/2972] CNPJ 02064150000437 -> CACHE (NAO_ENCONTRADO, 3d/30d)
2026-09-25 12:30:03 | INFO | services.connectors.risk3_connector | [193/2972] CNPJ 02081239000169 -> CACHE (SUCESSO, 93d/365d)
2026-09-25 12:30:03 | INFO | services.connectors.risk3_connector | [194/2972] CNPJ 02096748000246 -> CACHE (SUCESSO, 155d/365d)
2026-09-25 12:30:03 | INFO | services.connectors.risk3_connector | [195/2972] CNPJ 02097007000107 -> CACHE (NAO_ENCONTRADO, 3d/30d)
2026-09-25 12:30:03 | INFO | services.connectors.risk3_connector | [196/2972] CNPJ 02103847000127 -> CACHE (SUCESSO, 199d/365d)
2026-09-25 12:30:03 | INFO | services.connectors.risk3_connector | [197/2972] CNPJ 02114381000165 -> CACHE (NAO_ENCONTRADO, 3d/30d)
2026-09-25 12:30:03 | INFO | services.connectors.risk3_connector | [198/2972] CNPJ 02122913000106 -> CACHE (SUCESSO, 254d/365d)
2026-09-25 12:30:03 | INFO | services.connectors.risk3_connector | [199/2972] CNPJ 02135888000103 -> CACHE (SUCESSO, 255d/365d)
2026-09-25 12:30:03 | INFO | services.connectors.risk3_connector | [200/2972] CNPJ 02163440000195 -> CACHE (SUCESSO, 94d/365d)
2026-09-25 12:30:03 | INFO | services.connectors.risk3_connector | [201/2972] CNPJ 02179949000126 -> CACHE (SUCESSO, 92d/365d)
2026-09-25 12:30:03 | INFO | services.connectors.risk3_connector | [202/2972] CNPJ 02184803000179 -> CACHE (NAO_ENCONTRADO, 3d/30d)
2026-09-25 12:30:03 | INFO | services.connectors.risk3_connector | [203/2972] CNPJ 02202020000170 -> CACHE (SUCESSO, 255d/365d)
2026-09-25 12:30:03 | INFO | services.connectors.risk3_connector | [204/2972] CNPJ 02205767000182 -> CACHE (NAO_ENCONTRADO, 3d/30d)
2026-09-25 12:30:03 | INFO | services.connectors.risk3_connector | [205/2972] CNPJ 02215239000104 -> CACHE (SUCESSO, 155d/365d)
2026-09-25 12:30:03 | INFO | services.connectors.risk3_connector | [206/2972] CNPJ 02224840000163 -> CACHE (SUCESSO, 88d/365d)
2026-09-25 12:30:03 | INFO | services.connectors.risk3_connector | [207/2972] CNPJ 02227579000155 -> CACHE (SUCESSO, 165d/365d)
2026-09-25 12:30:03 | INFO | services.connectors.risk3_connector | [208/2972] CNPJ 02240839000122 -> CACHE (SUCESSO, 57d/365d)
2026-09-25 12:30:03 | INFO | services.connectors.risk3_connector | [209/2972] CNPJ 02248827000144 -> CACHE (SUCESSO, 93d/365d)
2026-09-25 12:30:03 | INFO | services.connectors.risk3_connector | [210/2972] CNPJ 02266644000151 -> CACHE (SUCESSO, 92d/365d)
2026-09-25 12:30:03 | INFO | services.connectors.risk3_connector | [211/2972] CNPJ 02269763000168 -> CACHE (SUCESSO, 329d/365d)
2026-09-25 12:30:03 | INFO | services.connectors.risk3_connector | [212/2972] CNPJ 02271463000113 -> CACHE (NAO_ENCONTRADO, 3d/30d)
2026-09-25 12:30:03 | INFO | services.connectors.risk3_connector | [213/2972] CNPJ 02271463000466 -> CACHE (NAO_ENCONTRADO, 3d/30d)
2026-09-25 12:30:03 | INFO | services.connectors.risk3_connector | [214/2972] CNPJ 02274937000180 -> CACHE (SUCESSO, 165d/365d)
2026-09-25 12:30:03 | INFO | services.connectors.risk3_connector | [215/2972] CNPJ 02278437000117 -> CACHE (SUCESSO, 114d/365d)
2026-09-25 12:30:03 | INFO | services.connectors.risk3_connector | [216/2972] CNPJ 02279324000136 -> CACHE (SUCESSO, 86d/365d)
2026-09-25 12:30:03 | INFO | services.connectors.risk3_connector | [217/2972] CNPJ 02302100000106 -> CACHE (NAO_ENCONTRADO, 23d/30d)
2026-09-25 12:30:03 | INFO | services.connectors.risk3_connector | [218/2972] CNPJ 02305606000160 -> CACHE (SUCESSO, 93d/365d)
2026-09-25 12:30:03 | INFO | services.connectors.risk3_connector | [219/2972] CNPJ 02314153000139 -> CACHE (SUCESSO, 23d/365d)
2026-09-25 12:30:03 | INFO | services.connectors.risk3_connector | [220/2972] CNPJ 02326750000183 -> CACHE (SUCESSO, 204d/365d)
2026-09-25 12:30:03 | INFO | services.connectors.risk3_connector | [221/2972] CNPJ 02332686000143 -> CACHE (SUCESSO, 193d/365d)
2026-09-25 12:30:03 | INFO | services.connectors.risk3_connector | [222/2972] CNPJ 02335262000132 -> CACHE (SUCESSO, 203d/365d)
2026-09-25 12:30:03 | INFO | services.connectors.risk3_connector | [223/2972] CNPJ 02340752000127 -> CACHE (SUCESSO, 165d/365d)
2026-09-25 12:30:03 | INFO | services.connectors.risk3_connector | [224/2972] CNPJ 02341467000120 -> CACHE (NAO_ENCONTRADO, 23d/30d)
2026-09-25 12:30:03 | INFO | services.connectors.risk3_connector | [225/2972] CNPJ 02341494000101 -> CACHE (SUCESSO, 155d/365d)
2026-09-25 12:30:03 | INFO | services.connectors.risk3_connector | [226/2972] CNPJ 02343359000197 -> CACHE (SUCESSO, 101d/365d)
2026-09-25 12:30:03 | INFO | services.connectors.risk3_connector | [227/2972] CNPJ 02357251000153 -> CACHE (SUCESSO, 283d/365d)
2026-09-25 12:30:03 | INFO | services.connectors.risk3_connector | [228/2972] CNPJ 02357659000125 -> CACHE (NAO_ENCONTRADO, 9d/30d)
2026-09-25 12:30:03 | INFO | services.connectors.risk3_connector | [229/2972] CNPJ 02359572000430 -> CACHE (SUCESSO, 74d/365d)
2026-09-25 12:30:03 | INFO | services.connectors.risk3_connector | [230/2972] CNPJ 02370462000126 -> CACHE (SUCESSO, 92d/365d)
2026-09-25 12:30:03 | INFO | services.connectors.risk3_connector | [231/2972] CNPJ 02375722000156 -> CACHE (NAO_ENCONTRADO, 3d/30d)
2026-09-25 12:30:03 | INFO | services.connectors.risk3_connector | [232/2972] CNPJ 02385570000172 -> CACHE (SUCESSO, 317d/365d)
2026-09-25 12:30:03 | INFO | services.connectors.risk3_connector | [233/2972] CNPJ 02385898000431 -> CACHE (NAO_ENCONTRADO, 3d/30d)
2026-09-25 12:30:03 | INFO | services.connectors.risk3_connector | [234/2972] CNPJ 02391271000140 -> CACHE (SUCESSO, 92d/365d)
2026-09-25 12:30:03 | INFO | services.connectors.risk3_connector | [235/2972] CNPJ 02419765000196 -> CACHE (NAO_ENCONTRADO, 3d/30d)
2026-09-25 12:30:03 | INFO | services.connectors.risk3_connector | [236/2972] CNPJ 02421421000111 -> CACHE (NAO_ENCONTRADO, 9d/30d)
2026-09-25 12:30:03 | INFO | services.connectors.risk3_connector | [237/2972] CNPJ 02426290000750 -> CACHE (SUCESSO, 203d/365d)
2026-09-25 12:30:03 | INFO | services.connectors.risk3_connector | [238/2972] CNPJ 02429732000127 -> CACHE (SUCESSO, 238d/365d)
2026-09-25 12:30:03 | INFO | services.connectors.risk3_connector | [239/2972] CNPJ 02446766000120 -> CACHE (SUCESSO, 255d/365d)
2026-09-25 12:30:03 | INFO | services.connectors.risk3_connector | [240/2972] CNPJ 02447928000225 -> CACHE (SUCESSO, 92d/365d)
2026-09-25 12:30:03 | INFO | services.connectors.risk3_connector | [241/2972] CNPJ 02447928000306 -> CACHE (SUCESSO, 92d/365d)
2026-09-25 12:30:03 | INFO | services.connectors.risk3_connector | [242/2972] CNPJ 02459413000164 -> CACHE (SUCESSO, 92d/365d)
2026-09-25 12:30:03 | INFO | services.connectors.risk3_connector | [243/2972] CNPJ 02460752000160 -> CACHE (SUCESSO, 330d/365d)
2026-09-25 12:30:03 | INFO | services.connectors.risk3_connector | [244/2972] CNPJ 02468496000158 -> CACHE (SUCESSO, 93d/365d)
2026-09-25 12:30:03 | INFO | services.connectors.risk3_connector | [245/2972] CNPJ 02476067000122 -> CACHE (SUCESSO, 93d/365d)
2026-09-25 12:30:03 | INFO | services.connectors.risk3_connector | [246/2972] CNPJ 02476790000101 -> CACHE (SUCESSO, 99d/365d)
2026-09-25 12:30:03 | INFO | services.connectors.risk3_connector | [247/2972] CNPJ 02497408000146 -> CACHE (SUCESSO, 254d/365d)
2026-09-25 12:30:03 | INFO | services.connectors.risk3_connector | [248/2972] CNPJ 02501470000164 -> CACHE (SUCESSO, 85d/365d)
2026-09-25 12:30:03 | INFO | services.connectors.risk3_connector | [249/2972] CNPJ 02505153000116 -> CACHE (SUCESSO, 287d/365d)
2026-09-25 12:30:03 | INFO | services.connectors.risk3_connector | [250/2972] CNPJ 02513991000131 -> CACHE (SUCESSO, 151d/365d)
2026-09-25 12:30:03 | INFO | services.connectors.risk3_connector | [251/2972] CNPJ 02525961000226 -> CACHE (NAO_ENCONTRADO, 3d/30d)
2026-09-25 12:30:03 | INFO | services.connectors.risk3_connector | [252/2972] CNPJ 02529745000178 -> CACHE (SUCESSO, 134d/365d)
2026-09-25 12:30:03 | INFO | services.connectors.risk3_connector | [253/2972] CNPJ 02529745000259 -> CACHE (SUCESSO, 312d/365d)
2026-09-25 12:30:03 | INFO | services.connectors.risk3_connector | [254/2972] CNPJ 02547509000184 -> CACHE (SUCESSO, 80d/365d)
2026-09-25 12:30:03 | INFO | services.connectors.risk3_connector | [255/2972] CNPJ 02560932000114 -> CACHE (SUCESSO, 345d/365d)
2026-09-25 12:30:03 | INFO | services.connectors.risk3_connector | [256/2972] CNPJ 02561851000139 -> CACHE (SUCESSO, 78d/365d)
2026-09-25 12:30:03 | INFO | services.connectors.risk3_connector | [257/2972] CNPJ 02562006000188 -> CACHE (SUCESSO, 101d/365d)
2026-09-25 12:30:03 | INFO | services.connectors.risk3_connector | [258/2972] CNPJ 02575998000188 -> CACHE (SUCESSO, 85d/365d)
2026-09-25 12:30:03 | INFO | services.connectors.risk3_connector | [259/2972] CNPJ 02583678000170 -> CACHE (SUCESSO, 196d/365d)
2026-09-25 12:30:03 | INFO | services.connectors.risk3_connector | [260/2972] CNPJ 02591442000185 -> CACHE (SUCESSO, 93d/365d)
2026-09-25 12:30:03 | INFO | services.connectors.risk3_connector | [261/2972] CNPJ 02614898000113 -> CACHE (SUCESSO, 165d/365d)
2026-09-25 12:30:03 | INFO | services.connectors.risk3_connector | [262/2972] CNPJ 02618563000173 -> CACHE (SUCESSO, 114d/365d)
2026-09-25 12:30:03 | INFO | services.connectors.risk3_connector | [263/2972] CNPJ 02634644000167 -> CACHE (SUCESSO, 92d/365d)
2026-09-25 12:30:03 | INFO | services.connectors.risk3_connector | [264/2972] CNPJ 02671595000132 -> CACHE (SUCESSO, 59d/365d)
2026-09-25 12:30:03 | INFO | services.connectors.risk3_connector | [265/2972] CNPJ 02679497000141 -> CACHE (SUCESSO, 255d/365d)
2026-09-25 12:30:03 | INFO | services.connectors.risk3_connector | [266/2972] CNPJ 02683365000193 -> CACHE (SUCESSO, 283d/365d)
2026-09-25 12:30:03 | INFO | services.connectors.risk3_connector | [267/2972] CNPJ 02691745000170 -> CACHE (SUCESSO, 105d/365d)
2026-09-25 12:30:03 | INFO | services.connectors.risk3_connector | [268/2972] CNPJ 02709449000159 -> CACHE (SUCESSO, 114d/365d)
2026-09-25 12:30:03 | INFO | services.connectors.risk3_connector | [269/2972] CNPJ 02720635000199 -> CACHE (SUCESSO, 123d/365d)
2026-09-25 12:30:03 | INFO | services.connectors.risk3_connector | [270/2972] CNPJ 02725300000163 -> CACHE (SUCESSO, 93d/365d)
2026-09-25 12:30:03 | INFO | services.connectors.risk3_connector | [271/2972] CNPJ 02739182000304 -> CACHE (NAO_ENCONTRADO, 23d/30d)
2026-09-25 12:30:03 | INFO | services.connectors.risk3_connector | [272/2972] CNPJ 02740399000172 -> CACHE (SUCESSO, 102d/365d)
2026-09-25 12:30:03 | INFO | services.connectors.risk3_connector | [273/2972] CNPJ 02740510000120 -> CACHE (NAO_ENCONTRADO, 9d/30d)
2026-09-25 12:30:03 | INFO | services.connectors.risk3_connector | [274/2972] CNPJ 02744832000148 -> CACHE (SUCESSO, 92d/365d)
2026-09-25 12:30:03 | INFO | services.connectors.risk3_connector | [275/2972] CNPJ 02749435000169 -> CACHE (SUCESSO, 149d/365d)
2026-09-25 12:30:03 | INFO | services.connectors.risk3_connector | [276/2972] CNPJ 02749513000125 -> CACHE (NAO_ENCONTRADO, 3d/30d)
2026-09-25 12:30:03 | INFO | services.connectors.risk3_connector | [277/2972] CNPJ 02759989000147 -> CACHE (SUCESSO, 92d/365d)
2026-09-25 12:30:03 | INFO | services.connectors.risk3_connector | [278/2972] CNPJ 02765561000107 -> CACHE (NAO_ENCONTRADO, 3d/30d)
2026-09-25 12:30:03 | INFO | services.connectors.risk3_connector | [279/2972] CNPJ 02778274000131 -> CACHE (SUCESSO, 101d/365d)
2026-09-25 12:30:03 | INFO | services.connectors.risk3_connector | [280/2972] CNPJ 02788151000181 -> CACHE (SUCESSO, 24d/365d)
2026-09-25 12:30:03 | INFO | services.connectors.risk3_connector | [281/2972] CNPJ 02794165000108 -> CACHE (SUCESSO, 172d/365d)
2026-09-25 12:30:03 | INFO | services.connectors.risk3_connector | [282/2972] CNPJ 02795010000196 -> CACHE (SUCESSO, 92d/365d)
2026-09-25 12:30:03 | INFO | services.connectors.risk3_connector | [283/2972] CNPJ 02808298000196 -> CACHE (NAO_ENCONTRADO, 2d/30d)
2026-09-25 12:30:03 | INFO | services.connectors.risk3_connector | [284/2972] CNPJ 02820966000109 -> CACHE (SUCESSO, 155d/365d)
2026-09-25 12:30:03 | INFO | services.connectors.risk3_connector | [285/2972] CNPJ 02831172000132 -> CACHE (SUCESSO, 93d/365d)
2026-09-25 12:30:03 | INFO | services.connectors.risk3_connector | [286/2972] CNPJ 02836056011906 -> CACHE (NAO_ENCONTRADO, 3d/30d)
2026-09-25 12:30:03 | INFO | services.connectors.risk3_connector | [287/2972] CNPJ 02839894000133 -> CACHE (SUCESSO, 233d/365d)
2026-09-25 12:30:03 | INFO | services.connectors.risk3_connector | [288/2972] CNPJ 02845645000150 -> CACHE (SUCESSO, 254d/365d)
2026-09-25 12:30:03 | INFO | services.connectors.risk3_connector | [289/2972] CNPJ 02846056000197 -> CACHE (SUCESSO, 100d/365d)
2026-09-25 12:30:03 | INFO | services.connectors.risk3_connector | [290/2972] CNPJ 02850990000182 -> CACHE (NAO_ENCONTRADO, 9d/30d)
2026-09-25 12:30:03 | INFO | services.connectors.risk3_connector | [291/2972] CNPJ 02876495000142 -> CACHE (SUCESSO, 297d/365d)
2026-09-25 12:30:03 | INFO | services.connectors.risk3_connector | [292/2972] CNPJ 02883512000179 -> CACHE (SUCESSO, 93d/365d)
2026-09-25 12:30:03 | INFO | services.connectors.risk3_connector | [293/2972] CNPJ 02886685000140 -> CACHE (SUCESSO, 353d/365d)
2026-09-25 12:30:03 | INFO | services.connectors.risk3_connector | [294/2972] CNPJ 02886959000100 -> CACHE (SUCESSO, 239d/365d)
2026-09-25 12:30:03 | INFO | services.connectors.risk3_connector | [295/2972] CNPJ 02898246000158 -> CACHE (SUCESSO, 32d/365d)
2026-09-25 12:30:03 | INFO | services.connectors.risk3_connector | [296/2972] CNPJ 02916265000160 -> CACHE (SUCESSO, 136d/365d)
2026-09-25 12:30:03 | INFO | services.connectors.risk3_connector | [297/2972] CNPJ 02916265037322 -> CACHE (SUCESSO, 92d/365d)
2026-09-25 12:30:03 | INFO | services.connectors.risk3_connector | [298/2972] CNPJ 02916265037837 -> CACHE (NAO_ENCONTRADO, 9d/30d)
2026-09-25 12:30:03 | INFO | services.connectors.risk3_connector | [299/2972] CNPJ 02917571000110 -> CACHE (SUCESSO, 322d/365d)
2026-09-25 12:30:03 | INFO | services.connectors.risk3_connector | [300/2972] CNPJ 02921346000158 -> CACHE (SUCESSO, 93d/365d)
2026-09-25 12:30:03 | INFO | services.connectors.risk3_connector | [301/2972] CNPJ 02929563000194 -> CACHE (SUCESSO, 93d/365d)
2026-09-25 12:30:03 | INFO | services.connectors.risk3_connector | [302/2972] CNPJ 02937632000101 -> CACHE (SUCESSO, 93d/365d)
2026-09-25 12:30:03 | INFO | services.connectors.risk3_connector | [303/2972] CNPJ 02948278000110 -> CACHE (SUCESSO, 93d/365d)
2026-09-25 12:30:03 | INFO | services.connectors.risk3_connector | [304/2972] CNPJ 02964931000135 -> CACHE (NAO_ENCONTRADO, 3d/30d)
2026-09-25 12:30:03 | INFO | services.connectors.risk3_connector | [305/2972] CNPJ 02969683000115 -> CACHE (NAO_ENCONTRADO, 3d/30d)
2026-09-25 12:30:03 | INFO | services.connectors.risk3_connector | [306/2972] CNPJ 02986277000160 -> CACHE (SUCESSO, 98d/365d)
2026-09-25 12:30:03 | INFO | services.connectors.risk3_connector | [307/2972] CNPJ 02995367000118 -> CACHE (SUCESSO, 196d/365d)
2026-09-25 12:30:03 | INFO | services.connectors.risk3_connector | [308/2972] CNPJ 02995385000108 -> CACHE (SUCESSO, 92d/365d)
2026-09-25 12:30:03 | INFO | services.connectors.risk3_connector | [309/2972] CNPJ 02998301000181 -> CACHE (SUCESSO, 92d/365d)
2026-09-25 12:30:03 | INFO | services.connectors.risk3_connector | [310/2972] CNPJ 03004238000183 -> CACHE (SUCESSO, 92d/365d)
2026-09-25 12:30:03 | INFO | services.connectors.risk3_connector | [311/2972] CNPJ 03029056000248 -> CACHE (NAO_ENCONTRADO, 3d/30d)
2026-09-25 12:30:03 | INFO | services.connectors.risk3_connector | [312/2972] CNPJ 03032577000173 -> CACHE (NAO_ENCONTRADO, 3d/30d)
2026-09-25 12:30:03 | INFO | services.connectors.risk3_connector | [313/2972] CNPJ 03034433000156 -> CACHE (NAO_ENCONTRADO, 23d/30d)
2026-09-25 12:30:03 | INFO | services.connectors.risk3_connector | [314/2972] CNPJ 03044201000189 -> CACHE (SUCESSO, 136d/365d)
2026-09-25 12:30:03 | INFO | services.connectors.risk3_connector | [315/2972] CNPJ 03054730000163 -> CACHE (SUCESSO, 92d/365d)
2026-09-25 12:30:03 | INFO | services.connectors.risk3_connector | [316/2972] CNPJ 03058653000110 -> CACHE (SUCESSO, 92d/365d)
2026-09-25 12:30:03 | INFO | services.connectors.risk3_connector | [317/2972] CNPJ 03058852000128 -> CACHE (SUCESSO, 339d/365d)
2026-09-25 12:30:03 | INFO | services.connectors.risk3_connector | [318/2972] CNPJ 03061685000174 -> CACHE (SUCESSO, 310d/365d)
2026-09-25 12:30:03 | INFO | services.connectors.risk3_connector | [319/2972] CNPJ 03080418000144 -> CACHE (SUCESSO, 197d/365d)
2026-09-25 12:30:03 | INFO | services.connectors.risk3_connector | [320/2972] CNPJ 03081895000124 -> CACHE (NAO_ENCONTRADO, 3d/30d)
2026-09-25 12:30:03 | INFO | services.connectors.risk3_connector | [321/2972] CNPJ 03081895000558 -> CACHE (SUCESSO, 92d/365d)
2026-09-25 12:30:03 | INFO | services.connectors.risk3_connector | [322/2972] CNPJ 03084476000146 -> CACHE (SUCESSO, 99d/365d)
2026-09-25 12:30:03 | INFO | services.connectors.risk3_connector | [323/2972] CNPJ 03095111000117 -> CACHE (SUCESSO, 165d/365d)
2026-09-25 12:30:03 | INFO | services.connectors.risk3_connector | [324/2972] CNPJ 03097776000160 -> CACHE (SUCESSO, 92d/365d)
2026-09-25 12:30:03 | INFO | services.connectors.risk3_connector | [325/2972] CNPJ 03100513000162 -> CACHE (NAO_ENCONTRADO, 3d/30d)
2026-09-25 12:30:03 | INFO | services.connectors.risk3_connector | [326/2972] CNPJ 03105276000122 -> CACHE (SUCESSO, 92d/365d)
2026-09-25 12:30:03 | INFO | services.connectors.risk3_connector | [327/2972] CNPJ 03109168000128 -> CACHE (SUCESSO, 93d/365d)
2026-09-25 12:30:03 | INFO | services.connectors.risk3_connector | [328/2972] CNPJ 03119889000119 -> CACHE (NAO_ENCONTRADO, 3d/30d)
2026-09-25 12:30:03 | INFO | services.connectors.risk3_connector | [329/2972] CNPJ 03121295000142 -> CACHE (SUCESSO, 178d/365d)
2026-09-25 12:30:03 | INFO | services.connectors.risk3_connector | [330/2972] CNPJ 03129424000149 -> CACHE (SUCESSO, 165d/365d)
2026-09-25 12:30:03 | INFO | services.connectors.risk3_connector | [331/2972] CNPJ 03132254000232 -> CACHE (SUCESSO, 92d/365d)
2026-09-25 12:30:03 | INFO | services.connectors.risk3_connector | [332/2972] CNPJ 03135376000100 -> CACHE (SUCESSO, 92d/365d)
2026-09-25 12:30:03 | INFO | services.connectors.risk3_connector | [333/2972] CNPJ 03156784000130 -> CACHE (SUCESSO, 93d/365d)
2026-09-25 12:30:03 | INFO | services.connectors.risk3_connector | [334/2972] CNPJ 03157268000120 -> CACHE (NAO_ENCONTRADO, 3d/30d)
2026-09-25 12:30:03 | INFO | services.connectors.risk3_connector | [335/2972] CNPJ 03163210000431 -> CACHE (SUCESSO, 92d/365d)
2026-09-25 12:30:03 | INFO | services.connectors.risk3_connector | [336/2972] CNPJ 03177494000172 -> CACHE (SUCESSO, 92d/365d)
2026-09-25 12:30:03 | INFO | services.connectors.risk3_connector | [337/2972] CNPJ 03206039000158 -> CACHE (SUCESSO, 238d/365d)
2026-09-25 12:30:03 | INFO | services.connectors.risk3_connector | [338/2972] CNPJ 03250204000179 -> CACHE (NAO_ENCONTRADO, 3d/30d)
2026-09-25 12:30:03 | INFO | services.connectors.risk3_connector | [339/2972] CNPJ 03255517000110 -> CACHE (SUCESSO, 92d/365d)
2026-09-25 12:30:03 | INFO | services.connectors.risk3_connector | [340/2972] CNPJ 03270248000160 -> CACHE (SUCESSO, 92d/365d)
2026-09-25 12:30:03 | INFO | services.connectors.risk3_connector | [341/2972] CNPJ 03281740000131 -> CACHE (SUCESSO, 92d/365d)
2026-09-25 12:30:03 | INFO | services.connectors.risk3_connector | [342/2972] CNPJ 03282398000194 -> CACHE (SUCESSO, 162d/365d)
2026-09-25 12:30:03 | INFO | services.connectors.risk3_connector | [343/2972] CNPJ 03298956000100 -> CACHE (SUCESSO, 254d/365d)
2026-09-25 12:30:03 | INFO | services.connectors.risk3_connector | [344/2972] CNPJ 03304180000193 -> CACHE (SUCESSO, 92d/365d)
2026-09-25 12:30:03 | INFO | services.connectors.risk3_connector | [345/2972] CNPJ 03315918000118 -> CACHE (NAO_ENCONTRADO, 3d/30d)
2026-09-25 12:30:03 | INFO | services.connectors.risk3_connector | [346/2972] CNPJ 03315918000541 -> CACHE (SUCESSO, 318d/365d)
2026-09-25 12:30:03 | INFO | services.connectors.risk3_connector | [347/2972] CNPJ 03327149000178 -> CACHE (NAO_ENCONTRADO, 9d/30d)
2026-09-25 12:30:03 | INFO | services.connectors.risk3_connector | [348/2972] CNPJ 03327988000196 -> CACHE (SUCESSO, 241d/365d)
2026-09-25 12:30:03 | INFO | services.connectors.risk3_connector | [349/2972] CNPJ 03336687000129 -> CACHE (NAO_ENCONTRADO, 3d/30d)
2026-09-25 12:30:03 | INFO | services.connectors.risk3_connector | [350/2972] CNPJ 03342704000130 -> CACHE (SUCESSO, 140d/365d)
2026-09-25 12:30:03 | INFO | services.connectors.risk3_connector | [351/2972] CNPJ 03346298000346 -> CACHE (SUCESSO, 227d/365d)
2026-09-25 12:30:03 | INFO | services.connectors.risk3_connector | [352/2972] CNPJ 03351783000146 -> CACHE (SUCESSO, 165d/365d)
2026-09-25 12:30:03 | INFO | services.connectors.risk3_connector | [353/2972] CNPJ 03356682000168 -> CACHE (SUCESSO, 106d/365d)
2026-09-25 12:30:03 | INFO | services.connectors.risk3_connector | [354/2972] CNPJ 03368638000178 -> CACHE (SUCESSO, 165d/365d)
2026-09-25 12:30:03 | INFO | services.connectors.risk3_connector | [355/2972] CNPJ 03383496000118 -> CACHE (NAO_ENCONTRADO, 3d/30d)
2026-09-25 12:30:03 | INFO | services.connectors.risk3_connector | [356/2972] CNPJ 03391986000166 -> CACHE (SUCESSO, 254d/365d)
2026-09-25 12:30:03 | INFO | services.connectors.risk3_connector | [357/2972] CNPJ 03400446000100 -> CACHE (SUCESSO, 53d/365d)
2026-09-25 12:30:03 | INFO | services.connectors.risk3_connector | [358/2972] CNPJ 03402181000170 -> CACHE (SUCESSO, 136d/365d)
2026-09-25 12:30:03 | INFO | services.connectors.risk3_connector | [359/2972] CNPJ 03407049000151 -> CACHE (SUCESSO, 87d/365d)
2026-09-25 12:30:03 | INFO | services.connectors.risk3_connector | [360/2972] CNPJ 03422594000117 -> CACHE (NAO_ENCONTRADO, 3d/30d)
2026-09-25 12:30:03 | INFO | services.connectors.risk3_connector | [361/2972] CNPJ 03428728000107 -> CACHE (SUCESSO, 92d/365d)
2026-09-25 12:30:03 | INFO | services.connectors.risk3_connector | [362/2972] CNPJ 03432310000173 -> CACHE (SUCESSO, 254d/365d)
2026-09-25 12:30:03 | INFO | services.connectors.risk3_connector | [363/2972] CNPJ 03434343000152 -> CACHE (SUCESSO, 92d/365d)
2026-09-25 12:30:03 | INFO | services.connectors.risk3_connector | [364/2972] CNPJ 03447413000107 -> CACHE (SUCESSO, 191d/365d)
2026-09-25 12:30:03 | INFO | services.connectors.risk3_connector | [365/2972] CNPJ 03456069000112 -> CACHE (NAO_ENCONTRADO, 3d/30d)
2026-09-25 12:30:03 | INFO | services.connectors.risk3_connector | [366/2972] CNPJ 03468598000136 -> CACHE (SUCESSO, 92d/365d)
2026-09-25 12:30:03 | INFO | services.connectors.risk3_connector | [367/2972] CNPJ 03469014000147 -> CACHE (SUCESSO, 93d/365d)
2026-09-25 12:30:03 | INFO | services.connectors.risk3_connector | [368/2972] CNPJ 03470727000988 -> CACHE (NAO_ENCONTRADO, 3d/30d)
2026-09-25 12:30:03 | INFO | services.connectors.risk3_connector | [369/2972] CNPJ 03476643000102 -> CACHE (NAO_ENCONTRADO, 3d/30d)
2026-09-25 12:30:03 | INFO | services.connectors.risk3_connector | [370/2972] CNPJ 03493431000125 -> CACHE (SUCESSO, 93d/365d)
2026-09-25 12:30:03 | INFO | services.connectors.risk3_connector | [371/2972] CNPJ 03495216000163 -> CACHE (NAO_ENCONTRADO, 3d/30d)
2026-09-25 12:30:03 | INFO | services.connectors.risk3_connector | [372/2972] CNPJ 03499903000157 -> CACHE (SUCESSO, 93d/365d)
2026-09-25 12:30:03 | INFO | services.connectors.risk3_connector | [373/2972] CNPJ 03500636000190 -> CACHE (SUCESSO, 255d/365d)
2026-09-25 12:30:03 | INFO | services.connectors.risk3_connector | [374/2972] CNPJ 03503798000182 -> CACHE (SUCESSO, 207d/365d)
2026-09-25 12:30:03 | INFO | services.connectors.risk3_connector | [375/2972] CNPJ 03504139000160 -> CACHE (SUCESSO, 92d/365d)
2026-09-25 12:30:03 | INFO | services.connectors.risk3_connector | [376/2972] CNPJ 03505376000146 -> CACHE (SUCESSO, 353d/365d)
2026-09-25 12:30:03 | INFO | services.connectors.risk3_connector | [377/2972] CNPJ 03509978000171 -> CACHE (SUCESSO, 277d/365d)
2026-09-25 12:30:03 | INFO | services.connectors.risk3_connector | [378/2972] CNPJ 03518203000162 -> CACHE (SUCESSO, 240d/365d)
2026-09-25 12:30:03 | INFO | services.connectors.risk3_connector | [379/2972] CNPJ 03531503000181 -> CACHE (SUCESSO, 106d/365d)
2026-09-25 12:30:03 | INFO | services.connectors.risk3_connector | [380/2972] CNPJ 03538572000117 -> CACHE (NAO_ENCONTRADO, 9d/30d)
2026-09-25 12:30:03 | INFO | services.connectors.risk3_connector | [381/2972] CNPJ 03548504000139 -> CACHE (SUCESSO, 165d/365d)
2026-09-25 12:30:03 | INFO | services.connectors.risk3_connector | [382/2972] CNPJ 03580981000181 -> CACHE (SUCESSO, 93d/365d)
2026-09-25 12:30:03 | INFO | services.connectors.risk3_connector | [383/2972] CNPJ 03582243000173 -> CACHE (SUCESSO, 80d/365d)
2026-09-25 12:30:03 | INFO | services.connectors.risk3_connector | [384/2972] CNPJ 03593705000158 -> CACHE (SUCESSO, 93d/365d)
2026-09-25 12:30:03 | INFO | services.connectors.risk3_connector | [385/2972] CNPJ 03594475000141 -> CACHE (SUCESSO, 192d/365d)
2026-09-25 12:30:03 | INFO | services.connectors.risk3_connector | [386/2972] CNPJ 03630560000118 -> CACHE (NAO_ENCONTRADO, 3d/30d)
2026-09-25 12:30:03 | INFO | services.connectors.risk3_connector | [387/2972] CNPJ 03631957000124 -> CACHE (NAO_ENCONTRADO, 9d/30d)
2026-09-25 12:30:03 | INFO | services.connectors.risk3_connector | [388/2972] CNPJ 03632307000101 -> CACHE (SUCESSO, 93d/365d)
2026-09-25 12:30:03 | INFO | services.connectors.risk3_connector | [389/2972] CNPJ 03639008000190 -> CACHE (SUCESSO, 345d/365d)
2026-09-25 12:30:03 | INFO | services.connectors.risk3_connector | [390/2972] CNPJ 03647578000122 -> CACHE (SUCESSO, 92d/365d)
2026-09-25 12:30:03 | INFO | services.connectors.risk3_connector | [391/2972] CNPJ 03649445000438 -> CACHE (SUCESSO, 92d/365d)
2026-09-25 12:30:03 | INFO | services.connectors.risk3_connector | [392/2972] CNPJ 03650060000148 -> CACHE (NAO_ENCONTRADO, 9d/30d)
2026-09-25 12:30:03 | INFO | services.connectors.risk3_connector | [393/2972] CNPJ 03691432000184 -> CACHE (SUCESSO, 93d/365d)
2026-09-25 12:30:03 | INFO | services.connectors.risk3_connector | [394/2972] CNPJ 03699509000162 -> CACHE (SUCESSO, 92d/365d)
2026-09-25 12:30:03 | INFO | services.connectors.risk3_connector | [395/2972] CNPJ 03714230000100 -> CACHE (SUCESSO, 92d/365d)
2026-09-25 12:30:03 | INFO | services.connectors.risk3_connector | [396/2972] CNPJ 03717227000140 -> CACHE (NAO_ENCONTRADO, 3d/30d)
2026-09-25 12:30:03 | INFO | services.connectors.risk3_connector | [397/2972] CNPJ 03718581000190 -> CACHE (SUCESSO, 116d/365d)
2026-09-25 12:30:03 | INFO | services.connectors.risk3_connector | [398/2972] CNPJ 03722755000198 -> CACHE (SUCESSO, 87d/365d)
2026-09-25 12:30:03 | INFO | services.connectors.risk3_connector | [399/2972] CNPJ 03726229000104 -> CACHE (SUCESSO, 232d/365d)
2026-09-25 12:30:03 | INFO | services.connectors.risk3_connector | [400/2972] CNPJ 03731287000118 -> CACHE (SUCESSO, 165d/365d)
2026-09-25 12:30:03 | INFO | services.connectors.risk3_connector | [401/2972] CNPJ 03731548000108 -> CACHE (NAO_ENCONTRADO, 3d/30d)
2026-09-25 12:30:03 | INFO | services.connectors.risk3_connector | [402/2972] CNPJ 03733880000101 -> CACHE (NAO_ENCONTRADO, 3d/30d)
2026-09-25 12:30:03 | INFO | services.connectors.risk3_connector | [403/2972] CNPJ 03747565000125 -> CACHE (NAO_ENCONTRADO, 3d/30d)
2026-09-25 12:30:03 | INFO | services.connectors.risk3_connector | [404/2972] CNPJ 03754929000366 -> CACHE (NAO_ENCONTRADO, 3d/30d)
2026-09-25 12:30:03 | INFO | services.connectors.risk3_connector | [405/2972] CNPJ 03758625000105 -> CACHE (SUCESSO, 92d/365d)
2026-09-25 12:30:03 | INFO | services.connectors.risk3_connector | [406/2972] CNPJ 03761066000192 -> CACHE (SUCESSO, 92d/365d)
2026-09-25 12:30:03 | INFO | services.connectors.risk3_connector | [407/2972] CNPJ 03770521001279 -> CACHE (SUCESSO, 92d/365d)
2026-09-25 12:30:03 | INFO | services.connectors.risk3_connector | [408/2972] CNPJ 03773419000174 -> CACHE (SUCESSO, 93d/365d)
2026-09-25 12:30:03 | INFO | services.connectors.risk3_connector | [409/2972] CNPJ 03780401000108 -> CACHE (SUCESSO, 87d/365d)
2026-09-25 12:30:03 | INFO | services.connectors.risk3_connector | [410/2972] CNPJ 03786032000152 -> CACHE (SUCESSO, 255d/365d)
2026-09-25 12:30:03 | INFO | services.connectors.risk3_connector | [411/2972] CNPJ 03787133000148 -> CACHE (SUCESSO, 255d/365d)
2026-09-25 12:30:03 | INFO | services.connectors.risk3_connector | [412/2972] CNPJ 03802018002068 -> CACHE (SUCESSO, 92d/365d)
2026-09-25 12:30:03 | INFO | services.connectors.risk3_connector | [413/2972] CNPJ 03816532000190 -> CACHE (NAO_ENCONTRADO, 9d/30d)
2026-09-25 12:30:03 | INFO | services.connectors.risk3_connector | [414/2972] CNPJ 03821074000187 -> CACHE (SUCESSO, 92d/365d)
2026-09-25 12:30:03 | INFO | services.connectors.risk3_connector | [415/2972] CNPJ 03825323000102 -> CACHE (SUCESSO, 92d/365d)
2026-09-25 12:30:03 | INFO | services.connectors.risk3_connector | [416/2972] CNPJ 03833260000136 -> CACHE (SUCESSO, 92d/365d)
2026-09-25 12:30:03 | INFO | services.connectors.risk3_connector | [417/2972] CNPJ 03836990000352 -> CACHE (SUCESSO, 16d/365d)
2026-09-25 12:30:03 | INFO | services.connectors.risk3_connector | [418/2972] CNPJ 03839383000184 -> CACHE (SUCESSO, 254d/365d)
2026-09-25 12:30:03 | INFO | services.connectors.risk3_connector | [419/2972] CNPJ 03839633000186 -> CACHE (SUCESSO, 255d/365d)
2026-09-25 12:30:03 | INFO | services.connectors.risk3_connector | [420/2972] CNPJ 03850692000155 -> CACHE (SUCESSO, 92d/365d)
2026-09-25 12:30:03 | INFO | services.connectors.risk3_connector | [421/2972] CNPJ 03852515000108 -> CACHE (NAO_ENCONTRADO, 3d/30d)
2026-09-25 12:30:03 | INFO | services.connectors.risk3_connector | [422/2972] CNPJ 03852972000100 -> CACHE (SUCESSO, 169d/365d)
2026-09-25 12:30:03 | INFO | services.connectors.risk3_connector | [423/2972] CNPJ 03853896000140 -> CACHE (SUCESSO, 123d/365d)
2026-09-25 12:30:03 | INFO | services.connectors.risk3_connector | [424/2972] CNPJ 03855214000138 -> CACHE (SUCESSO, 106d/365d)
2026-09-25 12:30:03 | INFO | services.connectors.risk3_connector | [425/2972] CNPJ 03859809000161 -> CACHE (NAO_ENCONTRADO, 3d/30d)
2026-09-25 12:30:03 | INFO | services.connectors.risk3_connector | [426/2972] CNPJ 03883369000188 -> CACHE (SUCESSO, 289d/365d)
2026-09-25 12:30:03 | INFO | services.connectors.risk3_connector | [427/2972] CNPJ 03887324000181 -> CACHE (SUCESSO, 193d/365d)
2026-09-25 12:30:03 | INFO | services.connectors.risk3_connector | [428/2972] CNPJ 03913786000126 -> CACHE (SUCESSO, 121d/365d)
2026-09-25 12:30:03 | INFO | services.connectors.risk3_connector | [429/2972] CNPJ 03920586000109 -> CACHE (NAO_ENCONTRADO, 3d/30d)
2026-09-25 12:30:03 | INFO | services.connectors.risk3_connector | [430/2972] CNPJ 03926572000194 -> CACHE (SUCESSO, 78d/365d)
2026-09-25 12:30:03 | INFO | services.connectors.risk3_connector | [431/2972] CNPJ 03927907000199 -> CACHE (SUCESSO, 80d/365d)
2026-09-25 12:30:03 | INFO | services.connectors.risk3_connector | [432/2972] CNPJ 03935003000105 -> CACHE (SUCESSO, 93d/365d)
2026-09-25 12:30:03 | INFO | services.connectors.risk3_connector | [433/2972] CNPJ 03941878000110 -> CACHE (NAO_ENCONTRADO, 3d/30d)
2026-09-25 12:30:03 | INFO | services.connectors.risk3_connector | [434/2972] CNPJ 03959982000131 -> CACHE (SUCESSO, 291d/365d)
2026-09-25 12:30:03 | INFO | services.connectors.risk3_connector | [435/2972] CNPJ 03961189000177 -> CACHE (NAO_ENCONTRADO, 3d/30d)
2026-09-25 12:30:03 | INFO | services.connectors.risk3_connector | [436/2972] CNPJ 03961305000158 -> CACHE (SUCESSO, 92d/365d)
2026-09-25 12:30:03 | INFO | services.connectors.risk3_connector | [437/2972] CNPJ 03963585000133 -> CACHE (NAO_ENCONTRADO, 3d/30d)
2026-09-25 12:30:03 | INFO | services.connectors.risk3_connector | [438/2972] CNPJ 03973903000147 -> CACHE (SUCESSO, 92d/365d)
2026-09-25 12:30:03 | INFO | services.connectors.risk3_connector | [439/2972] CNPJ 03979210000161 -> CACHE (SUCESSO, 196d/365d)
2026-09-25 12:30:03 | INFO | services.connectors.risk3_connector | [440/2972] CNPJ 03984862000194 -> CACHE (SUCESSO, 102d/365d)
2026-09-25 12:30:03 | INFO | services.connectors.risk3_connector | [441/2972] CNPJ 03989217000164 -> CACHE (NAO_ENCONTRADO, 3d/30d)
2026-09-25 12:30:03 | INFO | services.connectors.risk3_connector | [442/2972] CNPJ 03990431000130 -> CACHE (SUCESSO, 165d/365d)
2026-09-25 12:30:03 | INFO | services.connectors.risk3_connector | [443/2972] CNPJ 03995512000123 -> CACHE (NAO_ENCONTRADO, 3d/30d)
2026-09-25 12:30:03 | INFO | services.connectors.risk3_connector | [444/2972] CNPJ 03996735000105 -> CACHE (NAO_ENCONTRADO, 3d/30d)
2026-09-25 12:30:03 | INFO | services.connectors.risk3_connector | [445/2972] CNPJ 04008938000109 -> CACHE (SUCESSO, 255d/365d)
2026-09-25 12:30:03 | INFO | services.connectors.risk3_connector | [446/2972] CNPJ 04011349000180 -> CACHE (SUCESSO, 254d/365d)
2026-09-25 12:30:03 | INFO | services.connectors.risk3_connector | [447/2972] CNPJ 04013084000159 -> CACHE (SUCESSO, 24d/365d)
2026-09-25 12:30:03 | INFO | services.connectors.risk3_connector | [448/2972] CNPJ 04016504000150 -> CACHE (SUCESSO, 4d/365d)
2026-09-25 12:30:03 | INFO | services.connectors.risk3_connector | [449/2972] CNPJ 04023261000188 -> CACHE (SUCESSO, 172d/365d)
2026-09-25 12:30:03 | INFO | services.connectors.risk3_connector | [450/2972] CNPJ 04023387000152 -> CACHE (SUCESSO, 92d/365d)
2026-09-25 12:30:03 | INFO | services.connectors.risk3_connector | [451/2972] CNPJ 04027894000164 -> CACHE (SUCESSO, 123d/365d)
2026-09-25 12:30:03 | INFO | services.connectors.risk3_connector | [452/2972] CNPJ 04031026000158 -> CACHE (NAO_ENCONTRADO, 3d/30d)
2026-09-25 12:30:03 | INFO | services.connectors.risk3_connector | [453/2972] CNPJ 04037273000161 -> CACHE (SUCESSO, 94d/365d)
2026-09-25 12:30:03 | INFO | services.connectors.risk3_connector | [454/2972] CNPJ 04041933001311 -> CACHE (NAO_ENCONTRADO, 3d/30d)
2026-09-25 12:30:03 | INFO | services.connectors.risk3_connector | [455/2972] CNPJ 04051261000191 -> CACHE (SUCESSO, 338d/365d)
2026-09-25 12:30:03 | INFO | services.connectors.risk3_connector | [456/2972] CNPJ 04056176000116 -> CACHE (SUCESSO, 228d/365d)
2026-09-25 12:30:03 | INFO | services.connectors.risk3_connector | [457/2972] CNPJ 04085803000147 -> CACHE (SUCESSO, 92d/365d)
2026-09-25 12:30:03 | INFO | services.connectors.risk3_connector | [458/2972] CNPJ 04100556000100 -> CACHE (SUCESSO, 136d/365d)
2026-09-25 12:30:03 | INFO | services.connectors.risk3_connector | [459/2972] CNPJ 04134670000151 -> CACHE (NAO_ENCONTRADO, 3d/30d)
2026-09-25 12:30:03 | INFO | services.connectors.risk3_connector | [460/2972] CNPJ 04137003000122 -> CACHE (SUCESSO, 93d/365d)
2026-09-25 12:30:03 | INFO | services.connectors.risk3_connector | [461/2972] CNPJ 04143008000168 -> CACHE (SUCESSO, 144d/365d)
2026-09-25 12:30:03 | INFO | services.connectors.risk3_connector | [462/2972] CNPJ 04143008000400 -> CACHE (SUCESSO, 143d/365d)
2026-09-25 12:30:03 | INFO | services.connectors.risk3_connector | [463/2972] CNPJ 04149295000113 -> CACHE (SUCESSO, 130d/365d)
2026-09-25 12:30:03 | INFO | services.connectors.risk3_connector | [464/2972] CNPJ 04170860000124 -> CACHE (SUCESSO, 352d/365d)
2026-09-25 12:30:03 | INFO | services.connectors.risk3_connector | [465/2972] CNPJ 04176249000103 -> CACHE (SUCESSO, 93d/365d)
2026-09-25 12:30:03 | INFO | services.connectors.risk3_connector | [466/2972] CNPJ 04176791000247 -> CACHE (SUCESSO, 346d/365d)
2026-09-25 12:30:03 | INFO | services.connectors.risk3_connector | [467/2972] CNPJ 04182987000163 -> CACHE (NAO_ENCONTRADO, 3d/30d)
2026-09-25 12:30:03 | INFO | services.connectors.risk3_connector | [468/2972] CNPJ 04183032000120 -> CACHE (SUCESSO, 254d/365d)
2026-09-25 12:30:03 | INFO | services.connectors.risk3_connector | [469/2972] CNPJ 04200198000108 -> CACHE (SUCESSO, 324d/365d)
2026-09-25 12:30:03 | INFO | services.connectors.risk3_connector | [470/2972] CNPJ 04200198000299 -> CACHE (SUCESSO, 324d/365d)
2026-09-25 12:30:03 | INFO | services.connectors.risk3_connector | [471/2972] CNPJ 04201168000116 -> CACHE (SUCESSO, 150d/365d)
2026-09-25 12:30:03 | INFO | services.connectors.risk3_connector | [472/2972] CNPJ 04207872000186 -> CACHE (SUCESSO, 93d/365d)
2026-09-25 12:30:03 | INFO | services.connectors.risk3_connector | [473/2972] CNPJ 04208296000191 -> CACHE (SUCESSO, 255d/365d)
2026-09-25 12:30:03 | INFO | services.connectors.risk3_connector | [474/2972] CNPJ 04220031000109 -> CACHE (NAO_ENCONTRADO, 3d/30d)
2026-09-25 12:30:03 | INFO | services.connectors.risk3_connector | [475/2972] CNPJ 04240370000157 -> CACHE (SUCESSO, 168d/365d)
2026-09-25 12:30:03 | INFO | services.connectors.risk3_connector | [476/2972] CNPJ 04270778000171 -> CACHE (SUCESSO, 32d/365d)
2026-09-25 12:30:03 | INFO | services.connectors.risk3_connector | [477/2972] CNPJ 04280481000197 -> CACHE (SUCESSO, 302d/365d)
2026-09-25 12:30:03 | INFO | services.connectors.risk3_connector | [478/2972] CNPJ 04294897000164 -> CACHE (NAO_ENCONTRADO, 3d/30d)
2026-09-25 12:30:03 | INFO | services.connectors.risk3_connector | [479/2972] CNPJ 04299324000123 -> CACHE (SUCESSO, 92d/365d)
2026-09-25 12:30:03 | INFO | services.connectors.risk3_connector | [480/2972] CNPJ 04308017000161 -> CACHE (SUCESSO, 22d/365d)
2026-09-25 12:30:03 | INFO | services.connectors.risk3_connector | [481/2972] CNPJ 04309085000145 -> CACHE (SUCESSO, 93d/365d)
2026-09-25 12:30:03 | INFO | services.connectors.risk3_connector | [482/2972] CNPJ 04319855000130 -> CACHE (SUCESSO, 182d/365d)
2026-09-25 12:30:03 | INFO | services.connectors.risk3_connector | [483/2972] CNPJ 04325258000119 -> CACHE (NAO_ENCONTRADO, 3d/30d)
2026-09-25 12:30:03 | INFO | services.connectors.risk3_connector | [484/2972] CNPJ 04326452000119 -> CACHE (SUCESSO, 92d/365d)
2026-09-25 12:30:03 | INFO | services.connectors.risk3_connector | [485/2972] CNPJ 04346278000176 -> CACHE (SUCESSO, 197d/365d)
2026-09-25 12:30:03 | INFO | services.connectors.risk3_connector | [486/2972] CNPJ 04352277000215 -> CACHE (SUCESSO, 60d/365d)
2026-09-25 12:30:03 | INFO | services.connectors.risk3_connector | [487/2972] CNPJ 04365525000181 -> CACHE (NAO_ENCONTRADO, 3d/30d)
2026-09-25 12:30:03 | INFO | services.connectors.risk3_connector | [488/2972] CNPJ 04370282000170 -> CACHE (NAO_ENCONTRADO, 23d/30d)
2026-09-25 12:30:03 | INFO | services.connectors.risk3_connector | [489/2972] CNPJ 04416098000113 -> CACHE (SUCESSO, 92d/365d)
2026-09-25 12:30:03 | INFO | services.connectors.risk3_connector | [490/2972] CNPJ 04423567000121 -> CACHE (SUCESSO, 64d/365d)
2026-09-25 12:30:03 | INFO | services.connectors.risk3_connector | [491/2972] CNPJ 04423567002094 -> CACHE (NAO_ENCONTRADO, 3d/30d)
2026-09-25 12:30:03 | INFO | services.connectors.risk3_connector | [492/2972] CNPJ 04426411000102 -> CACHE (SUCESSO, 36d/365d)
2026-09-25 12:30:03 | INFO | services.connectors.risk3_connector | [493/2972] CNPJ 04429377000111 -> CACHE (SUCESSO, 155d/365d)
2026-09-25 12:30:03 | INFO | services.connectors.risk3_connector | [494/2972] CNPJ 04432327000193 -> CACHE (SUCESSO, 168d/365d)
2026-09-25 12:30:03 | INFO | services.connectors.risk3_connector | [495/2972] CNPJ 04447879000175 -> CACHE (NAO_ENCONTRADO, 3d/30d)
2026-09-25 12:30:03 | INFO | services.connectors.risk3_connector | [496/2972] CNPJ 04450403000193 -> CACHE (SUCESSO, 92d/365d)
2026-09-25 12:30:03 | INFO | services.connectors.risk3_connector | [497/2972] CNPJ 04462976000137 -> CACHE (SUCESSO, 228d/365d)
2026-09-25 12:30:03 | INFO | services.connectors.risk3_connector | [498/2972] CNPJ 04463344000198 -> CACHE (SUCESSO, 93d/365d)
2026-09-25 12:30:03 | INFO | services.connectors.risk3_connector | [499/2972] CNPJ 04475667000100 -> CACHE (SUCESSO, 93d/365d)
2026-09-25 12:30:03 | INFO | services.connectors.risk3_connector | [500/2972] CNPJ 04516387000194 -> CACHE (NAO_ENCONTRADO, 3d/30d)
2026-09-25 12:30:03 | INFO | services.connectors.risk3_connector | [501/2972] CNPJ 04518259000180 -> CACHE (SUCESSO, 105d/365d)
2026-09-25 12:30:03 | INFO | services.connectors.risk3_connector | [502/2972] CNPJ 04527315000223 -> CACHE (SUCESSO, 11d/365d)
2026-09-25 12:30:03 | INFO | services.connectors.risk3_connector | [503/2972] CNPJ 04533831000180 -> CACHE (SUCESSO, 133d/365d)
2026-09-25 12:30:03 | INFO | services.connectors.risk3_connector | [504/2972] CNPJ 04548659000138 -> CACHE (NAO_ENCONTRADO, 3d/30d)
2026-09-25 12:30:03 | INFO | services.connectors.risk3_connector | [505/2972] CNPJ 04557307000149 -> CACHE (NAO_ENCONTRADO, 4d/30d)
2026-09-25 12:30:03 | INFO | services.connectors.risk3_connector | [506/2972] CNPJ 04557530000196 -> CACHE (SUCESSO, 255d/365d)
2026-09-25 12:30:03 | INFO | services.connectors.risk3_connector | [507/2972] CNPJ 04558449000392 -> CACHE (NAO_ENCONTRADO, 9d/30d)
2026-09-25 12:30:03 | INFO | services.connectors.risk3_connector | [508/2972] CNPJ 04558449000716 -> CACHE (NAO_ENCONTRADO, 3d/30d)
2026-09-25 12:30:03 | INFO | services.connectors.risk3_connector | [509/2972] CNPJ 04563672000166 -> CACHE (NAO_ENCONTRADO, 3d/30d)
2026-09-25 12:30:03 | INFO | services.connectors.risk3_connector | [510/2972] CNPJ 04565361000136 -> CACHE (SUCESSO, 93d/365d)
2026-09-25 12:30:03 | INFO | services.connectors.risk3_connector | [511/2972] CNPJ 04591168000170 -> CACHE (NAO_ENCONTRADO, 23d/30d)
2026-09-25 12:30:03 | INFO | services.connectors.risk3_connector | [512/2972] CNPJ 04592014000100 -> CACHE (SUCESSO, 228d/365d)
2026-09-25 12:30:03 | INFO | services.connectors.risk3_connector | [513/2972] CNPJ 04596745000116 -> CACHE (SUCESSO, 93d/365d)
2026-09-25 12:30:03 | INFO | services.connectors.risk3_connector | [514/2972] CNPJ 04602461000195 -> CACHE (SUCESSO, 93d/365d)
2026-09-25 12:30:03 | INFO | services.connectors.risk3_connector | [515/2972] CNPJ 04613547000113 -> CACHE (SUCESSO, 93d/365d)
2026-09-25 12:30:03 | INFO | services.connectors.risk3_connector | [516/2972] CNPJ 04613547000466 -> CACHE (SUCESSO, 92d/365d)
2026-09-25 12:30:03 | INFO | services.connectors.risk3_connector | [517/2972] CNPJ 04626152000155 -> CACHE (SUCESSO, 200d/365d)
2026-09-25 12:30:03 | INFO | services.connectors.risk3_connector | [518/2972] CNPJ 04626426004608 -> CACHE (SUCESSO, 171d/365d)
2026-09-25 12:30:03 | INFO | services.connectors.risk3_connector | [519/2972] CNPJ 04630268000168 -> CACHE (SUCESSO, 199d/365d)
2026-09-25 12:30:03 | INFO | services.connectors.risk3_connector | [520/2972] CNPJ 04647226000130 -> CACHE (SUCESSO, 121d/365d)
2026-09-25 12:30:03 | INFO | services.connectors.risk3_connector | [521/2972] CNPJ 04656253000179 -> CACHE (SUCESSO, 79d/365d)
2026-09-25 12:30:03 | INFO | services.connectors.risk3_connector | [522/2972] CNPJ 04686827000151 -> CACHE (NAO_ENCONTRADO, 3d/30d)
2026-09-25 12:30:03 | INFO | services.connectors.risk3_connector | [523/2972] CNPJ 04694319000115 -> CACHE (SUCESSO, 255d/365d)
2026-09-25 12:30:03 | INFO | services.connectors.risk3_connector | [524/2972] CNPJ 04695131000191 -> CACHE (SUCESSO, 93d/365d)
2026-09-25 12:30:03 | INFO | services.connectors.risk3_connector | [525/2972] CNPJ 04703272000109 -> CACHE (SUCESSO, 71d/365d)
2026-09-25 12:30:03 | INFO | services.connectors.risk3_connector | [526/2972] CNPJ 04703272000451 -> CACHE (NAO_ENCONTRADO, 3d/30d)
2026-09-25 12:30:03 | INFO | services.connectors.risk3_connector | [527/2972] CNPJ 04706606000106 -> CACHE (SUCESSO, 93d/365d)
2026-09-25 12:30:03 | INFO | services.connectors.risk3_connector | [528/2972] CNPJ 04708093000164 -> CACHE (SUCESSO, 235d/365d)
2026-09-25 12:30:03 | INFO | services.connectors.risk3_connector | [529/2972] CNPJ 04719951000176 -> CACHE (SUCESSO, 29d/365d)
2026-09-25 12:30:03 | INFO | services.connectors.risk3_connector | [530/2972] CNPJ 04719951000257 -> CACHE (SUCESSO, 92d/365d)
2026-09-25 12:30:03 | INFO | services.connectors.risk3_connector | [531/2972] CNPJ 04721465000192 -> CACHE (SUCESSO, 155d/365d)
2026-09-25 12:30:03 | INFO | services.connectors.risk3_connector | [532/2972] CNPJ 04728953000121 -> CACHE (SUCESSO, 9d/365d)
2026-09-25 12:30:03 | INFO | services.connectors.risk3_connector | [533/2972] CNPJ 04730746000101 -> CACHE (NAO_ENCONTRADO, 3d/30d)
2026-09-25 12:30:03 | INFO | services.connectors.risk3_connector | [534/2972] CNPJ 04731861000109 -> CACHE (SUCESSO, 38d/365d)
2026-09-25 12:30:03 | INFO | services.connectors.risk3_connector | [535/2972] CNPJ 04739720000205 -> CACHE (NAO_ENCONTRADO, 3d/30d)
2026-09-25 12:30:03 | INFO | services.connectors.risk3_connector | [536/2972] CNPJ 04741986000101 -> CACHE (SUCESSO, 165d/365d)
2026-09-25 12:30:03 | INFO | services.connectors.risk3_connector | [537/2972] CNPJ 04753947000124 -> CACHE (SUCESSO, 93d/365d)
2026-09-25 12:30:03 | INFO | services.connectors.risk3_connector | [538/2972] CNPJ 04755710000182 -> CACHE (SUCESSO, 115d/365d)
2026-09-25 12:30:03 | INFO | services.connectors.risk3_connector | [539/2972] CNPJ 04756038000140 -> CACHE (SUCESSO, 92d/365d)
2026-09-25 12:30:03 | INFO | services.connectors.risk3_connector | [540/2972] CNPJ 04768477000172 -> CACHE (SUCESSO, 189d/365d)
2026-09-25 12:30:03 | INFO | services.connectors.risk3_connector | [541/2972] CNPJ 04772922000178 -> CACHE (SUCESSO, 93d/365d)
2026-09-25 12:30:03 | INFO | services.connectors.risk3_connector | [542/2972] CNPJ 04774215000110 -> CACHE (SUCESSO, 93d/365d)
2026-09-25 12:30:03 | INFO | services.connectors.risk3_connector | [543/2972] CNPJ 04800830000154 -> CACHE (SUCESSO, 92d/365d)
2026-09-25 12:30:03 | INFO | services.connectors.risk3_connector | [544/2972] CNPJ 04801086000102 -> CACHE (NAO_ENCONTRADO, 3d/30d)
2026-09-25 12:30:03 | INFO | services.connectors.risk3_connector | [545/2972] CNPJ 04802543000183 -> CACHE (SUCESSO, 140d/365d)
2026-09-25 12:30:03 | INFO | services.connectors.risk3_connector | [546/2972] CNPJ 04810290000190 -> CACHE (NAO_ENCONTRADO, 9d/30d)
2026-09-25 12:30:03 | INFO | services.connectors.risk3_connector | [547/2972] CNPJ 04817933000127 -> CACHE (SUCESSO, 255d/365d)
2026-09-25 12:30:03 | INFO | services.connectors.risk3_connector | [548/2972] CNPJ 04831281000185 -> CACHE (NAO_ENCONTRADO, 3d/30d)
2026-09-25 12:30:03 | INFO | services.connectors.risk3_connector | [549/2972] CNPJ 04833180000143 -> CACHE (SUCESSO, 338d/365d)
2026-09-25 12:30:03 | INFO | services.connectors.risk3_connector | [550/2972] CNPJ 04836055000197 -> CACHE (SUCESSO, 71d/365d)
2026-09-25 12:30:03 | INFO | services.connectors.risk3_connector | [551/2972] CNPJ 04846140000136 -> CACHE (SUCESSO, 93d/365d)
2026-09-25 12:30:03 | INFO | services.connectors.risk3_connector | [552/2972] CNPJ 04850218000196 -> CACHE (NAO_ENCONTRADO, 3d/30d)
2026-09-25 12:30:03 | INFO | services.connectors.risk3_connector | [553/2972] CNPJ 04854278000187 -> CACHE (SUCESSO, 123d/365d)
2026-09-25 12:30:03 | INFO | services.connectors.risk3_connector | [554/2972] CNPJ 04856747000105 -> CACHE (SUCESSO, 354d/365d)
2026-09-25 12:30:03 | INFO | services.connectors.risk3_connector | [555/2972] CNPJ 04865228000103 -> CACHE (SUCESSO, 291d/365d)
2026-09-25 12:30:03 | INFO | services.connectors.risk3_connector | [556/2972] CNPJ 04865359000182 -> CACHE (SUCESSO, 92d/365d)
2026-09-25 12:30:03 | INFO | services.connectors.risk3_connector | [557/2972] CNPJ 04871041000104 -> CACHE (SUCESSO, 100d/365d)
2026-09-25 12:30:03 | INFO | services.connectors.risk3_connector | [558/2972] CNPJ 04877281000116 -> CACHE (SUCESSO, 99d/365d)
2026-09-25 12:30:03 | INFO | services.connectors.risk3_connector | [559/2972] CNPJ 04878613000187 -> CACHE (SUCESSO, 73d/365d)
2026-09-25 12:30:03 | INFO | services.connectors.risk3_connector | [560/2972] CNPJ 04885413000151 -> CACHE (NAO_ENCONTRADO, 3d/30d)
2026-09-25 12:30:03 | INFO | services.connectors.risk3_connector | [561/2972] CNPJ 04895728000180 -> CACHE (NAO_ENCONTRADO, 23d/30d)
2026-09-25 12:30:03 | INFO | services.connectors.risk3_connector | [562/2972] CNPJ 04899316000118 -> CACHE (NAO_ENCONTRADO, 3d/30d)
2026-09-25 12:30:03 | INFO | services.connectors.risk3_connector | [563/2972] CNPJ 04900482000197 -> CACHE (SUCESSO, 203d/365d)
2026-09-25 12:30:03 | INFO | services.connectors.risk3_connector | [564/2972] CNPJ 04905537000151 -> CACHE (SUCESSO, 254d/365d)
2026-09-25 12:30:03 | INFO | services.connectors.risk3_connector | [565/2972] CNPJ 04906823000131 -> CACHE (SUCESSO, 106d/365d)
2026-09-25 12:30:03 | INFO | services.connectors.risk3_connector | [566/2972] CNPJ 04908757000139 -> CACHE (SUCESSO, 177d/365d)
2026-09-25 12:30:03 | INFO | services.connectors.risk3_connector | [567/2972] CNPJ 04928324000145 -> CACHE (NAO_ENCONTRADO, 3d/30d)
2026-09-25 12:30:03 | INFO | services.connectors.risk3_connector | [568/2972] CNPJ 04932216000146 -> CACHE (SUCESSO, 102d/365d)
2026-09-25 12:30:03 | INFO | services.connectors.risk3_connector | [569/2972] CNPJ 04940750000951 -> CACHE (SUCESSO, 165d/365d)
2026-09-25 12:30:03 | INFO | services.connectors.risk3_connector | [570/2972] CNPJ 04945225000171 -> CACHE (SUCESSO, 121d/365d)
2026-09-25 12:30:03 | INFO | services.connectors.risk3_connector | [571/2972] CNPJ 04955577000108 -> CACHE (SUCESSO, 109d/365d)
2026-09-25 12:30:03 | INFO | services.connectors.risk3_connector | [572/2972] CNPJ 04956796000101 -> CACHE (NAO_ENCONTRADO, 3d/30d)
2026-09-25 12:30:03 | INFO | services.connectors.risk3_connector | [573/2972] CNPJ 04973790000142 -> CACHE (SUCESSO, 102d/365d)
2026-09-25 12:30:03 | INFO | services.connectors.risk3_connector | [574/2972] CNPJ 04976303000103 -> CACHE (SUCESSO, 92d/365d)
2026-09-25 12:30:03 | INFO | services.connectors.risk3_connector | [575/2972] CNPJ 04995392000127 -> CACHE (SUCESSO, 184d/365d)
2026-09-25 12:30:03 | INFO | services.connectors.risk3_connector | [576/2972] CNPJ 04997059000157 -> CACHE (NAO_ENCONTRADO, 3d/30d)
2026-09-25 12:30:03 | INFO | services.connectors.risk3_connector | [577/2972] CNPJ 05007043000112 -> CACHE (SUCESSO, 353d/365d)
2026-09-25 12:30:03 | INFO | services.connectors.risk3_connector | [578/2972] CNPJ 05022285000185 -> CACHE (SUCESSO, 218d/365d)
2026-09-25 12:30:03 | INFO | services.connectors.risk3_connector | [579/2972] CNPJ 05029991000159 -> CACHE (SUCESSO, 92d/365d)
2026-09-25 12:30:03 | INFO | services.connectors.risk3_connector | [580/2972] CNPJ 05034587000173 -> CACHE (SUCESSO, 254d/365d)
2026-09-25 12:30:03 | INFO | services.connectors.risk3_connector | [581/2972] CNPJ 05039806000107 -> CACHE (SUCESSO, 91d/365d)
2026-09-25 12:30:03 | INFO | services.connectors.risk3_connector | [582/2972] CNPJ 05053020000144 -> CACHE (SUCESSO, 74d/365d)
2026-09-25 12:30:03 | INFO | services.connectors.risk3_connector | [583/2972] CNPJ 05054671000159 -> CACHE (SUCESSO, 290d/365d)
2026-09-25 12:30:03 | INFO | services.connectors.risk3_connector | [584/2972] CNPJ 05065604000210 -> CACHE (SUCESSO, 92d/365d)
2026-09-25 12:30:03 | INFO | services.connectors.risk3_connector | [585/2972] CNPJ 05096536000176 -> CACHE (NAO_ENCONTRADO, 3d/30d)
2026-09-25 12:30:03 | INFO | services.connectors.risk3_connector | [586/2972] CNPJ 05126928000130 -> CACHE (NAO_ENCONTRADO, 9d/30d)
2026-09-25 12:30:03 | INFO | services.connectors.risk3_connector | [587/2972] CNPJ 05140162000149 -> CACHE (SUCESSO, 93d/365d)
2026-09-25 12:30:03 | INFO | services.connectors.risk3_connector | [588/2972] CNPJ 05143490000107 -> CACHE (SUCESSO, 92d/365d)
2026-09-25 12:30:03 | INFO | services.connectors.risk3_connector | [589/2972] CNPJ 05147458000191 -> CACHE (SUCESSO, 165d/365d)
2026-09-25 12:30:03 | INFO | services.connectors.risk3_connector | [590/2972] CNPJ 05147464000149 -> CACHE (SUCESSO, 196d/365d)
2026-09-25 12:30:03 | INFO | services.connectors.risk3_connector | [591/2972] CNPJ 05150338000143 -> CACHE (SUCESSO, 140d/365d)
2026-09-25 12:30:03 | INFO | services.connectors.risk3_connector | [592/2972] CNPJ 05152363000166 -> CACHE (SUCESSO, 8d/365d)
2026-09-25 12:30:03 | INFO | services.connectors.risk3_connector | [593/2972] CNPJ 05158808000115 -> CACHE (SUCESSO, 128d/365d)
2026-09-25 12:30:03 | INFO | services.connectors.risk3_connector | [594/2972] CNPJ 05162775000187 -> CACHE (SUCESSO, 93d/365d)
2026-09-25 12:30:03 | INFO | services.connectors.risk3_connector | [595/2972] CNPJ 05165324000101 -> CACHE (SUCESSO, 46d/365d)
2026-09-25 12:30:03 | INFO | services.connectors.risk3_connector | [596/2972] CNPJ 05206031000117 -> CACHE (SUCESSO, 254d/365d)
2026-09-25 12:30:03 | INFO | services.connectors.risk3_connector | [597/2972] CNPJ 05211777000119 -> CACHE (NAO_ENCONTRADO, 3d/30d)
2026-09-25 12:30:03 | INFO | services.connectors.risk3_connector | [598/2972] CNPJ 05251919000171 -> CACHE (SUCESSO, 107d/365d)
2026-09-25 12:30:03 | INFO | services.connectors.risk3_connector | [599/2972] CNPJ 05263293000113 -> CACHE (SUCESSO, 142d/365d)
2026-09-25 12:30:03 | INFO | services.connectors.risk3_connector | [600/2972] CNPJ 05263973000137 -> CACHE (SUCESSO, 38d/365d)
2026-09-25 12:30:03 | INFO | services.connectors.risk3_connector | [601/2972] CNPJ 05265768000291 -> CACHE (SUCESSO, 93d/365d)
2026-09-25 12:30:03 | INFO | services.connectors.risk3_connector | [602/2972] CNPJ 05288648000129 -> CACHE (SUCESSO, 93d/365d)
2026-09-25 12:30:03 | INFO | services.connectors.risk3_connector | [603/2972] CNPJ 05297665000122 -> CACHE (SUCESSO, 240d/365d)
2026-09-25 12:30:03 | INFO | services.connectors.risk3_connector | [604/2972] CNPJ 05298154000125 -> CACHE (NAO_ENCONTRADO, 3d/30d)
2026-09-25 12:30:03 | INFO | services.connectors.risk3_connector | [605/2972] CNPJ 05302946000126 -> CACHE (SUCESSO, 93d/365d)
2026-09-25 12:30:03 | INFO | services.connectors.risk3_connector | [606/2972] CNPJ 05309161000185 -> CACHE (SUCESSO, 255d/365d)
2026-09-25 12:30:03 | INFO | services.connectors.risk3_connector | [607/2972] CNPJ 05311209000190 -> CACHE (SUCESSO, 93d/365d)
2026-09-25 12:30:03 | INFO | services.connectors.risk3_connector | [608/2972] CNPJ 05321226000108 -> CACHE (SUCESSO, 37d/365d)
2026-09-25 12:30:03 | INFO | services.connectors.risk3_connector | [609/2972] CNPJ 05321589000143 -> CACHE (SUCESSO, 93d/365d)
2026-09-25 12:30:03 | INFO | services.connectors.risk3_connector | [610/2972] CNPJ 05325158000155 -> CACHE (SUCESSO, 38d/365d)
2026-09-25 12:30:03 | INFO | services.connectors.risk3_connector | [611/2972] CNPJ 05327858000189 -> CACHE (NAO_ENCONTRADO, 3d/30d)
2026-09-25 12:30:03 | INFO | services.connectors.risk3_connector | [612/2972] CNPJ 05338877000100 -> CACHE (SUCESSO, 66d/365d)
2026-09-25 12:30:03 | INFO | services.connectors.risk3_connector | [613/2972] CNPJ 05350372000161 -> CACHE (SUCESSO, 106d/365d)
2026-09-25 12:30:03 | INFO | services.connectors.risk3_connector | [614/2972] CNPJ 05352237000155 -> CACHE (SUCESSO, 156d/365d)
2026-09-25 12:30:03 | INFO | services.connectors.risk3_connector | [615/2972] CNPJ 05352393000116 -> CACHE (SUCESSO, 92d/365d)
2026-09-25 12:30:03 | INFO | services.connectors.risk3_connector | [616/2972] CNPJ 05355352000183 -> CACHE (SUCESSO, 155d/365d)
2026-09-25 12:30:03 | INFO | services.connectors.risk3_connector | [617/2972] CNPJ 05358507000135 -> CACHE (SUCESSO, 92d/365d)
2026-09-25 12:30:03 | INFO | services.connectors.risk3_connector | [618/2972] CNPJ 05362278000122 -> CACHE (SUCESSO, 93d/365d)
2026-09-25 12:30:03 | INFO | services.connectors.risk3_connector | [619/2972] CNPJ 05367948000101 -> CACHE (SUCESSO, 93d/365d)
2026-09-25 12:30:03 | INFO | services.connectors.risk3_connector | [620/2972] CNPJ 05387332000194 -> CACHE (SUCESSO, 130d/365d)
2026-09-25 12:30:03 | INFO | services.connectors.risk3_connector | [621/2972] CNPJ 05408610000142 -> CACHE (SUCESSO, 235d/365d)
2026-09-25 12:30:03 | INFO | services.connectors.risk3_connector | [622/2972] CNPJ 05428961000115 -> CACHE (SUCESSO, 255d/365d)
2026-09-25 12:30:03 | INFO | services.connectors.risk3_connector | [623/2972] CNPJ 05437703000103 -> CACHE (SUCESSO, 182d/365d)
2026-09-25 12:30:03 | INFO | services.connectors.risk3_connector | [624/2972] CNPJ 05440065000171 -> CACHE (NAO_ENCONTRADO, 3d/30d)
2026-09-25 12:30:03 | INFO | services.connectors.risk3_connector | [625/2972] CNPJ 05444083000121 -> CACHE (NAO_ENCONTRADO, 3d/30d)
2026-09-25 12:30:03 | INFO | services.connectors.risk3_connector | [626/2972] CNPJ 05449127000106 -> CACHE (SUCESSO, 92d/365d)
2026-09-25 12:30:03 | INFO | services.connectors.risk3_connector | [627/2972] CNPJ 05461328000129 -> CACHE (NAO_ENCONTRADO, 3d/30d)
2026-09-25 12:30:03 | INFO | services.connectors.risk3_connector | [628/2972] CNPJ 05488253000170 -> CACHE (SUCESSO, 165d/365d)
2026-09-25 12:30:03 | INFO | services.connectors.risk3_connector | [629/2972] CNPJ 05500934000106 -> CACHE (SUCESSO, 282d/365d)
2026-09-25 12:30:03 | INFO | services.connectors.risk3_connector | [630/2972] CNPJ 05509738000100 -> CACHE (SUCESSO, 93d/365d)
2026-09-25 12:30:03 | INFO | services.connectors.risk3_connector | [631/2972] CNPJ 05510471000163 -> CACHE (SUCESSO, 92d/365d)
2026-09-25 12:30:03 | INFO | services.connectors.risk3_connector | [632/2972] CNPJ 05528196000105 -> CACHE (NAO_ENCONTRADO, 3d/30d)
2026-09-25 12:30:03 | INFO | services.connectors.risk3_connector | [633/2972] CNPJ 05543197000129 -> CACHE (SUCESSO, 95d/365d)
2026-09-25 12:30:03 | INFO | services.connectors.risk3_connector | [634/2972] CNPJ 05545073000263 -> CACHE (SUCESSO, 93d/365d)
2026-09-25 12:30:03 | INFO | services.connectors.risk3_connector | [635/2972] CNPJ 05551562000147 -> CACHE (SUCESSO, 255d/365d)
2026-09-25 12:30:03 | INFO | services.connectors.risk3_connector | [636/2972] CNPJ 05552102000133 -> CACHE (SUCESSO, 92d/365d)
2026-09-25 12:30:03 | INFO | services.connectors.risk3_connector | [637/2972] CNPJ 05609769000125 -> CACHE (SUCESSO, 155d/365d)
2026-09-25 12:30:03 | INFO | services.connectors.risk3_connector | [638/2972] CNPJ 05620523000154 -> CACHE (SUCESSO, 66d/365d)
2026-09-25 12:30:03 | INFO | services.connectors.risk3_connector | [639/2972] CNPJ 05620523000235 -> CACHE (SUCESSO, 92d/365d)
2026-09-25 12:30:03 | INFO | services.connectors.risk3_connector | [640/2972] CNPJ 05624109000113 -> CACHE (NAO_ENCONTRADO, 3d/30d)
2026-09-25 12:30:03 | INFO | services.connectors.risk3_connector | [641/2972] CNPJ 05624538000190 -> CACHE (NAO_ENCONTRADO, 3d/30d)
2026-09-25 12:30:03 | INFO | services.connectors.risk3_connector | [642/2972] CNPJ 05643764000119 -> CACHE (SUCESSO, 93d/365d)
2026-09-25 12:30:03 | INFO | services.connectors.risk3_connector | [643/2972] CNPJ 05644020000119 -> CACHE (NAO_ENCONTRADO, 3d/30d)
2026-09-25 12:30:03 | INFO | services.connectors.risk3_connector | [644/2972] CNPJ 05644974000121 -> CACHE (SUCESSO, 165d/365d)
2026-09-25 12:30:03 | INFO | services.connectors.risk3_connector | [645/2972] CNPJ 05644974000393 -> CACHE (NAO_ENCONTRADO, 3d/30d)
2026-09-25 12:30:03 | INFO | services.connectors.risk3_connector | [646/2972] CNPJ 05644974000474 -> CACHE (NAO_ENCONTRADO, 3d/30d)
2026-09-25 12:30:03 | INFO | services.connectors.risk3_connector | [647/2972] CNPJ 05644974000636 -> CACHE (NAO_ENCONTRADO, 3d/30d)
2026-09-25 12:30:03 | INFO | services.connectors.risk3_connector | [648/2972] CNPJ 05644974001012 -> CACHE (NAO_ENCONTRADO, 3d/30d)
2026-09-25 12:30:03 | INFO | services.connectors.risk3_connector | [649/2972] CNPJ 05667826000122 -> CACHE (SUCESSO, 165d/365d)
2026-09-25 12:30:03 | INFO | services.connectors.risk3_connector | [650/2972] CNPJ 05669695000112 -> CACHE (NAO_ENCONTRADO, 3d/30d)
2026-09-25 12:30:03 | INFO | services.connectors.risk3_connector | [651/2972] CNPJ 05671160000186 -> CACHE (SUCESSO, 359d/365d)
2026-09-25 12:30:03 | INFO | services.connectors.risk3_connector | [652/2972] CNPJ 05677470000108 -> CACHE (SUCESSO, 87d/365d)
2026-09-25 12:30:03 | INFO | services.connectors.risk3_connector | [653/2972] CNPJ 05691238000124 -> CACHE (SUCESSO, 92d/365d)
2026-09-25 12:30:03 | INFO | services.connectors.risk3_connector | [654/2972] CNPJ 05700665000121 -> CACHE (SUCESSO, 23d/365d)
2026-09-25 12:30:03 | INFO | services.connectors.risk3_connector | [655/2972] CNPJ 05738907000176 -> CACHE (SUCESSO, 93d/365d)
2026-09-25 12:30:03 | INFO | services.connectors.risk3_connector | [656/2972] CNPJ 05748063000144 -> CACHE (SUCESSO, 255d/365d)
2026-09-25 12:30:03 | INFO | services.connectors.risk3_connector | [657/2972] CNPJ 05754606000136 -> CACHE (NAO_ENCONTRADO, 3d/30d)
2026-09-25 12:30:03 | INFO | services.connectors.risk3_connector | [658/2972] CNPJ 05771868000109 -> CACHE (SUCESSO, 92d/365d)
2026-09-25 12:30:03 | INFO | services.connectors.risk3_connector | [659/2972] CNPJ 05787792000100 -> CACHE (SUCESSO, 93d/365d)
2026-09-25 12:30:03 | INFO | services.connectors.risk3_connector | [660/2972] CNPJ 05789622000164 -> CACHE (SUCESSO, 345d/365d)
2026-09-25 12:30:03 | INFO | services.connectors.risk3_connector | [661/2972] CNPJ 05794392000121 -> CACHE (NAO_ENCONTRADO, 3d/30d)
2026-09-25 12:30:03 | INFO | services.connectors.risk3_connector | [662/2972] CNPJ 05796061000120 -> CACHE (SUCESSO, 92d/365d)
2026-09-25 12:30:03 | INFO | services.connectors.risk3_connector | [663/2972] CNPJ 05798883000140 -> CACHE (NAO_ENCONTRADO, 9d/30d)
2026-09-25 12:30:03 | INFO | services.connectors.risk3_connector | [664/2972] CNPJ 05818917000111 -> CACHE (NAO_ENCONTRADO, 3d/30d)
2026-09-25 12:30:03 | INFO | services.connectors.risk3_connector | [665/2972] CNPJ 05830238000168 -> CACHE (SUCESSO, 92d/365d)
2026-09-25 12:30:03 | INFO | services.connectors.risk3_connector | [666/2972] CNPJ 05848387000154 -> CACHE (SUCESSO, 100d/365d)
2026-09-25 12:30:03 | INFO | services.connectors.risk3_connector | [667/2972] CNPJ 05855974000170 -> CACHE (SUCESSO, 165d/365d)
2026-09-25 12:30:03 | INFO | services.connectors.risk3_connector | [668/2972] CNPJ 05866984000101 -> CACHE (NAO_ENCONTRADO, 3d/30d)
2026-09-25 12:30:03 | INFO | services.connectors.risk3_connector | [669/2972] CNPJ 05876349000105 -> CACHE (SUCESSO, 92d/365d)
2026-09-25 12:30:03 | INFO | services.connectors.risk3_connector | [670/2972] CNPJ 05876349000377 -> CACHE (SUCESSO, 92d/365d)
2026-09-25 12:30:03 | INFO | services.connectors.risk3_connector | [671/2972] CNPJ 05878397000132 -> CACHE (SUCESSO, 143d/365d)
2026-09-25 12:30:03 | INFO | services.connectors.risk3_connector | [672/2972] CNPJ 05883919000194 -> CACHE (SUCESSO, 190d/365d)
2026-09-25 12:30:03 | INFO | services.connectors.risk3_connector | [673/2972] CNPJ 05914226000111 -> CACHE (SUCESSO, 92d/365d)
2026-09-25 12:30:03 | INFO | services.connectors.risk3_connector | [674/2972] CNPJ 05915146000261 -> CACHE (SUCESSO, 93d/365d)
2026-09-25 12:30:03 | INFO | services.connectors.risk3_connector | [675/2972] CNPJ 05935151000155 -> CACHE (SUCESSO, 108d/365d)
2026-09-25 12:30:03 | INFO | services.connectors.risk3_connector | [676/2972] CNPJ 05938805000102 -> CACHE (NAO_ENCONTRADO, 3d/30d)
2026-09-25 12:30:03 | INFO | services.connectors.risk3_connector | [677/2972] CNPJ 05938884000143 -> CACHE (NAO_ENCONTRADO, 9d/30d)
2026-09-25 12:30:03 | INFO | services.connectors.risk3_connector | [678/2972] CNPJ 05953282000165 -> CACHE (SUCESSO, 165d/365d)
2026-09-25 12:30:03 | INFO | services.connectors.risk3_connector | [679/2972] CNPJ 05975865000197 -> CACHE (SUCESSO, 239d/365d)
2026-09-25 12:30:03 | INFO | services.connectors.risk3_connector | [680/2972] CNPJ 06010210000147 -> CACHE (SUCESSO, 92d/365d)
2026-09-25 12:30:03 | INFO | services.connectors.risk3_connector | [681/2972] CNPJ 06015859000150 -> CACHE (SUCESSO, 15d/365d)
2026-09-25 12:30:03 | INFO | services.connectors.risk3_connector | [682/2972] CNPJ 06022455000194 -> CACHE (SUCESSO, 92d/365d)
2026-09-25 12:30:03 | INFO | services.connectors.risk3_connector | [683/2972] CNPJ 06022455000860 -> CACHE (NAO_ENCONTRADO, 3d/30d)
2026-09-25 12:30:03 | INFO | services.connectors.risk3_connector | [684/2972] CNPJ 06034577000362 -> CACHE (NAO_ENCONTRADO, 23d/30d)
2026-09-25 12:30:03 | INFO | services.connectors.risk3_connector | [685/2972] CNPJ 06037638000183 -> CACHE (SUCESSO, 93d/365d)
2026-09-25 12:30:03 | INFO | services.connectors.risk3_connector | [686/2972] CNPJ 06043809000187 -> CACHE (SUCESSO, 66d/365d)
2026-09-25 12:30:03 | INFO | services.connectors.risk3_connector | [687/2972] CNPJ 06047087000139 -> CACHE (NAO_ENCONTRADO, 9d/30d)
2026-09-25 12:30:03 | INFO | services.connectors.risk3_connector | [688/2972] CNPJ 06053093000107 -> CACHE (SUCESSO, 99d/365d)
2026-09-25 12:30:03 | INFO | services.connectors.risk3_connector | [689/2972] CNPJ 06057223000171 -> CACHE (SUCESSO, 44d/365d)
2026-09-25 12:30:03 | INFO | services.connectors.risk3_connector | [690/2972] CNPJ 06064123000172 -> CACHE (SUCESSO, 137d/365d)
2026-09-25 12:30:03 | INFO | services.connectors.risk3_connector | [691/2972] CNPJ 06075277000160 -> CACHE (SUCESSO, 87d/365d)
2026-09-25 12:30:03 | INFO | services.connectors.risk3_connector | [692/2972] CNPJ 06081827000153 -> CACHE (SUCESSO, 255d/365d)
2026-09-25 12:30:03 | INFO | services.connectors.risk3_connector | [693/2972] CNPJ 06088741000152 -> CACHE (SUCESSO, 38d/365d)
2026-09-25 12:30:03 | INFO | services.connectors.risk3_connector | [694/2972] CNPJ 06088741000403 -> CACHE (NAO_ENCONTRADO, 3d/30d)
2026-09-25 12:30:03 | INFO | services.connectors.risk3_connector | [695/2972] CNPJ 06088741000586 -> CACHE (SUCESSO, 23d/365d)
2026-09-25 12:30:03 | INFO | services.connectors.risk3_connector | [696/2972] CNPJ 06088741000829 -> CACHE (NAO_ENCONTRADO, 3d/30d)
2026-09-25 12:30:03 | INFO | services.connectors.risk3_connector | [697/2972] CNPJ 06088741002520 -> CACHE (NAO_ENCONTRADO, 3d/30d)
2026-09-25 12:30:03 | INFO | services.connectors.risk3_connector | [698/2972] CNPJ 06094065000120 -> CACHE (SUCESSO, 254d/365d)
2026-09-25 12:30:03 | INFO | services.connectors.risk3_connector | [699/2972] CNPJ 06113322000123 -> CACHE (SUCESSO, 212d/365d)
2026-09-25 12:30:03 | INFO | services.connectors.risk3_connector | [700/2972] CNPJ 06126316000100 -> CACHE (SUCESSO, 92d/365d)
2026-09-25 12:30:03 | INFO | services.connectors.risk3_connector | [701/2972] CNPJ 06134559000190 -> CACHE (SUCESSO, 92d/365d)
2026-09-25 12:30:03 | INFO | services.connectors.risk3_connector | [702/2972] CNPJ 06138324000177 -> CACHE (SUCESSO, 92d/365d)
2026-09-25 12:30:03 | INFO | services.connectors.risk3_connector | [703/2972] CNPJ 06149288000147 -> CACHE (SUCESSO, 123d/365d)
2026-09-25 12:30:03 | INFO | services.connectors.risk3_connector | [704/2972] CNPJ 06149288000309 -> CACHE (NAO_ENCONTRADO, 3d/30d)
2026-09-25 12:30:03 | INFO | services.connectors.risk3_connector | [705/2972] CNPJ 06149288000490 -> CACHE (NAO_ENCONTRADO, 3d/30d)
2026-09-25 12:30:03 | INFO | services.connectors.risk3_connector | [706/2972] CNPJ 06151384000120 -> CACHE (SUCESSO, 92d/365d)
2026-09-25 12:30:03 | INFO | services.connectors.risk3_connector | [707/2972] CNPJ 06164824000183 -> Consultando API (Endpoint detalhado por CNPJ)...
2026-09-25 12:30:03 | INFO | services.connectors.risk3_connector | SUCESSO na extração dos detalhes do Bureau!
2026-09-25 12:30:04 | INFO | services.connectors.risk3_connector | [708/2972] CNPJ 06184630000140 -> CACHE (SUCESSO, 29d/365d)
2026-09-25 12:30:04 | INFO | services.connectors.risk3_connector | [709/2972] CNPJ 06195441000172 -> CACHE (NAO_ENCONTRADO, 3d/30d)
2026-09-25 12:30:04 | INFO | services.connectors.risk3_connector | [710/2972] CNPJ 06200154000103 -> CACHE (SUCESSO, 36d/365d)
2026-09-25 12:30:04 | INFO | services.connectors.risk3_connector | [711/2972] CNPJ 06268099000193 -> CACHE (SUCESSO, 59d/365d)
2026-09-25 12:30:04 | INFO | services.connectors.risk3_connector | [712/2972] CNPJ 06268413000138 -> CACHE (SUCESSO, 93d/365d)
2026-09-25 12:30:04 | INFO | services.connectors.risk3_connector | [713/2972] CNPJ 06272575000140 -> CACHE (SUCESSO, 93d/365d)
2026-09-25 12:30:04 | INFO | services.connectors.risk3_connector | [714/2972] CNPJ 06272793000184 -> CACHE (SUCESSO, 218d/365d)
2026-09-25 12:30:04 | INFO | services.connectors.risk3_connector | [715/2972] CNPJ 06274562000100 -> CACHE (NAO_ENCONTRADO, 3d/30d)
2026-09-25 12:30:04 | INFO | services.connectors.risk3_connector | [716/2972] CNPJ 06287157000126 -> CACHE (SUCESSO, 140d/365d)
2026-09-25 12:30:04 | INFO | services.connectors.risk3_connector | [717/2972] CNPJ 06288733000150 -> CACHE (SUCESSO, 255d/365d)
2026-09-25 12:30:04 | INFO | services.connectors.risk3_connector | [718/2972] CNPJ 06293564000146 -> CACHE (SUCESSO, 254d/365d)
2026-09-25 12:30:04 | INFO | services.connectors.risk3_connector | [719/2972] CNPJ 06295068000121 -> CACHE (NAO_ENCONTRADO, 3d/30d)
2026-09-25 12:30:04 | INFO | services.connectors.risk3_connector | [720/2972] CNPJ 06303603000149 -> CACHE (NAO_ENCONTRADO, 3d/30d)
2026-09-25 12:30:04 | INFO | services.connectors.risk3_connector | [721/2972] CNPJ 06315338000119 -> CACHE (SUCESSO, 79d/365d)
2026-09-25 12:30:04 | INFO | services.connectors.risk3_connector | [722/2972] CNPJ 06315338021116 -> CACHE (NAO_ENCONTRADO, 3d/30d)
2026-09-25 12:30:04 | INFO | services.connectors.risk3_connector | [723/2972] CNPJ 06325587000195 -> CACHE (SUCESSO, 93d/365d)
2026-09-25 12:30:04 | INFO | services.connectors.risk3_connector | [724/2972] CNPJ 06342880000160 -> CACHE (SUCESSO, 93d/365d)
2026-09-25 12:30:04 | INFO | services.connectors.risk3_connector | [725/2972] CNPJ 06346534000150 -> CACHE (SUCESSO, 92d/365d)
2026-09-25 12:30:04 | INFO | services.connectors.risk3_connector | [726/2972] CNPJ 06353241001172 -> CACHE (NAO_ENCONTRADO, 3d/30d)
2026-09-25 12:30:04 | INFO | services.connectors.risk3_connector | [727/2972] CNPJ 06700769000107 -> CACHE (SUCESSO, 93d/365d)
2026-09-25 12:30:04 | INFO | services.connectors.risk3_connector | [728/2972] CNPJ 06840748000189 -> CACHE (NAO_ENCONTRADO, 23d/30d)
2026-09-25 12:30:04 | INFO | services.connectors.risk3_connector | [729/2972] CNPJ 06859993000138 -> CACHE (SUCESSO, 200d/365d)
2026-09-25 12:30:04 | INFO | services.connectors.risk3_connector | [730/2972] CNPJ 06886749000407 -> CACHE (SUCESSO, 304d/365d)
2026-09-25 12:30:04 | INFO | services.connectors.risk3_connector | [731/2972] CNPJ 06905926000102 -> CACHE (SUCESSO, 95d/365d)
2026-09-25 12:30:04 | INFO | services.connectors.risk3_connector | [732/2972] CNPJ 06922415000107 -> CACHE (SUCESSO, 87d/365d)
2026-09-25 12:30:04 | INFO | services.connectors.risk3_connector | [733/2972] CNPJ 06928712000151 -> CACHE (SUCESSO, 254d/365d)
2026-09-25 12:30:04 | INFO | services.connectors.risk3_connector | [734/2972] CNPJ 06931598000119 -> CACHE (NAO_ENCONTRADO, 3d/30d)
2026-09-25 12:30:04 | INFO | services.connectors.risk3_connector | [735/2972] CNPJ 06935509000102 -> CACHE (SUCESSO, 92d/365d)
2026-09-25 12:30:04 | INFO | services.connectors.risk3_connector | [736/2972] CNPJ 06956391000107 -> CACHE (SUCESSO, 42d/365d)
2026-09-25 12:30:04 | INFO | services.connectors.risk3_connector | [737/2972] CNPJ 06959872000168 -> CACHE (SUCESSO, 255d/365d)
2026-09-25 12:30:04 | INFO | services.connectors.risk3_connector | [738/2972] CNPJ 06968935000142 -> CACHE (SUCESSO, 199d/365d)
2026-09-25 12:30:04 | INFO | services.connectors.risk3_connector | [739/2972] CNPJ 06972254000239 -> CACHE (SUCESSO, 165d/365d)
2026-09-25 12:30:04 | INFO | services.connectors.risk3_connector | [740/2972] CNPJ 06973355000143 -> CACHE (SUCESSO, 64d/365d)
2026-09-25 12:30:04 | INFO | services.connectors.risk3_connector | [741/2972] CNPJ 06981176000158 -> CACHE (SUCESSO, 92d/365d)
2026-09-25 12:30:04 | INFO | services.connectors.risk3_connector | [742/2972] CNPJ 06990026000100 -> CACHE (SUCESSO, 92d/365d)
2026-09-25 12:30:04 | INFO | services.connectors.risk3_connector | [743/2972] CNPJ 07005330000119 -> CACHE (SUCESSO, 122d/365d)
2026-09-25 12:30:04 | INFO | services.connectors.risk3_connector | [744/2972] CNPJ 07009769000209 -> CACHE (SUCESSO, 92d/365d)
2026-09-25 12:30:04 | INFO | services.connectors.risk3_connector | [745/2972] CNPJ 07013199000131 -> CACHE (NAO_ENCONTRADO, 3d/30d)
2026-09-25 12:30:04 | INFO | services.connectors.risk3_connector | [746/2972] CNPJ 07017009000154 -> CACHE (NAO_ENCONTRADO, 3d/30d)
2026-09-25 12:30:04 | INFO | services.connectors.risk3_connector | [747/2972] CNPJ 07028528000118 -> CACHE (SUCESSO, 352d/365d)
2026-09-25 12:30:04 | INFO | services.connectors.risk3_connector | [748/2972] CNPJ 07036421000111 -> CACHE (SUCESSO, 165d/365d)
2026-09-25 12:30:04 | INFO | services.connectors.risk3_connector | [749/2972] CNPJ 07037123000146 -> CACHE (SUCESSO, 101d/365d)
2026-09-25 12:30:04 | INFO | services.connectors.risk3_connector | [750/2972] CNPJ 07042960000163 -> CACHE (SUCESSO, 93d/365d)
2026-09-25 12:30:04 | INFO | services.connectors.risk3_connector | [751/2972] CNPJ 07047251000170 -> CACHE (NAO_ENCONTRADO, 23d/30d)
2026-09-25 12:30:04 | INFO | services.connectors.risk3_connector | [752/2972] CNPJ 07072783000168 -> CACHE (SUCESSO, 92d/365d)
2026-09-25 12:30:04 | INFO | services.connectors.risk3_connector | [753/2972] CNPJ 07082088000187 -> CACHE (SUCESSO, 186d/365d)
2026-09-25 12:30:04 | INFO | services.connectors.risk3_connector | [754/2972] CNPJ 07086487000116 -> CACHE (SUCESSO, 171d/365d)
2026-09-25 12:30:04 | INFO | services.connectors.risk3_connector | [755/2972] CNPJ 07094315000194 -> CACHE (SUCESSO, 52d/365d)
2026-09-25 12:30:04 | INFO | services.connectors.risk3_connector | [756/2972] CNPJ 07094597000120 -> CACHE (SUCESSO, 46d/365d)
2026-09-25 12:30:04 | INFO | services.connectors.risk3_connector | [757/2972] CNPJ 07116586000101 -> CACHE (SUCESSO, 92d/365d)
2026-09-25 12:30:04 | INFO | services.connectors.risk3_connector | [758/2972] CNPJ 07128323000104 -> CACHE (SUCESSO, 163d/365d)
2026-09-25 12:30:04 | INFO | services.connectors.risk3_connector | [759/2972] CNPJ 07131859000189 -> CACHE (SUCESSO, 92d/365d)
2026-09-25 12:30:04 | INFO | services.connectors.risk3_connector | [760/2972] CNPJ 07133522000100 -> CACHE (NAO_ENCONTRADO, 9d/30d)
2026-09-25 12:30:04 | INFO | services.connectors.risk3_connector | [761/2972] CNPJ 07142188000151 -> CACHE (SUCESSO, 325d/365d)
2026-09-25 12:30:04 | INFO | services.connectors.risk3_connector | [762/2972] CNPJ 07143575000102 -> CACHE (SUCESSO, 210d/365d)
2026-09-25 12:30:04 | INFO | services.connectors.risk3_connector | [763/2972] CNPJ 07145799000153 -> CACHE (SUCESSO, 261d/365d)
2026-09-25 12:30:04 | INFO | services.connectors.risk3_connector | [764/2972] CNPJ 07168823000170 -> CACHE (SUCESSO, 93d/365d)
2026-09-25 12:30:04 | INFO | services.connectors.risk3_connector | [765/2972] CNPJ 07175725000160 -> CACHE (SUCESSO, 134d/365d)
2026-09-25 12:30:04 | INFO | services.connectors.risk3_connector | [766/2972] CNPJ 07175725001050 -> CACHE (NAO_ENCONTRADO, 3d/30d)
2026-09-25 12:30:04 | INFO | services.connectors.risk3_connector | [767/2972] CNPJ 07175725001484 -> CACHE (SUCESSO, 92d/365d)
2026-09-25 12:30:04 | INFO | services.connectors.risk3_connector | [768/2972] CNPJ 07177083000138 -> CACHE (SUCESSO, 255d/365d)
2026-09-25 12:30:04 | INFO | services.connectors.risk3_connector | [769/2972] CNPJ 07196526000138 -> CACHE (SUCESSO, 93d/365d)
2026-09-25 12:30:04 | INFO | services.connectors.risk3_connector | [770/2972] CNPJ 07202226000114 -> CACHE (SUCESSO, 255d/365d)
2026-09-25 12:30:04 | INFO | services.connectors.risk3_connector | [771/2972] CNPJ 07206816000115 -> CACHE (SUCESSO, 109d/365d)
2026-09-25 12:30:04 | INFO | services.connectors.risk3_connector | [772/2972] CNPJ 07207806000447 -> CACHE (NAO_ENCONTRADO, 3d/30d)
2026-09-25 12:30:04 | INFO | services.connectors.risk3_connector | [773/2972] CNPJ 07210771000152 -> CACHE (SUCESSO, 93d/365d)
2026-09-25 12:30:04 | INFO | services.connectors.risk3_connector | [774/2972] CNPJ 07226794000155 -> CACHE (SUCESSO, 100d/365d)
2026-09-25 12:30:04 | INFO | services.connectors.risk3_connector | [775/2972] CNPJ 07227026000116 -> CACHE (NAO_ENCONTRADO, 9d/30d)
2026-09-25 12:30:04 | INFO | services.connectors.risk3_connector | [776/2972] CNPJ 07237015000117 -> CACHE (NAO_ENCONTRADO, 3d/30d)
2026-09-25 12:30:04 | INFO | services.connectors.risk3_connector | [777/2972] CNPJ 07242370000184 -> CACHE (SUCESSO, 93d/365d)
2026-09-25 12:30:04 | INFO | services.connectors.risk3_connector | [778/2972] CNPJ 07255191000181 -> CACHE (SUCESSO, 204d/365d)
2026-09-25 12:30:04 | INFO | services.connectors.risk3_connector | [779/2972] CNPJ 07255463000143 -> CACHE (SUCESSO, 102d/365d)
2026-09-25 12:30:04 | INFO | services.connectors.risk3_connector | [780/2972] CNPJ 07280328001804 -> CACHE (SUCESSO, 143d/365d)
2026-09-25 12:30:04 | INFO | services.connectors.risk3_connector | [781/2972] CNPJ 07288763000129 -> CACHE (SUCESSO, 92d/365d)
2026-09-25 12:30:04 | INFO | services.connectors.risk3_connector | [782/2972] CNPJ 07293000000176 -> CACHE (NAO_ENCONTRADO, 3d/30d)
2026-09-25 12:30:04 | INFO | services.connectors.risk3_connector | [783/2972] CNPJ 07293314000179 -> CACHE (NAO_ENCONTRADO, 3d/30d)
2026-09-25 12:30:04 | INFO | services.connectors.risk3_connector | [784/2972] CNPJ 07298800000180 -> CACHE (SUCESSO, 92d/365d)
2026-09-25 12:30:04 | INFO | services.connectors.risk3_connector | [785/2972] CNPJ 07308311000161 -> CACHE (NAO_ENCONTRADO, 3d/30d)
2026-09-25 12:30:04 | INFO | services.connectors.risk3_connector | [786/2972] CNPJ 07316858000109 -> CACHE (SUCESSO, 168d/365d)
2026-09-25 12:30:04 | INFO | services.connectors.risk3_connector | [787/2972] CNPJ 07322382000119 -> CACHE (SUCESSO, 323d/365d)
2026-09-25 12:30:04 | INFO | services.connectors.risk3_connector | [788/2972] CNPJ 07322382000461 -> CACHE (SUCESSO, 254d/365d)
2026-09-25 12:30:04 | INFO | services.connectors.risk3_connector | [789/2972] CNPJ 07323566000101 -> CACHE (SUCESSO, 92d/365d)
2026-09-25 12:30:04 | INFO | services.connectors.risk3_connector | [790/2972] CNPJ 07328522000166 -> CACHE (SUCESSO, 93d/365d)
2026-09-25 12:30:04 | INFO | services.connectors.risk3_connector | [791/2972] CNPJ 07330898000105 -> CACHE (SUCESSO, 235d/365d)
2026-09-25 12:30:04 | INFO | services.connectors.risk3_connector | [792/2972] CNPJ 07335416000100 -> CACHE (SUCESSO, 150d/365d)
2026-09-25 12:30:04 | INFO | services.connectors.risk3_connector | [793/2972] CNPJ 07339952000183 -> CACHE (NAO_ENCONTRADO, 3d/30d)
2026-09-25 12:30:04 | INFO | services.connectors.risk3_connector | [794/2972] CNPJ 07349852000138 -> CACHE (SUCESSO, 213d/365d)
2026-09-25 12:30:04 | INFO | services.connectors.risk3_connector | [795/2972] CNPJ 07357797000128 -> CACHE (SUCESSO, 92d/365d)
2026-09-25 12:30:04 | INFO | services.connectors.risk3_connector | [796/2972] CNPJ 07358761000169 -> CACHE (SUCESSO, 92d/365d)
2026-09-25 12:30:04 | INFO | services.connectors.risk3_connector | [797/2972] CNPJ 07358761005632 -> CACHE (SUCESSO, 134d/365d)
2026-09-25 12:30:04 | INFO | services.connectors.risk3_connector | [798/2972] CNPJ 07364017000177 -> CACHE (SUCESSO, 93d/365d)
2026-09-25 12:30:04 | INFO | services.connectors.risk3_connector | [799/2972] CNPJ 07365641000199 -> CACHE (NAO_ENCONTRADO, 3d/30d)
2026-09-25 12:30:04 | INFO | services.connectors.risk3_connector | [800/2972] CNPJ 07385124000181 -> CACHE (NAO_ENCONTRADO, 3d/30d)
2026-09-25 12:30:04 | INFO | services.connectors.risk3_connector | [801/2972] CNPJ 07386836000115 -> CACHE (SUCESSO, 129d/365d)
2026-09-25 12:30:04 | INFO | services.connectors.risk3_connector | [802/2972] CNPJ 07391922000116 -> CACHE (SUCESSO, 92d/365d)
2026-09-25 12:30:04 | INFO | services.connectors.risk3_connector | [803/2972] CNPJ 07393256000155 -> CACHE (NAO_ENCONTRADO, 9d/30d)
2026-09-25 12:30:04 | INFO | services.connectors.risk3_connector | [804/2972] CNPJ 07404052000172 -> CACHE (SUCESSO, 93d/365d)
2026-09-25 12:30:04 | INFO | services.connectors.risk3_connector | [805/2972] CNPJ 07414848000106 -> CACHE (SUCESSO, 93d/365d)
2026-09-25 12:30:04 | INFO | services.connectors.risk3_connector | [806/2972] CNPJ 07415554000875 -> CACHE (NAO_ENCONTRADO, 3d/30d)
2026-09-25 12:30:04 | INFO | services.connectors.risk3_connector | [807/2972] CNPJ 07416174000189 -> CACHE (SUCESSO, 233d/365d)
2026-09-25 12:30:04 | INFO | services.connectors.risk3_connector | [808/2972] CNPJ 07427584000125 -> CACHE (SUCESSO, 106d/365d)
2026-09-25 12:30:04 | INFO | services.connectors.risk3_connector | [809/2972] CNPJ 07432397000130 -> CACHE (SUCESSO, 93d/365d)
2026-09-25 12:30:04 | INFO | services.connectors.risk3_connector | [810/2972] CNPJ 07442711000165 -> CACHE (SUCESSO, 93d/365d)
2026-09-25 12:30:04 | INFO | services.connectors.risk3_connector | [811/2972] CNPJ 07456648000116 -> CACHE (SUCESSO, 92d/365d)
2026-09-25 12:30:04 | INFO | services.connectors.risk3_connector | [812/2972] CNPJ 07461763000189 -> CACHE (SUCESSO, 136d/365d)
2026-09-25 12:30:04 | INFO | services.connectors.risk3_connector | [813/2972] CNPJ 07461763000340 -> CACHE (SUCESSO, 297d/365d)
2026-09-25 12:30:04 | INFO | services.connectors.risk3_connector | [814/2972] CNPJ 07474363000108 -> CACHE (SUCESSO, 92d/365d)
2026-09-25 12:30:04 | INFO | services.connectors.risk3_connector | [815/2972] CNPJ 07492766000180 -> CACHE (SUCESSO, 182d/365d)
2026-09-25 12:30:04 | INFO | services.connectors.risk3_connector | [816/2972] CNPJ 07505279000104 -> CACHE (NAO_ENCONTRADO, 3d/30d)
2026-09-25 12:30:04 | INFO | services.connectors.risk3_connector | [817/2972] CNPJ 07516961000100 -> CACHE (SUCESSO, 24d/365d)
2026-09-25 12:30:04 | INFO | services.connectors.risk3_connector | [818/2972] CNPJ 07520949000161 -> CACHE (SUCESSO, 80d/365d)
2026-09-25 12:30:04 | INFO | services.connectors.risk3_connector | [819/2972] CNPJ 07539879000193 -> CACHE (SUCESSO, 344d/365d)
2026-09-25 12:30:04 | INFO | services.connectors.risk3_connector | [820/2972] CNPJ 07546158000100 -> CACHE (SUCESSO, 212d/365d)
2026-09-25 12:30:04 | INFO | services.connectors.risk3_connector | [821/2972] CNPJ 07547313000103 -> CACHE (SUCESSO, 255d/365d)
2026-09-25 12:30:04 | INFO | services.connectors.risk3_connector | [822/2972] CNPJ 07570962000125 -> CACHE (NAO_ENCONTRADO, 3d/30d)
2026-09-25 12:30:04 | INFO | services.connectors.risk3_connector | [823/2972] CNPJ 07571746000102 -> CACHE (SUCESSO, 196d/365d)
2026-09-25 12:30:04 | INFO | services.connectors.risk3_connector | [824/2972] CNPJ 07594978000178 -> CACHE (SUCESSO, 79d/365d)
2026-09-25 12:30:04 | INFO | services.connectors.risk3_connector | [825/2972] CNPJ 07598373000155 -> CACHE (NAO_ENCONTRADO, 3d/30d)
2026-09-25 12:30:04 | INFO | services.connectors.risk3_connector | [826/2972] CNPJ 07599090000128 -> CACHE (SUCESSO, 186d/365d)
2026-09-25 12:30:04 | INFO | services.connectors.risk3_connector | [827/2972] CNPJ 07605075000145 -> CACHE (NAO_ENCONTRADO, 3d/30d)
2026-09-25 12:30:04 | INFO | services.connectors.risk3_connector | [828/2972] CNPJ 07607884000196 -> CACHE (SUCESSO, 155d/365d)
2026-09-25 12:30:04 | INFO | services.connectors.risk3_connector | [829/2972] CNPJ 07615913000242 -> CACHE (NAO_ENCONTRADO, 3d/30d)
2026-09-25 12:30:04 | INFO | services.connectors.risk3_connector | [830/2972] CNPJ 07623836000191 -> CACHE (SUCESSO, 93d/365d)
2026-09-25 12:30:04 | INFO | services.connectors.risk3_connector | [831/2972] CNPJ 07626763000191 -> CACHE (SUCESSO, 93d/365d)
2026-09-25 12:30:04 | INFO | services.connectors.risk3_connector | [832/2972] CNPJ 07630919000108 -> CACHE (SUCESSO, 92d/365d)
2026-09-25 12:30:04 | INFO | services.connectors.risk3_connector | [833/2972] CNPJ 07632665000167 -> CACHE (SUCESSO, 115d/365d)
2026-09-25 12:30:04 | INFO | services.connectors.risk3_connector | [834/2972] CNPJ 07632700000148 -> CACHE (NAO_ENCONTRADO, 3d/30d)
2026-09-25 12:30:04 | INFO | services.connectors.risk3_connector | [835/2972] CNPJ 07646232000160 -> CACHE (SUCESSO, 254d/365d)
2026-09-25 12:30:04 | INFO | services.connectors.risk3_connector | [836/2972] CNPJ 07647780000105 -> CACHE (SUCESSO, 52d/365d)
2026-09-25 12:30:04 | INFO | services.connectors.risk3_connector | [837/2972] CNPJ 07647793000184 -> CACHE (SUCESSO, 52d/365d)
2026-09-25 12:30:04 | INFO | services.connectors.risk3_connector | [838/2972] CNPJ 07651602000158 -> CACHE (SUCESSO, 226d/365d)
2026-09-25 12:30:04 | INFO | services.connectors.risk3_connector | [839/2972] CNPJ 07657789000105 -> CACHE (NAO_ENCONTRADO, 3d/30d)
2026-09-25 12:30:04 | INFO | services.connectors.risk3_connector | [840/2972] CNPJ 07662985000160 -> CACHE (SUCESSO, 281d/365d)
2026-09-25 12:30:04 | INFO | services.connectors.risk3_connector | [841/2972] CNPJ 07666567000736 -> CACHE (SUCESSO, 24d/365d)
2026-09-25 12:30:04 | INFO | services.connectors.risk3_connector | [842/2972] CNPJ 07670111000154 -> CACHE (SUCESSO, 93d/365d)
2026-09-25 12:30:04 | INFO | services.connectors.risk3_connector | [843/2972] CNPJ 07675450000123 -> CACHE (SUCESSO, 255d/365d)
2026-09-25 12:30:04 | INFO | services.connectors.risk3_connector | [844/2972] CNPJ 07682638000107 -> CACHE (SUCESSO, 87d/365d)
2026-09-25 12:30:04 | INFO | services.connectors.risk3_connector | [845/2972] CNPJ 07685501000106 -> CACHE (NAO_ENCONTRADO, 3d/30d)
2026-09-25 12:30:04 | INFO | services.connectors.risk3_connector | [846/2972] CNPJ 07685694000197 -> CACHE (SUCESSO, 137d/365d)
2026-09-25 12:30:04 | INFO | services.connectors.risk3_connector | [847/2972] CNPJ 07685694000510 -> CACHE (NAO_ENCONTRADO, 23d/30d)
2026-09-25 12:30:04 | INFO | services.connectors.risk3_connector | [848/2972] CNPJ 07689002000189 -> CACHE (SUCESSO, 155d/365d)
2026-09-25 12:30:04 | INFO | services.connectors.risk3_connector | [849/2972] CNPJ 07695023000107 -> CACHE (SUCESSO, 93d/365d)
2026-09-25 12:30:04 | INFO | services.connectors.risk3_connector | [850/2972] CNPJ 07700052000110 -> CACHE (SUCESSO, 142d/365d)
2026-09-25 12:30:04 | INFO | services.connectors.risk3_connector | [851/2972] CNPJ 07705880000140 -> CACHE (SUCESSO, 93d/365d)
2026-09-25 12:30:04 | INFO | services.connectors.risk3_connector | [852/2972] CNPJ 07715730000118 -> CACHE (SUCESSO, 92d/365d)
2026-09-25 12:30:04 | INFO | services.connectors.risk3_connector | [853/2972] CNPJ 07718633000189 -> CACHE (SUCESSO, 130d/365d)
2026-09-25 12:30:04 | INFO | services.connectors.risk3_connector | [854/2972] CNPJ 07725608000122 -> Consultando API (Endpoint detalhado por CNPJ)...
2026-09-25 12:30:04 | INFO | services.connectors.risk3_connector | SUCESSO na extração dos detalhes do Bureau!
2026-09-25 12:30:05 | INFO | services.connectors.risk3_connector | [855/2972] CNPJ 07726782000190 -> CACHE (SUCESSO, 51d/365d)
2026-09-25 12:30:05 | INFO | services.connectors.risk3_connector | [856/2972] CNPJ 07754075000107 -> CACHE (SUCESSO, 183d/365d)
2026-09-25 12:30:05 | INFO | services.connectors.risk3_connector | [857/2972] CNPJ 07757548000120 -> CACHE (SUCESSO, 93d/365d)
2026-09-25 12:30:05 | INFO | services.connectors.risk3_connector | [858/2972] CNPJ 07760179000124 -> CACHE (NAO_ENCONTRADO, 9d/30d)
2026-09-25 12:30:05 | INFO | services.connectors.risk3_connector | [859/2972] CNPJ 07764255000170 -> CACHE (SUCESSO, 136d/365d)
2026-09-25 12:30:05 | INFO | services.connectors.risk3_connector | [860/2972] CNPJ 07764436000104 -> CACHE (SUCESSO, 92d/365d)
2026-09-25 12:30:05 | INFO | services.connectors.risk3_connector | [861/2972] CNPJ 07790200000134 -> CACHE (SUCESSO, 179d/365d)
2026-09-25 12:30:05 | INFO | services.connectors.risk3_connector | [862/2972] CNPJ 07794616000120 -> CACHE (SUCESSO, 108d/365d)
2026-09-25 12:30:05 | INFO | services.connectors.risk3_connector | [863/2972] CNPJ 07799905000112 -> CACHE (NAO_ENCONTRADO, 3d/30d)
2026-09-25 12:30:05 | INFO | services.connectors.risk3_connector | [864/2972] CNPJ 07804938000103 -> CACHE (SUCESSO, 364d/365d)
2026-09-25 12:30:05 | INFO | services.connectors.risk3_connector | [865/2972] CNPJ 07815053000100 -> CACHE (SUCESSO, 93d/365d)
2026-09-25 12:30:05 | INFO | services.connectors.risk3_connector | [866/2972] CNPJ 07820488000142 -> CACHE (SUCESSO, 92d/365d)
2026-09-25 12:30:05 | INFO | services.connectors.risk3_connector | [867/2972] CNPJ 07823304000106 -> CACHE (SUCESSO, 85d/365d)
2026-09-25 12:30:05 | INFO | services.connectors.risk3_connector | [868/2972] CNPJ 07827555000150 -> CACHE (SUCESSO, 92d/365d)
2026-09-25 12:30:05 | INFO | services.connectors.risk3_connector | [869/2972] CNPJ 07829836000142 -> CACHE (SUCESSO, 78d/365d)
2026-09-25 12:30:05 | INFO | services.connectors.risk3_connector | [870/2972] CNPJ 07842195000166 -> CACHE (SUCESSO, 203d/365d)
2026-09-25 12:30:05 | INFO | services.connectors.risk3_connector | [871/2972] CNPJ 07859054000156 -> CACHE (SUCESSO, 92d/365d)
2026-09-25 12:30:05 | INFO | services.connectors.risk3_connector | [872/2972] CNPJ 07859054001209 -> CACHE (SUCESSO, 92d/365d)
2026-09-25 12:30:05 | INFO | services.connectors.risk3_connector | [873/2972] CNPJ 07859054001551 -> CACHE (SUCESSO, 92d/365d)
2026-09-25 12:30:05 | INFO | services.connectors.risk3_connector | [874/2972] CNPJ 07859910000173 -> CACHE (SUCESSO, 92d/365d)
2026-09-25 12:30:05 | INFO | services.connectors.risk3_connector | [875/2972] CNPJ 07882964000150 -> CACHE (SUCESSO, 186d/365d)
2026-09-25 12:30:05 | INFO | services.connectors.risk3_connector | [876/2972] CNPJ 07903169000109 -> CACHE (SUCESSO, 134d/365d)
2026-09-25 12:30:05 | INFO | services.connectors.risk3_connector | [877/2972] CNPJ 07909323000141 -> CACHE (SUCESSO, 65d/365d)
2026-09-25 12:30:05 | INFO | services.connectors.risk3_connector | [878/2972] CNPJ 07911773000179 -> Consultando API (Endpoint detalhado por CNPJ)...
2026-09-25 12:30:05 | INFO | services.connectors.risk3_connector | SUCESSO na extração dos detalhes do Bureau!
2026-09-25 12:30:06 | INFO | services.connectors.risk3_connector | [879/2972] CNPJ 07912062000119 -> CACHE (SUCESSO, 37d/365d)
2026-09-25 12:30:06 | INFO | services.connectors.risk3_connector | [880/2972] CNPJ 07933914000154 -> CACHE (SUCESSO, 81d/365d)
2026-09-25 12:30:06 | INFO | services.connectors.risk3_connector | [881/2972] CNPJ 07955100000110 -> CACHE (SUCESSO, 332d/365d)
2026-09-25 12:30:06 | INFO | services.connectors.risk3_connector | [882/2972] CNPJ 07957149000102 -> CACHE (NAO_ENCONTRADO, 9d/30d)
2026-09-25 12:30:06 | INFO | services.connectors.risk3_connector | [883/2972] CNPJ 07966116000129 -> CACHE (SUCESSO, 80d/365d)
2026-09-25 12:30:06 | INFO | services.connectors.risk3_connector | [884/2972] CNPJ 07982576000140 -> CACHE (SUCESSO, 143d/365d)
2026-09-25 12:30:06 | INFO | services.connectors.risk3_connector | [885/2972] CNPJ 08029323000110 -> CACHE (SUCESSO, 92d/365d)
2026-09-25 12:30:06 | INFO | services.connectors.risk3_connector | [886/2972] CNPJ 08032643000129 -> CACHE (SUCESSO, 59d/365d)
2026-09-25 12:30:06 | INFO | services.connectors.risk3_connector | [887/2972] CNPJ 08048078000198 -> CACHE (NAO_ENCONTRADO, 3d/30d)
2026-09-25 12:30:06 | INFO | services.connectors.risk3_connector | [888/2972] CNPJ 08070508000178 -> CACHE (NAO_ENCONTRADO, 9d/30d)
2026-09-25 12:30:06 | INFO | services.connectors.risk3_connector | [889/2972] CNPJ 08070566000100 -> CACHE (SUCESSO, 92d/365d)
2026-09-25 12:30:06 | INFO | services.connectors.risk3_connector | [890/2972] CNPJ 08070566001173 -> CACHE (SUCESSO, 92d/365d)
2026-09-25 12:30:06 | INFO | services.connectors.risk3_connector | [891/2972] CNPJ 08070566001254 -> CACHE (SUCESSO, 92d/365d)
2026-09-25 12:30:06 | INFO | services.connectors.risk3_connector | [892/2972] CNPJ 08070566001769 -> CACHE (SUCESSO, 92d/365d)
2026-09-25 12:30:06 | INFO | services.connectors.risk3_connector | [893/2972] CNPJ 08090575000154 -> CACHE (SUCESSO, 232d/365d)
2026-09-25 12:30:06 | INFO | services.connectors.risk3_connector | [894/2972] CNPJ 08090575001207 -> CACHE (NAO_ENCONTRADO, 3d/30d)
2026-09-25 12:30:06 | INFO | services.connectors.risk3_connector | [895/2972] CNPJ 08090788000267 -> CACHE (SUCESSO, 98d/365d)
2026-09-25 12:30:06 | INFO | services.connectors.risk3_connector | [896/2972] CNPJ 08093504000105 -> CACHE (SUCESSO, 92d/365d)
2026-09-25 12:30:06 | INFO | services.connectors.risk3_connector | [897/2972] CNPJ 08099955000150 -> CACHE (NAO_ENCONTRADO, 3d/30d)
2026-09-25 12:30:06 | INFO | services.connectors.risk3_connector | [898/2972] CNPJ 08149559000190 -> CACHE (SUCESSO, 93d/365d)
2026-09-25 12:30:06 | INFO | services.connectors.risk3_connector | [899/2972] CNPJ 08153018000135 -> CACHE (SUCESSO, 254d/365d)
2026-09-25 12:30:06 | INFO | services.connectors.risk3_connector | [900/2972] CNPJ 08174968000146 -> CACHE (SUCESSO, 102d/365d)
2026-09-25 12:30:06 | INFO | services.connectors.risk3_connector | [901/2972] CNPJ 08175053000155 -> CACHE (NAO_ENCONTRADO, 3d/30d)
2026-09-25 12:30:06 | INFO | services.connectors.risk3_connector | [902/2972] CNPJ 08201770000104 -> CACHE (NAO_ENCONTRADO, 9d/30d)
2026-09-25 12:30:06 | INFO | services.connectors.risk3_connector | [903/2972] CNPJ 08211550000161 -> CACHE (SUCESSO, 136d/365d)
2026-09-25 12:30:06 | INFO | services.connectors.risk3_connector | [904/2972] CNPJ 08228625000117 -> CACHE (SUCESSO, 45d/365d)
2026-09-25 12:30:06 | INFO | services.connectors.risk3_connector | [905/2972] CNPJ 08236393000149 -> CACHE (SUCESSO, 72d/365d)
2026-09-25 12:30:06 | INFO | services.connectors.risk3_connector | [906/2972] CNPJ 08244492000172 -> CACHE (SUCESSO, 255d/365d)
2026-09-25 12:30:06 | INFO | services.connectors.risk3_connector | [907/2972] CNPJ 08246483000110 -> CACHE (SUCESSO, 93d/365d)
2026-09-25 12:30:06 | INFO | services.connectors.risk3_connector | [908/2972] CNPJ 08248364000105 -> CACHE (SUCESSO, 81d/365d)
2026-09-25 12:30:06 | INFO | services.connectors.risk3_connector | [909/2972] CNPJ 08249414000160 -> CACHE (NAO_ENCONTRADO, 3d/30d)
2026-09-25 12:30:06 | INFO | services.connectors.risk3_connector | [910/2972] CNPJ 08290831000157 -> CACHE (NAO_ENCONTRADO, 3d/30d)
2026-09-25 12:30:06 | INFO | services.connectors.risk3_connector | [911/2972] CNPJ 08297366000186 -> CACHE (NAO_ENCONTRADO, 3d/30d)
2026-09-25 12:30:06 | INFO | services.connectors.risk3_connector | [912/2972] CNPJ 08306220000150 -> CACHE (SUCESSO, 93d/365d)
2026-09-25 12:30:06 | INFO | services.connectors.risk3_connector | [913/2972] CNPJ 08320017000138 -> CACHE (SUCESSO, 72d/365d)
2026-09-25 12:30:06 | INFO | services.connectors.risk3_connector | [914/2972] CNPJ 08323274000123 -> CACHE (SUCESSO, 74d/365d)
2026-09-25 12:30:06 | INFO | services.connectors.risk3_connector | [915/2972] CNPJ 08334385000135 -> CACHE (SUCESSO, 38d/365d)
2026-09-25 12:30:06 | INFO | services.connectors.risk3_connector | [916/2972] CNPJ 08336804000178 -> CACHE (SUCESSO, 140d/365d)
2026-09-25 12:30:06 | INFO | services.connectors.risk3_connector | [917/2972] CNPJ 08364948000138 -> CACHE (SUCESSO, 39d/365d)
2026-09-25 12:30:06 | INFO | services.connectors.risk3_connector | [918/2972] CNPJ 08401841000112 -> CACHE (SUCESSO, 93d/365d)
2026-09-25 12:30:06 | INFO | services.connectors.risk3_connector | [919/2972] CNPJ 08405256000190 -> CACHE (SUCESSO, 59d/365d)
2026-09-25 12:30:06 | INFO | services.connectors.risk3_connector | [920/2972] CNPJ 08438586000182 -> CACHE (SUCESSO, 24d/365d)
2026-09-25 12:30:06 | INFO | services.connectors.risk3_connector | [921/2972] CNPJ 08438804000189 -> CACHE (NAO_ENCONTRADO, 3d/30d)
2026-09-25 12:30:06 | INFO | services.connectors.risk3_connector | [922/2972] CNPJ 08439659000150 -> CACHE (NAO_ENCONTRADO, 9d/30d)
2026-09-25 12:30:06 | INFO | services.connectors.risk3_connector | [923/2972] CNPJ 08446503000105 -> CACHE (SUCESSO, 92d/365d)
2026-09-25 12:30:06 | INFO | services.connectors.risk3_connector | [924/2972] CNPJ 08466448000107 -> CACHE (NAO_ENCONTRADO, 3d/30d)
2026-09-25 12:30:06 | INFO | services.connectors.risk3_connector | [925/2972] CNPJ 08467115000100 -> CACHE (NAO_ENCONTRADO, 23d/30d)
2026-09-25 12:30:06 | INFO | services.connectors.risk3_connector | [926/2972] CNPJ 08473370000158 -> CACHE (NAO_ENCONTRADO, 3d/30d)
2026-09-25 12:30:06 | INFO | services.connectors.risk3_connector | [927/2972] CNPJ 08495998000154 -> CACHE (SUCESSO, 183d/365d)
2026-09-25 12:30:06 | INFO | services.connectors.risk3_connector | [928/2972] CNPJ 08508086000170 -> CACHE (SUCESSO, 204d/365d)
2026-09-25 12:30:06 | INFO | services.connectors.risk3_connector | [929/2972] CNPJ 08532688000162 -> CACHE (SUCESSO, 92d/365d)
2026-09-25 12:30:06 | INFO | services.connectors.risk3_connector | [930/2972] CNPJ 08540795000132 -> CACHE (SUCESSO, 136d/365d)
2026-09-25 12:30:06 | INFO | services.connectors.risk3_connector | [931/2972] CNPJ 08540795001104 -> CACHE (SUCESSO, 25d/365d)
2026-09-25 12:30:06 | INFO | services.connectors.risk3_connector | [932/2972] CNPJ 08542795000171 -> CACHE (SUCESSO, 93d/365d)
2026-09-25 12:30:06 | INFO | services.connectors.risk3_connector | [933/2972] CNPJ 08573833000153 -> CACHE (SUCESSO, 52d/365d)
2026-09-25 12:30:06 | INFO | services.connectors.risk3_connector | [934/2972] CNPJ 08578334000159 -> CACHE (SUCESSO, 102d/365d)
2026-09-25 12:30:06 | INFO | services.connectors.risk3_connector | [935/2972] CNPJ 08582585000107 -> CACHE (SUCESSO, 70d/365d)
2026-09-25 12:30:06 | INFO | services.connectors.risk3_connector | [936/2972] CNPJ 08584497000144 -> CACHE (NAO_ENCONTRADO, 3d/30d)
2026-09-25 12:30:06 | INFO | services.connectors.risk3_connector | [937/2972] CNPJ 08585033000152 -> CACHE (NAO_ENCONTRADO, 3d/30d)
2026-09-25 12:30:06 | INFO | services.connectors.risk3_connector | [938/2972] CNPJ 08598391000108 -> CACHE (SUCESSO, 92d/365d)
2026-09-25 12:30:06 | INFO | services.connectors.risk3_connector | [939/2972] CNPJ 08643404000105 -> CACHE (SUCESSO, 329d/365d)
2026-09-25 12:30:06 | INFO | services.connectors.risk3_connector | [940/2972] CNPJ 08666285000106 -> CACHE (NAO_ENCONTRADO, 9d/30d)
2026-09-25 12:30:06 | INFO | services.connectors.risk3_connector | [941/2972] CNPJ 08667059000140 -> CACHE (SUCESSO, 200d/365d)
2026-09-25 12:30:06 | INFO | services.connectors.risk3_connector | [942/2972] CNPJ 08670308000156 -> CACHE (SUCESSO, 101d/365d)
2026-09-25 12:30:06 | INFO | services.connectors.risk3_connector | [943/2972] CNPJ 08689024000101 -> CACHE (SUCESSO, 260d/365d)
2026-09-25 12:30:06 | INFO | services.connectors.risk3_connector | [944/2972] CNPJ 08709009000188 -> CACHE (SUCESSO, 64d/365d)
2026-09-25 12:30:06 | INFO | services.connectors.risk3_connector | [945/2972] CNPJ 08719943000180 -> CACHE (SUCESSO, 247d/365d)
2026-09-25 12:30:06 | INFO | services.connectors.risk3_connector | [946/2972] CNPJ 08735007000244 -> CACHE (SUCESSO, 92d/365d)
2026-09-25 12:30:06 | INFO | services.connectors.risk3_connector | [947/2972] CNPJ 08740765000170 -> CACHE (SUCESSO, 228d/365d)
2026-09-25 12:30:06 | INFO | services.connectors.risk3_connector | [948/2972] CNPJ 08773135000100 -> CACHE (NAO_ENCONTRADO, 9d/30d)
2026-09-25 12:30:06 | INFO | services.connectors.risk3_connector | [949/2972] CNPJ 08775142000132 -> CACHE (NAO_ENCONTRADO, 3d/30d)
2026-09-25 12:30:06 | INFO | services.connectors.risk3_connector | [950/2972] CNPJ 08788247000126 -> CACHE (SUCESSO, 92d/365d)
2026-09-25 12:30:06 | INFO | services.connectors.risk3_connector | [951/2972] CNPJ 08793343000162 -> CACHE (SUCESSO, 57d/365d)
2026-09-25 12:30:06 | INFO | services.connectors.risk3_connector | [952/2972] CNPJ 08803023000146 -> CACHE (NAO_ENCONTRADO, 3d/30d)
2026-09-25 12:30:06 | INFO | services.connectors.risk3_connector | [953/2972] CNPJ 08803452000113 -> CACHE (NAO_ENCONTRADO, 9d/30d)
2026-09-25 12:30:06 | INFO | services.connectors.risk3_connector | [954/2972] CNPJ 08811119000822 -> CACHE (SUCESSO, 93d/365d)
2026-09-25 12:30:06 | INFO | services.connectors.risk3_connector | [955/2972] CNPJ 08827501000158 -> CACHE (SUCESSO, 25d/365d)
2026-09-25 12:30:06 | INFO | services.connectors.risk3_connector | [956/2972] CNPJ 08832177000166 -> CACHE (SUCESSO, 92d/365d)
2026-09-25 12:30:06 | INFO | services.connectors.risk3_connector | [957/2972] CNPJ 08842785000151 -> CACHE (NAO_ENCONTRADO, 9d/30d)
2026-09-25 12:30:06 | INFO | services.connectors.risk3_connector | [958/2972] CNPJ 08852700000116 -> CACHE (SUCESSO, 92d/365d)
2026-09-25 12:30:06 | INFO | services.connectors.risk3_connector | [959/2972] CNPJ 08852792000134 -> CACHE (NAO_ENCONTRADO, 3d/30d)
2026-09-25 12:30:06 | INFO | services.connectors.risk3_connector | [960/2972] CNPJ 08862530000231 -> CACHE (NAO_ENCONTRADO, 3d/30d)
2026-09-25 12:30:06 | INFO | services.connectors.risk3_connector | [961/2972] CNPJ 08862530000746 -> CACHE (NAO_ENCONTRADO, 3d/30d)
2026-09-25 12:30:06 | INFO | services.connectors.risk3_connector | [962/2972] CNPJ 08876164000199 -> CACHE (SUCESSO, 218d/365d)
2026-09-25 12:30:06 | INFO | services.connectors.risk3_connector | [963/2972] CNPJ 08887245000194 -> CACHE (NAO_ENCONTRADO, 3d/30d)
2026-09-25 12:30:06 | INFO | services.connectors.risk3_connector | [964/2972] CNPJ 08893112000120 -> CACHE (SUCESSO, 93d/365d)
2026-09-25 12:30:06 | INFO | services.connectors.risk3_connector | [965/2972] CNPJ 08895369000111 -> CACHE (SUCESSO, 122d/365d)
2026-09-25 12:30:06 | INFO | services.connectors.risk3_connector | [966/2972] CNPJ 08902291000115 -> CACHE (SUCESSO, 79d/365d)
2026-09-25 12:30:06 | INFO | services.connectors.risk3_connector | [967/2972] CNPJ 08903942000191 -> CACHE (NAO_ENCONTRADO, 9d/30d)
2026-09-25 12:30:06 | INFO | services.connectors.risk3_connector | [968/2972] CNPJ 08906558000142 -> CACHE (SUCESSO, 64d/365d)
2026-09-25 12:30:06 | INFO | services.connectors.risk3_connector | [969/2972] CNPJ 08916434000148 -> CACHE (SUCESSO, 92d/365d)
2026-09-25 12:30:06 | INFO | services.connectors.risk3_connector | [970/2972] CNPJ 08935629000305 -> CACHE (SUCESSO, 196d/365d)
2026-09-25 12:30:06 | INFO | services.connectors.risk3_connector | [971/2972] CNPJ 08944802000161 -> CACHE (NAO_ENCONTRADO, 9d/30d)
2026-09-25 12:30:06 | INFO | services.connectors.risk3_connector | [972/2972] CNPJ 08965200000190 -> CACHE (SUCESSO, 93d/365d)
2026-09-25 12:30:06 | INFO | services.connectors.risk3_connector | [973/2972] CNPJ 08968756000130 -> CACHE (NAO_ENCONTRADO, 3d/30d)
2026-09-25 12:30:06 | INFO | services.connectors.risk3_connector | [974/2972] CNPJ 09000493000134 -> CACHE (NAO_ENCONTRADO, 3d/30d)
2026-09-25 12:30:06 | INFO | services.connectors.risk3_connector | [975/2972] CNPJ 09006020000144 -> CACHE (SUCESSO, 165d/365d)
2026-09-25 12:30:06 | INFO | services.connectors.risk3_connector | [976/2972] CNPJ 09020211000160 -> CACHE (SUCESSO, 59d/365d)
2026-09-25 12:30:06 | INFO | services.connectors.risk3_connector | [977/2972] CNPJ 09023479000156 -> CACHE (NAO_ENCONTRADO, 3d/30d)
2026-09-25 12:30:06 | INFO | services.connectors.risk3_connector | [978/2972] CNPJ 09044272000168 -> CACHE (SUCESSO, 254d/365d)
2026-09-25 12:30:06 | INFO | services.connectors.risk3_connector | [979/2972] CNPJ 09053134000145 -> CACHE (SUCESSO, 143d/365d)
2026-09-25 12:30:06 | INFO | services.connectors.risk3_connector | [980/2972] CNPJ 09054741000120 -> CACHE (NAO_ENCONTRADO, 3d/30d)
2026-09-25 12:30:06 | INFO | services.connectors.risk3_connector | [981/2972] CNPJ 09075317000161 -> CACHE (SUCESSO, 242d/365d)
2026-09-25 12:30:06 | INFO | services.connectors.risk3_connector | [982/2972] CNPJ 09088053000180 -> CACHE (SUCESSO, 92d/365d)
2026-09-25 12:30:06 | INFO | services.connectors.risk3_connector | [983/2972] CNPJ 09091832000135 -> CACHE (SUCESSO, 93d/365d)
2026-09-25 12:30:06 | INFO | services.connectors.risk3_connector | [984/2972] CNPJ 09092458000192 -> CACHE (SUCESSO, 92d/365d)
2026-09-25 12:30:06 | INFO | services.connectors.risk3_connector | [985/2972] CNPJ 09095183000140 -> CACHE (NAO_ENCONTRADO, 23d/30d)
2026-09-25 12:30:06 | INFO | services.connectors.risk3_connector | [986/2972] CNPJ 09149503000106 -> CACHE (SUCESSO, 102d/365d)
2026-09-25 12:30:06 | INFO | services.connectors.risk3_connector | [987/2972] CNPJ 09170802000114 -> CACHE (SUCESSO, 93d/365d)
2026-09-25 12:30:06 | INFO | services.connectors.risk3_connector | [988/2972] CNPJ 09175059000195 -> CACHE (SUCESSO, 92d/365d)
2026-09-25 12:30:06 | INFO | services.connectors.risk3_connector | [989/2972] CNPJ 09176237000100 -> CACHE (NAO_ENCONTRADO, 3d/30d)
2026-09-25 12:30:06 | INFO | services.connectors.risk3_connector | [990/2972] CNPJ 09185485000100 -> CACHE (NAO_ENCONTRADO, 9d/30d)
2026-09-25 12:30:06 | INFO | services.connectors.risk3_connector | [991/2972] CNPJ 09222477000196 -> CACHE (NAO_ENCONTRADO, 9d/30d)
2026-09-25 12:30:06 | INFO | services.connectors.risk3_connector | [992/2972] CNPJ 09225584000178 -> CACHE (NAO_ENCONTRADO, 3d/30d)
2026-09-25 12:30:06 | INFO | services.connectors.risk3_connector | [993/2972] CNPJ 09249248000165 -> CACHE (NAO_ENCONTRADO, 3d/30d)
2026-09-25 12:30:06 | INFO | services.connectors.risk3_connector | [994/2972] CNPJ 09257223000103 -> CACHE (SUCESSO, 92d/365d)
2026-09-25 12:30:06 | INFO | services.connectors.risk3_connector | [995/2972] CNPJ 09257558000121 -> CACHE (SUCESSO, 32d/365d)
2026-09-25 12:30:06 | INFO | services.connectors.risk3_connector | [996/2972] CNPJ 09258807000101 -> CACHE (SUCESSO, 87d/365d)
2026-09-25 12:30:06 | INFO | services.connectors.risk3_connector | [997/2972] CNPJ 09266129000110 -> CACHE (NAO_ENCONTRADO, 9d/30d)
2026-09-25 12:30:06 | INFO | services.connectors.risk3_connector | [998/2972] CNPJ 09267050000104 -> CACHE (SUCESSO, 205d/365d)
2026-09-25 12:30:06 | INFO | services.connectors.risk3_connector | [999/2972] CNPJ 09281025000185 -> CACHE (SUCESSO, 93d/365d)
2026-09-25 12:30:06 | INFO | services.connectors.risk3_connector | [1000/2972] CNPJ 09295194000174 -> CACHE (SUCESSO, 38d/365d)
2026-09-25 12:30:06 | INFO | services.connectors.risk3_connector | [1001/2972] CNPJ 09303344000144 -> CACHE (SUCESSO, 151d/365d)
2026-09-25 12:30:06 | INFO | services.connectors.risk3_connector | [1002/2972] CNPJ 09316105001877 -> CACHE (NAO_ENCONTRADO, 23d/30d)
2026-09-25 12:30:06 | INFO | services.connectors.risk3_connector | [1003/2972] CNPJ 09341337000137 -> CACHE (SUCESSO, 247d/365d)
2026-09-25 12:30:06 | INFO | services.connectors.risk3_connector | [1004/2972] CNPJ 09345710000209 -> CACHE (SUCESSO, 203d/365d)
2026-09-25 12:30:06 | INFO | services.connectors.risk3_connector | [1005/2972] CNPJ 09375285000110 -> CACHE (SUCESSO, 93d/365d)
2026-09-25 12:30:06 | INFO | services.connectors.risk3_connector | [1006/2972] CNPJ 09391823000160 -> CACHE (NAO_ENCONTRADO, 2d/30d)
2026-09-25 12:30:06 | INFO | services.connectors.risk3_connector | [1007/2972] CNPJ 09391823000240 -> CACHE (SUCESSO, 106d/365d)
2026-09-25 12:30:06 | INFO | services.connectors.risk3_connector | [1008/2972] CNPJ 09436149000192 -> CACHE (SUCESSO, 92d/365d)
2026-09-25 12:30:06 | INFO | services.connectors.risk3_connector | [1009/2972] CNPJ 09450530000106 -> CACHE (SUCESSO, 92d/365d)
2026-09-25 12:30:06 | INFO | services.connectors.risk3_connector | [1010/2972] CNPJ 09454624000153 -> CACHE (SUCESSO, 93d/365d)
2026-09-25 12:30:06 | INFO | services.connectors.risk3_connector | [1011/2972] CNPJ 09456668000112 -> CACHE (SUCESSO, 93d/365d)
2026-09-25 12:30:06 | INFO | services.connectors.risk3_connector | [1012/2972] CNPJ 09461639000149 -> CACHE (SUCESSO, 93d/365d)
2026-09-25 12:30:06 | INFO | services.connectors.risk3_connector | [1013/2972] CNPJ 09467816000102 -> CACHE (SUCESSO, 136d/365d)
2026-09-25 12:30:06 | INFO | services.connectors.risk3_connector | [1014/2972] CNPJ 09470851000172 -> CACHE (SUCESSO, 92d/365d)
2026-09-25 12:30:06 | INFO | services.connectors.risk3_connector | [1015/2972] CNPJ 09472948000114 -> CACHE (NAO_ENCONTRADO, 3d/30d)
2026-09-25 12:30:06 | INFO | services.connectors.risk3_connector | [1016/2972] CNPJ 09479492000114 -> CACHE (NAO_ENCONTRADO, 3d/30d)
2026-09-25 12:30:06 | INFO | services.connectors.risk3_connector | [1017/2972] CNPJ 09481584000139 -> CACHE (NAO_ENCONTRADO, 3d/30d)
2026-09-25 12:30:06 | INFO | services.connectors.risk3_connector | [1018/2972] CNPJ 09491921000179 -> CACHE (SUCESSO, 176d/365d)
2026-09-25 12:30:06 | INFO | services.connectors.risk3_connector | [1019/2972] CNPJ 09495582000107 -> CACHE (SUCESSO, 105d/365d)
2026-09-25 12:30:06 | INFO | services.connectors.risk3_connector | [1020/2972] CNPJ 09509277000119 -> CACHE (SUCESSO, 9d/365d)
2026-09-25 12:30:06 | INFO | services.connectors.risk3_connector | [1021/2972] CNPJ 09509535000167 -> CACHE (SUCESSO, 78d/365d)
2026-09-25 12:30:06 | INFO | services.connectors.risk3_connector | [1022/2972] CNPJ 09509569000151 -> CACHE (NAO_ENCONTRADO, 9d/30d)
2026-09-25 12:30:06 | INFO | services.connectors.risk3_connector | [1023/2972] CNPJ 09548347000148 -> CACHE (SUCESSO, 93d/365d)
2026-09-25 12:30:06 | INFO | services.connectors.risk3_connector | [1024/2972] CNPJ 09604474000117 -> CACHE (NAO_ENCONTRADO, 3d/30d)
2026-09-25 12:30:06 | INFO | services.connectors.risk3_connector | [1025/2972] CNPJ 09607810000185 -> CACHE (SUCESSO, 24d/365d)
2026-09-25 12:30:06 | INFO | services.connectors.risk3_connector | [1026/2972] CNPJ 09625739000163 -> CACHE (SUCESSO, 144d/365d)
2026-09-25 12:30:06 | INFO | services.connectors.risk3_connector | [1027/2972] CNPJ 09650965000102 -> CACHE (NAO_ENCONTRADO, 3d/30d)
2026-09-25 12:30:06 | INFO | services.connectors.risk3_connector | [1028/2972] CNPJ 09652146000196 -> CACHE (NAO_ENCONTRADO, 3d/30d)
2026-09-25 12:30:06 | INFO | services.connectors.risk3_connector | [1029/2972] CNPJ 09967852000127 -> CACHE (SUCESSO, 165d/365d)
2026-09-25 12:30:06 | INFO | services.connectors.risk3_connector | [1030/2972] CNPJ 10140938000160 -> CACHE (SUCESSO, 92d/365d)
2026-09-25 12:30:06 | INFO | services.connectors.risk3_connector | [1031/2972] CNPJ 10174877000152 -> CACHE (SUCESSO, 91d/365d)
2026-09-25 12:30:06 | INFO | services.connectors.risk3_connector | [1032/2972] CNPJ 10202852000115 -> CACHE (SUCESSO, 130d/365d)
2026-09-25 12:30:06 | INFO | services.connectors.risk3_connector | [1033/2972] CNPJ 10205088000131 -> CACHE (NAO_ENCONTRADO, 3d/30d)
2026-09-25 12:30:06 | INFO | services.connectors.risk3_connector | [1034/2972] CNPJ 10207856000196 -> CACHE (SUCESSO, 93d/365d)
2026-09-25 12:30:06 | INFO | services.connectors.risk3_connector | [1035/2972] CNPJ 10239097000143 -> CACHE (SUCESSO, 136d/365d)
2026-09-25 12:30:06 | INFO | services.connectors.risk3_connector | [1036/2972] CNPJ 10241516000181 -> CACHE (SUCESSO, 92d/365d)
2026-09-25 12:30:06 | INFO | services.connectors.risk3_connector | [1037/2972] CNPJ 10254617000197 -> CACHE (SUCESSO, 93d/365d)
2026-09-25 12:30:06 | INFO | services.connectors.risk3_connector | [1038/2972] CNPJ 10274782000100 -> CACHE (NAO_ENCONTRADO, 3d/30d)
2026-09-25 12:30:06 | INFO | services.connectors.risk3_connector | [1039/2972] CNPJ 10285760000146 -> CACHE (SUCESSO, 92d/365d)
2026-09-25 12:30:06 | INFO | services.connectors.risk3_connector | [1040/2972] CNPJ 10316811000150 -> CACHE (SUCESSO, 7d/365d)
2026-09-25 12:30:06 | INFO | services.connectors.risk3_connector | [1041/2972] CNPJ 10324624000118 -> CACHE (SUCESSO, 94d/365d)
2026-09-25 12:30:06 | INFO | services.connectors.risk3_connector | [1042/2972] CNPJ 10338369000162 -> CACHE (SUCESSO, 74d/365d)
2026-09-25 12:30:06 | INFO | services.connectors.risk3_connector | [1043/2972] CNPJ 10348318000111 -> CACHE (NAO_ENCONTRADO, 3d/30d)
2026-09-25 12:30:06 | INFO | services.connectors.risk3_connector | [1044/2972] CNPJ 10351274000189 -> CACHE (NAO_ENCONTRADO, 3d/30d)
2026-09-25 12:30:06 | INFO | services.connectors.risk3_connector | [1045/2972] CNPJ 10356783000102 -> CACHE (SUCESSO, 92d/365d)
2026-09-25 12:30:06 | INFO | services.connectors.risk3_connector | [1046/2972] CNPJ 10365451000186 -> CACHE (NAO_ENCONTRADO, 3d/30d)
2026-09-25 12:30:06 | INFO | services.connectors.risk3_connector | [1047/2972] CNPJ 10366780000141 -> CACHE (NAO_ENCONTRADO, 9d/30d)
2026-09-25 12:30:06 | INFO | services.connectors.risk3_connector | [1048/2972] CNPJ 10387288000152 -> CACHE (NAO_ENCONTRADO, 3d/30d)
2026-09-25 12:30:06 | INFO | services.connectors.risk3_connector | [1049/2972] CNPJ 10394422000142 -> CACHE (NAO_ENCONTRADO, 9d/30d)
2026-09-25 12:30:06 | INFO | services.connectors.risk3_connector | [1050/2972] CNPJ 10416174000193 -> CACHE (SUCESSO, 24d/365d)
2026-09-25 12:30:06 | INFO | services.connectors.risk3_connector | [1051/2972] CNPJ 10435853000100 -> CACHE (SUCESSO, 122d/365d)
2026-09-25 12:30:06 | INFO | services.connectors.risk3_connector | [1052/2972] CNPJ 10452113000181 -> CACHE (SUCESSO, 92d/365d)
2026-09-25 12:30:06 | INFO | services.connectors.risk3_connector | [1053/2972] CNPJ 10466806000123 -> CACHE (NAO_ENCONTRADO, 9d/30d)
2026-09-25 12:30:06 | INFO | services.connectors.risk3_connector | [1054/2972] CNPJ 10466983000100 -> CACHE (SUCESSO, 93d/365d)
2026-09-25 12:30:06 | INFO | services.connectors.risk3_connector | [1055/2972] CNPJ 10467099000190 -> CACHE (NAO_ENCONTRADO, 3d/30d)
2026-09-25 12:30:06 | INFO | services.connectors.risk3_connector | [1056/2972] CNPJ 10472968000174 -> CACHE (SUCESSO, 74d/365d)
2026-09-25 12:30:06 | INFO | services.connectors.risk3_connector | [1057/2972] CNPJ 10500221000182 -> CACHE (SUCESSO, 200d/365d)
2026-09-25 12:30:06 | INFO | services.connectors.risk3_connector | [1058/2972] CNPJ 10546614000127 -> CACHE (SUCESSO, 360d/365d)
2026-09-25 12:30:06 | INFO | services.connectors.risk3_connector | [1059/2972] CNPJ 10607766000192 -> CACHE (NAO_ENCONTRADO, 3d/30d)
2026-09-25 12:30:06 | INFO | services.connectors.risk3_connector | [1060/2972] CNPJ 10614641000190 -> CACHE (SUCESSO, 93d/365d)
2026-09-25 12:30:06 | INFO | services.connectors.risk3_connector | [1061/2972] CNPJ 10622118000105 -> CACHE (SUCESSO, 184d/365d)
2026-09-25 12:30:06 | INFO | services.connectors.risk3_connector | [1062/2972] CNPJ 10626312000169 -> CACHE (SUCESSO, 92d/365d)
2026-09-25 12:30:06 | INFO | services.connectors.risk3_connector | [1063/2972] CNPJ 10656452000180 -> CACHE (SUCESSO, 137d/365d)
2026-09-25 12:30:06 | INFO | services.connectors.risk3_connector | [1064/2972] CNPJ 10656452006625 -> CACHE (NAO_ENCONTRADO, 3d/30d)
2026-09-25 12:30:06 | INFO | services.connectors.risk3_connector | [1065/2972] CNPJ 10671322000116 -> CACHE (SUCESSO, 119d/365d)
2026-09-25 12:30:06 | INFO | services.connectors.risk3_connector | [1066/2972] CNPJ 10699948000130 -> CACHE (SUCESSO, 324d/365d)
2026-09-25 12:30:06 | INFO | services.connectors.risk3_connector | [1067/2972] CNPJ 10708509000147 -> CACHE (SUCESSO, 310d/365d)
2026-09-25 12:30:06 | INFO | services.connectors.risk3_connector | [1068/2972] CNPJ 10740245000109 -> CACHE (SUCESSO, 92d/365d)
2026-09-25 12:30:06 | INFO | services.connectors.risk3_connector | [1069/2972] CNPJ 10763227000142 -> CACHE (SUCESSO, 119d/365d)
2026-09-25 12:30:06 | INFO | services.connectors.risk3_connector | [1070/2972] CNPJ 10820791000150 -> CACHE (SUCESSO, 9d/365d)
2026-09-25 12:30:06 | INFO | services.connectors.risk3_connector | [1071/2972] CNPJ 10828619000142 -> CACHE (SUCESSO, 261d/365d)
2026-09-25 12:30:06 | INFO | services.connectors.risk3_connector | [1072/2972] CNPJ 10835932000108 -> CACHE (NAO_ENCONTRADO, 23d/30d)
2026-09-25 12:30:06 | INFO | services.connectors.risk3_connector | [1073/2972] CNPJ 10842044000112 -> CACHE (SUCESSO, 65d/365d)
2026-09-25 12:30:06 | INFO | services.connectors.risk3_connector | [1074/2972] CNPJ 10842044000627 -> CACHE (NAO_ENCONTRADO, 3d/30d)
2026-09-25 12:30:06 | INFO | services.connectors.risk3_connector | [1075/2972] CNPJ 10847721000195 -> CACHE (NAO_ENCONTRADO, 3d/30d)
2026-09-25 12:30:06 | INFO | services.connectors.risk3_connector | [1076/2972] CNPJ 10858291000107 -> CACHE (NAO_ENCONTRADO, 9d/30d)
2026-09-25 12:30:06 | INFO | services.connectors.risk3_connector | [1077/2972] CNPJ 10867501000123 -> CACHE (SUCESSO, 204d/365d)
2026-09-25 12:30:06 | INFO | services.connectors.risk3_connector | [1078/2972] CNPJ 10902008000105 -> CACHE (SUCESSO, 330d/365d)
2026-09-25 12:30:06 | INFO | services.connectors.risk3_connector | [1079/2972] CNPJ 10902331000170 -> CACHE (SUCESSO, 93d/365d)
2026-09-25 12:30:06 | INFO | services.connectors.risk3_connector | [1080/2972] CNPJ 10914514000106 -> CACHE (NAO_ENCONTRADO, 9d/30d)
2026-09-25 12:30:06 | INFO | services.connectors.risk3_connector | [1081/2972] CNPJ 10915021000190 -> CACHE (SUCESSO, 93d/365d)
2026-09-25 12:30:06 | INFO | services.connectors.risk3_connector | [1082/2972] CNPJ 10931741000140 -> CACHE (SUCESSO, 102d/365d)
2026-09-25 12:30:06 | INFO | services.connectors.risk3_connector | [1083/2972] CNPJ 10981488000139 -> CACHE (SUCESSO, 92d/365d)
2026-09-25 12:30:06 | INFO | services.connectors.risk3_connector | [1084/2972] CNPJ 11001107000170 -> CACHE (NAO_ENCONTRADO, 3d/30d)
2026-09-25 12:30:06 | INFO | services.connectors.risk3_connector | [1085/2972] CNPJ 11007902000176 -> CACHE (SUCESSO, 93d/365d)
2026-09-25 12:30:06 | INFO | services.connectors.risk3_connector | [1086/2972] CNPJ 11017349000152 -> CACHE (NAO_ENCONTRADO, 9d/30d)
2026-09-25 12:30:06 | INFO | services.connectors.risk3_connector | [1087/2972] CNPJ 11032345000143 -> CACHE (SUCESSO, 254d/365d)
2026-09-25 12:30:06 | INFO | services.connectors.risk3_connector | [1088/2972] CNPJ 11040403000180 -> CACHE (SUCESSO, 80d/365d)
2026-09-25 12:30:06 | INFO | services.connectors.risk3_connector | [1089/2972] CNPJ 11041102000171 -> CACHE (SUCESSO, 93d/365d)
2026-09-25 12:30:06 | INFO | services.connectors.risk3_connector | [1090/2972] CNPJ 11066796000100 -> CACHE (NAO_ENCONTRADO, 3d/30d)
2026-09-25 12:30:06 | INFO | services.connectors.risk3_connector | [1091/2972] CNPJ 11071683000194 -> CACHE (SUCESSO, 183d/365d)
2026-09-25 12:30:06 | INFO | services.connectors.risk3_connector | [1092/2972] CNPJ 11085823000183 -> CACHE (NAO_ENCONTRADO, 9d/30d)
2026-09-25 12:30:06 | INFO | services.connectors.risk3_connector | [1093/2972] CNPJ 11107074000148 -> CACHE (NAO_ENCONTRADO, 3d/30d)
2026-09-25 12:30:06 | INFO | services.connectors.risk3_connector | [1094/2972] CNPJ 11139332000178 -> CACHE (SUCESSO, 227d/365d)
2026-09-25 12:30:06 | INFO | services.connectors.risk3_connector | [1095/2972] CNPJ 11154502000193 -> CACHE (NAO_ENCONTRADO, 3d/30d)
2026-09-25 12:30:06 | INFO | services.connectors.risk3_connector | [1096/2972] CNPJ 11156540000185 -> CACHE (SUCESSO, 92d/365d)
2026-09-25 12:30:06 | INFO | services.connectors.risk3_connector | [1097/2972] CNPJ 11182210000164 -> CACHE (SUCESSO, 130d/365d)
2026-09-25 12:30:06 | INFO | services.connectors.risk3_connector | [1098/2972] CNPJ 11198350000120 -> CACHE (SUCESSO, 22d/365d)
2026-09-25 12:30:06 | INFO | services.connectors.risk3_connector | [1099/2972] CNPJ 11230832000110 -> CACHE (NAO_ENCONTRADO, 3d/30d)
2026-09-25 12:30:06 | INFO | services.connectors.risk3_connector | [1100/2972] CNPJ 11234162000100 -> CACHE (SUCESSO, 135d/365d)
2026-09-25 12:30:06 | INFO | services.connectors.risk3_connector | [1101/2972] CNPJ 11251784000147 -> CACHE (NAO_ENCONTRADO, 9d/30d)
2026-09-25 12:30:06 | INFO | services.connectors.risk3_connector | [1102/2972] CNPJ 11252642000102 -> CACHE (SUCESSO, 65d/365d)
2026-09-25 12:30:06 | INFO | services.connectors.risk3_connector | [1103/2972] CNPJ 11279026000137 -> CACHE (SUCESSO, 93d/365d)
2026-09-25 12:30:06 | INFO | services.connectors.risk3_connector | [1104/2972] CNPJ 11283356000104 -> CACHE (SUCESSO, 134d/365d)
2026-09-25 12:30:06 | INFO | services.connectors.risk3_connector | [1105/2972] CNPJ 11283356000287 -> CACHE (SUCESSO, 92d/365d)
2026-09-25 12:30:06 | INFO | services.connectors.risk3_connector | [1106/2972] CNPJ 11315117000180 -> CACHE (SUCESSO, 105d/365d)
2026-09-25 12:30:06 | INFO | services.connectors.risk3_connector | [1107/2972] CNPJ 11316814000156 -> CACHE (NAO_ENCONTRADO, 9d/30d)
2026-09-25 12:30:06 | INFO | services.connectors.risk3_connector | [1108/2972] CNPJ 11317530000184 -> CACHE (NAO_ENCONTRADO, 3d/30d)
2026-09-25 12:30:06 | INFO | services.connectors.risk3_connector | [1109/2972] CNPJ 11322550000143 -> CACHE (NAO_ENCONTRADO, 23d/30d)
2026-09-25 12:30:06 | INFO | services.connectors.risk3_connector | [1110/2972] CNPJ 11322550000224 -> CACHE (SUCESSO, 182d/365d)
2026-09-25 12:30:06 | INFO | services.connectors.risk3_connector | [1111/2972] CNPJ 11330443000167 -> CACHE (SUCESSO, 323d/365d)
2026-09-25 12:30:06 | INFO | services.connectors.risk3_connector | [1112/2972] CNPJ 11340390000165 -> CACHE (SUCESSO, 91d/365d)
2026-09-25 12:30:06 | INFO | services.connectors.risk3_connector | [1113/2972] CNPJ 11352784000133 -> CACHE (SUCESSO, 92d/365d)
2026-09-25 12:30:06 | INFO | services.connectors.risk3_connector | [1114/2972] CNPJ 11382228000100 -> CACHE (SUCESSO, 192d/365d)
2026-09-25 12:30:06 | INFO | services.connectors.risk3_connector | [1115/2972] CNPJ 11384227000102 -> CACHE (SUCESSO, 324d/365d)
2026-09-25 12:30:06 | INFO | services.connectors.risk3_connector | [1116/2972] CNPJ 11386376000100 -> CACHE (SUCESSO, 169d/365d)
2026-09-25 12:30:06 | INFO | services.connectors.risk3_connector | [1117/2972] CNPJ 11419457000151 -> CACHE (SUCESSO, 92d/365d)
2026-09-25 12:30:06 | INFO | services.connectors.risk3_connector | [1118/2972] CNPJ 11419911000174 -> CACHE (SUCESSO, 323d/365d)
2026-09-25 12:30:06 | INFO | services.connectors.risk3_connector | [1119/2972] CNPJ 11421994000136 -> CACHE (NAO_ENCONTRADO, 9d/30d)
2026-09-25 12:30:06 | INFO | services.connectors.risk3_connector | [1120/2972] CNPJ 11457217000141 -> CACHE (SUCESSO, 203d/365d)
2026-09-25 12:30:06 | INFO | services.connectors.risk3_connector | [1121/2972] CNPJ 11477713000167 -> CACHE (NAO_ENCONTRADO, 3d/30d)
2026-09-25 12:30:06 | INFO | services.connectors.risk3_connector | [1122/2972] CNPJ 11482752000152 -> CACHE (NAO_ENCONTRADO, 9d/30d)
2026-09-25 12:30:06 | INFO | services.connectors.risk3_connector | [1123/2972] CNPJ 11486728000191 -> CACHE (SUCESSO, 235d/365d)
2026-09-25 12:30:06 | INFO | services.connectors.risk3_connector | [1124/2972] CNPJ 11503759000103 -> CACHE (NAO_ENCONTRADO, 3d/30d)
2026-09-25 12:30:06 | INFO | services.connectors.risk3_connector | [1125/2972] CNPJ 11510416000176 -> CACHE (SUCESSO, 99d/365d)
2026-09-25 12:30:06 | INFO | services.connectors.risk3_connector | [1126/2972] CNPJ 11517262000144 -> CACHE (SUCESSO, 92d/365d)
2026-09-25 12:30:06 | INFO | services.connectors.risk3_connector | [1127/2972] CNPJ 11517262001620 -> CACHE (NAO_ENCONTRADO, 3d/30d)
2026-09-25 12:30:06 | INFO | services.connectors.risk3_connector | [1128/2972] CNPJ 11517841000197 -> CACHE (NAO_ENCONTRADO, 9d/30d)
2026-09-25 12:30:06 | INFO | services.connectors.risk3_connector | [1129/2972] CNPJ 11517841007957 -> CACHE (SUCESSO, 254d/365d)
2026-09-25 12:30:06 | INFO | services.connectors.risk3_connector | [1130/2972] CNPJ 11523063000149 -> CACHE (SUCESSO, 93d/365d)
2026-09-25 12:30:06 | INFO | services.connectors.risk3_connector | [1131/2972] CNPJ 11568948000164 -> CACHE (SUCESSO, 143d/365d)
2026-09-25 12:30:06 | INFO | services.connectors.risk3_connector | [1132/2972] CNPJ 11586009000142 -> CACHE (SUCESSO, 93d/365d)
2026-09-25 12:30:06 | INFO | services.connectors.risk3_connector | [1133/2972] CNPJ 11599292000147 -> CACHE (SUCESSO, 140d/365d)
2026-09-25 12:30:06 | INFO | services.connectors.risk3_connector | [1134/2972] CNPJ 11609581000180 -> CACHE (NAO_ENCONTRADO, 3d/30d)
2026-09-25 12:30:06 | INFO | services.connectors.risk3_connector | [1135/2972] CNPJ 11621915000130 -> CACHE (SUCESSO, 92d/365d)
2026-09-25 12:30:06 | INFO | services.connectors.risk3_connector | [1136/2972] CNPJ 11659958000105 -> CACHE (SUCESSO, 254d/365d)
2026-09-25 12:30:06 | INFO | services.connectors.risk3_connector | [1137/2972] CNPJ 11754427000100 -> CACHE (SUCESSO, 85d/365d)
2026-09-25 12:30:06 | INFO | services.connectors.risk3_connector | [1138/2972] CNPJ 11755916000178 -> CACHE (SUCESSO, 245d/365d)
2026-09-25 12:30:06 | INFO | services.connectors.risk3_connector | [1139/2972] CNPJ 11769289000124 -> CACHE (NAO_ENCONTRADO, 3d/30d)
2026-09-25 12:30:06 | INFO | services.connectors.risk3_connector | [1140/2972] CNPJ 11778932000186 -> CACHE (SUCESSO, 232d/365d)
2026-09-25 12:30:06 | INFO | services.connectors.risk3_connector | [1141/2972] CNPJ 11794701000166 -> CACHE (SUCESSO, 232d/365d)
2026-09-25 12:30:06 | INFO | services.connectors.risk3_connector | [1142/2972] CNPJ 11820864000176 -> CACHE (SUCESSO, 92d/365d)
2026-09-25 12:30:06 | INFO | services.connectors.risk3_connector | [1143/2972] CNPJ 11827485000108 -> CACHE (SUCESSO, 92d/365d)
2026-09-25 12:30:06 | INFO | services.connectors.risk3_connector | [1144/2972] CNPJ 11862955000174 -> CACHE (SUCESSO, 93d/365d)
2026-09-25 12:30:06 | INFO | services.connectors.risk3_connector | [1145/2972] CNPJ 11894930000152 -> CACHE (NAO_ENCONTRADO, 3d/30d)
2026-09-25 12:30:06 | INFO | services.connectors.risk3_connector | [1146/2972] CNPJ 11907140000164 -> CACHE (NAO_ENCONTRADO, 9d/30d)
2026-09-25 12:30:06 | INFO | services.connectors.risk3_connector | [1147/2972] CNPJ 12009135000105 -> CACHE (SUCESSO, 121d/365d)
2026-09-25 12:30:06 | INFO | services.connectors.risk3_connector | [1148/2972] CNPJ 12011542000149 -> CACHE (SUCESSO, 92d/365d)
2026-09-25 12:30:06 | INFO | services.connectors.risk3_connector | [1149/2972] CNPJ 12027723000163 -> CACHE (SUCESSO, 197d/365d)
2026-09-25 12:30:06 | INFO | services.connectors.risk3_connector | [1150/2972] CNPJ 12056613000120 -> CACHE (SUCESSO, 50d/365d)
2026-09-25 12:30:06 | INFO | services.connectors.risk3_connector | [1151/2972] CNPJ 12073475000197 -> CACHE (SUCESSO, 317d/365d)
2026-09-25 12:30:06 | INFO | services.connectors.risk3_connector | [1152/2972] CNPJ 12091809000155 -> CACHE (SUCESSO, 134d/365d)
2026-09-25 12:30:06 | INFO | services.connectors.risk3_connector | [1153/2972] CNPJ 12094479000151 -> CACHE (SUCESSO, 322d/365d)
2026-09-25 12:30:06 | INFO | services.connectors.risk3_connector | [1154/2972] CNPJ 12094570000177 -> CACHE (SUCESSO, 73d/365d)
2026-09-25 12:30:06 | INFO | services.connectors.risk3_connector | [1155/2972] CNPJ 12116917000135 -> CACHE (SUCESSO, 92d/365d)
2026-09-25 12:30:06 | INFO | services.connectors.risk3_connector | [1156/2972] CNPJ 12116917000216 -> CACHE (SUCESSO, 92d/365d)
2026-09-25 12:30:06 | INFO | services.connectors.risk3_connector | [1157/2972] CNPJ 12123471000176 -> CACHE (NAO_ENCONTRADO, 3d/30d)
2026-09-25 12:30:06 | INFO | services.connectors.risk3_connector | [1158/2972] CNPJ 12123471000257 -> CACHE (NAO_ENCONTRADO, 3d/30d)
2026-09-25 12:30:06 | INFO | services.connectors.risk3_connector | [1159/2972] CNPJ 12125536000112 -> CACHE (NAO_ENCONTRADO, 9d/30d)
2026-09-25 12:30:06 | INFO | services.connectors.risk3_connector | [1160/2972] CNPJ 12130090000114 -> CACHE (SUCESSO, 310d/365d)
2026-09-25 12:30:06 | INFO | services.connectors.risk3_connector | [1161/2972] CNPJ 12147176000150 -> CACHE (NAO_ENCONTRADO, 9d/30d)
2026-09-25 12:30:06 | INFO | services.connectors.risk3_connector | [1162/2972] CNPJ 12150746000160 -> CACHE (SUCESSO, 142d/365d)
2026-09-25 12:30:06 | INFO | services.connectors.risk3_connector | [1163/2972] CNPJ 12163581000161 -> CACHE (SUCESSO, 196d/365d)
2026-09-25 12:30:06 | INFO | services.connectors.risk3_connector | [1164/2972] CNPJ 12199337000159 -> CACHE (SUCESSO, 165d/365d)
2026-09-25 12:30:06 | INFO | services.connectors.risk3_connector | [1165/2972] CNPJ 12291462000194 -> CACHE (SUCESSO, 119d/365d)
2026-09-25 12:30:06 | INFO | services.connectors.risk3_connector | [1166/2972] CNPJ 12300288000107 -> CACHE (SUCESSO, 140d/365d)
2026-09-25 12:30:06 | INFO | services.connectors.risk3_connector | [1167/2972] CNPJ 12300288000360 -> CACHE (NAO_ENCONTRADO, 3d/30d)
2026-09-25 12:30:06 | INFO | services.connectors.risk3_connector | [1168/2972] CNPJ 12312945000128 -> CACHE (SUCESSO, 92d/365d)
2026-09-25 12:30:06 | INFO | services.connectors.risk3_connector | [1169/2972] CNPJ 12320940000147 -> CACHE (SUCESSO, 353d/365d)
2026-09-25 12:30:06 | INFO | services.connectors.risk3_connector | [1170/2972] CNPJ 12348206000196 -> CACHE (SUCESSO, 136d/365d)
2026-09-25 12:30:06 | INFO | services.connectors.risk3_connector | [1171/2972] CNPJ 12368097000179 -> CACHE (SUCESSO, 115d/365d)
2026-09-25 12:30:06 | INFO | services.connectors.risk3_connector | [1172/2972] CNPJ 12422540000142 -> CACHE (NAO_ENCONTRADO, 9d/30d)
2026-09-25 12:30:06 | INFO | services.connectors.risk3_connector | [1173/2972] CNPJ 12433420000140 -> CACHE (NAO_ENCONTRADO, 3d/30d)
2026-09-25 12:30:06 | INFO | services.connectors.risk3_connector | [1174/2972] CNPJ 12458962000178 -> CACHE (NAO_ENCONTRADO, 9d/30d)
2026-09-25 12:30:06 | INFO | services.connectors.risk3_connector | [1175/2972] CNPJ 12513940000163 -> CACHE (SUCESSO, 93d/365d)
2026-09-25 12:30:06 | INFO | services.connectors.risk3_connector | [1176/2972] CNPJ 12539517000132 -> CACHE (SUCESSO, 353d/365d)
2026-09-25 12:30:06 | INFO | services.connectors.risk3_connector | [1177/2972] CNPJ 12543217000127 -> CACHE (SUCESSO, 352d/365d)
2026-09-25 12:30:06 | INFO | services.connectors.risk3_connector | [1178/2972] CNPJ 12546508000179 -> CACHE (SUCESSO, 93d/365d)
2026-09-25 12:30:06 | INFO | services.connectors.risk3_connector | [1179/2972] CNPJ 12593013000109 -> CACHE (SUCESSO, 359d/365d)
2026-09-25 12:30:06 | INFO | services.connectors.risk3_connector | [1180/2972] CNPJ 12593115000116 -> CACHE (SUCESSO, 1d/365d)
2026-09-25 12:30:06 | INFO | services.connectors.risk3_connector | [1181/2972] CNPJ 12630054000110 -> CACHE (NAO_ENCONTRADO, 9d/30d)
2026-09-25 12:30:06 | INFO | services.connectors.risk3_connector | [1182/2972] CNPJ 12645295000132 -> CACHE (SUCESSO, 176d/365d)
2026-09-25 12:30:06 | INFO | services.connectors.risk3_connector | [1183/2972] CNPJ 12659112000138 -> CACHE (SUCESSO, 165d/365d)
2026-09-25 12:30:06 | INFO | services.connectors.risk3_connector | [1184/2972] CNPJ 12695141000155 -> CACHE (SUCESSO, 155d/365d)
2026-09-25 12:30:06 | INFO | services.connectors.risk3_connector | [1185/2972] CNPJ 12723335000117 -> CACHE (NAO_ENCONTRADO, 3d/30d)
2026-09-25 12:30:06 | INFO | services.connectors.risk3_connector | [1186/2972] CNPJ 12723384000150 -> CACHE (NAO_ENCONTRADO, 3d/30d)
2026-09-25 12:30:06 | INFO | services.connectors.risk3_connector | [1187/2972] CNPJ 12723413000183 -> CACHE (NAO_ENCONTRADO, 3d/30d)
2026-09-25 12:30:06 | INFO | services.connectors.risk3_connector | [1188/2972] CNPJ 12723444000134 -> CACHE (NAO_ENCONTRADO, 3d/30d)
2026-09-25 12:30:06 | INFO | services.connectors.risk3_connector | [1189/2972] CNPJ 12802835000144 -> CACHE (NAO_ENCONTRADO, 3d/30d)
2026-09-25 12:30:06 | INFO | services.connectors.risk3_connector | [1190/2972] CNPJ 12802844000135 -> CACHE (NAO_ENCONTRADO, 3d/30d)
2026-09-25 12:30:06 | INFO | services.connectors.risk3_connector | [1191/2972] CNPJ 12802855000115 -> CACHE (NAO_ENCONTRADO, 3d/30d)
2026-09-25 12:30:06 | INFO | services.connectors.risk3_connector | [1192/2972] CNPJ 12802866000103 -> CACHE (NAO_ENCONTRADO, 3d/30d)
2026-09-25 12:30:06 | INFO | services.connectors.risk3_connector | [1193/2972] CNPJ 12809025000110 -> CACHE (SUCESSO, 130d/365d)
2026-09-25 12:30:06 | INFO | services.connectors.risk3_connector | [1194/2972] CNPJ 12884632000144 -> CACHE (SUCESSO, 66d/365d)
2026-09-25 12:30:06 | INFO | services.connectors.risk3_connector | [1195/2972] CNPJ 12884672000510 -> CACHE (SUCESSO, 93d/365d)
2026-09-25 12:30:06 | INFO | services.connectors.risk3_connector | [1196/2972] CNPJ 12912915000152 -> CACHE (SUCESSO, 92d/365d)
2026-09-25 12:30:06 | INFO | services.connectors.risk3_connector | [1197/2972] CNPJ 12919786000124 -> CACHE (SUCESSO, 310d/365d)
2026-09-25 12:30:06 | INFO | services.connectors.risk3_connector | [1198/2972] CNPJ 12919808000156 -> CACHE (SUCESSO, 178d/365d)
2026-09-25 12:30:06 | INFO | services.connectors.risk3_connector | [1199/2972] CNPJ 12924620000104 -> CACHE (SUCESSO, 92d/365d)
2026-09-25 12:30:06 | INFO | services.connectors.risk3_connector | [1200/2972] CNPJ 12937489000101 -> CACHE (NAO_ENCONTRADO, 3d/30d)
2026-09-25 12:30:06 | INFO | services.connectors.risk3_connector | [1201/2972] CNPJ 12945474000195 -> CACHE (SUCESSO, 72d/365d)
2026-09-25 12:30:06 | INFO | services.connectors.risk3_connector | [1202/2972] CNPJ 12987182000115 -> CACHE (SUCESSO, 92d/365d)
2026-09-25 12:30:06 | INFO | services.connectors.risk3_connector | [1203/2972] CNPJ 12987729000182 -> CACHE (SUCESSO, 93d/365d)
2026-09-25 12:30:06 | INFO | services.connectors.risk3_connector | [1204/2972] CNPJ 12999196000159 -> CACHE (NAO_ENCONTRADO, 3d/30d)
2026-09-25 12:30:06 | INFO | services.connectors.risk3_connector | [1205/2972] CNPJ 13042032000100 -> CACHE (NAO_ENCONTRADO, 3d/30d)
2026-09-25 12:30:06 | INFO | services.connectors.risk3_connector | [1206/2972] CNPJ 13061918000192 -> CACHE (SUCESSO, 92d/365d)
2026-09-25 12:30:06 | INFO | services.connectors.risk3_connector | [1207/2972] CNPJ 13091683000181 -> CACHE (SUCESSO, 168d/365d)
2026-09-25 12:30:06 | INFO | services.connectors.risk3_connector | [1208/2972] CNPJ 13101510000288 -> CACHE (NAO_ENCONTRADO, 3d/30d)
2026-09-25 12:30:06 | INFO | services.connectors.risk3_connector | [1209/2972] CNPJ 13114506000173 -> CACHE (SUCESSO, 130d/365d)
2026-09-25 12:30:06 | INFO | services.connectors.risk3_connector | [1210/2972] CNPJ 13123801000196 -> CACHE (SUCESSO, 255d/365d)
2026-09-25 12:30:06 | INFO | services.connectors.risk3_connector | [1211/2972] CNPJ 13140459000132 -> CACHE (NAO_ENCONTRADO, 3d/30d)
2026-09-25 12:30:06 | INFO | services.connectors.risk3_connector | [1212/2972] CNPJ 13145928000106 -> CACHE (NAO_ENCONTRADO, 9d/30d)
2026-09-25 12:30:06 | INFO | services.connectors.risk3_connector | [1213/2972] CNPJ 13152186000146 -> CACHE (NAO_ENCONTRADO, 3d/30d)
2026-09-25 12:30:06 | INFO | services.connectors.risk3_connector | [1214/2972] CNPJ 13176619000101 -> CACHE (SUCESSO, 92d/365d)
2026-09-25 12:30:06 | INFO | services.connectors.risk3_connector | [1215/2972] CNPJ 13196196000183 -> CACHE (SUCESSO, 193d/365d)
2026-09-25 12:30:06 | INFO | services.connectors.risk3_connector | [1216/2972] CNPJ 13200257000139 -> CACHE (NAO_ENCONTRADO, 9d/30d)
2026-09-25 12:30:06 | INFO | services.connectors.risk3_connector | [1217/2972] CNPJ 13243573000198 -> CACHE (SUCESSO, 93d/365d)
2026-09-25 12:30:06 | INFO | services.connectors.risk3_connector | [1218/2972] CNPJ 13338734000127 -> CACHE (SUCESSO, 65d/365d)
2026-09-25 12:30:06 | INFO | services.connectors.risk3_connector | [1219/2972] CNPJ 13348048000137 -> CACHE (NAO_ENCONTRADO, 9d/30d)
2026-09-25 12:30:06 | INFO | services.connectors.risk3_connector | [1220/2972] CNPJ 13374270000104 -> CACHE (SUCESSO, 155d/365d)
2026-09-25 12:30:06 | INFO | services.connectors.risk3_connector | [1221/2972] CNPJ 13416922000126 -> CACHE (SUCESSO, 67d/365d)
2026-09-25 12:30:06 | INFO | services.connectors.risk3_connector | [1222/2972] CNPJ 13459301000120 -> CACHE (SUCESSO, 119d/365d)
2026-09-25 12:30:06 | INFO | services.connectors.risk3_connector | [1223/2972] CNPJ 13468810000119 -> CACHE (SUCESSO, 119d/365d)
2026-09-25 12:30:06 | INFO | services.connectors.risk3_connector | [1224/2972] CNPJ 13478113000149 -> CACHE (NAO_ENCONTRADO, 3d/30d)
2026-09-25 12:30:06 | INFO | services.connectors.risk3_connector | [1225/2972] CNPJ 13504675000110 -> CACHE (SUCESSO, 99d/365d)
2026-09-25 12:30:06 | INFO | services.connectors.risk3_connector | [1226/2972] CNPJ 13547619000162 -> CACHE (SUCESSO, 93d/365d)
2026-09-25 12:30:06 | INFO | services.connectors.risk3_connector | [1227/2972] CNPJ 13573332000107 -> CACHE (NAO_ENCONTRADO, 9d/30d)
2026-09-25 12:30:06 | INFO | services.connectors.risk3_connector | [1228/2972] CNPJ 13574594029500 -> CACHE (SUCESSO, 29d/365d)
2026-09-25 12:30:06 | INFO | services.connectors.risk3_connector | [1229/2972] CNPJ 13581313000122 -> CACHE (SUCESSO, 330d/365d)
2026-09-25 12:30:06 | INFO | services.connectors.risk3_connector | [1230/2972] CNPJ 13620731000181 -> CACHE (SUCESSO, 73d/365d)
2026-09-25 12:30:06 | INFO | services.connectors.risk3_connector | [1231/2972] CNPJ 13633390000189 -> CACHE (SUCESSO, 25d/365d)
2026-09-25 12:30:06 | INFO | services.connectors.risk3_connector | [1232/2972] CNPJ 13645518000124 -> CACHE (SUCESSO, 172d/365d)
2026-09-25 12:30:06 | INFO | services.connectors.risk3_connector | [1233/2972] CNPJ 13649848000198 -> CACHE (SUCESSO, 136d/365d)
2026-09-25 12:30:06 | INFO | services.connectors.risk3_connector | [1234/2972] CNPJ 13655148000106 -> CACHE (SUCESSO, 165d/365d)
2026-09-25 12:30:06 | INFO | services.connectors.risk3_connector | [1235/2972] CNPJ 13693873000179 -> CACHE (SUCESSO, 192d/365d)
2026-09-25 12:30:06 | INFO | services.connectors.risk3_connector | [1236/2972] CNPJ 13700609000115 -> CACHE (SUCESSO, 29d/365d)
2026-09-25 12:30:06 | INFO | services.connectors.risk3_connector | [1237/2972] CNPJ 13711686000170 -> CACHE (SUCESSO, 93d/365d)
2026-09-25 12:30:06 | INFO | services.connectors.risk3_connector | [1238/2972] CNPJ 13722308000192 -> CACHE (SUCESSO, 92d/365d)
2026-09-25 12:30:06 | INFO | services.connectors.risk3_connector | [1239/2972] CNPJ 13743550000142 -> CACHE (SUCESSO, 128d/365d)
2026-09-25 12:30:06 | INFO | services.connectors.risk3_connector | [1240/2972] CNPJ 13743550000657 -> CACHE (SUCESSO, 92d/365d)
2026-09-25 12:30:06 | INFO | services.connectors.risk3_connector | [1241/2972] CNPJ 13743550000738 -> CACHE (SUCESSO, 92d/365d)
2026-09-25 12:30:06 | INFO | services.connectors.risk3_connector | [1242/2972] CNPJ 13777004000122 -> CACHE (NAO_ENCONTRADO, 23d/30d)
2026-09-25 12:30:06 | INFO | services.connectors.risk3_connector | [1243/2972] CNPJ 13788120000147 -> CACHE (SUCESSO, 46d/365d)
2026-09-25 12:30:06 | INFO | services.connectors.risk3_connector | [1244/2972] CNPJ 13808433000110 -> CACHE (SUCESSO, 206d/365d)
2026-09-25 12:30:06 | INFO | services.connectors.risk3_connector | [1245/2972] CNPJ 13816470000170 -> CACHE (SUCESSO, 94d/365d)
2026-09-25 12:30:06 | INFO | services.connectors.risk3_connector | [1246/2972] CNPJ 13844786000175 -> CACHE (SUCESSO, 205d/365d)
2026-09-25 12:30:06 | INFO | services.connectors.risk3_connector | [1247/2972] CNPJ 13861424000192 -> CACHE (SUCESSO, 134d/365d)
2026-09-25 12:30:06 | INFO | services.connectors.risk3_connector | [1248/2972] CNPJ 13890438000134 -> CACHE (SUCESSO, 93d/365d)
2026-09-25 12:30:06 | INFO | services.connectors.risk3_connector | [1249/2972] CNPJ 13896054000129 -> CACHE (SUCESSO, 137d/365d)
2026-09-25 12:30:06 | INFO | services.connectors.risk3_connector | [1250/2972] CNPJ 13897477000163 -> CACHE (SUCESSO, 93d/365d)
2026-09-25 12:30:06 | INFO | services.connectors.risk3_connector | [1251/2972] CNPJ 13923945000127 -> CACHE (SUCESSO, 93d/365d)
2026-09-25 12:30:06 | INFO | services.connectors.risk3_connector | [1252/2972] CNPJ 13975154000140 -> CACHE (SUCESSO, 92d/365d)
2026-09-25 12:30:06 | INFO | services.connectors.risk3_connector | [1253/2972] CNPJ 14009152000160 -> CACHE (NAO_ENCONTRADO, 3d/30d)
2026-09-25 12:30:06 | INFO | services.connectors.risk3_connector | [1254/2972] CNPJ 14011603000101 -> CACHE (SUCESSO, 248d/365d)
2026-09-25 12:30:06 | INFO | services.connectors.risk3_connector | [1255/2972] CNPJ 14012875000118 -> CACHE (SUCESSO, 165d/365d)
2026-09-25 12:30:06 | INFO | services.connectors.risk3_connector | [1256/2972] CNPJ 14023604000168 -> CACHE (NAO_ENCONTRADO, 9d/30d)
2026-09-25 12:30:06 | INFO | services.connectors.risk3_connector | [1257/2972] CNPJ 14049467000130 -> CACHE (SUCESSO, 323d/365d)
2026-09-25 12:30:06 | INFO | services.connectors.risk3_connector | [1258/2972] CNPJ 14049467007739 -> CACHE (NAO_ENCONTRADO, 3d/30d)
2026-09-25 12:30:06 | INFO | services.connectors.risk3_connector | [1259/2972] CNPJ 14055501000180 -> CACHE (SUCESSO, 92d/365d)
2026-09-25 12:30:06 | INFO | services.connectors.risk3_connector | [1260/2972] CNPJ 14073441000128 -> CACHE (SUCESSO, 254d/365d)
2026-09-25 12:30:06 | INFO | services.connectors.risk3_connector | [1261/2972] CNPJ 14089519000100 -> CACHE (SUCESSO, 92d/365d)
2026-09-25 12:30:06 | INFO | services.connectors.risk3_connector | [1262/2972] CNPJ 14090059000122 -> CACHE (NAO_ENCONTRADO, 3d/30d)
2026-09-25 12:30:06 | INFO | services.connectors.risk3_connector | [1263/2972] CNPJ 14094415000186 -> CACHE (SUCESSO, 203d/365d)
2026-09-25 12:30:06 | INFO | services.connectors.risk3_connector | [1264/2972] CNPJ 14097020000137 -> CACHE (SUCESSO, 228d/365d)
2026-09-25 12:30:06 | INFO | services.connectors.risk3_connector | [1265/2972] CNPJ 14167541000113 -> CACHE (SUCESSO, 88d/365d)
2026-09-25 12:30:06 | INFO | services.connectors.risk3_connector | [1266/2972] CNPJ 14171796000150 -> CACHE (SUCESSO, 255d/365d)
2026-09-25 12:30:06 | INFO | services.connectors.risk3_connector | [1267/2972] CNPJ 14180156000106 -> CACHE (SUCESSO, 92d/365d)
2026-09-25 12:30:06 | INFO | services.connectors.risk3_connector | [1268/2972] CNPJ 14245894000194 -> CACHE (NAO_ENCONTRADO, 3d/30d)
2026-09-25 12:30:06 | INFO | services.connectors.risk3_connector | [1269/2972] CNPJ 14295008000137 -> CACHE (SUCESSO, 164d/365d)
2026-09-25 12:30:06 | INFO | services.connectors.risk3_connector | [1270/2972] CNPJ 14475006000120 -> CACHE (SUCESSO, 358d/365d)
2026-09-25 12:30:06 | INFO | services.connectors.risk3_connector | [1271/2972] CNPJ 14483137000230 -> CACHE (SUCESSO, 24d/365d)
2026-09-25 12:30:06 | INFO | services.connectors.risk3_connector | [1272/2972] CNPJ 14522178000107 -> CACHE (SUCESSO, 176d/365d)
2026-09-25 12:30:06 | INFO | services.connectors.risk3_connector | [1273/2972] CNPJ 14555633000170 -> CACHE (SUCESSO, 185d/365d)
2026-09-25 12:30:06 | INFO | services.connectors.risk3_connector | [1274/2972] CNPJ 14609649000119 -> CACHE (SUCESSO, 106d/365d)
2026-09-25 12:30:06 | INFO | services.connectors.risk3_connector | [1275/2972] CNPJ 14614080000180 -> CACHE (SUCESSO, 92d/365d)
2026-09-25 12:30:06 | INFO | services.connectors.risk3_connector | [1276/2972] CNPJ 14614080000341 -> CACHE (SUCESSO, 92d/365d)
2026-09-25 12:30:06 | INFO | services.connectors.risk3_connector | [1277/2972] CNPJ 14658216000153 -> CACHE (SUCESSO, 204d/365d)
2026-09-25 12:30:06 | INFO | services.connectors.risk3_connector | [1278/2972] CNPJ 14675270000107 -> CACHE (SUCESSO, 337d/365d)
2026-09-25 12:30:06 | INFO | services.connectors.risk3_connector | [1279/2972] CNPJ 14706069000140 -> CACHE (NAO_ENCONTRADO, 3d/30d)
2026-09-25 12:30:06 | INFO | services.connectors.risk3_connector | [1280/2972] CNPJ 14738147000198 -> CACHE (SUCESSO, 92d/365d)
2026-09-25 12:30:06 | INFO | services.connectors.risk3_connector | [1281/2972] CNPJ 14738350000164 -> CACHE (SUCESSO, 93d/365d)
2026-09-25 12:30:06 | INFO | services.connectors.risk3_connector | [1282/2972] CNPJ 14769946000121 -> CACHE (SUCESSO, 93d/365d)
2026-09-25 12:30:06 | INFO | services.connectors.risk3_connector | [1283/2972] CNPJ 14799060000120 -> CACHE (SUCESSO, 128d/365d)
2026-09-25 12:30:06 | INFO | services.connectors.risk3_connector | [1284/2972] CNPJ 14807945000124 -> CACHE (NAO_ENCONTRADO, 9d/30d)
2026-09-25 12:30:06 | INFO | services.connectors.risk3_connector | [1285/2972] CNPJ 15027346000150 -> CACHE (NAO_ENCONTRADO, 9d/30d)
2026-09-25 12:30:06 | INFO | services.connectors.risk3_connector | [1286/2972] CNPJ 15042149000100 -> CACHE (SUCESSO, 140d/365d)
2026-09-25 12:30:06 | INFO | services.connectors.risk3_connector | [1287/2972] CNPJ 15054480000140 -> CACHE (SUCESSO, 130d/365d)
2026-09-25 12:30:06 | INFO | services.connectors.risk3_connector | [1288/2972] CNPJ 15087610000141 -> CACHE (NAO_ENCONTRADO, 9d/30d)
2026-09-25 12:30:06 | INFO | services.connectors.risk3_connector | [1289/2972] CNPJ 15091769000130 -> CACHE (SUCESSO, 218d/365d)
2026-09-25 12:30:06 | INFO | services.connectors.risk3_connector | [1290/2972] CNPJ 15108924000183 -> CACHE (SUCESSO, 92d/365d)
2026-09-25 12:30:06 | INFO | services.connectors.risk3_connector | [1291/2972] CNPJ 15139629000194 -> CACHE (NAO_ENCONTRADO, 3d/30d)
2026-09-25 12:30:06 | INFO | services.connectors.risk3_connector | [1292/2972] CNPJ 15141799000103 -> CACHE (SUCESSO, 121d/365d)
2026-09-25 12:30:06 | INFO | services.connectors.risk3_connector | [1293/2972] CNPJ 15163403000129 -> CACHE (SUCESSO, 92d/365d)
2026-09-25 12:30:06 | INFO | services.connectors.risk3_connector | [1294/2972] CNPJ 15170723000106 -> CACHE (SUCESSO, 343d/365d)
2026-09-25 12:30:06 | INFO | services.connectors.risk3_connector | [1295/2972] CNPJ 15174398000150 -> CACHE (SUCESSO, 93d/365d)
2026-09-25 12:30:06 | INFO | services.connectors.risk3_connector | [1296/2972] CNPJ 15186359000172 -> CACHE (SUCESSO, 212d/365d)
2026-09-25 12:30:06 | INFO | services.connectors.risk3_connector | [1297/2972] CNPJ 15186494000118 -> CACHE (SUCESSO, 93d/365d)
2026-09-25 12:30:06 | INFO | services.connectors.risk3_connector | [1298/2972] CNPJ 15217260000190 -> CACHE (SUCESSO, 86d/365d)
2026-09-25 12:30:06 | INFO | services.connectors.risk3_connector | [1299/2972] CNPJ 15307114000156 -> CACHE (SUCESSO, 254d/365d)
2026-09-25 12:30:06 | INFO | services.connectors.risk3_connector | [1300/2972] CNPJ 15330530000175 -> CACHE (SUCESSO, 92d/365d)
2026-09-25 12:30:06 | INFO | services.connectors.risk3_connector | [1301/2972] CNPJ 15344283000166 -> CACHE (NAO_ENCONTRADO, 3d/30d)
2026-09-25 12:30:06 | INFO | services.connectors.risk3_connector | [1302/2972] CNPJ 15361032000190 -> CACHE (NAO_ENCONTRADO, 3d/30d)
2026-09-25 12:30:06 | INFO | services.connectors.risk3_connector | [1303/2972] CNPJ 15373395000145 -> CACHE (SUCESSO, 95d/365d)
2026-09-25 12:30:06 | INFO | services.connectors.risk3_connector | [1304/2972] CNPJ 15375991000164 -> CACHE (NAO_ENCONTRADO, 9d/30d)
2026-09-25 12:30:06 | INFO | services.connectors.risk3_connector | [1305/2972] CNPJ 15388514000133 -> CACHE (SUCESSO, 93d/365d)
2026-09-25 12:30:06 | INFO | services.connectors.risk3_connector | [1306/2972] CNPJ 15397093000107 -> CACHE (SUCESSO, 331d/365d)
2026-09-25 12:30:06 | INFO | services.connectors.risk3_connector | [1307/2972] CNPJ 15458171000136 -> CACHE (SUCESSO, 140d/365d)
2026-09-25 12:30:06 | INFO | services.connectors.risk3_connector | [1308/2972] CNPJ 15488871000173 -> CACHE (NAO_ENCONTRADO, 3d/30d)
2026-09-25 12:30:06 | INFO | services.connectors.risk3_connector | [1309/2972] CNPJ 15515966000139 -> CACHE (SUCESSO, 255d/365d)
2026-09-25 12:30:06 | INFO | services.connectors.risk3_connector | [1310/2972] CNPJ 15568388000107 -> CACHE (SUCESSO, 254d/365d)
2026-09-25 12:30:06 | INFO | services.connectors.risk3_connector | [1311/2972] CNPJ 15578569000106 -> CACHE (SUCESSO, 310d/365d)
2026-09-25 12:30:06 | INFO | services.connectors.risk3_connector | [1312/2972] CNPJ 15623286000139 -> CACHE (SUCESSO, 140d/365d)
2026-09-25 12:30:06 | INFO | services.connectors.risk3_connector | [1313/2972] CNPJ 15667402000111 -> CACHE (NAO_ENCONTRADO, 9d/30d)
2026-09-25 12:30:06 | INFO | services.connectors.risk3_connector | [1314/2972] CNPJ 15688196000126 -> CACHE (SUCESSO, 165d/365d)
2026-09-25 12:30:06 | INFO | services.connectors.risk3_connector | [1315/2972] CNPJ 15728576000147 -> CACHE (SUCESSO, 39d/365d)
2026-09-25 12:30:06 | INFO | services.connectors.risk3_connector | [1316/2972] CNPJ 15732189000184 -> CACHE (SUCESSO, 140d/365d)
2026-09-25 12:30:06 | INFO | services.connectors.risk3_connector | [1317/2972] CNPJ 15863180000102 -> CACHE (NAO_ENCONTRADO, 3d/30d)
2026-09-25 12:30:06 | INFO | services.connectors.risk3_connector | [1318/2972] CNPJ 16367850000162 -> CACHE (SUCESSO, 93d/365d)
2026-09-25 12:30:06 | INFO | services.connectors.risk3_connector | [1319/2972] CNPJ 16391632000163 -> CACHE (NAO_ENCONTRADO, 3d/30d)
2026-09-25 12:30:06 | INFO | services.connectors.risk3_connector | [1320/2972] CNPJ 16404287000155 -> CACHE (SUCESSO, 119d/365d)
2026-09-25 12:30:06 | INFO | services.connectors.risk3_connector | [1321/2972] CNPJ 16404287044870 -> CACHE (SUCESSO, 92d/365d)
2026-09-25 12:30:06 | INFO | services.connectors.risk3_connector | [1322/2972] CNPJ 16404287067730 -> CACHE (NAO_ENCONTRADO, 9d/30d)
2026-09-25 12:30:06 | INFO | services.connectors.risk3_connector | [1323/2972] CNPJ 16433626000121 -> CACHE (SUCESSO, 235d/365d)
2026-09-25 12:30:06 | INFO | services.connectors.risk3_connector | [1324/2972] CNPJ 16561291000127 -> CACHE (SUCESSO, 93d/365d)
2026-09-25 12:30:06 | INFO | services.connectors.risk3_connector | [1325/2972] CNPJ 16587133000146 -> CACHE (SUCESSO, 29d/365d)
2026-09-25 12:30:06 | INFO | services.connectors.risk3_connector | [1326/2972] CNPJ 16606895000142 -> CACHE (SUCESSO, 330d/365d)
2026-09-25 12:30:06 | INFO | services.connectors.risk3_connector | [1327/2972] CNPJ 16617789000164 -> CACHE (NAO_ENCONTRADO, 9d/30d)
2026-09-25 12:30:06 | INFO | services.connectors.risk3_connector | [1328/2972] CNPJ 16625953000185 -> CACHE (NAO_ENCONTRADO, 3d/30d)
2026-09-25 12:30:06 | INFO | services.connectors.risk3_connector | [1329/2972] CNPJ 16628281000161 -> CACHE (SUCESSO, 45d/365d)
2026-09-25 12:30:06 | INFO | services.connectors.risk3_connector | [1330/2972] CNPJ 16701716003686 -> CACHE (NAO_ENCONTRADO, 9d/30d)
2026-09-25 12:30:06 | INFO | services.connectors.risk3_connector | [1331/2972] CNPJ 16775973000132 -> CACHE (SUCESSO, 140d/365d)
2026-09-25 12:30:06 | INFO | services.connectors.risk3_connector | [1332/2972] CNPJ 16793501000102 -> CACHE (SUCESSO, 93d/365d)
2026-09-25 12:30:06 | INFO | services.connectors.risk3_connector | [1333/2972] CNPJ 16804519000162 -> CACHE (SUCESSO, 204d/365d)
2026-09-25 12:30:06 | INFO | services.connectors.risk3_connector | [1334/2972] CNPJ 16820052000144 -> CACHE (SUCESSO, 241d/365d)
2026-09-25 12:30:06 | INFO | services.connectors.risk3_connector | [1335/2972] CNPJ 16875048000183 -> CACHE (SUCESSO, 50d/365d)
2026-09-25 12:30:06 | INFO | services.connectors.risk3_connector | [1336/2972] CNPJ 16928294000156 -> CACHE (SUCESSO, 291d/365d)
2026-09-25 12:30:06 | INFO | services.connectors.risk3_connector | [1337/2972] CNPJ 16933590000145 -> CACHE (SUCESSO, 142d/365d)
2026-09-25 12:30:06 | INFO | services.connectors.risk3_connector | [1338/2972] CNPJ 16965684000104 -> CACHE (NAO_ENCONTRADO, 3d/30d)
2026-09-25 12:30:06 | INFO | services.connectors.risk3_connector | [1339/2972] CNPJ 16974249000138 -> CACHE (SUCESSO, 92d/365d)
2026-09-25 12:30:06 | INFO | services.connectors.risk3_connector | [1340/2972] CNPJ 17035997000118 -> CACHE (SUCESSO, 227d/365d)
2026-09-25 12:30:06 | INFO | services.connectors.risk3_connector | [1341/2972] CNPJ 17040615000144 -> CACHE (NAO_ENCONTRADO, 9d/30d)
2026-09-25 12:30:06 | INFO | services.connectors.risk3_connector | [1342/2972] CNPJ 17069905000110 -> CACHE (SUCESSO, 205d/365d)
2026-09-25 12:30:06 | INFO | services.connectors.risk3_connector | [1343/2972] CNPJ 17070597000143 -> CACHE (NAO_ENCONTRADO, 9d/30d)
2026-09-25 12:30:06 | INFO | services.connectors.risk3_connector | [1344/2972] CNPJ 17077752000153 -> CACHE (NAO_ENCONTRADO, 23d/30d)
2026-09-25 12:30:06 | INFO | services.connectors.risk3_connector | [1345/2972] CNPJ 17112981000161 -> CACHE (SUCESSO, 140d/365d)
2026-09-25 12:30:06 | INFO | services.connectors.risk3_connector | [1346/2972] CNPJ 17115437000173 -> CACHE (SUCESSO, 93d/365d)
2026-09-25 12:30:06 | INFO | services.connectors.risk3_connector | [1347/2972] CNPJ 17155730000164 -> CACHE (NAO_ENCONTRADO, 9d/30d)
2026-09-25 12:30:06 | INFO | services.connectors.risk3_connector | [1348/2972] CNPJ 17170822000113 -> CACHE (SUCESSO, 91d/365d)
2026-09-25 12:30:06 | INFO | services.connectors.risk3_connector | [1349/2972] CNPJ 17174657000178 -> CACHE (SUCESSO, 77d/365d)
2026-09-25 12:30:06 | INFO | services.connectors.risk3_connector | [1350/2972] CNPJ 17176987000100 -> CACHE (SUCESSO, 93d/365d)
2026-09-25 12:30:06 | INFO | services.connectors.risk3_connector | [1351/2972] CNPJ 17204923000168 -> CACHE (SUCESSO, 85d/365d)
2026-09-25 12:30:06 | INFO | services.connectors.risk3_connector | [1352/2972] CNPJ 17210843000115 -> CACHE (SUCESSO, 93d/365d)
2026-09-25 12:30:06 | INFO | services.connectors.risk3_connector | [1353/2972] CNPJ 17221771000101 -> Consultando API (Endpoint detalhado por CNPJ)...
2026-09-25 12:30:06 | INFO | services.connectors.risk3_connector | SUCESSO na extração dos detalhes do Bureau!
2026-09-25 12:30:07 | INFO | services.connectors.risk3_connector | [1354/2972] CNPJ 17227422000105 -> CACHE (SUCESSO, 121d/365d)
2026-09-25 12:30:07 | INFO | services.connectors.risk3_connector | [1355/2972] CNPJ 17247679000110 -> CACHE (SUCESSO, 326d/365d)
2026-09-25 12:30:07 | INFO | services.connectors.risk3_connector | [1356/2972] CNPJ 17302990000115 -> CACHE (NAO_ENCONTRADO, 9d/30d)
2026-09-25 12:30:07 | INFO | services.connectors.risk3_connector | [1357/2972] CNPJ 17313041000130 -> CACHE (SUCESSO, 92d/365d)
2026-09-25 12:30:07 | INFO | services.connectors.risk3_connector | [1358/2972] CNPJ 17316559000128 -> CACHE (NAO_ENCONTRADO, 3d/30d)
2026-09-25 12:30:07 | INFO | services.connectors.risk3_connector | [1359/2972] CNPJ 17337300000163 -> CACHE (SUCESSO, 102d/365d)
2026-09-25 12:30:07 | INFO | services.connectors.risk3_connector | [1360/2972] CNPJ 17343071000190 -> CACHE (SUCESSO, 177d/365d)
2026-09-25 12:30:07 | INFO | services.connectors.risk3_connector | [1361/2972] CNPJ 17385003000193 -> CACHE (SUCESSO, 93d/365d)
2026-09-25 12:30:07 | INFO | services.connectors.risk3_connector | [1362/2972] CNPJ 17386017000121 -> CACHE (NAO_ENCONTRADO, 9d/30d)
2026-09-25 12:30:07 | INFO | services.connectors.risk3_connector | [1363/2972] CNPJ 17461715000225 -> CACHE (SUCESSO, 99d/365d)
2026-09-25 12:30:07 | INFO | services.connectors.risk3_connector | [1364/2972] CNPJ 17465122000156 -> CACHE (SUCESSO, 93d/365d)
2026-09-25 12:30:07 | INFO | services.connectors.risk3_connector | [1365/2972] CNPJ 17469701000177 -> CACHE (SUCESSO, 135d/365d)
2026-09-25 12:30:07 | INFO | services.connectors.risk3_connector | [1366/2972] CNPJ 17469701018700 -> CACHE (NAO_ENCONTRADO, 23d/30d)
2026-09-25 12:30:07 | INFO | services.connectors.risk3_connector | [1367/2972] CNPJ 17481242000147 -> CACHE (SUCESSO, 93d/365d)
2026-09-25 12:30:07 | INFO | services.connectors.risk3_connector | [1368/2972] CNPJ 17496722000181 -> CACHE (NAO_ENCONTRADO, 3d/30d)
2026-09-25 12:30:07 | INFO | services.connectors.risk3_connector | [1369/2972] CNPJ 17531314000113 -> CACHE (SUCESSO, 50d/365d)
2026-09-25 12:30:07 | INFO | services.connectors.risk3_connector | [1370/2972] CNPJ 17555263000160 -> CACHE (SUCESSO, 136d/365d)
2026-09-25 12:30:07 | INFO | services.connectors.risk3_connector | [1371/2972] CNPJ 17645625000103 -> CACHE (SUCESSO, 347d/365d)
2026-09-25 12:30:07 | INFO | services.connectors.risk3_connector | [1372/2972] CNPJ 17838797000101 -> CACHE (SUCESSO, 92d/365d)
2026-09-25 12:30:07 | INFO | services.connectors.risk3_connector | [1373/2972] CNPJ 17851152000109 -> CACHE (SUCESSO, 134d/365d)
2026-09-25 12:30:07 | INFO | services.connectors.risk3_connector | [1374/2972] CNPJ 17858631000149 -> CACHE (SUCESSO, 140d/365d)
2026-09-25 12:30:07 | INFO | services.connectors.risk3_connector | [1375/2972] CNPJ 17870489000155 -> CACHE (SUCESSO, 15d/365d)
2026-09-25 12:30:07 | INFO | services.connectors.risk3_connector | [1376/2972] CNPJ 17875511000150 -> CACHE (NAO_ENCONTRADO, 3d/30d)
2026-09-25 12:30:07 | INFO | services.connectors.risk3_connector | [1377/2972] CNPJ 17875511000230 -> CACHE (SUCESSO, 92d/365d)
2026-09-25 12:30:07 | INFO | services.connectors.risk3_connector | [1378/2972] CNPJ 17895648000176 -> CACHE (NAO_ENCONTRADO, 3d/30d)
2026-09-25 12:30:07 | INFO | services.connectors.risk3_connector | [1379/2972] CNPJ 18067083000100 -> CACHE (SUCESSO, 183d/365d)
2026-09-25 12:30:07 | INFO | services.connectors.risk3_connector | [1380/2972] CNPJ 18184793000101 -> CACHE (SUCESSO, 92d/365d)
2026-09-25 12:30:07 | INFO | services.connectors.risk3_connector | [1381/2972] CNPJ 18185035000108 -> CACHE (SUCESSO, 164d/365d)
2026-09-25 12:30:07 | INFO | services.connectors.risk3_connector | [1382/2972] CNPJ 18216718000185 -> CACHE (SUCESSO, 92d/365d)
2026-09-25 12:30:07 | INFO | services.connectors.risk3_connector | [1383/2972] CNPJ 18235741000117 -> CACHE (SUCESSO, 297d/365d)
2026-09-25 12:30:07 | INFO | services.connectors.risk3_connector | [1384/2972] CNPJ 18269125000187 -> CACHE (SUCESSO, 72d/365d)
2026-09-25 12:30:07 | INFO | services.connectors.risk3_connector | [1385/2972] CNPJ 18279158000108 -> CACHE (SUCESSO, 310d/365d)
2026-09-25 12:30:07 | INFO | services.connectors.risk3_connector | [1386/2972] CNPJ 18303320000186 -> CACHE (NAO_ENCONTRADO, 3d/30d)
2026-09-25 12:30:07 | INFO | services.connectors.risk3_connector | [1387/2972] CNPJ 18325729000101 -> CACHE (SUCESSO, 295d/365d)
2026-09-25 12:30:07 | INFO | services.connectors.risk3_connector | [1388/2972] CNPJ 18328118000109 -> CACHE (NAO_ENCONTRADO, 3d/30d)
2026-09-25 12:30:07 | INFO | services.connectors.risk3_connector | [1389/2972] CNPJ 18371025000167 -> CACHE (SUCESSO, 92d/365d)
2026-09-25 12:30:07 | INFO | services.connectors.risk3_connector | [1390/2972] CNPJ 18384740000134 -> CACHE (SUCESSO, 105d/365d)
2026-09-25 12:30:07 | INFO | services.connectors.risk3_connector | [1391/2972] CNPJ 18416364000112 -> CACHE (SUCESSO, 87d/365d)
2026-09-25 12:30:07 | INFO | services.connectors.risk3_connector | [1392/2972] CNPJ 18483400000160 -> CACHE (SUCESSO, 140d/365d)
2026-09-25 12:30:07 | INFO | services.connectors.risk3_connector | [1393/2972] CNPJ 18605172000154 -> CACHE (SUCESSO, 196d/365d)
2026-09-25 12:30:07 | INFO | services.connectors.risk3_connector | [1394/2972] CNPJ 18626084000139 -> CACHE (SUCESSO, 226d/365d)
2026-09-25 12:30:07 | INFO | services.connectors.risk3_connector | [1395/2972] CNPJ 18700410000100 -> CACHE (NAO_ENCONTRADO, 3d/30d)
2026-09-25 12:30:07 | INFO | services.connectors.risk3_connector | [1396/2972] CNPJ 18748235000121 -> CACHE (SUCESSO, 93d/365d)
2026-09-25 12:30:07 | INFO | services.connectors.risk3_connector | [1397/2972] CNPJ 18788137000118 -> CACHE (SUCESSO, 93d/365d)
2026-09-25 12:30:07 | INFO | services.connectors.risk3_connector | [1398/2972] CNPJ 18803654000461 -> CACHE (SUCESSO, 287d/365d)
2026-09-25 12:30:07 | INFO | services.connectors.risk3_connector | [1399/2972] CNPJ 18843495000186 -> CACHE (SUCESSO, 92d/365d)
2026-09-25 12:30:07 | INFO | services.connectors.risk3_connector | [1400/2972] CNPJ 18845076000183 -> CACHE (SUCESSO, 143d/365d)
2026-09-25 12:30:07 | INFO | services.connectors.risk3_connector | [1401/2972] CNPJ 18852832000100 -> CACHE (SUCESSO, 92d/365d)
2026-09-25 12:30:07 | INFO | services.connectors.risk3_connector | [1402/2972] CNPJ 18856003000197 -> CACHE (SUCESSO, 92d/365d)
2026-09-25 12:30:07 | INFO | services.connectors.risk3_connector | [1403/2972] CNPJ 18859687000180 -> CACHE (SUCESSO, 315d/365d)
2026-09-25 12:30:07 | INFO | services.connectors.risk3_connector | [1404/2972] CNPJ 18866111000140 -> CACHE (SUCESSO, 92d/365d)
2026-09-25 12:30:07 | INFO | services.connectors.risk3_connector | [1405/2972] CNPJ 18866111000493 -> CACHE (NAO_ENCONTRADO, 3d/30d)
2026-09-25 12:30:07 | INFO | services.connectors.risk3_connector | [1406/2972] CNPJ 18889527000184 -> CACHE (NAO_ENCONTRADO, 3d/30d)
2026-09-25 12:30:07 | INFO | services.connectors.risk3_connector | [1407/2972] CNPJ 18891055000102 -> CACHE (SUCESSO, 92d/365d)
2026-09-25 12:30:07 | INFO | services.connectors.risk3_connector | [1408/2972] CNPJ 18891185000137 -> CACHE (SUCESSO, 163d/365d)
2026-09-25 12:30:07 | INFO | services.connectors.risk3_connector | [1409/2972] CNPJ 18972990000195 -> CACHE (SUCESSO, 93d/365d)
2026-09-25 12:30:07 | INFO | services.connectors.risk3_connector | [1410/2972] CNPJ 18983409000130 -> CACHE (SUCESSO, 93d/365d)
2026-09-25 12:30:07 | INFO | services.connectors.risk3_connector | [1411/2972] CNPJ 19009381000360 -> CACHE (SUCESSO, 92d/365d)
2026-09-25 12:30:07 | INFO | services.connectors.risk3_connector | [1412/2972] CNPJ 19020939000146 -> CACHE (SUCESSO, 92d/365d)
2026-09-25 12:30:07 | INFO | services.connectors.risk3_connector | [1413/2972] CNPJ 19125927000186 -> CACHE (SUCESSO, 137d/365d)
2026-09-25 12:30:07 | INFO | services.connectors.risk3_connector | [1414/2972] CNPJ 19166180000104 -> CACHE (SUCESSO, 135d/365d)
2026-09-25 12:30:07 | INFO | services.connectors.risk3_connector | [1415/2972] CNPJ 19166180000376 -> CACHE (SUCESSO, 165d/365d)
2026-09-25 12:30:07 | INFO | services.connectors.risk3_connector | [1416/2972] CNPJ 19170243000104 -> CACHE (SUCESSO, 92d/365d)
2026-09-25 12:30:07 | INFO | services.connectors.risk3_connector | [1417/2972] CNPJ 19205227000100 -> CACHE (SUCESSO, 93d/365d)
2026-09-25 12:30:07 | INFO | services.connectors.risk3_connector | [1418/2972] CNPJ 19223945000109 -> CACHE (SUCESSO, 92d/365d)
2026-09-25 12:30:07 | INFO | services.connectors.risk3_connector | [1419/2972] CNPJ 19267297000184 -> CACHE (SUCESSO, 92d/365d)
2026-09-25 12:30:07 | INFO | services.connectors.risk3_connector | [1420/2972] CNPJ 19292864000152 -> CACHE (NAO_ENCONTRADO, 3d/30d)
2026-09-25 12:30:07 | INFO | services.connectors.risk3_connector | [1421/2972] CNPJ 19328827000742 -> CACHE (SUCESSO, 42d/365d)
2026-09-25 12:30:07 | INFO | services.connectors.risk3_connector | [1422/2972] CNPJ 19328827000823 -> CACHE (SUCESSO, 92d/365d)
2026-09-25 12:30:07 | INFO | services.connectors.risk3_connector | [1423/2972] CNPJ 19362207000215 -> CACHE (SUCESSO, 92d/365d)
2026-09-25 12:30:07 | INFO | services.connectors.risk3_connector | [1424/2972] CNPJ 19445340000154 -> CACHE (SUCESSO, 255d/365d)
2026-09-25 12:30:07 | INFO | services.connectors.risk3_connector | [1425/2972] CNPJ 19502690000105 -> CACHE (SUCESSO, 151d/365d)
2026-09-25 12:30:07 | INFO | services.connectors.risk3_connector | [1426/2972] CNPJ 19535258000110 -> CACHE (SUCESSO, 199d/365d)
2026-09-25 12:30:07 | INFO | services.connectors.risk3_connector | [1427/2972] CNPJ 19541444000162 -> CACHE (NAO_ENCONTRADO, 3d/30d)
2026-09-25 12:30:07 | INFO | services.connectors.risk3_connector | [1428/2972] CNPJ 19570655000123 -> CACHE (SUCESSO, 121d/365d)
2026-09-25 12:30:07 | INFO | services.connectors.risk3_connector | [1429/2972] CNPJ 19572597000258 -> CACHE (NAO_ENCONTRADO, 23d/30d)
2026-09-25 12:30:07 | INFO | services.connectors.risk3_connector | [1430/2972] CNPJ 19577977000102 -> CACHE (SUCESSO, 92d/365d)
2026-09-25 12:30:07 | INFO | services.connectors.risk3_connector | [1431/2972] CNPJ 19629444000119 -> CACHE (SUCESSO, 92d/365d)
2026-09-25 12:30:07 | INFO | services.connectors.risk3_connector | [1432/2972] CNPJ 19631099000158 -> CACHE (SUCESSO, 254d/365d)
2026-09-25 12:30:07 | INFO | services.connectors.risk3_connector | [1433/2972] CNPJ 19674909000153 -> CACHE (SUCESSO, 74d/365d)
2026-09-25 12:30:07 | INFO | services.connectors.risk3_connector | [1434/2972] CNPJ 19726111000108 -> CACHE (SUCESSO, 325d/365d)
2026-09-25 12:30:07 | INFO | services.connectors.risk3_connector | [1435/2972] CNPJ 19813045000103 -> CACHE (SUCESSO, 332d/365d)
2026-09-25 12:30:07 | INFO | services.connectors.risk3_connector | [1436/2972] CNPJ 19815105000127 -> CACHE (NAO_ENCONTRADO, 3d/30d)
2026-09-25 12:30:07 | INFO | services.connectors.risk3_connector | [1437/2972] CNPJ 19868024000195 -> CACHE (SUCESSO, 93d/365d)
2026-09-25 12:30:07 | INFO | services.connectors.risk3_connector | [1438/2972] CNPJ 19868855000167 -> CACHE (SUCESSO, 93d/365d)
2026-09-25 12:30:07 | INFO | services.connectors.risk3_connector | [1439/2972] CNPJ 19890579000133 -> CACHE (SUCESSO, 93d/365d)
2026-09-25 12:30:07 | INFO | services.connectors.risk3_connector | [1440/2972] CNPJ 19925848000150 -> CACHE (SUCESSO, 105d/365d)
2026-09-25 12:30:07 | INFO | services.connectors.risk3_connector | [1441/2972] CNPJ 19998958000141 -> CACHE (SUCESSO, 92d/365d)
2026-09-25 12:30:07 | INFO | services.connectors.risk3_connector | [1442/2972] CNPJ 20003699000150 -> CACHE (SUCESSO, 94d/365d)
2026-09-25 12:30:07 | INFO | services.connectors.risk3_connector | [1443/2972] CNPJ 20040441000124 -> CACHE (SUCESSO, 93d/365d)
2026-09-25 12:30:07 | INFO | services.connectors.risk3_connector | [1444/2972] CNPJ 20088535000173 -> CACHE (SUCESSO, 133d/365d)
2026-09-25 12:30:07 | INFO | services.connectors.risk3_connector | [1445/2972] CNPJ 20099268000130 -> CACHE (NAO_ENCONTRADO, 3d/30d)
2026-09-25 12:30:07 | INFO | services.connectors.risk3_connector | [1446/2972] CNPJ 20133750000149 -> CACHE (NAO_ENCONTRADO, 3d/30d)
2026-09-25 12:30:07 | INFO | services.connectors.risk3_connector | [1447/2972] CNPJ 20151362000190 -> CACHE (SUCESSO, 338d/365d)
2026-09-25 12:30:07 | INFO | services.connectors.risk3_connector | [1448/2972] CNPJ 20216840000101 -> CACHE (SUCESSO, 93d/365d)
2026-09-25 12:30:07 | INFO | services.connectors.risk3_connector | [1449/2972] CNPJ 20283842001187 -> CACHE (NAO_ENCONTRADO, 3d/30d)
2026-09-25 12:30:07 | INFO | services.connectors.risk3_connector | [1450/2972] CNPJ 20300157003912 -> CACHE (NAO_ENCONTRADO, 9d/30d)
2026-09-25 12:30:07 | INFO | services.connectors.risk3_connector | [1451/2972] CNPJ 20346524000146 -> CACHE (SUCESSO, 80d/365d)
2026-09-25 12:30:07 | INFO | services.connectors.risk3_connector | [1452/2972] CNPJ 20346524000570 -> CACHE (SUCESSO, 92d/365d)
2026-09-25 12:30:07 | INFO | services.connectors.risk3_connector | [1453/2972] CNPJ 20393479000180 -> CACHE (NAO_ENCONTRADO, 3d/30d)
2026-09-25 12:30:07 | INFO | services.connectors.risk3_connector | [1454/2972] CNPJ 20432216000133 -> CACHE (NAO_ENCONTRADO, 3d/30d)
2026-09-25 12:30:07 | INFO | services.connectors.risk3_connector | [1455/2972] CNPJ 20494564000216 -> CACHE (SUCESSO, 92d/365d)
2026-09-25 12:30:07 | INFO | services.connectors.risk3_connector | [1456/2972] CNPJ 20500092000186 -> CACHE (SUCESSO, 93d/365d)
2026-09-25 12:30:07 | INFO | services.connectors.risk3_connector | [1457/2972] CNPJ 20557422000170 -> CACHE (SUCESSO, 182d/365d)
2026-09-25 12:30:07 | INFO | services.connectors.risk3_connector | [1458/2972] CNPJ 20591154000102 -> CACHE (SUCESSO, 115d/365d)
2026-09-25 12:30:07 | INFO | services.connectors.risk3_connector | [1459/2972] CNPJ 20593206000180 -> CACHE (SUCESSO, 291d/365d)
2026-09-25 12:30:07 | INFO | services.connectors.risk3_connector | [1460/2972] CNPJ 20641255000140 -> CACHE (SUCESSO, 254d/365d)
2026-09-25 12:30:07 | INFO | services.connectors.risk3_connector | [1461/2972] CNPJ 20686723000101 -> CACHE (NAO_ENCONTRADO, 3d/30d)
2026-09-25 12:30:07 | INFO | services.connectors.risk3_connector | [1462/2972] CNPJ 20726794000182 -> CACHE (NAO_ENCONTRADO, 9d/30d)
2026-09-25 12:30:07 | INFO | services.connectors.risk3_connector | [1463/2972] CNPJ 20791886000146 -> CACHE (SUCESSO, 92d/365d)
2026-09-25 12:30:07 | INFO | services.connectors.risk3_connector | [1464/2972] CNPJ 20835381000136 -> CACHE (SUCESSO, 93d/365d)
2026-09-25 12:30:07 | INFO | services.connectors.risk3_connector | [1465/2972] CNPJ 20844980000116 -> CACHE (SUCESSO, 93d/365d)
2026-09-25 12:30:07 | INFO | services.connectors.risk3_connector | [1466/2972] CNPJ 20862635000105 -> CACHE (NAO_ENCONTRADO, 3d/30d)
2026-09-25 12:30:07 | INFO | services.connectors.risk3_connector | [1467/2972] CNPJ 20978264000121 -> CACHE (NAO_ENCONTRADO, 9d/30d)
2026-09-25 12:30:07 | INFO | services.connectors.risk3_connector | [1468/2972] CNPJ 21034389000166 -> CACHE (SUCESSO, 179d/365d)
2026-09-25 12:30:07 | INFO | services.connectors.risk3_connector | [1469/2972] CNPJ 21069040000160 -> CACHE (SUCESSO, 92d/365d)
2026-09-25 12:30:07 | INFO | services.connectors.risk3_connector | [1470/2972] CNPJ 21072669000169 -> CACHE (NAO_ENCONTRADO, 3d/30d)
2026-09-25 12:30:07 | INFO | services.connectors.risk3_connector | [1471/2972] CNPJ 21093385000159 -> CACHE (SUCESSO, 92d/365d)
2026-09-25 12:30:07 | INFO | services.connectors.risk3_connector | [1472/2972] CNPJ 21103316000189 -> CACHE (SUCESSO, 183d/365d)
2026-09-25 12:30:07 | INFO | services.connectors.risk3_connector | [1473/2972] CNPJ 21109697000103 -> CACHE (SUCESSO, 268d/365d)
2026-09-25 12:30:07 | INFO | services.connectors.risk3_connector | [1474/2972] CNPJ 21160480000128 -> CACHE (SUCESSO, 92d/365d)
2026-09-25 12:30:07 | INFO | services.connectors.risk3_connector | [1475/2972] CNPJ 21169348000349 -> CACHE (SUCESSO, 93d/365d)
2026-09-25 12:30:07 | INFO | services.connectors.risk3_connector | [1476/2972] CNPJ 21180182000108 -> CACHE (SUCESSO, 93d/365d)
2026-09-25 12:30:07 | INFO | services.connectors.risk3_connector | [1477/2972] CNPJ 21213298000198 -> CACHE (SUCESSO, 92d/365d)
2026-09-25 12:30:07 | INFO | services.connectors.risk3_connector | [1478/2972] CNPJ 21216439000126 -> CACHE (NAO_ENCONTRADO, 3d/30d)
2026-09-25 12:30:07 | INFO | services.connectors.risk3_connector | [1479/2972] CNPJ 21216857000113 -> CACHE (NAO_ENCONTRADO, 3d/30d)
2026-09-25 12:30:07 | INFO | services.connectors.risk3_connector | [1480/2972] CNPJ 21216877000194 -> CACHE (NAO_ENCONTRADO, 3d/30d)
2026-09-25 12:30:07 | INFO | services.connectors.risk3_connector | [1481/2972] CNPJ 21216892000132 -> CACHE (NAO_ENCONTRADO, 3d/30d)
2026-09-25 12:30:07 | INFO | services.connectors.risk3_connector | [1482/2972] CNPJ 21216915000109 -> CACHE (NAO_ENCONTRADO, 3d/30d)
2026-09-25 12:30:07 | INFO | services.connectors.risk3_connector | [1483/2972] CNPJ 21216925000144 -> CACHE (NAO_ENCONTRADO, 3d/30d)
2026-09-25 12:30:07 | INFO | services.connectors.risk3_connector | [1484/2972] CNPJ 21228540000105 -> CACHE (SUCESSO, 142d/365d)
2026-09-25 12:30:07 | INFO | services.connectors.risk3_connector | [1485/2972] CNPJ 21256386000177 -> CACHE (NAO_ENCONTRADO, 9d/30d)
2026-09-25 12:30:07 | INFO | services.connectors.risk3_connector | [1486/2972] CNPJ 21316271000120 -> CACHE (SUCESSO, 347d/365d)
2026-09-25 12:30:07 | INFO | services.connectors.risk3_connector | [1487/2972] CNPJ 21316324000103 -> CACHE (NAO_ENCONTRADO, 3d/30d)
2026-09-25 12:30:07 | INFO | services.connectors.risk3_connector | [1488/2972] CNPJ 21366458000139 -> CACHE (SUCESSO, 204d/365d)
2026-09-25 12:30:07 | INFO | services.connectors.risk3_connector | [1489/2972] CNPJ 21398314000164 -> CACHE (SUCESSO, 92d/365d)
2026-09-25 12:30:07 | INFO | services.connectors.risk3_connector | [1490/2972] CNPJ 21399573000100 -> CACHE (SUCESSO, 74d/365d)
2026-09-25 12:30:07 | INFO | services.connectors.risk3_connector | [1491/2972] CNPJ 21411283000134 -> CACHE (SUCESSO, 92d/365d)
2026-09-25 12:30:07 | INFO | services.connectors.risk3_connector | [1492/2972] CNPJ 21467516000110 -> CACHE (SUCESSO, 242d/365d)
2026-09-25 12:30:07 | INFO | services.connectors.risk3_connector | [1493/2972] CNPJ 21484454000155 -> CACHE (SUCESSO, 94d/365d)
2026-09-25 12:30:07 | INFO | services.connectors.risk3_connector | [1494/2972] CNPJ 21572069000160 -> CACHE (SUCESSO, 93d/365d)
2026-09-25 12:30:07 | INFO | services.connectors.risk3_connector | [1495/2972] CNPJ 21612448000136 -> CACHE (SUCESSO, 254d/365d)
2026-09-25 12:30:07 | INFO | services.connectors.risk3_connector | [1496/2972] CNPJ 21642355000154 -> CACHE (NAO_ENCONTRADO, 9d/30d)
2026-09-25 12:30:07 | INFO | services.connectors.risk3_connector | [1497/2972] CNPJ 21812954000179 -> CACHE (SUCESSO, 31d/365d)
2026-09-25 12:30:07 | INFO | services.connectors.risk3_connector | [1498/2972] CNPJ 21819182000105 -> CACHE (SUCESSO, 151d/365d)
2026-09-25 12:30:07 | INFO | services.connectors.risk3_connector | [1499/2972] CNPJ 21842878000225 -> CACHE (SUCESSO, 93d/365d)
2026-09-25 12:30:07 | INFO | services.connectors.risk3_connector | [1500/2972] CNPJ 21844612000130 -> CACHE (SUCESSO, 38d/365d)
2026-09-25 12:30:07 | INFO | services.connectors.risk3_connector | [1501/2972] CNPJ 21857228000172 -> CACHE (SUCESSO, 92d/365d)
2026-09-25 12:30:07 | INFO | services.connectors.risk3_connector | [1502/2972] CNPJ 21908856000130 -> CACHE (SUCESSO, 155d/365d)
2026-09-25 12:30:07 | INFO | services.connectors.risk3_connector | [1503/2972] CNPJ 21908918000103 -> CACHE (SUCESSO, 162d/365d)
2026-09-25 12:30:07 | INFO | services.connectors.risk3_connector | [1504/2972] CNPJ 21998635000108 -> CACHE (SUCESSO, 44d/365d)
2026-09-25 12:30:07 | INFO | services.connectors.risk3_connector | [1505/2972] CNPJ 22084882000153 -> CACHE (SUCESSO, 130d/365d)
2026-09-25 12:30:07 | INFO | services.connectors.risk3_connector | [1506/2972] CNPJ 22109465000118 -> CACHE (SUCESSO, 88d/365d)
2026-09-25 12:30:07 | INFO | services.connectors.risk3_connector | [1507/2972] CNPJ 22116625000156 -> CACHE (NAO_ENCONTRADO, 3d/30d)
2026-09-25 12:30:07 | INFO | services.connectors.risk3_connector | [1508/2972] CNPJ 22153641000119 -> CACHE (NAO_ENCONTRADO, 9d/30d)
2026-09-25 12:30:07 | INFO | services.connectors.risk3_connector | [1509/2972] CNPJ 22170908000186 -> CACHE (SUCESSO, 93d/365d)
2026-09-25 12:30:07 | INFO | services.connectors.risk3_connector | [1510/2972] CNPJ 22303462000110 -> CACHE (SUCESSO, 11d/365d)
2026-09-25 12:30:07 | INFO | services.connectors.risk3_connector | [1511/2972] CNPJ 22303462000544 -> CACHE (SUCESSO, 297d/365d)
2026-09-25 12:30:07 | INFO | services.connectors.risk3_connector | [1512/2972] CNPJ 22350122000140 -> CACHE (SUCESSO, 92d/365d)
2026-09-25 12:30:07 | INFO | services.connectors.risk3_connector | [1513/2972] CNPJ 22356415000135 -> CACHE (NAO_ENCONTRADO, 3d/30d)
2026-09-25 12:30:07 | INFO | services.connectors.risk3_connector | [1514/2972] CNPJ 22376681000120 -> CACHE (SUCESSO, 156d/365d)
2026-09-25 12:30:07 | INFO | services.connectors.risk3_connector | [1515/2972] CNPJ 22395724000114 -> CACHE (SUCESSO, 92d/365d)
2026-09-25 12:30:07 | INFO | services.connectors.risk3_connector | [1516/2972] CNPJ 22492169000149 -> CACHE (NAO_ENCONTRADO, 3d/30d)
2026-09-25 12:30:07 | INFO | services.connectors.risk3_connector | [1517/2972] CNPJ 22553164000189 -> CACHE (SUCESSO, 92d/365d)
2026-09-25 12:30:07 | INFO | services.connectors.risk3_connector | [1518/2972] CNPJ 22555275000124 -> CACHE (SUCESSO, 22d/365d)
2026-09-25 12:30:07 | INFO | services.connectors.risk3_connector | [1519/2972] CNPJ 22555275000205 -> CACHE (SUCESSO, 22d/365d)
2026-09-25 12:30:07 | INFO | services.connectors.risk3_connector | [1520/2972] CNPJ 22664469000168 -> CACHE (SUCESSO, 24d/365d)
2026-09-25 12:30:07 | INFO | services.connectors.risk3_connector | [1521/2972] CNPJ 22690869000148 -> CACHE (SUCESSO, 204d/365d)
2026-09-25 12:30:07 | INFO | services.connectors.risk3_connector | [1522/2972] CNPJ 22753966000132 -> CACHE (SUCESSO, 155d/365d)
2026-09-25 12:30:07 | INFO | services.connectors.risk3_connector | [1523/2972] CNPJ 22819418000168 -> CACHE (SUCESSO, 93d/365d)
2026-09-25 12:30:07 | INFO | services.connectors.risk3_connector | [1524/2972] CNPJ 22976970000160 -> CACHE (SUCESSO, 57d/365d)
2026-09-25 12:30:07 | INFO | services.connectors.risk3_connector | [1525/2972] CNPJ 22996480000125 -> CACHE (SUCESSO, 92d/365d)
2026-09-25 12:30:07 | INFO | services.connectors.risk3_connector | [1526/2972] CNPJ 23026776000186 -> CACHE (SUCESSO, 143d/365d)
2026-09-25 12:30:07 | INFO | services.connectors.risk3_connector | [1527/2972] CNPJ 23063277000169 -> CACHE (SUCESSO, 92d/365d)
2026-09-25 12:30:07 | INFO | services.connectors.risk3_connector | [1528/2972] CNPJ 23096269000119 -> CACHE (SUCESSO, 164d/365d)
2026-09-25 12:30:07 | INFO | services.connectors.risk3_connector | [1529/2972] CNPJ 23212165000122 -> CACHE (SUCESSO, 66d/365d)
2026-09-25 12:30:07 | INFO | services.connectors.risk3_connector | [1530/2972] CNPJ 23253637000195 -> CACHE (SUCESSO, 92d/365d)
2026-09-25 12:30:07 | INFO | services.connectors.risk3_connector | [1531/2972] CNPJ 23412242000198 -> CACHE (SUCESSO, 144d/365d)
2026-09-25 12:30:07 | INFO | services.connectors.risk3_connector | [1532/2972] CNPJ 23422037000103 -> CACHE (NAO_ENCONTRADO, 9d/30d)
2026-09-25 12:30:07 | INFO | services.connectors.risk3_connector | [1533/2972] CNPJ 23437255000111 -> CACHE (SUCESSO, 93d/365d)
2026-09-25 12:30:07 | INFO | services.connectors.risk3_connector | [1534/2972] CNPJ 23455342000100 -> CACHE (SUCESSO, 92d/365d)
2026-09-25 12:30:07 | INFO | services.connectors.risk3_connector | [1535/2972] CNPJ 23459749000105 -> CACHE (NAO_ENCONTRADO, 3d/30d)
2026-09-25 12:30:07 | INFO | services.connectors.risk3_connector | [1536/2972] CNPJ 23637697000101 -> CACHE (SUCESSO, 171d/365d)
2026-09-25 12:30:07 | INFO | services.connectors.risk3_connector | [1537/2972] CNPJ 23651885000194 -> CACHE (NAO_ENCONTRADO, 3d/30d)
2026-09-25 12:30:07 | INFO | services.connectors.risk3_connector | [1538/2972] CNPJ 23704333000288 -> CACHE (SUCESSO, 92d/365d)
2026-09-25 12:30:07 | INFO | services.connectors.risk3_connector | [1539/2972] CNPJ 23798846000114 -> CACHE (NAO_ENCONTRADO, 9d/30d)
2026-09-25 12:30:07 | INFO | services.connectors.risk3_connector | [1540/2972] CNPJ 23869251000102 -> CACHE (SUCESSO, 93d/365d)
2026-09-25 12:30:07 | INFO | services.connectors.risk3_connector | [1541/2972] CNPJ 23876304000112 -> CACHE (SUCESSO, 301d/365d)
2026-09-25 12:30:07 | INFO | services.connectors.risk3_connector | [1542/2972] CNPJ 23890953000178 -> CACHE (SUCESSO, 93d/365d)
2026-09-25 12:30:07 | INFO | services.connectors.risk3_connector | [1543/2972] CNPJ 23892355000138 -> CACHE (SUCESSO, 92d/365d)
2026-09-25 12:30:07 | INFO | services.connectors.risk3_connector | [1544/2972] CNPJ 24011952000179 -> CACHE (SUCESSO, 88d/365d)
2026-09-25 12:30:07 | INFO | services.connectors.risk3_connector | [1545/2972] CNPJ 24028908000171 -> CACHE (NAO_ENCONTRADO, 3d/30d)
2026-09-25 12:30:07 | INFO | services.connectors.risk3_connector | [1546/2972] CNPJ 24058142000178 -> CACHE (SUCESSO, 150d/365d)
2026-09-25 12:30:07 | INFO | services.connectors.risk3_connector | [1547/2972] CNPJ 24168115000158 -> CACHE (SUCESSO, 249d/365d)
2026-09-25 12:30:07 | INFO | services.connectors.risk3_connector | [1548/2972] CNPJ 24222394000190 -> CACHE (SUCESSO, 119d/365d)
2026-09-25 12:30:07 | INFO | services.connectors.risk3_connector | [1549/2972] CNPJ 24325696000194 -> CACHE (SUCESSO, 92d/365d)
2026-09-25 12:30:07 | INFO | services.connectors.risk3_connector | [1550/2972] CNPJ 24332457000161 -> CACHE (SUCESSO, 93d/365d)
2026-09-25 12:30:07 | INFO | services.connectors.risk3_connector | [1551/2972] CNPJ 24337192000194 -> CACHE (NAO_ENCONTRADO, 9d/30d)
2026-09-25 12:30:07 | INFO | services.connectors.risk3_connector | [1552/2972] CNPJ 24396489000120 -> CACHE (NAO_ENCONTRADO, 9d/30d)
2026-09-25 12:30:07 | INFO | services.connectors.risk3_connector | [1553/2972] CNPJ 24443608001040 -> CACHE (NAO_ENCONTRADO, 3d/30d)
2026-09-25 12:30:07 | INFO | services.connectors.risk3_connector | [1554/2972] CNPJ 24479976000157 -> CACHE (SUCESSO, 144d/365d)
2026-09-25 12:30:07 | INFO | services.connectors.risk3_connector | [1555/2972] CNPJ 24510849000173 -> CACHE (SUCESSO, 52d/365d)
2026-09-25 12:30:07 | INFO | services.connectors.risk3_connector | [1556/2972] CNPJ 24550050000100 -> CACHE (SUCESSO, 150d/365d)
2026-09-25 12:30:07 | INFO | services.connectors.risk3_connector | [1557/2972] CNPJ 24632868000172 -> CACHE (SUCESSO, 182d/365d)
2026-09-25 12:30:07 | INFO | services.connectors.risk3_connector | [1558/2972] CNPJ 24684129000124 -> CACHE (SUCESSO, 172d/365d)
2026-09-25 12:30:07 | INFO | services.connectors.risk3_connector | [1559/2972] CNPJ 24743678000122 -> CACHE (NAO_ENCONTRADO, 9d/30d)
2026-09-25 12:30:07 | INFO | services.connectors.risk3_connector | [1560/2972] CNPJ 24771203000140 -> CACHE (SUCESSO, 255d/365d)
2026-09-25 12:30:07 | INFO | services.connectors.risk3_connector | [1561/2972] CNPJ 24797759000105 -> CACHE (SUCESSO, 127d/365d)
2026-09-25 12:30:07 | INFO | services.connectors.risk3_connector | [1562/2972] CNPJ 24884808000147 -> CACHE (NAO_ENCONTRADO, 3d/30d)
2026-09-25 12:30:07 | INFO | services.connectors.risk3_connector | [1563/2972] CNPJ 24893687001171 -> CACHE (NAO_ENCONTRADO, 3d/30d)
2026-09-25 12:30:07 | INFO | services.connectors.risk3_connector | [1564/2972] CNPJ 24990777000109 -> CACHE (SUCESSO, 235d/365d)
2026-09-25 12:30:07 | INFO | services.connectors.risk3_connector | [1565/2972] CNPJ 24991149000148 -> CACHE (NAO_ENCONTRADO, 3d/30d)
2026-09-25 12:30:07 | INFO | services.connectors.risk3_connector | [1566/2972] CNPJ 25018972000134 -> CACHE (NAO_ENCONTRADO, 3d/30d)
2026-09-25 12:30:07 | INFO | services.connectors.risk3_connector | [1567/2972] CNPJ 25043386000140 -> CACHE (NAO_ENCONTRADO, 3d/30d)
2026-09-25 12:30:07 | INFO | services.connectors.risk3_connector | [1568/2972] CNPJ 25079719000190 -> CACHE (SUCESSO, 107d/365d)
2026-09-25 12:30:07 | INFO | services.connectors.risk3_connector | [1569/2972] CNPJ 25086034000171 -> CACHE (NAO_ENCONTRADO, 23d/30d)
2026-09-25 12:30:07 | INFO | services.connectors.risk3_connector | [1570/2972] CNPJ 25099255000184 -> CACHE (SUCESSO, 102d/365d)
2026-09-25 12:30:07 | INFO | services.connectors.risk3_connector | [1571/2972] CNPJ 25201024000130 -> CACHE (NAO_ENCONTRADO, 9d/30d)
2026-09-25 12:30:07 | INFO | services.connectors.risk3_connector | [1572/2972] CNPJ 25318541000193 -> CACHE (NAO_ENCONTRADO, 9d/30d)
2026-09-25 12:30:07 | INFO | services.connectors.risk3_connector | [1573/2972] CNPJ 25319200000132 -> CACHE (NAO_ENCONTRADO, 9d/30d)
2026-09-25 12:30:07 | INFO | services.connectors.risk3_connector | [1574/2972] CNPJ 25369840000157 -> CACHE (SUCESSO, 98d/365d)
2026-09-25 12:30:07 | INFO | services.connectors.risk3_connector | [1575/2972] CNPJ 25376211000154 -> CACHE (SUCESSO, 93d/365d)
2026-09-25 12:30:07 | INFO | services.connectors.risk3_connector | [1576/2972] CNPJ 25401457000139 -> CACHE (SUCESSO, 198d/365d)
2026-09-25 12:30:07 | INFO | services.connectors.risk3_connector | [1577/2972] CNPJ 25466251000197 -> CACHE (NAO_ENCONTRADO, 9d/30d)
2026-09-25 12:30:07 | INFO | services.connectors.risk3_connector | [1578/2972] CNPJ 25721960000171 -> CACHE (NAO_ENCONTRADO, 3d/30d)
2026-09-25 12:30:07 | INFO | services.connectors.risk3_connector | [1579/2972] CNPJ 25926205000123 -> CACHE (NAO_ENCONTRADO, 3d/30d)
2026-09-25 12:30:07 | INFO | services.connectors.risk3_connector | [1580/2972] CNPJ 25982817000133 -> CACHE (SUCESSO, 92d/365d)
2026-09-25 12:30:07 | INFO | services.connectors.risk3_connector | [1581/2972] CNPJ 26039535000160 -> CACHE (NAO_ENCONTRADO, 3d/30d)
2026-09-25 12:30:07 | INFO | services.connectors.risk3_connector | [1582/2972] CNPJ 26051817000182 -> CACHE (NAO_ENCONTRADO, 9d/30d)
2026-09-25 12:30:07 | INFO | services.connectors.risk3_connector | [1583/2972] CNPJ 26060377000120 -> CACHE (SUCESSO, 255d/365d)
2026-09-25 12:30:07 | INFO | services.connectors.risk3_connector | [1584/2972] CNPJ 26073629000155 -> CACHE (NAO_ENCONTRADO, 3d/30d)
2026-09-25 12:30:07 | INFO | services.connectors.risk3_connector | [1585/2972] CNPJ 26105453000176 -> CACHE (SUCESSO, 93d/365d)
2026-09-25 12:30:07 | INFO | services.connectors.risk3_connector | [1586/2972] CNPJ 26118525000110 -> CACHE (NAO_ENCONTRADO, 3d/30d)
2026-09-25 12:30:07 | INFO | services.connectors.risk3_connector | [1587/2972] CNPJ 26177397000185 -> CACHE (SUCESSO, 107d/365d)
2026-09-25 12:30:07 | INFO | services.connectors.risk3_connector | [1588/2972] CNPJ 26215280000149 -> CACHE (SUCESSO, 109d/365d)
2026-09-25 12:30:07 | INFO | services.connectors.risk3_connector | [1589/2972] CNPJ 26222245000157 -> CACHE (SUCESSO, 92d/365d)
2026-09-25 12:30:07 | INFO | services.connectors.risk3_connector | [1590/2972] CNPJ 26437612000130 -> CACHE (SUCESSO, 29d/365d)
2026-09-25 12:30:07 | INFO | services.connectors.risk3_connector | [1591/2972] CNPJ 26474919000100 -> CACHE (NAO_ENCONTRADO, 9d/30d)
2026-09-25 12:30:07 | INFO | services.connectors.risk3_connector | [1592/2972] CNPJ 26537119000191 -> CACHE (NAO_ENCONTRADO, 9d/30d)
2026-09-25 12:30:07 | INFO | services.connectors.risk3_connector | [1593/2972] CNPJ 26562346000177 -> CACHE (SUCESSO, 53d/365d)
2026-09-25 12:30:07 | INFO | services.connectors.risk3_connector | [1594/2972] CNPJ 26589893000146 -> CACHE (SUCESSO, 162d/365d)
2026-09-25 12:30:07 | INFO | services.connectors.risk3_connector | [1595/2972] CNPJ 26608960000122 -> CACHE (SUCESSO, 249d/365d)
2026-09-25 12:30:07 | INFO | services.connectors.risk3_connector | [1596/2972] CNPJ 26628428000177 -> CACHE (SUCESSO, 360d/365d)
2026-09-25 12:30:07 | INFO | services.connectors.risk3_connector | [1597/2972] CNPJ 26633906000137 -> CACHE (NAO_ENCONTRADO, 3d/30d)
2026-09-25 12:30:07 | INFO | services.connectors.risk3_connector | [1598/2972] CNPJ 26678845000124 -> CACHE (NAO_ENCONTRADO, 3d/30d)
2026-09-25 12:30:07 | INFO | services.connectors.risk3_connector | [1599/2972] CNPJ 26689080000128 -> CACHE (SUCESSO, 24d/365d)
2026-09-25 12:30:07 | INFO | services.connectors.risk3_connector | [1600/2972] CNPJ 26711428000136 -> CACHE (SUCESSO, 164d/365d)
2026-09-25 12:30:07 | INFO | services.connectors.risk3_connector | [1601/2972] CNPJ 26748019000104 -> CACHE (NAO_ENCONTRADO, 3d/30d)
2026-09-25 12:30:07 | INFO | services.connectors.risk3_connector | [1602/2972] CNPJ 26769130000187 -> CACHE (SUCESSO, 339d/365d)
2026-09-25 12:30:07 | INFO | services.connectors.risk3_connector | [1603/2972] CNPJ 26813109000131 -> CACHE (NAO_ENCONTRADO, 3d/30d)
2026-09-25 12:30:07 | INFO | services.connectors.risk3_connector | [1604/2972] CNPJ 26878725000170 -> CACHE (SUCESSO, 93d/365d)
2026-09-25 12:30:07 | INFO | services.connectors.risk3_connector | [1605/2972] CNPJ 26914969000161 -> CACHE (SUCESSO, 102d/365d)
2026-09-25 12:30:07 | INFO | services.connectors.risk3_connector | [1606/2972] CNPJ 26940979000171 -> CACHE (NAO_ENCONTRADO, 23d/30d)
2026-09-25 12:30:07 | INFO | services.connectors.risk3_connector | [1607/2972] CNPJ 26986376000100 -> CACHE (SUCESSO, 142d/365d)
2026-09-25 12:30:07 | INFO | services.connectors.risk3_connector | [1608/2972] CNPJ 26994986000156 -> CACHE (NAO_ENCONTRADO, 3d/30d)
2026-09-25 12:30:07 | INFO | services.connectors.risk3_connector | [1609/2972] CNPJ 27001247000189 -> CACHE (SUCESSO, 93d/365d)
2026-09-25 12:30:07 | INFO | services.connectors.risk3_connector | [1610/2972] CNPJ 27075910000190 -> CACHE (SUCESSO, 255d/365d)
2026-09-25 12:30:07 | INFO | services.connectors.risk3_connector | [1611/2972] CNPJ 27133259000167 -> CACHE (SUCESSO, 93d/365d)
2026-09-25 12:30:07 | INFO | services.connectors.risk3_connector | [1612/2972] CNPJ 27184790000169 -> CACHE (SUCESSO, 140d/365d)
2026-09-25 12:30:07 | INFO | services.connectors.risk3_connector | [1613/2972] CNPJ 27208273000182 -> CACHE (SUCESSO, 93d/365d)
2026-09-25 12:30:07 | INFO | services.connectors.risk3_connector | [1614/2972] CNPJ 27352303000120 -> CACHE (NAO_ENCONTRADO, 9d/30d)
2026-09-25 12:30:07 | INFO | services.connectors.risk3_connector | [1615/2972] CNPJ 27352303000200 -> CACHE (SUCESSO, 140d/365d)
2026-09-25 12:30:07 | INFO | services.connectors.risk3_connector | [1616/2972] CNPJ 27483435000190 -> CACHE (SUCESSO, 148d/365d)
2026-09-25 12:30:07 | INFO | services.connectors.risk3_connector | [1617/2972] CNPJ 27485069000109 -> CACHE (NAO_ENCONTRADO, 23d/30d)
2026-09-25 12:30:07 | INFO | services.connectors.risk3_connector | [1618/2972] CNPJ 27515154002035 -> CACHE (NAO_ENCONTRADO, 9d/30d)
2026-09-25 12:30:07 | INFO | services.connectors.risk3_connector | [1619/2972] CNPJ 27657485000147 -> CACHE (SUCESSO, 155d/365d)
2026-09-25 12:30:07 | INFO | services.connectors.risk3_connector | [1620/2972] CNPJ 27690671000188 -> CACHE (NAO_ENCONTRADO, 9d/30d)
2026-09-25 12:30:07 | INFO | services.connectors.risk3_connector | [1621/2972] CNPJ 27770822000108 -> CACHE (SUCESSO, 51d/365d)
2026-09-25 12:30:07 | INFO | services.connectors.risk3_connector | [1622/2972] CNPJ 27796415000170 -> CACHE (SUCESSO, 228d/365d)
2026-09-25 12:30:07 | INFO | services.connectors.risk3_connector | [1623/2972] CNPJ 27796415000250 -> CACHE (SUCESSO, 92d/365d)
2026-09-25 12:30:07 | INFO | services.connectors.risk3_connector | [1624/2972] CNPJ 27836329000143 -> CACHE (SUCESSO, 44d/365d)
2026-09-25 12:30:07 | INFO | services.connectors.risk3_connector | [1625/2972] CNPJ 27945263000120 -> CACHE (SUCESSO, 338d/365d)
2026-09-25 12:30:07 | INFO | services.connectors.risk3_connector | [1626/2972] CNPJ 28021619000100 -> CACHE (NAO_ENCONTRADO, 3d/30d)
2026-09-25 12:30:07 | INFO | services.connectors.risk3_connector | [1627/2972] CNPJ 28045354000252 -> CACHE (SUCESSO, 92d/365d)
2026-09-25 12:30:07 | INFO | services.connectors.risk3_connector | [1628/2972] CNPJ 28060882000108 -> CACHE (SUCESSO, 162d/365d)
2026-09-25 12:30:07 | INFO | services.connectors.risk3_connector | [1629/2972] CNPJ 28120534000170 -> CACHE (NAO_ENCONTRADO, 9d/30d)
2026-09-25 12:30:07 | INFO | services.connectors.risk3_connector | [1630/2972] CNPJ 28127926000242 -> CACHE (NAO_ENCONTRADO, 9d/30d)
2026-09-25 12:30:07 | INFO | services.connectors.risk3_connector | [1631/2972] CNPJ 28133664000148 -> CACHE (SUCESSO, 72d/365d)
2026-09-25 12:30:07 | INFO | services.connectors.risk3_connector | [1632/2972] CNPJ 28240693000109 -> CACHE (SUCESSO, 212d/365d)
2026-09-25 12:30:07 | INFO | services.connectors.risk3_connector | [1633/2972] CNPJ 28315930000153 -> CACHE (NAO_ENCONTRADO, 3d/30d)
2026-09-25 12:30:07 | INFO | services.connectors.risk3_connector | [1634/2972] CNPJ 28327394000106 -> CACHE (SUCESSO, 93d/365d)
2026-09-25 12:30:07 | INFO | services.connectors.risk3_connector | [1635/2972] CNPJ 28397998000129 -> CACHE (SUCESSO, 130d/365d)
2026-09-25 12:30:07 | INFO | services.connectors.risk3_connector | [1636/2972] CNPJ 28423185000166 -> CACHE (NAO_ENCONTRADO, 9d/30d)
2026-09-25 12:30:07 | INFO | services.connectors.risk3_connector | [1637/2972] CNPJ 28461930000161 -> CACHE (SUCESSO, 92d/365d)
2026-09-25 12:30:07 | INFO | services.connectors.risk3_connector | [1638/2972] CNPJ 28525891000208 -> CACHE (SUCESSO, 92d/365d)
2026-09-25 12:30:07 | INFO | services.connectors.risk3_connector | [1639/2972] CNPJ 28543070000105 -> CACHE (NAO_ENCONTRADO, 3d/30d)
2026-09-25 12:30:07 | INFO | services.connectors.risk3_connector | [1640/2972] CNPJ 28547761000187 -> CACHE (SUCESSO, 115d/365d)
2026-09-25 12:30:07 | INFO | services.connectors.risk3_connector | [1641/2972] CNPJ 28583371000162 -> CACHE (SUCESSO, 92d/365d)
2026-09-25 12:30:07 | INFO | services.connectors.risk3_connector | [1642/2972] CNPJ 28601551000120 -> CACHE (SUCESSO, 92d/365d)
2026-09-25 12:30:07 | INFO | services.connectors.risk3_connector | [1643/2972] CNPJ 28602407000108 -> CACHE (SUCESSO, 92d/365d)
2026-09-25 12:30:07 | INFO | services.connectors.risk3_connector | [1644/2972] CNPJ 28640358000106 -> CACHE (NAO_ENCONTRADO, 9d/30d)
2026-09-25 12:30:07 | INFO | services.connectors.risk3_connector | [1645/2972] CNPJ 28672996000605 -> CACHE (SUCESSO, 93d/365d)
2026-09-25 12:30:07 | INFO | services.connectors.risk3_connector | [1646/2972] CNPJ 28691601000107 -> CACHE (SUCESSO, 92d/365d)
2026-09-25 12:30:07 | INFO | services.connectors.risk3_connector | [1647/2972] CNPJ 28758086000135 -> CACHE (SUCESSO, 144d/365d)
2026-09-25 12:30:07 | INFO | services.connectors.risk3_connector | [1648/2972] CNPJ 28803705000166 -> CACHE (NAO_ENCONTRADO, 9d/30d)
2026-09-25 12:30:07 | INFO | services.connectors.risk3_connector | [1649/2972] CNPJ 28829543000135 -> CACHE (SUCESSO, 331d/365d)
2026-09-25 12:30:07 | INFO | services.connectors.risk3_connector | [1650/2972] CNPJ 28835723000120 -> CACHE (SUCESSO, 93d/365d)
2026-09-25 12:30:07 | INFO | services.connectors.risk3_connector | [1651/2972] CNPJ 28946365000122 -> CACHE (NAO_ENCONTRADO, 3d/30d)
2026-09-25 12:30:07 | INFO | services.connectors.risk3_connector | [1652/2972] CNPJ 28946365000203 -> CACHE (SUCESSO, 92d/365d)
2026-09-25 12:30:07 | INFO | services.connectors.risk3_connector | [1653/2972] CNPJ 28969492000147 -> CACHE (SUCESSO, 49d/365d)
2026-09-25 12:30:07 | INFO | services.connectors.risk3_connector | [1654/2972] CNPJ 29000095000125 -> CACHE (NAO_ENCONTRADO, 9d/30d)
2026-09-25 12:30:07 | INFO | services.connectors.risk3_connector | [1655/2972] CNPJ 29067113000196 -> CACHE (SUCESSO, 25d/365d)
2026-09-25 12:30:07 | INFO | services.connectors.risk3_connector | [1656/2972] CNPJ 29142202000150 -> CACHE (SUCESSO, 168d/365d)
2026-09-25 12:30:07 | INFO | services.connectors.risk3_connector | [1657/2972] CNPJ 29170776000131 -> CACHE (SUCESSO, 123d/365d)
2026-09-25 12:30:07 | INFO | services.connectors.risk3_connector | [1658/2972] CNPJ 29198324000168 -> CACHE (SUCESSO, 130d/365d)
2026-09-25 12:30:07 | INFO | services.connectors.risk3_connector | [1659/2972] CNPJ 29224131000134 -> CACHE (SUCESSO, 242d/365d)
2026-09-25 12:30:07 | INFO | services.connectors.risk3_connector | [1660/2972] CNPJ 29244465000170 -> CACHE (SUCESSO, 344d/365d)
2026-09-25 12:30:07 | INFO | services.connectors.risk3_connector | [1661/2972] CNPJ 29270235000185 -> CACHE (SUCESSO, 140d/365d)
2026-09-25 12:30:07 | INFO | services.connectors.risk3_connector | [1662/2972] CNPJ 29294271000260 -> CACHE (NAO_ENCONTRADO, 3d/30d)
2026-09-25 12:30:07 | INFO | services.connectors.risk3_connector | [1663/2972] CNPJ 29302334000100 -> CACHE (NAO_ENCONTRADO, 3d/30d)
2026-09-25 12:30:07 | INFO | services.connectors.risk3_connector | [1664/2972] CNPJ 29302334000282 -> CACHE (SUCESSO, 92d/365d)
2026-09-25 12:30:07 | INFO | services.connectors.risk3_connector | [1665/2972] CNPJ 29302357000106 -> CACHE (NAO_ENCONTRADO, 3d/30d)
2026-09-25 12:30:07 | INFO | services.connectors.risk3_connector | [1666/2972] CNPJ 29302357000297 -> CACHE (SUCESSO, 92d/365d)
2026-09-25 12:30:07 | INFO | services.connectors.risk3_connector | [1667/2972] CNPJ 29302365000233 -> CACHE (SUCESSO, 92d/365d)
2026-09-25 12:30:07 | INFO | services.connectors.risk3_connector | [1668/2972] CNPJ 29316596000115 -> CACHE (SUCESSO, 72d/365d)
2026-09-25 12:30:07 | INFO | services.connectors.risk3_connector | [1669/2972] CNPJ 29340729000199 -> CACHE (SUCESSO, 182d/365d)
2026-09-25 12:30:07 | INFO | services.connectors.risk3_connector | [1670/2972] CNPJ 29350168000109 -> CACHE (NAO_ENCONTRADO, 9d/30d)
2026-09-25 12:30:07 | INFO | services.connectors.risk3_connector | [1671/2972] CNPJ 29362082000104 -> CACHE (NAO_ENCONTRADO, 9d/30d)
2026-09-25 12:30:07 | INFO | services.connectors.risk3_connector | [1672/2972] CNPJ 29433969000219 -> CACHE (SUCESSO, 92d/365d)
2026-09-25 12:30:07 | INFO | services.connectors.risk3_connector | [1673/2972] CNPJ 29507214000130 -> CACHE (NAO_ENCONTRADO, 3d/30d)
2026-09-25 12:30:07 | INFO | services.connectors.risk3_connector | [1674/2972] CNPJ 29507214000211 -> CACHE (SUCESSO, 92d/365d)
2026-09-25 12:30:07 | INFO | services.connectors.risk3_connector | [1675/2972] CNPJ 29527877000117 -> CACHE (SUCESSO, 182d/365d)
2026-09-25 12:30:07 | INFO | services.connectors.risk3_connector | [1676/2972] CNPJ 29557777000133 -> CACHE (NAO_ENCONTRADO, 3d/30d)
2026-09-25 12:30:07 | INFO | services.connectors.risk3_connector | [1677/2972] CNPJ 29591504000105 -> CACHE (SUCESSO, 182d/365d)
2026-09-25 12:30:07 | INFO | services.connectors.risk3_connector | [1678/2972] CNPJ 29617631000136 -> CACHE (SUCESSO, 29d/365d)
2026-09-25 12:30:07 | INFO | services.connectors.risk3_connector | [1679/2972] CNPJ 29667227000177 -> CACHE (SUCESSO, 66d/365d)
2026-09-25 12:30:07 | INFO | services.connectors.risk3_connector | [1680/2972] CNPJ 29678871000140 -> CACHE (SUCESSO, 163d/365d)
2026-09-25 12:30:07 | INFO | services.connectors.risk3_connector | [1681/2972] CNPJ 29752951000107 -> CACHE (SUCESSO, 302d/365d)
2026-09-25 12:30:07 | INFO | services.connectors.risk3_connector | [1682/2972] CNPJ 29866479000125 -> Consultando API (Endpoint detalhado por CNPJ)...
2026-09-25 12:30:07 | INFO | services.connectors.risk3_connector | SUCESSO na extração dos detalhes do Bureau!
2026-09-25 12:30:08 | INFO | services.connectors.risk3_connector | [1683/2972] CNPJ 29872616000134 -> CACHE (SUCESSO, 92d/365d)
2026-09-25 12:30:08 | INFO | services.connectors.risk3_connector | [1684/2972] CNPJ 29883520000171 -> CACHE (NAO_ENCONTRADO, 9d/30d)
2026-09-25 12:30:08 | INFO | services.connectors.risk3_connector | [1685/2972] CNPJ 29915125000123 -> CACHE (SUCESSO, 80d/365d)
2026-09-25 12:30:08 | INFO | services.connectors.risk3_connector | [1686/2972] CNPJ 29920394000188 -> CACHE (SUCESSO, 296d/365d)
2026-09-25 12:30:08 | INFO | services.connectors.risk3_connector | [1687/2972] CNPJ 29938085000135 -> CACHE (SUCESSO, 87d/365d)
2026-09-25 12:30:08 | INFO | services.connectors.risk3_connector | [1688/2972] CNPJ 29953203000184 -> CACHE (SUCESSO, 122d/365d)
2026-09-25 12:30:08 | INFO | services.connectors.risk3_connector | [1689/2972] CNPJ 29984961000160 -> CACHE (SUCESSO, 129d/365d)
2026-09-25 12:30:08 | INFO | services.connectors.risk3_connector | [1690/2972] CNPJ 29993083000149 -> CACHE (SUCESSO, 87d/365d)
2026-09-25 12:30:08 | INFO | services.connectors.risk3_connector | [1691/2972] CNPJ 30053915000126 -> CACHE (SUCESSO, 93d/365d)
2026-09-25 12:30:08 | INFO | services.connectors.risk3_connector | [1692/2972] CNPJ 30058920000121 -> CACHE (SUCESSO, 24d/365d)
2026-09-25 12:30:08 | INFO | services.connectors.risk3_connector | [1693/2972] CNPJ 30063842000153 -> CACHE (SUCESSO, 182d/365d)
2026-09-25 12:30:08 | INFO | services.connectors.risk3_connector | [1694/2972] CNPJ 30071135000109 -> CACHE (NAO_ENCONTRADO, 3d/30d)
2026-09-25 12:30:08 | INFO | services.connectors.risk3_connector | [1695/2972] CNPJ 30097726000155 -> CACHE (SUCESSO, 92d/365d)
2026-09-25 12:30:08 | INFO | services.connectors.risk3_connector | [1696/2972] CNPJ 30124679000191 -> CACHE (NAO_ENCONTRADO, 9d/30d)
2026-09-25 12:30:08 | INFO | services.connectors.risk3_connector | [1697/2972] CNPJ 30195195000133 -> CACHE (NAO_ENCONTRADO, 9d/30d)
2026-09-25 12:30:08 | INFO | services.connectors.risk3_connector | [1698/2972] CNPJ 30206620000142 -> CACHE (NAO_ENCONTRADO, 9d/30d)
2026-09-25 12:30:08 | INFO | services.connectors.risk3_connector | [1699/2972] CNPJ 30234798000105 -> CACHE (SUCESSO, 182d/365d)
2026-09-25 12:30:08 | INFO | services.connectors.risk3_connector | [1700/2972] CNPJ 30248458000125 -> CACHE (SUCESSO, 29d/365d)
2026-09-25 12:30:08 | INFO | services.connectors.risk3_connector | [1701/2972] CNPJ 30251841000132 -> CACHE (SUCESSO, 165d/365d)
2026-09-25 12:30:08 | INFO | services.connectors.risk3_connector | [1702/2972] CNPJ 30306294000145 -> CACHE (NAO_ENCONTRADO, 9d/30d)
2026-09-25 12:30:08 | INFO | services.connectors.risk3_connector | [1703/2972] CNPJ 30306294000226 -> CACHE (SUCESSO, 38d/365d)
2026-09-25 12:30:08 | INFO | services.connectors.risk3_connector | [1704/2972] CNPJ 30459113000110 -> CACHE (SUCESSO, 92d/365d)
2026-09-25 12:30:08 | INFO | services.connectors.risk3_connector | [1705/2972] CNPJ 30471204000171 -> CACHE (SUCESSO, 93d/365d)
2026-09-25 12:30:08 | INFO | services.connectors.risk3_connector | [1706/2972] CNPJ 30483222000173 -> CACHE (NAO_ENCONTRADO, 9d/30d)
2026-09-25 12:30:08 | INFO | services.connectors.risk3_connector | [1707/2972] CNPJ 30486147000285 -> CACHE (SUCESSO, 92d/365d)
2026-09-25 12:30:08 | INFO | services.connectors.risk3_connector | [1708/2972] CNPJ 30493245000169 -> CACHE (SUCESSO, 45d/365d)
2026-09-25 12:30:08 | INFO | services.connectors.risk3_connector | [1709/2972] CNPJ 30495806000169 -> CACHE (SUCESSO, 123d/365d)
2026-09-25 12:30:08 | INFO | services.connectors.risk3_connector | [1710/2972] CNPJ 30559132000119 -> CACHE (SUCESSO, 92d/365d)
2026-09-25 12:30:08 | INFO | services.connectors.risk3_connector | [1711/2972] CNPJ 30653328000178 -> CACHE (SUCESSO, 66d/365d)
2026-09-25 12:30:08 | INFO | services.connectors.risk3_connector | [1712/2972] CNPJ 30693787000185 -> CACHE (NAO_ENCONTRADO, 9d/30d)
2026-09-25 12:30:08 | INFO | services.connectors.risk3_connector | [1713/2972] CNPJ 30694272000108 -> CACHE (SUCESSO, 154d/365d)
2026-09-25 12:30:08 | INFO | services.connectors.risk3_connector | [1714/2972] CNPJ 30712938000103 -> CACHE (SUCESSO, 254d/365d)
2026-09-25 12:30:08 | INFO | services.connectors.risk3_connector | [1715/2972] CNPJ 30834939000112 -> CACHE (NAO_ENCONTRADO, 9d/30d)
2026-09-25 12:30:08 | INFO | services.connectors.risk3_connector | [1716/2972] CNPJ 30840548000100 -> CACHE (SUCESSO, 59d/365d)
2026-09-25 12:30:08 | INFO | services.connectors.risk3_connector | [1717/2972] CNPJ 30902608000172 -> CACHE (SUCESSO, 29d/365d)
2026-09-25 12:30:08 | INFO | services.connectors.risk3_connector | [1718/2972] CNPJ 30929117000115 -> CACHE (NAO_ENCONTRADO, 9d/30d)
2026-09-25 12:30:08 | INFO | services.connectors.risk3_connector | [1719/2972] CNPJ 30966130000144 -> CACHE (NAO_ENCONTRADO, 9d/30d)
2026-09-25 12:30:08 | INFO | services.connectors.risk3_connector | [1720/2972] CNPJ 30983948000175 -> CACHE (SUCESSO, 16d/365d)
2026-09-25 12:30:08 | INFO | services.connectors.risk3_connector | [1721/2972] CNPJ 31004703000111 -> CACHE (SUCESSO, 92d/365d)
2026-09-25 12:30:08 | INFO | services.connectors.risk3_connector | [1722/2972] CNPJ 31102147000116 -> CACHE (SUCESSO, 32d/365d)
2026-09-25 12:30:08 | INFO | services.connectors.risk3_connector | [1723/2972] CNPJ 31233530000103 -> CACHE (NAO_ENCONTRADO, 9d/30d)
2026-09-25 12:30:08 | INFO | services.connectors.risk3_connector | [1724/2972] CNPJ 31264770000175 -> CACHE (SUCESSO, 136d/365d)
2026-09-25 12:30:08 | INFO | services.connectors.risk3_connector | [1725/2972] CNPJ 31273842000140 -> CACHE (SUCESSO, 165d/365d)
2026-09-25 12:30:08 | INFO | services.connectors.risk3_connector | [1726/2972] CNPJ 31315659000160 -> CACHE (SUCESSO, 92d/365d)
2026-09-25 12:30:08 | INFO | services.connectors.risk3_connector | [1727/2972] CNPJ 31449173000115 -> CACHE (SUCESSO, 92d/365d)
2026-09-25 12:30:08 | INFO | services.connectors.risk3_connector | [1728/2972] CNPJ 31478575000148 -> CACHE (SUCESSO, 92d/365d)
2026-09-25 12:30:08 | INFO | services.connectors.risk3_connector | [1729/2972] CNPJ 31512081000132 -> CACHE (SUCESSO, 77d/365d)
2026-09-25 12:30:08 | INFO | services.connectors.risk3_connector | [1730/2972] CNPJ 31557781000143 -> CACHE (NAO_ENCONTRADO, 9d/30d)
2026-09-25 12:30:08 | INFO | services.connectors.risk3_connector | [1731/2972] CNPJ 31583235000187 -> CACHE (SUCESSO, 142d/365d)
2026-09-25 12:30:08 | INFO | services.connectors.risk3_connector | [1732/2972] CNPJ 31590862000145 -> CACHE (SUCESSO, 149d/365d)
2026-09-25 12:30:08 | INFO | services.connectors.risk3_connector | [1733/2972] CNPJ 31627849000113 -> CACHE (NAO_ENCONTRADO, 9d/30d)
2026-09-25 12:30:08 | INFO | services.connectors.risk3_connector | [1734/2972] CNPJ 31635668000139 -> CACHE (SUCESSO, 144d/365d)
2026-09-25 12:30:08 | INFO | services.connectors.risk3_connector | [1735/2972] CNPJ 31642161000102 -> CACHE (SUCESSO, 196d/365d)
2026-09-25 12:30:08 | INFO | services.connectors.risk3_connector | [1736/2972] CNPJ 31672016000174 -> CACHE (SUCESSO, 92d/365d)
2026-09-25 12:30:08 | INFO | services.connectors.risk3_connector | [1737/2972] CNPJ 31702947000330 -> CACHE (SUCESSO, 93d/365d)
2026-09-25 12:30:08 | INFO | services.connectors.risk3_connector | [1738/2972] CNPJ 31781135000165 -> CACHE (SUCESSO, 130d/365d)
2026-09-25 12:30:08 | INFO | services.connectors.risk3_connector | [1739/2972] CNPJ 31794665000148 -> CACHE (SUCESSO, 92d/365d)
2026-09-25 12:30:08 | INFO | services.connectors.risk3_connector | [1740/2972] CNPJ 31818954000130 -> CACHE (SUCESSO, 79d/365d)
2026-09-25 12:30:08 | INFO | services.connectors.risk3_connector | [1741/2972] CNPJ 31835348000122 -> CACHE (SUCESSO, 134d/365d)
2026-09-25 12:30:08 | INFO | services.connectors.risk3_connector | [1742/2972] CNPJ 31864869000108 -> CACHE (SUCESSO, 114d/365d)
2026-09-25 12:30:08 | INFO | services.connectors.risk3_connector | [1743/2972] CNPJ 31893778000109 -> CACHE (NAO_ENCONTRADO, 3d/30d)
2026-09-25 12:30:08 | INFO | services.connectors.risk3_connector | [1744/2972] CNPJ 31897236000104 -> CACHE (NAO_ENCONTRADO, 9d/30d)
2026-09-25 12:30:08 | INFO | services.connectors.risk3_connector | [1745/2972] CNPJ 31932088000103 -> CACHE (SUCESSO, 87d/365d)
2026-09-25 12:30:08 | INFO | services.connectors.risk3_connector | [1746/2972] CNPJ 31985283000100 -> CACHE (NAO_ENCONTRADO, 3d/30d)
2026-09-25 12:30:08 | INFO | services.connectors.risk3_connector | [1747/2972] CNPJ 31998807000199 -> CACHE (SUCESSO, 203d/365d)
2026-09-25 12:30:08 | INFO | services.connectors.risk3_connector | [1748/2972] CNPJ 32023463000165 -> CACHE (SUCESSO, 92d/365d)
2026-09-25 12:30:08 | INFO | services.connectors.risk3_connector | [1749/2972] CNPJ 32039151000140 -> CACHE (SUCESSO, 92d/365d)
2026-09-25 12:30:08 | INFO | services.connectors.risk3_connector | [1750/2972] CNPJ 32112142000137 -> CACHE (SUCESSO, 199d/365d)
2026-09-25 12:30:08 | INFO | services.connectors.risk3_connector | [1751/2972] CNPJ 32116582000162 -> CACHE (NAO_ENCONTRADO, 3d/30d)
2026-09-25 12:30:08 | INFO | services.connectors.risk3_connector | [1752/2972] CNPJ 32122715000103 -> CACHE (NAO_ENCONTRADO, 3d/30d)
2026-09-25 12:30:08 | INFO | services.connectors.risk3_connector | [1753/2972] CNPJ 32135034000180 -> CACHE (SUCESSO, 93d/365d)
2026-09-25 12:30:08 | INFO | services.connectors.risk3_connector | [1754/2972] CNPJ 32135359000910 -> CACHE (SUCESSO, 93d/365d)
2026-09-25 12:30:08 | INFO | services.connectors.risk3_connector | [1755/2972] CNPJ 32140332000168 -> CACHE (SUCESSO, 59d/365d)
2026-09-25 12:30:08 | INFO | services.connectors.risk3_connector | [1756/2972] CNPJ 32168500000123 -> CACHE (NAO_ENCONTRADO, 9d/30d)
2026-09-25 12:30:08 | INFO | services.connectors.risk3_connector | [1757/2972] CNPJ 32184195000163 -> CACHE (NAO_ENCONTRADO, 9d/30d)
2026-09-25 12:30:08 | INFO | services.connectors.risk3_connector | [1758/2972] CNPJ 32185360000100 -> CACHE (NAO_ENCONTRADO, 9d/30d)
2026-09-25 12:30:08 | INFO | services.connectors.risk3_connector | [1759/2972] CNPJ 32223414000176 -> CACHE (NAO_ENCONTRADO, 3d/30d)
2026-09-25 12:30:08 | INFO | services.connectors.risk3_connector | [1760/2972] CNPJ 32234363000188 -> CACHE (SUCESSO, 114d/365d)
2026-09-25 12:30:08 | INFO | services.connectors.risk3_connector | [1761/2972] CNPJ 32235159000181 -> CACHE (NAO_ENCONTRADO, 9d/30d)
2026-09-25 12:30:08 | INFO | services.connectors.risk3_connector | [1762/2972] CNPJ 32267722000284 -> CACHE (NAO_ENCONTRADO, 3d/30d)
2026-09-25 12:30:08 | INFO | services.connectors.risk3_connector | [1763/2972] CNPJ 32312466000119 -> CACHE (SUCESSO, 92d/365d)
2026-09-25 12:30:08 | INFO | services.connectors.risk3_connector | [1764/2972] CNPJ 32314495000110 -> CACHE (SUCESSO, 100d/365d)
2026-09-25 12:30:08 | INFO | services.connectors.risk3_connector | [1765/2972] CNPJ 32367504000130 -> CACHE (SUCESSO, 155d/365d)
2026-09-25 12:30:08 | INFO | services.connectors.risk3_connector | [1766/2972] CNPJ 32460679000198 -> CACHE (SUCESSO, 24d/365d)
2026-09-25 12:30:08 | INFO | services.connectors.risk3_connector | [1767/2972] CNPJ 32473076000120 -> CACHE (SUCESSO, 255d/365d)
2026-09-25 12:30:08 | INFO | services.connectors.risk3_connector | [1768/2972] CNPJ 32493370000285 -> CACHE (SUCESSO, 92d/365d)
2026-09-25 12:30:08 | INFO | services.connectors.risk3_connector | [1769/2972] CNPJ 32576121000172 -> CACHE (SUCESSO, 93d/365d)
2026-09-25 12:30:08 | INFO | services.connectors.risk3_connector | [1770/2972] CNPJ 32593445000119 -> CACHE (SUCESSO, 155d/365d)
2026-09-25 12:30:08 | INFO | services.connectors.risk3_connector | [1771/2972] CNPJ 32618447000115 -> CACHE (SUCESSO, 98d/365d)
2026-09-25 12:30:08 | INFO | services.connectors.risk3_connector | [1772/2972] CNPJ 32618447000620 -> CACHE (NAO_ENCONTRADO, 9d/30d)
2026-09-25 12:30:08 | INFO | services.connectors.risk3_connector | [1773/2972] CNPJ 32633074000151 -> CACHE (SUCESSO, 196d/365d)
2026-09-25 12:30:08 | INFO | services.connectors.risk3_connector | [1774/2972] CNPJ 32756560000167 -> CACHE (SUCESSO, 93d/365d)
2026-09-25 12:30:08 | INFO | services.connectors.risk3_connector | [1775/2972] CNPJ 32783106000103 -> CACHE (NAO_ENCONTRADO, 9d/30d)
2026-09-25 12:30:08 | INFO | services.connectors.risk3_connector | [1776/2972] CNPJ 32873282000128 -> CACHE (SUCESSO, 121d/365d)
2026-09-25 12:30:08 | INFO | services.connectors.risk3_connector | [1777/2972] CNPJ 32931696000166 -> CACHE (NAO_ENCONTRADO, 3d/30d)
2026-09-25 12:30:08 | INFO | services.connectors.risk3_connector | [1778/2972] CNPJ 32957892000452 -> CACHE (SUCESSO, 255d/365d)
2026-09-25 12:30:08 | INFO | services.connectors.risk3_connector | [1779/2972] CNPJ 32965868000112 -> CACHE (SUCESSO, 92d/365d)
2026-09-25 12:30:08 | INFO | services.connectors.risk3_connector | [1780/2972] CNPJ 33000167000101 -> CACHE (SUCESSO, 114d/365d)
2026-09-25 12:30:08 | INFO | services.connectors.risk3_connector | [1781/2972] CNPJ 33000167011650 -> CACHE (NAO_ENCONTRADO, 3d/30d)
2026-09-25 12:30:08 | INFO | services.connectors.risk3_connector | [1782/2972] CNPJ 33009911000139 -> CACHE (SUCESSO, 206d/365d)
2026-09-25 12:30:08 | INFO | services.connectors.risk3_connector | [1783/2972] CNPJ 33010786000187 -> CACHE (SUCESSO, 136d/365d)
2026-09-25 12:30:08 | INFO | services.connectors.risk3_connector | [1784/2972] CNPJ 33016338000271 -> CACHE (SUCESSO, 305d/365d)
2026-09-25 12:30:08 | INFO | services.connectors.risk3_connector | [1785/2972] CNPJ 33016338001405 -> CACHE (SUCESSO, 305d/365d)
2026-09-25 12:30:08 | INFO | services.connectors.risk3_connector | [1786/2972] CNPJ 33024632000144 -> CACHE (SUCESSO, 296d/365d)
2026-09-25 12:30:08 | INFO | services.connectors.risk3_connector | [1787/2972] CNPJ 33033556000133 -> CACHE (SUCESSO, 205d/365d)
2026-09-25 12:30:08 | INFO | services.connectors.risk3_connector | [1788/2972] CNPJ 33042730000104 -> CACHE (SUCESSO, 99d/365d)
2026-09-25 12:30:08 | INFO | services.connectors.risk3_connector | [1789/2972] CNPJ 33050071000158 -> CACHE (NAO_ENCONTRADO, 23d/30d)
2026-09-25 12:30:08 | INFO | services.connectors.risk3_connector | [1790/2972] CNPJ 33051624000197 -> CACHE (SUCESSO, 93d/365d)
2026-09-25 12:30:08 | INFO | services.connectors.risk3_connector | [1791/2972] CNPJ 33052515000356 -> CACHE (NAO_ENCONTRADO, 3d/30d)
2026-09-25 12:30:08 | INFO | services.connectors.risk3_connector | [1792/2972] CNPJ 33055732000138 -> CACHE (NAO_ENCONTRADO, 3d/30d)
2026-09-25 12:30:08 | INFO | services.connectors.risk3_connector | [1793/2972] CNPJ 33059528000195 -> CACHE (SUCESSO, 92d/365d)
2026-09-25 12:30:08 | INFO | services.connectors.risk3_connector | [1794/2972] CNPJ 33059528000357 -> CACHE (NAO_ENCONTRADO, 3d/30d)
2026-09-25 12:30:08 | INFO | services.connectors.risk3_connector | [1795/2972] CNPJ 33060716000214 -> CACHE (SUCESSO, 179d/365d)
2026-09-25 12:30:08 | INFO | services.connectors.risk3_connector | [1796/2972] CNPJ 33083466000157 -> CACHE (SUCESSO, 114d/365d)
2026-09-25 12:30:08 | INFO | services.connectors.risk3_connector | [1797/2972] CNPJ 33127947000117 -> CACHE (NAO_ENCONTRADO, 9d/30d)
2026-09-25 12:30:08 | INFO | services.connectors.risk3_connector | [1798/2972] CNPJ 33200056000149 -> CACHE (NAO_ENCONTRADO, 9d/30d)
2026-09-25 12:30:08 | INFO | services.connectors.risk3_connector | [1799/2972] CNPJ 33352394000104 -> CACHE (NAO_ENCONTRADO, 9d/30d)
2026-09-25 12:30:08 | INFO | services.connectors.risk3_connector | [1800/2972] CNPJ 33390170000189 -> CACHE (SUCESSO, 74d/365d)
2026-09-25 12:30:08 | INFO | services.connectors.risk3_connector | [1801/2972] CNPJ 33401635000150 -> CACHE (SUCESSO, 57d/365d)
2026-09-25 12:30:08 | INFO | services.connectors.risk3_connector | [1802/2972] CNPJ 33443024000174 -> CACHE (SUCESSO, 66d/365d)
2026-09-25 12:30:08 | INFO | services.connectors.risk3_connector | [1803/2972] CNPJ 33488348000129 -> CACHE (SUCESSO, 255d/365d)
2026-09-25 12:30:08 | INFO | services.connectors.risk3_connector | [1804/2972] CNPJ 33524912000111 -> CACHE (SUCESSO, 45d/365d)
2026-09-25 12:30:08 | INFO | services.connectors.risk3_connector | [1805/2972] CNPJ 33592510000154 -> CACHE (SUCESSO, 72d/365d)
2026-09-25 12:30:08 | INFO | services.connectors.risk3_connector | [1806/2972] CNPJ 33611500000119 -> CACHE (SUCESSO, 128d/365d)
2026-09-25 12:30:08 | INFO | services.connectors.risk3_connector | [1807/2972] CNPJ 33664228000135 -> CACHE (SUCESSO, 87d/365d)
2026-09-25 12:30:08 | INFO | services.connectors.risk3_connector | [1808/2972] CNPJ 33667336000161 -> CACHE (SUCESSO, 92d/365d)
2026-09-25 12:30:08 | INFO | services.connectors.risk3_connector | [1809/2972] CNPJ 33834418000153 -> CACHE (SUCESSO, 92d/365d)
2026-09-25 12:30:08 | INFO | services.connectors.risk3_connector | [1810/2972] CNPJ 33839828000197 -> CACHE (SUCESSO, 93d/365d)
2026-09-25 12:30:08 | INFO | services.connectors.risk3_connector | [1811/2972] CNPJ 33856394000133 -> CACHE (SUCESSO, 92d/365d)
2026-09-25 12:30:08 | INFO | services.connectors.risk3_connector | [1812/2972] CNPJ 33897820000187 -> CACHE (SUCESSO, 93d/365d)
2026-09-25 12:30:08 | INFO | services.connectors.risk3_connector | [1813/2972] CNPJ 33919741000120 -> CACHE (NAO_ENCONTRADO, 9d/30d)
2026-09-25 12:30:08 | INFO | services.connectors.risk3_connector | [1814/2972] CNPJ 33931478000194 -> CACHE (SUCESSO, 45d/365d)
2026-09-25 12:30:08 | INFO | services.connectors.risk3_connector | [1815/2972] CNPJ 33931753000170 -> CACHE (NAO_ENCONTRADO, 9d/30d)
2026-09-25 12:30:08 | INFO | services.connectors.risk3_connector | [1816/2972] CNPJ 33933760000100 -> CACHE (SUCESSO, 87d/365d)
2026-09-25 12:30:08 | INFO | services.connectors.risk3_connector | [1817/2972] CNPJ 33933760000291 -> CACHE (NAO_ENCONTRADO, 3d/30d)
2026-09-25 12:30:08 | INFO | services.connectors.risk3_connector | [1818/2972] CNPJ 33958695000178 -> CACHE (SUCESSO, 129d/365d)
2026-09-25 12:30:08 | INFO | services.connectors.risk3_connector | [1819/2972] CNPJ 33981438000157 -> CACHE (NAO_ENCONTRADO, 3d/30d)
2026-09-25 12:30:08 | INFO | services.connectors.risk3_connector | [1820/2972] CNPJ 34002904000178 -> CACHE (NAO_ENCONTRADO, 3d/30d)
2026-09-25 12:30:08 | INFO | services.connectors.risk3_connector | [1821/2972] CNPJ 34108922000139 -> CACHE (SUCESSO, 94d/365d)
2026-09-25 12:30:08 | INFO | services.connectors.risk3_connector | [1822/2972] CNPJ 34109229000180 -> CACHE (SUCESSO, 92d/365d)
2026-09-25 12:30:08 | INFO | services.connectors.risk3_connector | [1823/2972] CNPJ 34150762000196 -> CACHE (SUCESSO, 84d/365d)
2026-09-25 12:30:08 | INFO | services.connectors.risk3_connector | [1824/2972] CNPJ 34162415000183 -> CACHE (SUCESSO, 165d/365d)
2026-09-25 12:30:08 | INFO | services.connectors.risk3_connector | [1825/2972] CNPJ 34178263000107 -> CACHE (SUCESSO, 199d/365d)
2026-09-25 12:30:08 | INFO | services.connectors.risk3_connector | [1826/2972] CNPJ 34475373000130 -> CACHE (SUCESSO, 130d/365d)
2026-09-25 12:30:08 | INFO | services.connectors.risk3_connector | [1827/2972] CNPJ 34497145000161 -> CACHE (SUCESSO, 49d/365d)
2026-09-25 12:30:08 | INFO | services.connectors.risk3_connector | [1828/2972] CNPJ 34562112000158 -> CACHE (SUCESSO, 64d/365d)
2026-09-25 12:30:08 | INFO | services.connectors.risk3_connector | [1829/2972] CNPJ 34573948000158 -> CACHE (SUCESSO, 337d/365d)
2026-09-25 12:30:08 | INFO | services.connectors.risk3_connector | [1830/2972] CNPJ 34781808000175 -> CACHE (SUCESSO, 74d/365d)
2026-09-25 12:30:08 | INFO | services.connectors.risk3_connector | [1831/2972] CNPJ 34801306000169 -> CACHE (NAO_ENCONTRADO, 23d/30d)
2026-09-25 12:30:08 | INFO | services.connectors.risk3_connector | [1832/2972] CNPJ 34805807000113 -> CACHE (NAO_ENCONTRADO, 23d/30d)
2026-09-25 12:30:08 | INFO | services.connectors.risk3_connector | [1833/2972] CNPJ 34806971000145 -> CACHE (SUCESSO, 45d/365d)
2026-09-25 12:30:08 | INFO | services.connectors.risk3_connector | [1834/2972] CNPJ 34818458000174 -> CACHE (NAO_ENCONTRADO, 23d/30d)
2026-09-25 12:30:08 | INFO | services.connectors.risk3_connector | [1835/2972] CNPJ 34818597000106 -> CACHE (NAO_ENCONTRADO, 23d/30d)
2026-09-25 12:30:08 | INFO | services.connectors.risk3_connector | [1836/2972] CNPJ 34841996000180 -> CACHE (NAO_ENCONTRADO, 23d/30d)
2026-09-25 12:30:08 | INFO | services.connectors.risk3_connector | [1837/2972] CNPJ 34847870000112 -> CACHE (SUCESSO, 92d/365d)
2026-09-25 12:30:08 | INFO | services.connectors.risk3_connector | [1838/2972] CNPJ 34867956000107 -> CACHE (NAO_ENCONTRADO, 9d/30d)
2026-09-25 12:30:08 | INFO | services.connectors.risk3_connector | [1839/2972] CNPJ 34954956000144 -> CACHE (SUCESSO, 238d/365d)
2026-09-25 12:30:08 | INFO | services.connectors.risk3_connector | [1840/2972] CNPJ 34980728000149 -> CACHE (NAO_ENCONTRADO, 9d/30d)
2026-09-25 12:30:08 | INFO | services.connectors.risk3_connector | [1841/2972] CNPJ 35180857000115 -> CACHE (SUCESSO, 185d/365d)
2026-09-25 12:30:08 | INFO | services.connectors.risk3_connector | [1842/2972] CNPJ 35224835000100 -> CACHE (SUCESSO, 106d/365d)
2026-09-25 12:30:08 | INFO | services.connectors.risk3_connector | [1843/2972] CNPJ 35224835000290 -> CACHE (SUCESSO, 65d/365d)
2026-09-25 12:30:08 | INFO | services.connectors.risk3_connector | [1844/2972] CNPJ 35306327000170 -> CACHE (SUCESSO, 127d/365d)
2026-09-25 12:30:08 | INFO | services.connectors.risk3_connector | [1845/2972] CNPJ 35322362000183 -> CACHE (SUCESSO, 92d/365d)
2026-09-25 12:30:08 | INFO | services.connectors.risk3_connector | [1846/2972] CNPJ 35357719000169 -> CACHE (SUCESSO, 182d/365d)
2026-09-25 12:30:08 | INFO | services.connectors.risk3_connector | [1847/2972] CNPJ 35357729000102 -> CACHE (SUCESSO, 182d/365d)
2026-09-25 12:30:08 | INFO | services.connectors.risk3_connector | [1848/2972] CNPJ 35360212000164 -> CACHE (SUCESSO, 254d/365d)
2026-09-25 12:30:08 | INFO | services.connectors.risk3_connector | [1849/2972] CNPJ 35382136000198 -> CACHE (SUCESSO, 235d/365d)
2026-09-25 12:30:08 | INFO | services.connectors.risk3_connector | [1850/2972] CNPJ 35402521000150 -> CACHE (NAO_ENCONTRADO, 3d/30d)
2026-09-25 12:30:08 | INFO | services.connectors.risk3_connector | [1851/2972] CNPJ 35402759000185 -> CACHE (NAO_ENCONTRADO, 9d/30d)
2026-09-25 12:30:08 | INFO | services.connectors.risk3_connector | [1852/2972] CNPJ 35403949000389 -> CACHE (SUCESSO, 165d/365d)
2026-09-25 12:30:08 | INFO | services.connectors.risk3_connector | [1853/2972] CNPJ 35416995000150 -> CACHE (SUCESSO, 93d/365d)
2026-09-25 12:30:08 | INFO | services.connectors.risk3_connector | [1854/2972] CNPJ 35458657000181 -> CACHE (NAO_ENCONTRADO, 9d/30d)
2026-09-25 12:30:08 | INFO | services.connectors.risk3_connector | [1855/2972] CNPJ 35474405000146 -> CACHE (NAO_ENCONTRADO, 23d/30d)
2026-09-25 12:30:08 | INFO | services.connectors.risk3_connector | [1856/2972] CNPJ 35487170000127 -> CACHE (SUCESSO, 92d/365d)
2026-09-25 12:30:08 | INFO | services.connectors.risk3_connector | [1857/2972] CNPJ 35540155000103 -> Consultando API (Endpoint detalhado por CNPJ)...
2026-09-25 12:30:08 | INFO | services.connectors.risk3_connector | SUCESSO na extração dos detalhes do Bureau!
2026-09-25 12:30:09 | INFO | services.connectors.risk3_connector | [1858/2972] CNPJ 35691397000190 -> CACHE (SUCESSO, 91d/365d)
2026-09-25 12:30:09 | INFO | services.connectors.risk3_connector | [1859/2972] CNPJ 35742218000104 -> CACHE (NAO_ENCONTRADO, 23d/30d)
2026-09-25 12:30:09 | INFO | services.connectors.risk3_connector | [1860/2972] CNPJ 35749859000182 -> CACHE (SUCESSO, 92d/365d)
2026-09-25 12:30:09 | INFO | services.connectors.risk3_connector | [1861/2972] CNPJ 35774326000150 -> CACHE (NAO_ENCONTRADO, 3d/30d)
2026-09-25 12:30:09 | INFO | services.connectors.risk3_connector | [1862/2972] CNPJ 35774326000231 -> CACHE (SUCESSO, 92d/365d)
2026-09-25 12:30:09 | INFO | services.connectors.risk3_connector | [1863/2972] CNPJ 35820448000136 -> CACHE (SUCESSO, 58d/365d)
2026-09-25 12:30:09 | INFO | services.connectors.risk3_connector | [1864/2972] CNPJ 35823536000191 -> CACHE (SUCESSO, 92d/365d)
2026-09-25 12:30:09 | INFO | services.connectors.risk3_connector | [1865/2972] CNPJ 35823536000272 -> CACHE (SUCESSO, 92d/365d)
2026-09-25 12:30:09 | INFO | services.connectors.risk3_connector | [1866/2972] CNPJ 35823538000180 -> CACHE (SUCESSO, 92d/365d)
2026-09-25 12:30:09 | INFO | services.connectors.risk3_connector | [1867/2972] CNPJ 35823538000261 -> CACHE (SUCESSO, 92d/365d)
2026-09-25 12:30:09 | INFO | services.connectors.risk3_connector | [1868/2972] CNPJ 35823577000188 -> CACHE (SUCESSO, 92d/365d)
2026-09-25 12:30:09 | INFO | services.connectors.risk3_connector | [1869/2972] CNPJ 35823577000269 -> CACHE (SUCESSO, 92d/365d)
2026-09-25 12:30:09 | INFO | services.connectors.risk3_connector | [1870/2972] CNPJ 35824347000133 -> CACHE (SUCESSO, 92d/365d)
2026-09-25 12:30:09 | INFO | services.connectors.risk3_connector | [1871/2972] CNPJ 35824347000214 -> CACHE (SUCESSO, 92d/365d)
2026-09-25 12:30:09 | INFO | services.connectors.risk3_connector | [1872/2972] CNPJ 35835571000120 -> CACHE (SUCESSO, 182d/365d)
2026-09-25 12:30:09 | INFO | services.connectors.risk3_connector | [1873/2972] CNPJ 35835582000100 -> CACHE (SUCESSO, 182d/365d)
2026-09-25 12:30:09 | INFO | services.connectors.risk3_connector | [1874/2972] CNPJ 35859013000103 -> CACHE (SUCESSO, 182d/365d)
2026-09-25 12:30:09 | INFO | services.connectors.risk3_connector | [1875/2972] CNPJ 35859036000100 -> CACHE (NAO_ENCONTRADO, 9d/30d)
2026-09-25 12:30:09 | INFO | services.connectors.risk3_connector | [1876/2972] CNPJ 35865623000101 -> CACHE (SUCESSO, 182d/365d)
2026-09-25 12:30:09 | INFO | services.connectors.risk3_connector | [1877/2972] CNPJ 35865635000136 -> CACHE (NAO_ENCONTRADO, 23d/30d)
2026-09-25 12:30:09 | INFO | services.connectors.risk3_connector | [1878/2972] CNPJ 35865638000170 -> CACHE (SUCESSO, 182d/365d)
2026-09-25 12:30:09 | INFO | services.connectors.risk3_connector | [1879/2972] CNPJ 35865640000149 -> CACHE (NAO_ENCONTRADO, 9d/30d)
2026-09-25 12:30:09 | INFO | services.connectors.risk3_connector | [1880/2972] CNPJ 35865651000129 -> CACHE (NAO_ENCONTRADO, 23d/30d)
2026-09-25 12:30:09 | INFO | services.connectors.risk3_connector | [1881/2972] CNPJ 35874343000160 -> CACHE (NAO_ENCONTRADO, 9d/30d)
2026-09-25 12:30:09 | INFO | services.connectors.risk3_connector | [1882/2972] CNPJ 35880201000105 -> CACHE (NAO_ENCONTRADO, 3d/30d)
2026-09-25 12:30:09 | INFO | services.connectors.risk3_connector | [1883/2972] CNPJ 35881121000174 -> CACHE (SUCESSO, 102d/365d)
2026-09-25 12:30:09 | INFO | services.connectors.risk3_connector | [1884/2972] CNPJ 35896824000176 -> CACHE (NAO_ENCONTRADO, 23d/30d)
2026-09-25 12:30:09 | INFO | services.connectors.risk3_connector | [1885/2972] CNPJ 35911730000129 -> CACHE (SUCESSO, 182d/365d)
2026-09-25 12:30:09 | INFO | services.connectors.risk3_connector | [1886/2972] CNPJ 35911733000162 -> CACHE (SUCESSO, 182d/365d)
2026-09-25 12:30:09 | INFO | services.connectors.risk3_connector | [1887/2972] CNPJ 35912298000190 -> CACHE (SUCESSO, 182d/365d)
2026-09-25 12:30:09 | INFO | services.connectors.risk3_connector | [1888/2972] CNPJ 35984409000174 -> CACHE (SUCESSO, 92d/365d)
2026-09-25 12:30:09 | INFO | services.connectors.risk3_connector | [1889/2972] CNPJ 35989467000190 -> CACHE (NAO_ENCONTRADO, 23d/30d)
2026-09-25 12:30:09 | INFO | services.connectors.risk3_connector | [1890/2972] CNPJ 36012033000107 -> CACHE (SUCESSO, 92d/365d)
2026-09-25 12:30:09 | INFO | services.connectors.risk3_connector | [1891/2972] CNPJ 36044373000101 -> CACHE (SUCESSO, 114d/365d)
2026-09-25 12:30:09 | INFO | services.connectors.risk3_connector | [1892/2972] CNPJ 36159672000191 -> CACHE (SUCESSO, 182d/365d)
2026-09-25 12:30:09 | INFO | services.connectors.risk3_connector | [1893/2972] CNPJ 36205095000127 -> CACHE (SUCESSO, 182d/365d)
2026-09-25 12:30:09 | INFO | services.connectors.risk3_connector | [1894/2972] CNPJ 36537518000106 -> CACHE (NAO_ENCONTRADO, 9d/30d)
2026-09-25 12:30:09 | INFO | services.connectors.risk3_connector | [1895/2972] CNPJ 36704785000120 -> CACHE (SUCESSO, 92d/365d)
2026-09-25 12:30:09 | INFO | services.connectors.risk3_connector | [1896/2972] CNPJ 36718307000170 -> CACHE (SUCESSO, 100d/365d)
2026-09-25 12:30:09 | INFO | services.connectors.risk3_connector | [1897/2972] CNPJ 36754731000170 -> CACHE (NAO_ENCONTRADO, 3d/30d)
2026-09-25 12:30:09 | INFO | services.connectors.risk3_connector | [1898/2972] CNPJ 36808117000143 -> CACHE (NAO_ENCONTRADO, 3d/30d)
2026-09-25 12:30:09 | INFO | services.connectors.risk3_connector | [1899/2972] CNPJ 36932917000171 -> CACHE (SUCESSO, 92d/365d)
2026-09-25 12:30:09 | INFO | services.connectors.risk3_connector | [1900/2972] CNPJ 37020260000139 -> CACHE (NAO_ENCONTRADO, 3d/30d)
2026-09-25 12:30:09 | INFO | services.connectors.risk3_connector | [1901/2972] CNPJ 37028928000194 -> CACHE (NAO_ENCONTRADO, 9d/30d)
2026-09-25 12:30:09 | INFO | services.connectors.risk3_connector | [1902/2972] CNPJ 37096663000161 -> CACHE (SUCESSO, 92d/365d)
2026-09-25 12:30:09 | INFO | services.connectors.risk3_connector | [1903/2972] CNPJ 37108388000159 -> CACHE (NAO_ENCONTRADO, 3d/30d)
2026-09-25 12:30:09 | INFO | services.connectors.risk3_connector | [1904/2972] CNPJ 37145968000116 -> CACHE (SUCESSO, 172d/365d)
2026-09-25 12:30:09 | INFO | services.connectors.risk3_connector | [1905/2972] CNPJ 37275625000419 -> CACHE (SUCESSO, 92d/365d)
2026-09-25 12:30:09 | INFO | services.connectors.risk3_connector | [1906/2972] CNPJ 37354699000106 -> CACHE (SUCESSO, 231d/365d)
2026-09-25 12:30:09 | INFO | services.connectors.risk3_connector | [1907/2972] CNPJ 37427691000114 -> CACHE (NAO_ENCONTRADO, 23d/30d)
2026-09-25 12:30:09 | INFO | services.connectors.risk3_connector | [1908/2972] CNPJ 37427693000103 -> CACHE (NAO_ENCONTRADO, 23d/30d)
2026-09-25 12:30:09 | INFO | services.connectors.risk3_connector | [1909/2972] CNPJ 37427699000180 -> CACHE (NAO_ENCONTRADO, 23d/30d)
2026-09-25 12:30:09 | INFO | services.connectors.risk3_connector | [1910/2972] CNPJ 37538262000114 -> CACHE (SUCESSO, 93d/365d)
2026-09-25 12:30:09 | INFO | services.connectors.risk3_connector | [1911/2972] CNPJ 37543498000149 -> CACHE (SUCESSO, 105d/365d)
2026-09-25 12:30:09 | INFO | services.connectors.risk3_connector | [1912/2972] CNPJ 37589182000198 -> CACHE (NAO_ENCONTRADO, 9d/30d)
2026-09-25 12:30:09 | INFO | services.connectors.risk3_connector | [1913/2972] CNPJ 37640312000170 -> CACHE (NAO_ENCONTRADO, 9d/30d)
2026-09-25 12:30:09 | INFO | services.connectors.risk3_connector | [1914/2972] CNPJ 38126813000103 -> CACHE (SUCESSO, 114d/365d)
2026-09-25 12:30:09 | INFO | services.connectors.risk3_connector | [1915/2972] CNPJ 38154005000141 -> CACHE (SUCESSO, 32d/365d)
2026-09-25 12:30:09 | INFO | services.connectors.risk3_connector | [1916/2972] CNPJ 38183972000131 -> CACHE (NAO_ENCONTRADO, 9d/30d)
2026-09-25 12:30:09 | INFO | services.connectors.risk3_connector | [1917/2972] CNPJ 38246958000130 -> CACHE (NAO_ENCONTRADO, 9d/30d)
2026-09-25 12:30:09 | INFO | services.connectors.risk3_connector | [1918/2972] CNPJ 38350307000195 -> CACHE (SUCESSO, 46d/365d)
2026-09-25 12:30:09 | INFO | services.connectors.risk3_connector | [1919/2972] CNPJ 38441355000199 -> CACHE (NAO_ENCONTRADO, 3d/30d)
2026-09-25 12:30:09 | INFO | services.connectors.risk3_connector | [1920/2972] CNPJ 38908778000176 -> CACHE (SUCESSO, 93d/365d)
2026-09-25 12:30:09 | INFO | services.connectors.risk3_connector | [1921/2972] CNPJ 39237248000106 -> CACHE (NAO_ENCONTRADO, 9d/30d)
2026-09-25 12:30:09 | INFO | services.connectors.risk3_connector | [1922/2972] CNPJ 39266459000177 -> CACHE (SUCESSO, 255d/365d)
2026-09-25 12:30:09 | INFO | services.connectors.risk3_connector | [1923/2972] CNPJ 39335973000206 -> CACHE (SUCESSO, 92d/365d)
2026-09-25 12:30:09 | INFO | services.connectors.risk3_connector | [1924/2972] CNPJ 39372527000182 -> CACHE (SUCESSO, 92d/365d)
2026-09-25 12:30:09 | INFO | services.connectors.risk3_connector | [1925/2972] CNPJ 39449320000169 -> CACHE (NAO_ENCONTRADO, 9d/30d)
2026-09-25 12:30:09 | INFO | services.connectors.risk3_connector | [1926/2972] CNPJ 39553144000100 -> CACHE (SUCESSO, 93d/365d)
2026-09-25 12:30:09 | INFO | services.connectors.risk3_connector | [1927/2972] CNPJ 39608949000104 -> CACHE (SUCESSO, 259d/365d)
2026-09-25 12:30:09 | INFO | services.connectors.risk3_connector | [1928/2972] CNPJ 39630440000168 -> CACHE (SUCESSO, 93d/365d)
2026-09-25 12:30:09 | INFO | services.connectors.risk3_connector | [1929/2972] CNPJ 39657225000150 -> CACHE (SUCESSO, 92d/365d)
2026-09-25 12:30:09 | INFO | services.connectors.risk3_connector | [1930/2972] CNPJ 39702802000189 -> CACHE (SUCESSO, 182d/365d)
2026-09-25 12:30:09 | INFO | services.connectors.risk3_connector | [1931/2972] CNPJ 39702815000158 -> CACHE (SUCESSO, 182d/365d)
2026-09-25 12:30:09 | INFO | services.connectors.risk3_connector | [1932/2972] CNPJ 39702823000102 -> CACHE (SUCESSO, 182d/365d)
2026-09-25 12:30:09 | INFO | services.connectors.risk3_connector | [1933/2972] CNPJ 39702834000184 -> CACHE (SUCESSO, 182d/365d)
2026-09-25 12:30:09 | INFO | services.connectors.risk3_connector | [1934/2972] CNPJ 39881421000104 -> CACHE (SUCESSO, 233d/365d)
2026-09-25 12:30:09 | INFO | services.connectors.risk3_connector | [1935/2972] CNPJ 39904195000130 -> CACHE (SUCESSO, 198d/365d)
2026-09-25 12:30:09 | INFO | services.connectors.risk3_connector | [1936/2972] CNPJ 39913479000192 -> CACHE (NAO_ENCONTRADO, 9d/30d)
2026-09-25 12:30:09 | INFO | services.connectors.risk3_connector | [1937/2972] CNPJ 39953546000100 -> CACHE (NAO_ENCONTRADO, 9d/30d)
2026-09-25 12:30:09 | INFO | services.connectors.risk3_connector | [1938/2972] CNPJ 40006524000104 -> CACHE (SUCESSO, 92d/365d)
2026-09-25 12:30:09 | INFO | services.connectors.risk3_connector | [1939/2972] CNPJ 40009403000116 -> CACHE (SUCESSO, 92d/365d)
2026-09-25 12:30:09 | INFO | services.connectors.risk3_connector | [1940/2972] CNPJ 40100543000103 -> CACHE (SUCESSO, 354d/365d)
2026-09-25 12:30:09 | INFO | services.connectors.risk3_connector | [1941/2972] CNPJ 40172765000123 -> CACHE (SUCESSO, 346d/365d)
2026-09-25 12:30:09 | INFO | services.connectors.risk3_connector | [1942/2972] CNPJ 40212058000113 -> CACHE (SUCESSO, 93d/365d)
2026-09-25 12:30:09 | INFO | services.connectors.risk3_connector | [1943/2972] CNPJ 40254927000172 -> CACHE (SUCESSO, 58d/365d)
2026-09-25 12:30:09 | INFO | services.connectors.risk3_connector | [1944/2972] CNPJ 40263170000183 -> CACHE (SUCESSO, 186d/365d)
2026-09-25 12:30:09 | INFO | services.connectors.risk3_connector | [1945/2972] CNPJ 40283901000152 -> CACHE (SUCESSO, 101d/365d)
2026-09-25 12:30:09 | INFO | services.connectors.risk3_connector | [1946/2972] CNPJ 40382949000118 -> CACHE (SUCESSO, 105d/365d)
2026-09-25 12:30:09 | INFO | services.connectors.risk3_connector | [1947/2972] CNPJ 40623898000179 -> CACHE (SUCESSO, 101d/365d)
2026-09-25 12:30:09 | INFO | services.connectors.risk3_connector | [1948/2972] CNPJ 40692476000155 -> CACHE (SUCESSO, 99d/365d)
2026-09-25 12:30:09 | INFO | services.connectors.risk3_connector | [1949/2972] CNPJ 40727874000160 -> CACHE (SUCESSO, 353d/365d)
2026-09-25 12:30:09 | INFO | services.connectors.risk3_connector | [1950/2972] CNPJ 40772936000155 -> CACHE (SUCESSO, 102d/365d)
2026-09-25 12:30:09 | INFO | services.connectors.risk3_connector | [1951/2972] CNPJ 40797554000186 -> CACHE (SUCESSO, 80d/365d)
2026-09-25 12:30:09 | INFO | services.connectors.risk3_connector | [1952/2972] CNPJ 41052420000107 -> CACHE (NAO_ENCONTRADO, 9d/30d)
2026-09-25 12:30:09 | INFO | services.connectors.risk3_connector | [1953/2972] CNPJ 41174976000168 -> CACHE (SUCESSO, 92d/365d)
2026-09-25 12:30:09 | INFO | services.connectors.risk3_connector | [1954/2972] CNPJ 41221516000143 -> CACHE (NAO_ENCONTRADO, 3d/30d)
2026-09-25 12:30:09 | INFO | services.connectors.risk3_connector | [1955/2972] CNPJ 41284969000119 -> CACHE (SUCESSO, 170d/365d)
2026-09-25 12:30:09 | INFO | services.connectors.risk3_connector | [1956/2972] CNPJ 41324703000152 -> CACHE (SUCESSO, 92d/365d)
2026-09-25 12:30:09 | INFO | services.connectors.risk3_connector | [1957/2972] CNPJ 41501877000143 -> CACHE (SUCESSO, 126d/365d)
2026-09-25 12:30:09 | INFO | services.connectors.risk3_connector | [1958/2972] CNPJ 41513132000102 -> CACHE (NAO_ENCONTRADO, 3d/30d)
2026-09-25 12:30:09 | INFO | services.connectors.risk3_connector | [1959/2972] CNPJ 41638308000144 -> CACHE (SUCESSO, 92d/365d)
2026-09-25 12:30:09 | INFO | services.connectors.risk3_connector | [1960/2972] CNPJ 41675130000101 -> CACHE (SUCESSO, 119d/365d)
2026-09-25 12:30:09 | INFO | services.connectors.risk3_connector | [1961/2972] CNPJ 41684120000132 -> CACHE (SUCESSO, 332d/365d)
2026-09-25 12:30:09 | INFO | services.connectors.risk3_connector | [1962/2972] CNPJ 41760884000160 -> CACHE (SUCESSO, 53d/365d)
2026-09-25 12:30:09 | INFO | services.connectors.risk3_connector | [1963/2972] CNPJ 41777706000141 -> CACHE (SUCESSO, 50d/365d)
2026-09-25 12:30:09 | INFO | services.connectors.risk3_connector | [1964/2972] CNPJ 41806999000148 -> CACHE (NAO_ENCONTRADO, 9d/30d)
2026-09-25 12:30:09 | INFO | services.connectors.risk3_connector | [1965/2972] CNPJ 41808680000151 -> CACHE (SUCESSO, 92d/365d)
2026-09-25 12:30:09 | INFO | services.connectors.risk3_connector | [1966/2972] CNPJ 42008546000139 -> CACHE (SUCESSO, 255d/365d)
2026-09-25 12:30:09 | INFO | services.connectors.risk3_connector | [1967/2972] CNPJ 42066811000135 -> CACHE (SUCESSO, 93d/365d)
2026-09-25 12:30:09 | INFO | services.connectors.risk3_connector | [1968/2972] CNPJ 42102025000146 -> CACHE (SUCESSO, 99d/365d)
2026-09-25 12:30:09 | INFO | services.connectors.risk3_connector | [1969/2972] CNPJ 42105890000146 -> CACHE (SUCESSO, 46d/365d)
2026-09-25 12:30:09 | INFO | services.connectors.risk3_connector | [1970/2972] CNPJ 42126753000198 -> CACHE (NAO_ENCONTRADO, 9d/30d)
2026-09-25 12:30:09 | INFO | services.connectors.risk3_connector | [1971/2972] CNPJ 42150391000170 -> CACHE (SUCESSO, 128d/365d)
2026-09-25 12:30:09 | INFO | services.connectors.risk3_connector | [1972/2972] CNPJ 42150391003862 -> CACHE (NAO_ENCONTRADO, 3d/30d)
2026-09-25 12:30:09 | INFO | services.connectors.risk3_connector | [1973/2972] CNPJ 42184226000130 -> CACHE (SUCESSO, 84d/365d)
2026-09-25 12:30:09 | INFO | services.connectors.risk3_connector | [1974/2972] CNPJ 42184226001969 -> CACHE (NAO_ENCONTRADO, 9d/30d)
2026-09-25 12:30:09 | INFO | services.connectors.risk3_connector | [1975/2972] CNPJ 42288184000187 -> CACHE (SUCESSO, 87d/365d)
2026-09-25 12:30:09 | INFO | services.connectors.risk3_connector | [1976/2972] CNPJ 42311687000126 -> CACHE (SUCESSO, 93d/365d)
2026-09-25 12:30:09 | INFO | services.connectors.risk3_connector | [1977/2972] CNPJ 42355428000105 -> CACHE (SUCESSO, 254d/365d)
2026-09-25 12:30:09 | INFO | services.connectors.risk3_connector | [1978/2972] CNPJ 42416651000107 -> CACHE (SUCESSO, 101d/365d)
2026-09-25 12:30:09 | INFO | services.connectors.risk3_connector | [1979/2972] CNPJ 42419150000184 -> CACHE (SUCESSO, 122d/365d)
2026-09-25 12:30:09 | INFO | services.connectors.risk3_connector | [1980/2972] CNPJ 42422048000138 -> CACHE (NAO_ENCONTRADO, 9d/30d)
2026-09-25 12:30:09 | INFO | services.connectors.risk3_connector | [1981/2972] CNPJ 42422048000219 -> CACHE (NAO_ENCONTRADO, 9d/30d)
2026-09-25 12:30:09 | INFO | services.connectors.risk3_connector | [1982/2972] CNPJ 42463174000130 -> CACHE (NAO_ENCONTRADO, 9d/30d)
2026-09-25 12:30:09 | INFO | services.connectors.risk3_connector | [1983/2972] CNPJ 42566752000164 -> CACHE (SUCESSO, 85d/365d)
2026-09-25 12:30:09 | INFO | services.connectors.risk3_connector | [1984/2972] CNPJ 42599019000146 -> CACHE (SUCESSO, 347d/365d)
2026-09-25 12:30:09 | INFO | services.connectors.risk3_connector | [1985/2972] CNPJ 42599019000308 -> CACHE (SUCESSO, 347d/365d)
2026-09-25 12:30:09 | INFO | services.connectors.risk3_connector | [1986/2972] CNPJ 42632288000167 -> CACHE (SUCESSO, 66d/365d)
2026-09-25 12:30:09 | INFO | services.connectors.risk3_connector | [1987/2972] CNPJ 42644220000106 -> CACHE (SUCESSO, 100d/365d)
2026-09-25 12:30:09 | INFO | services.connectors.risk3_connector | [1988/2972] CNPJ 42823087000147 -> CACHE (NAO_ENCONTRADO, 9d/30d)
2026-09-25 12:30:09 | INFO | services.connectors.risk3_connector | [1989/2972] CNPJ 42902392000124 -> CACHE (SUCESSO, 74d/365d)
2026-09-25 12:30:09 | INFO | services.connectors.risk3_connector | [1990/2972] CNPJ 42956441000101 -> CACHE (SUCESSO, 163d/365d)
2026-09-25 12:30:09 | INFO | services.connectors.risk3_connector | [1991/2972] CNPJ 43014521000704 -> CACHE (NAO_ENCONTRADO, 3d/30d)
2026-09-25 12:30:09 | INFO | services.connectors.risk3_connector | [1992/2972] CNPJ 43121086000113 -> CACHE (SUCESSO, 95d/365d)
2026-09-25 12:30:09 | INFO | services.connectors.risk3_connector | [1993/2972] CNPJ 43123272000272 -> CACHE (SUCESSO, 137d/365d)
2026-09-25 12:30:09 | INFO | services.connectors.risk3_connector | [1994/2972] CNPJ 43204350000182 -> CACHE (NAO_ENCONTRADO, 3d/30d)
2026-09-25 12:30:09 | INFO | services.connectors.risk3_connector | [1995/2972] CNPJ 43206069000189 -> CACHE (SUCESSO, 193d/365d)
2026-09-25 12:30:09 | INFO | services.connectors.risk3_connector | [1996/2972] CNPJ 43248129000126 -> CACHE (SUCESSO, 93d/365d)
2026-09-25 12:30:09 | INFO | services.connectors.risk3_connector | [1997/2972] CNPJ 43308969000137 -> CACHE (SUCESSO, 136d/365d)
2026-09-25 12:30:09 | INFO | services.connectors.risk3_connector | [1998/2972] CNPJ 43344428000164 -> CACHE (SUCESSO, 156d/365d)
2026-09-25 12:30:09 | INFO | services.connectors.risk3_connector | [1999/2972] CNPJ 43412008000178 -> CACHE (NAO_ENCONTRADO, 9d/30d)
2026-09-25 12:30:09 | INFO | services.connectors.risk3_connector | [2000/2972] CNPJ 43443043000154 -> CACHE (SUCESSO, 24d/365d)
2026-09-25 12:30:09 | INFO | services.connectors.risk3_connector | [2001/2972] CNPJ 43461789000190 -> CACHE (NAO_ENCONTRADO, 9d/30d)
2026-09-25 12:30:09 | INFO | services.connectors.risk3_connector | [2002/2972] CNPJ 43468701000162 -> CACHE (SUCESSO, 240d/365d)
2026-09-25 12:30:09 | INFO | services.connectors.risk3_connector | [2003/2972] CNPJ 43474212000113 -> CACHE (NAO_ENCONTRADO, 3d/30d)
2026-09-25 12:30:09 | INFO | services.connectors.risk3_connector | [2004/2972] CNPJ 43545284000104 -> CACHE (SUCESSO, 150d/365d)
2026-09-25 12:30:09 | INFO | services.connectors.risk3_connector | [2005/2972] CNPJ 43553668000179 -> CACHE (NAO_ENCONTRADO, 3d/30d)
2026-09-25 12:30:09 | INFO | services.connectors.risk3_connector | [2006/2972] CNPJ 43559079000106 -> CACHE (SUCESSO, 93d/365d)
2026-09-25 12:30:09 | INFO | services.connectors.risk3_connector | [2007/2972] CNPJ 43594977000197 -> CACHE (SUCESSO, 106d/365d)
2026-09-25 12:30:09 | INFO | services.connectors.risk3_connector | [2008/2972] CNPJ 43619832001760 -> CACHE (SUCESSO, 148d/365d)
2026-09-25 12:30:09 | INFO | services.connectors.risk3_connector | [2009/2972] CNPJ 43672716000148 -> CACHE (SUCESSO, 93d/365d)
2026-09-25 12:30:09 | INFO | services.connectors.risk3_connector | [2010/2972] CNPJ 43736610000241 -> CACHE (SUCESSO, 92d/365d)
2026-09-25 12:30:09 | INFO | services.connectors.risk3_connector | [2011/2972] CNPJ 43807239000180 -> CACHE (NAO_ENCONTRADO, 3d/30d)
2026-09-25 12:30:09 | INFO | services.connectors.risk3_connector | [2012/2972] CNPJ 43829282000147 -> CACHE (SUCESSO, 343d/365d)
2026-09-25 12:30:09 | INFO | services.connectors.risk3_connector | [2013/2972] CNPJ 43843358000199 -> CACHE (NAO_ENCONTRADO, 3d/30d)
2026-09-25 12:30:09 | INFO | services.connectors.risk3_connector | [2014/2972] CNPJ 43843358000865 -> CACHE (NAO_ENCONTRADO, 3d/30d)
2026-09-25 12:30:09 | INFO | services.connectors.risk3_connector | [2015/2972] CNPJ 43948561000120 -> CACHE (NAO_ENCONTRADO, 3d/30d)
2026-09-25 12:30:09 | INFO | services.connectors.risk3_connector | [2016/2972] CNPJ 43993591000409 -> CACHE (NAO_ENCONTRADO, 3d/30d)
2026-09-25 12:30:09 | INFO | services.connectors.risk3_connector | [2017/2972] CNPJ 44003911000148 -> CACHE (SUCESSO, 255d/365d)
2026-09-25 12:30:09 | INFO | services.connectors.risk3_connector | [2018/2972] CNPJ 44010502000179 -> CACHE (SUCESSO, 92d/365d)
2026-09-25 12:30:09 | INFO | services.connectors.risk3_connector | [2019/2972] CNPJ 44039210000169 -> CACHE (SUCESSO, 92d/365d)
2026-09-25 12:30:09 | INFO | services.connectors.risk3_connector | [2020/2972] CNPJ 44094894000100 -> CACHE (SUCESSO, 207d/365d)
2026-09-25 12:30:09 | INFO | services.connectors.risk3_connector | [2021/2972] CNPJ 44145845000140 -> CACHE (SUCESSO, 324d/365d)
2026-09-25 12:30:09 | INFO | services.connectors.risk3_connector | [2022/2972] CNPJ 44145845001112 -> CACHE (NAO_ENCONTRADO, 3d/30d)
2026-09-25 12:30:09 | INFO | services.connectors.risk3_connector | [2023/2972] CNPJ 44145845003409 -> CACHE (NAO_ENCONTRADO, 3d/30d)
2026-09-25 12:30:09 | INFO | services.connectors.risk3_connector | [2024/2972] CNPJ 44248862000103 -> CACHE (NAO_ENCONTRADO, 3d/30d)
2026-09-25 12:30:09 | INFO | services.connectors.risk3_connector | [2025/2972] CNPJ 44336946000107 -> CACHE (NAO_ENCONTRADO, 3d/30d)
2026-09-25 12:30:09 | INFO | services.connectors.risk3_connector | [2026/2972] CNPJ 44355306000136 -> CACHE (SUCESSO, 198d/365d)
2026-09-25 12:30:09 | INFO | services.connectors.risk3_connector | [2027/2972] CNPJ 44358067000178 -> CACHE (SUCESSO, 85d/365d)
2026-09-25 12:30:09 | INFO | services.connectors.risk3_connector | [2028/2972] CNPJ 44394990000165 -> CACHE (SUCESSO, 179d/365d)
2026-09-25 12:30:09 | INFO | services.connectors.risk3_connector | [2029/2972] CNPJ 44572744000156 -> CACHE (NAO_ENCONTRADO, 3d/30d)
2026-09-25 12:30:09 | INFO | services.connectors.risk3_connector | [2030/2972] CNPJ 44589885000181 -> CACHE (NAO_ENCONTRADO, 3d/30d)
2026-09-25 12:30:09 | INFO | services.connectors.risk3_connector | [2031/2972] CNPJ 44630044000170 -> CACHE (SUCESSO, 297d/365d)
2026-09-25 12:30:09 | INFO | services.connectors.risk3_connector | [2032/2972] CNPJ 44701688000102 -> CACHE (SUCESSO, 332d/365d)
2026-09-25 12:30:09 | INFO | services.connectors.risk3_connector | [2033/2972] CNPJ 44930204000954 -> CACHE (SUCESSO, 70d/365d)
2026-09-25 12:30:09 | INFO | services.connectors.risk3_connector | [2034/2972] CNPJ 44944668000162 -> CACHE (SUCESSO, 93d/365d)
2026-09-25 12:30:09 | INFO | services.connectors.risk3_connector | [2035/2972] CNPJ 45236791000191 -> CACHE (SUCESSO, 287d/365d)
2026-09-25 12:30:09 | INFO | services.connectors.risk3_connector | [2036/2972] CNPJ 45321225000269 -> CACHE (SUCESSO, 203d/365d)
2026-09-25 12:30:09 | INFO | services.connectors.risk3_connector | [2037/2972] CNPJ 45365541000151 -> CACHE (SUCESSO, 93d/365d)
2026-09-25 12:30:09 | INFO | services.connectors.risk3_connector | [2038/2972] CNPJ 45365558000613 -> CACHE (SUCESSO, 93d/365d)
2026-09-25 12:30:09 | INFO | services.connectors.risk3_connector | [2039/2972] CNPJ 45399961000159 -> CACHE (SUCESSO, 102d/365d)
2026-09-25 12:30:09 | INFO | services.connectors.risk3_connector | [2040/2972] CNPJ 45399961000230 -> CACHE (SUCESSO, 92d/365d)
2026-09-25 12:30:09 | INFO | services.connectors.risk3_connector | [2041/2972] CNPJ 45420726000111 -> CACHE (SUCESSO, 235d/365d)
2026-09-25 12:30:09 | INFO | services.connectors.risk3_connector | [2042/2972] CNPJ 45542453000188 -> CACHE (SUCESSO, 15d/365d)
2026-09-25 12:30:09 | INFO | services.connectors.risk3_connector | [2043/2972] CNPJ 45829681000133 -> CACHE (SUCESSO, 92d/365d)
2026-09-25 12:30:09 | INFO | services.connectors.risk3_connector | [2044/2972] CNPJ 45836050000141 -> CACHE (NAO_ENCONTRADO, 9d/30d)
2026-09-25 12:30:09 | INFO | services.connectors.risk3_connector | [2045/2972] CNPJ 45866316000107 -> CACHE (SUCESSO, 92d/365d)
2026-09-25 12:30:09 | INFO | services.connectors.risk3_connector | [2046/2972] CNPJ 45931904000179 -> CACHE (SUCESSO, 170d/365d)
2026-09-25 12:30:09 | INFO | services.connectors.risk3_connector | [2047/2972] CNPJ 46025722000100 -> CACHE (NAO_ENCONTRADO, 3d/30d)
2026-09-25 12:30:09 | INFO | services.connectors.risk3_connector | [2048/2972] CNPJ 46025722002730 -> CACHE (NAO_ENCONTRADO, 3d/30d)
2026-09-25 12:30:09 | INFO | services.connectors.risk3_connector | [2049/2972] CNPJ 46082624000104 -> CACHE (SUCESSO, 255d/365d)
2026-09-25 12:30:09 | INFO | services.connectors.risk3_connector | [2050/2972] CNPJ 46199337000170 -> CACHE (NAO_ENCONTRADO, 3d/30d)
2026-09-25 12:30:09 | INFO | services.connectors.risk3_connector | [2051/2972] CNPJ 46241741000165 -> CACHE (SUCESSO, 93d/365d)
2026-09-25 12:30:09 | INFO | services.connectors.risk3_connector | [2052/2972] CNPJ 46242558000184 -> CACHE (SUCESSO, 59d/365d)
2026-09-25 12:30:09 | INFO | services.connectors.risk3_connector | [2053/2972] CNPJ 46243234000160 -> CACHE (NAO_ENCONTRADO, 3d/30d)
2026-09-25 12:30:09 | INFO | services.connectors.risk3_connector | [2054/2972] CNPJ 46373655000106 -> CACHE (SUCESSO, 105d/365d)
2026-09-25 12:30:09 | INFO | services.connectors.risk3_connector | [2055/2972] CNPJ 46409975000179 -> CACHE (NAO_ENCONTRADO, 3d/30d)
2026-09-25 12:30:09 | INFO | services.connectors.risk3_connector | [2056/2972] CNPJ 46494301000110 -> CACHE (SUCESSO, 79d/365d)
2026-09-25 12:30:09 | INFO | services.connectors.risk3_connector | [2057/2972] CNPJ 46587879000110 -> CACHE (NAO_ENCONTRADO, 3d/30d)
2026-09-25 12:30:09 | INFO | services.connectors.risk3_connector | [2058/2972] CNPJ 46664330000182 -> CACHE (SUCESSO, 165d/365d)
2026-09-25 12:30:09 | INFO | services.connectors.risk3_connector | [2059/2972] CNPJ 46766812000143 -> CACHE (SUCESSO, 245d/365d)
2026-09-25 12:30:09 | INFO | services.connectors.risk3_connector | [2060/2972] CNPJ 46889424000150 -> CACHE (NAO_ENCONTRADO, 3d/30d)
2026-09-25 12:30:09 | INFO | services.connectors.risk3_connector | [2061/2972] CNPJ 46986451000140 -> CACHE (SUCESSO, 92d/365d)
2026-09-25 12:30:09 | INFO | services.connectors.risk3_connector | [2062/2972] CNPJ 47034509000119 -> CACHE (SUCESSO, 93d/365d)
2026-09-25 12:30:09 | INFO | services.connectors.risk3_connector | [2063/2972] CNPJ 47055959000198 -> CACHE (SUCESSO, 93d/365d)
2026-09-25 12:30:09 | INFO | services.connectors.risk3_connector | [2064/2972] CNPJ 47067525000108 -> CACHE (SUCESSO, 143d/365d)
2026-09-25 12:30:09 | INFO | services.connectors.risk3_connector | [2065/2972] CNPJ 47080619000117 -> CACHE (SUCESSO, 121d/365d)
2026-09-25 12:30:09 | INFO | services.connectors.risk3_connector | [2066/2972] CNPJ 47080619001199 -> CACHE (NAO_ENCONTRADO, 23d/30d)
2026-09-25 12:30:09 | INFO | services.connectors.risk3_connector | [2067/2972] CNPJ 47115803000155 -> CACHE (NAO_ENCONTRADO, 3d/30d)
2026-09-25 12:30:09 | INFO | services.connectors.risk3_connector | [2068/2972] CNPJ 47155252000153 -> CACHE (SUCESSO, 345d/365d)
2026-09-25 12:30:09 | INFO | services.connectors.risk3_connector | [2069/2972] CNPJ 47187794000108 -> CACHE (SUCESSO, 255d/365d)
2026-09-25 12:30:09 | INFO | services.connectors.risk3_connector | [2070/2972] CNPJ 47234844000160 -> CACHE (SUCESSO, 38d/365d)
2026-09-25 12:30:09 | INFO | services.connectors.risk3_connector | [2071/2972] CNPJ 47366273001270 -> CACHE (SUCESSO, 170d/365d)
2026-09-25 12:30:09 | INFO | services.connectors.risk3_connector | [2072/2972] CNPJ 47488077000116 -> CACHE (SUCESSO, 312d/365d)
2026-09-25 12:30:09 | INFO | services.connectors.risk3_connector | [2073/2972] CNPJ 47508411000156 -> CACHE (SUCESSO, 200d/365d)
2026-09-25 12:30:09 | INFO | services.connectors.risk3_connector | [2074/2972] CNPJ 47595863000112 -> CACHE (NAO_ENCONTRADO, 9d/30d)
2026-09-25 12:30:09 | INFO | services.connectors.risk3_connector | [2075/2972] CNPJ 47634450000108 -> CACHE (SUCESSO, 92d/365d)
2026-09-25 12:30:09 | INFO | services.connectors.risk3_connector | [2076/2972] CNPJ 47658073000139 -> CACHE (NAO_ENCONTRADO, 9d/30d)
2026-09-25 12:30:09 | INFO | services.connectors.risk3_connector | [2077/2972] CNPJ 47673906000130 -> CACHE (SUCESSO, 92d/365d)
2026-09-25 12:30:09 | INFO | services.connectors.risk3_connector | [2078/2972] CNPJ 47725835000172 -> CACHE (SUCESSO, 86d/365d)
2026-09-25 12:30:09 | INFO | services.connectors.risk3_connector | [2079/2972] CNPJ 47799028000285 -> CACHE (NAO_ENCONTRADO, 3d/30d)
2026-09-25 12:30:09 | INFO | services.connectors.risk3_connector | [2080/2972] CNPJ 47856544000113 -> CACHE (SUCESSO, 22d/365d)
2026-09-25 12:30:09 | INFO | services.connectors.risk3_connector | [2081/2972] CNPJ 47865800000210 -> CACHE (SUCESSO, 29d/365d)
2026-09-25 12:30:09 | INFO | services.connectors.risk3_connector | [2082/2972] CNPJ 47866165000104 -> CACHE (SUCESSO, 93d/365d)
2026-09-25 12:30:09 | INFO | services.connectors.risk3_connector | [2083/2972] CNPJ 47881602000169 -> CACHE (NAO_ENCONTRADO, 3d/30d)
2026-09-25 12:30:09 | INFO | services.connectors.risk3_connector | [2084/2972] CNPJ 47902283000120 -> CACHE (SUCESSO, 37d/365d)
2026-09-25 12:30:09 | INFO | services.connectors.risk3_connector | [2085/2972] CNPJ 47938840000163 -> CACHE (SUCESSO, 337d/365d)
2026-09-25 12:30:09 | INFO | services.connectors.risk3_connector | [2086/2972] CNPJ 47964911000100 -> CACHE (SUCESSO, 136d/365d)
2026-09-25 12:30:09 | INFO | services.connectors.risk3_connector | [2087/2972] CNPJ 47988423000125 -> CACHE (NAO_ENCONTRADO, 3d/30d)
2026-09-25 12:30:09 | INFO | services.connectors.risk3_connector | [2088/2972] CNPJ 48063416000185 -> CACHE (NAO_ENCONTRADO, 3d/30d)
2026-09-25 12:30:09 | INFO | services.connectors.risk3_connector | [2089/2972] CNPJ 48251703000119 -> CACHE (SUCESSO, 119d/365d)
2026-09-25 12:30:09 | INFO | services.connectors.risk3_connector | [2090/2972] CNPJ 48256824000153 -> CACHE (SUCESSO, 50d/365d)
2026-09-25 12:30:09 | INFO | services.connectors.risk3_connector | [2091/2972] CNPJ 48344725000719 -> CACHE (SUCESSO, 155d/365d)
2026-09-25 12:30:09 | INFO | services.connectors.risk3_connector | [2092/2972] CNPJ 48400908000119 -> CACHE (NAO_ENCONTRADO, 9d/30d)
2026-09-25 12:30:09 | INFO | services.connectors.risk3_connector | [2093/2972] CNPJ 48510937000133 -> CACHE (NAO_ENCONTRADO, 3d/30d)
2026-09-25 12:30:09 | INFO | services.connectors.risk3_connector | [2094/2972] CNPJ 48539407000118 -> CACHE (SUCESSO, 99d/365d)
2026-09-25 12:30:09 | INFO | services.connectors.risk3_connector | [2095/2972] CNPJ 48539407007392 -> CACHE (NAO_ENCONTRADO, 9d/30d)
2026-09-25 12:30:09 | INFO | services.connectors.risk3_connector | [2096/2972] CNPJ 48540421000131 -> CACHE (SUCESSO, 46d/365d)
2026-09-25 12:30:09 | INFO | services.connectors.risk3_connector | [2097/2972] CNPJ 48563988000123 -> CACHE (SUCESSO, 130d/365d)
2026-09-25 12:30:09 | INFO | services.connectors.risk3_connector | [2098/2972] CNPJ 48591179000125 -> CACHE (SUCESSO, 115d/365d)
2026-09-25 12:30:09 | INFO | services.connectors.risk3_connector | [2099/2972] CNPJ 48708267000164 -> CACHE (SUCESSO, 30d/365d)
2026-09-25 12:30:09 | INFO | services.connectors.risk3_connector | [2100/2972] CNPJ 48725956000187 -> CACHE (SUCESSO, 92d/365d)
2026-09-25 12:30:09 | INFO | services.connectors.risk3_connector | [2101/2972] CNPJ 48740849000128 -> CACHE (SUCESSO, 165d/365d)
2026-09-25 12:30:09 | INFO | services.connectors.risk3_connector | [2102/2972] CNPJ 48845556000105 -> CACHE (SUCESSO, 235d/365d)
2026-09-25 12:30:09 | INFO | services.connectors.risk3_connector | [2103/2972] CNPJ 48907504000116 -> CACHE (NAO_ENCONTRADO, 3d/30d)
2026-09-25 12:30:09 | INFO | services.connectors.risk3_connector | [2104/2972] CNPJ 48978448000100 -> CACHE (NAO_ENCONTRADO, 3d/30d)
2026-09-25 12:30:09 | INFO | services.connectors.risk3_connector | [2105/2972] CNPJ 48992518000185 -> CACHE (SUCESSO, 92d/365d)
2026-09-25 12:30:09 | INFO | services.connectors.risk3_connector | [2106/2972] CNPJ 49021009000178 -> CACHE (SUCESSO, 93d/365d)
2026-09-25 12:30:09 | INFO | services.connectors.risk3_connector | [2107/2972] CNPJ 49155744000174 -> CACHE (NAO_ENCONTRADO, 3d/30d)
2026-09-25 12:30:09 | INFO | services.connectors.risk3_connector | [2108/2972] CNPJ 49211717000171 -> CACHE (NAO_ENCONTRADO, 3d/30d)
2026-09-25 12:30:09 | INFO | services.connectors.risk3_connector | [2109/2972] CNPJ 49351786000261 -> CACHE (SUCESSO, 7d/365d)
2026-09-25 12:30:09 | INFO | services.connectors.risk3_connector | [2110/2972] CNPJ 49392982000101 -> CACHE (SUCESSO, 93d/365d)
2026-09-25 12:30:09 | INFO | services.connectors.risk3_connector | [2111/2972] CNPJ 49396591000157 -> CACHE (SUCESSO, 190d/365d)
2026-09-25 12:30:09 | INFO | services.connectors.risk3_connector | [2112/2972] CNPJ 49446255000171 -> CACHE (NAO_ENCONTRADO, 3d/30d)
2026-09-25 12:30:09 | INFO | services.connectors.risk3_connector | [2113/2972] CNPJ 49502032000184 -> CACHE (SUCESSO, 164d/365d)
2026-09-25 12:30:09 | INFO | services.connectors.risk3_connector | [2114/2972] CNPJ 49601255000107 -> CACHE (NAO_ENCONTRADO, 3d/30d)
2026-09-25 12:30:09 | INFO | services.connectors.risk3_connector | [2115/2972] CNPJ 49637127000709 -> CACHE (SUCESSO, 92d/365d)
2026-09-25 12:30:09 | INFO | services.connectors.risk3_connector | [2116/2972] CNPJ 49729718000102 -> CACHE (SUCESSO, 130d/365d)
2026-09-25 12:30:09 | INFO | services.connectors.risk3_connector | [2117/2972] CNPJ 49884937000166 -> CACHE (SUCESSO, 291d/365d)
2026-09-25 12:30:09 | INFO | services.connectors.risk3_connector | [2118/2972] CNPJ 49983274000137 -> CACHE (NAO_ENCONTRADO, 9d/30d)
2026-09-25 12:30:09 | INFO | services.connectors.risk3_connector | [2119/2972] CNPJ 50153054000246 -> CACHE (SUCESSO, 53d/365d)
2026-09-25 12:30:09 | INFO | services.connectors.risk3_connector | [2120/2972] CNPJ 50185891000176 -> CACHE (SUCESSO, 4d/365d)
2026-09-25 12:30:09 | INFO | services.connectors.risk3_connector | [2121/2972] CNPJ 50359850000159 -> CACHE (SUCESSO, 203d/365d)
2026-09-25 12:30:09 | INFO | services.connectors.risk3_connector | [2122/2972] CNPJ 50475875000118 -> CACHE (SUCESSO, 190d/365d)
2026-09-25 12:30:09 | INFO | services.connectors.risk3_connector | [2123/2972] CNPJ 50524289000116 -> CACHE (NAO_ENCONTRADO, 3d/30d)
2026-09-25 12:30:09 | INFO | services.connectors.risk3_connector | [2124/2972] CNPJ 50564053000537 -> CACHE (NAO_ENCONTRADO, 3d/30d)
2026-09-25 12:30:09 | INFO | services.connectors.risk3_connector | [2125/2972] CNPJ 50647214000122 -> CACHE (SUCESSO, 92d/365d)
2026-09-25 12:30:09 | INFO | services.connectors.risk3_connector | [2126/2972] CNPJ 50729198000117 -> CACHE (SUCESSO, 183d/365d)
2026-09-25 12:30:09 | INFO | services.connectors.risk3_connector | [2127/2972] CNPJ 50955707000120 -> CACHE (NAO_ENCONTRADO, 9d/30d)
2026-09-25 12:30:09 | INFO | services.connectors.risk3_connector | [2128/2972] CNPJ 50955707001100 -> CACHE (NAO_ENCONTRADO, 9d/30d)
2026-09-25 12:30:09 | INFO | services.connectors.risk3_connector | [2129/2972] CNPJ 50957247000179 -> CACHE (SUCESSO, 165d/365d)
2026-09-25 12:30:09 | INFO | services.connectors.risk3_connector | [2130/2972] CNPJ 50974732000150 -> CACHE (NAO_ENCONTRADO, 3d/30d)
2026-09-25 12:30:09 | INFO | services.connectors.risk3_connector | [2131/2972] CNPJ 51093193000456 -> CACHE (SUCESSO, 93d/365d)
2026-09-25 12:30:09 | INFO | services.connectors.risk3_connector | [2132/2972] CNPJ 51135705000157 -> CACHE (SUCESSO, 9d/365d)
2026-09-25 12:30:09 | INFO | services.connectors.risk3_connector | [2133/2972] CNPJ 51171783000107 -> CACHE (NAO_ENCONTRADO, 3d/30d)
2026-09-25 12:30:09 | INFO | services.connectors.risk3_connector | [2134/2972] CNPJ 51354314000123 -> CACHE (NAO_ENCONTRADO, 3d/30d)
2026-09-25 12:30:09 | INFO | services.connectors.risk3_connector | [2135/2972] CNPJ 51372423000173 -> CACHE (SUCESSO, 92d/365d)
2026-09-25 12:30:09 | INFO | services.connectors.risk3_connector | [2136/2972] CNPJ 51378321000165 -> CACHE (SUCESSO, 155d/365d)
2026-09-25 12:30:09 | INFO | services.connectors.risk3_connector | [2137/2972] CNPJ 51399400000314 -> CACHE (SUCESSO, 92d/365d)
2026-09-25 12:30:09 | INFO | services.connectors.risk3_connector | [2138/2972] CNPJ 51413924000150 -> CACHE (SUCESSO, 252d/365d)
2026-09-25 12:30:09 | INFO | services.connectors.risk3_connector | [2139/2972] CNPJ 51466860000156 -> CACHE (SUCESSO, 119d/365d)
2026-09-25 12:30:09 | INFO | services.connectors.risk3_connector | [2140/2972] CNPJ 51466860002957 -> CACHE (SUCESSO, 92d/365d)
2026-09-25 12:30:09 | INFO | services.connectors.risk3_connector | [2141/2972] CNPJ 51466860006278 -> CACHE (SUCESSO, 92d/365d)
2026-09-25 12:30:09 | INFO | services.connectors.risk3_connector | [2142/2972] CNPJ 51482776000126 -> CACHE (SUCESSO, 92d/365d)
2026-09-25 12:30:09 | INFO | services.connectors.risk3_connector | [2143/2972] CNPJ 51665073000133 -> CACHE (NAO_ENCONTRADO, 3d/30d)
2026-09-25 12:30:09 | INFO | services.connectors.risk3_connector | [2144/2972] CNPJ 51685667000106 -> CACHE (SUCESSO, 155d/365d)
2026-09-25 12:30:09 | INFO | services.connectors.risk3_connector | [2145/2972] CNPJ 51735503000146 -> CACHE (SUCESSO, 135d/365d)
2026-09-25 12:30:09 | INFO | services.connectors.risk3_connector | [2146/2972] CNPJ 51775690000191 -> CACHE (SUCESSO, 122d/365d)
2026-09-25 12:30:09 | INFO | services.connectors.risk3_connector | [2147/2972] CNPJ 51784262000125 -> CACHE (SUCESSO, 332d/365d)
2026-09-25 12:30:09 | INFO | services.connectors.risk3_connector | [2148/2972] CNPJ 51832046000108 -> CACHE (NAO_ENCONTRADO, 3d/30d)
2026-09-25 12:30:09 | INFO | services.connectors.risk3_connector | [2149/2972] CNPJ 52044676000180 -> CACHE (SUCESSO, 93d/365d)
2026-09-25 12:30:09 | INFO | services.connectors.risk3_connector | [2150/2972] CNPJ 52107364000179 -> CACHE (SUCESSO, 151d/365d)
2026-09-25 12:30:09 | INFO | services.connectors.risk3_connector | [2151/2972] CNPJ 52123916000132 -> CACHE (SUCESSO, 155d/365d)
2026-09-25 12:30:09 | INFO | services.connectors.risk3_connector | [2152/2972] CNPJ 52123916000213 -> CACHE (SUCESSO, 93d/365d)
2026-09-25 12:30:09 | INFO | services.connectors.risk3_connector | [2153/2972] CNPJ 52123916001023 -> CACHE (SUCESSO, 93d/365d)
2026-09-25 12:30:09 | INFO | services.connectors.risk3_connector | [2154/2972] CNPJ 52177777000120 -> CACHE (NAO_ENCONTRADO, 9d/30d)
2026-09-25 12:30:09 | INFO | services.connectors.risk3_connector | [2155/2972] CNPJ 52287497000174 -> CACHE (SUCESSO, 155d/365d)
2026-09-25 12:30:09 | INFO | services.connectors.risk3_connector | [2156/2972] CNPJ 52311289000163 -> CACHE (SUCESSO, 232d/365d)
2026-09-25 12:30:09 | INFO | services.connectors.risk3_connector | [2157/2972] CNPJ 52326527000104 -> CACHE (SUCESSO, 92d/365d)
2026-09-25 12:30:09 | INFO | services.connectors.risk3_connector | [2158/2972] CNPJ 52440971000156 -> CACHE (NAO_ENCONTRADO, 3d/30d)
2026-09-25 12:30:09 | INFO | services.connectors.risk3_connector | [2159/2972] CNPJ 52548435000179 -> CACHE (SUCESSO, 101d/365d)
2026-09-25 12:30:09 | INFO | services.connectors.risk3_connector | [2160/2972] CNPJ 52618139002221 -> CACHE (SUCESSO, 123d/365d)
2026-09-25 12:30:09 | INFO | services.connectors.risk3_connector | [2161/2972] CNPJ 52645009000153 -> CACHE (SUCESSO, 262d/365d)
2026-09-25 12:30:09 | INFO | services.connectors.risk3_connector | [2162/2972] CNPJ 52736949000158 -> CACHE (NAO_ENCONTRADO, 9d/30d)
2026-09-25 12:30:09 | INFO | services.connectors.risk3_connector | [2163/2972] CNPJ 53012414000105 -> CACHE (SUCESSO, 105d/365d)
2026-09-25 12:30:09 | INFO | services.connectors.risk3_connector | [2164/2972] CNPJ 53031654000149 -> CACHE (SUCESSO, 93d/365d)
2026-09-25 12:30:09 | INFO | services.connectors.risk3_connector | [2165/2972] CNPJ 53054965000123 -> CACHE (SUCESSO, 32d/365d)
2026-09-25 12:30:09 | INFO | services.connectors.risk3_connector | [2166/2972] CNPJ 53056853000101 -> CACHE (SUCESSO, 79d/365d)
2026-09-25 12:30:09 | INFO | services.connectors.risk3_connector | [2167/2972] CNPJ 53135232000113 -> CACHE (NAO_ENCONTRADO, 3d/30d)
2026-09-25 12:30:09 | INFO | services.connectors.risk3_connector | [2168/2972] CNPJ 53162783000176 -> CACHE (SUCESSO, 74d/365d)
2026-09-25 12:30:09 | INFO | services.connectors.risk3_connector | [2169/2972] CNPJ 53224085000158 -> CACHE (SUCESSO, 92d/365d)
2026-09-25 12:30:09 | INFO | services.connectors.risk3_connector | [2170/2972] CNPJ 53266498000103 -> CACHE (SUCESSO, 92d/365d)
2026-09-25 12:30:09 | INFO | services.connectors.risk3_connector | [2171/2972] CNPJ 53309845000120 -> CACHE (NAO_ENCONTRADO, 3d/30d)
2026-09-25 12:30:09 | INFO | services.connectors.risk3_connector | [2172/2972] CNPJ 53350047000141 -> CACHE (SUCESSO, 93d/365d)
2026-09-25 12:30:09 | INFO | services.connectors.risk3_connector | [2173/2972] CNPJ 53355004000159 -> CACHE (NAO_ENCONTRADO, 3d/30d)
2026-09-25 12:30:09 | INFO | services.connectors.risk3_connector | [2174/2972] CNPJ 53650775000179 -> CACHE (NAO_ENCONTRADO, 3d/30d)
2026-09-25 12:30:09 | INFO | services.connectors.risk3_connector | [2175/2972] CNPJ 53804305000112 -> CACHE (SUCESSO, 92d/365d)
2026-09-25 12:30:09 | INFO | services.connectors.risk3_connector | [2176/2972] CNPJ 53859112000169 -> CACHE (NAO_ENCONTRADO, 23d/30d)
2026-09-25 12:30:09 | INFO | services.connectors.risk3_connector | [2177/2972] CNPJ 53865531000103 -> CACHE (SUCESSO, 239d/365d)
2026-09-25 12:30:09 | INFO | services.connectors.risk3_connector | [2178/2972] CNPJ 53910899000146 -> CACHE (SUCESSO, 234d/365d)
2026-09-25 12:30:09 | INFO | services.connectors.risk3_connector | [2179/2972] CNPJ 53915849000151 -> CACHE (NAO_ENCONTRADO, 3d/30d)
2026-09-25 12:30:09 | INFO | services.connectors.risk3_connector | [2180/2972] CNPJ 53918116000170 -> CACHE (SUCESSO, 136d/365d)
2026-09-25 12:30:09 | INFO | services.connectors.risk3_connector | [2181/2972] CNPJ 53943098000187 -> CACHE (SUCESSO, 358d/365d)
2026-09-25 12:30:09 | INFO | services.connectors.risk3_connector | [2182/2972] CNPJ 54105671000146 -> CACHE (SUCESSO, 14d/365d)
2026-09-25 12:30:09 | INFO | services.connectors.risk3_connector | [2183/2972] CNPJ 54111737000100 -> CACHE (SUCESSO, 74d/365d)
2026-09-25 12:30:09 | INFO | services.connectors.risk3_connector | [2184/2972] CNPJ 54113683000112 -> CACHE (SUCESSO, 92d/365d)
2026-09-25 12:30:09 | INFO | services.connectors.risk3_connector | [2185/2972] CNPJ 54218054000157 -> CACHE (SUCESSO, 45d/365d)
2026-09-25 12:30:09 | INFO | services.connectors.risk3_connector | [2186/2972] CNPJ 54252354000152 -> CACHE (SUCESSO, 73d/365d)
2026-09-25 12:30:09 | INFO | services.connectors.risk3_connector | [2187/2972] CNPJ 54304431000170 -> CACHE (NAO_ENCONTRADO, 3d/30d)
2026-09-25 12:30:09 | INFO | services.connectors.risk3_connector | [2188/2972] CNPJ 54363072000122 -> CACHE (NAO_ENCONTRADO, 3d/30d)
2026-09-25 12:30:09 | INFO | services.connectors.risk3_connector | [2189/2972] CNPJ 54371133000101 -> CACHE (NAO_ENCONTRADO, 3d/30d)
2026-09-25 12:30:09 | INFO | services.connectors.risk3_connector | [2190/2972] CNPJ 54406566000147 -> CACHE (SUCESSO, 93d/365d)
2026-09-25 12:30:09 | INFO | services.connectors.risk3_connector | [2191/2972] CNPJ 54625819000173 -> CACHE (SUCESSO, 302d/365d)
2026-09-25 12:30:09 | INFO | services.connectors.risk3_connector | [2192/2972] CNPJ 54625819003784 -> CACHE (SUCESSO, 92d/365d)
2026-09-25 12:30:09 | INFO | services.connectors.risk3_connector | [2193/2972] CNPJ 54672449000125 -> CACHE (NAO_ENCONTRADO, 9d/30d)
2026-09-25 12:30:09 | INFO | services.connectors.risk3_connector | [2194/2972] CNPJ 54809502000197 -> CACHE (SUCESSO, 53d/365d)
2026-09-25 12:30:09 | INFO | services.connectors.risk3_connector | [2195/2972] CNPJ 54876131000166 -> CACHE (NAO_ENCONTRADO, 3d/30d)
2026-09-25 12:30:09 | INFO | services.connectors.risk3_connector | [2196/2972] CNPJ 54898614000161 -> CACHE (SUCESSO, 165d/365d)
2026-09-25 12:30:09 | INFO | services.connectors.risk3_connector | [2197/2972] CNPJ 54900010000102 -> CACHE (SUCESSO, 205d/365d)
2026-09-25 12:30:09 | INFO | services.connectors.risk3_connector | [2198/2972] CNPJ 55116131000120 -> CACHE (SUCESSO, 92d/365d)
2026-09-25 12:30:09 | INFO | services.connectors.risk3_connector | [2199/2972] CNPJ 55223127000242 -> CACHE (SUCESSO, 155d/365d)
2026-09-25 12:30:09 | INFO | services.connectors.risk3_connector | [2200/2972] CNPJ 55257059000151 -> CACHE (SUCESSO, 93d/365d)
2026-09-25 12:30:09 | INFO | services.connectors.risk3_connector | [2201/2972] CNPJ 55277495000192 -> CACHE (NAO_ENCONTRADO, 3d/30d)
2026-09-25 12:30:09 | INFO | services.connectors.risk3_connector | [2202/2972] CNPJ 55407134000113 -> CACHE (SUCESSO, 8d/365d)
2026-09-25 12:30:09 | INFO | services.connectors.risk3_connector | [2203/2972] CNPJ 55624498000155 -> CACHE (SUCESSO, 100d/365d)
2026-09-25 12:30:09 | INFO | services.connectors.risk3_connector | [2204/2972] CNPJ 55685369000177 -> CACHE (SUCESSO, 92d/365d)
2026-09-25 12:30:09 | INFO | services.connectors.risk3_connector | [2205/2972] CNPJ 55773964000164 -> CACHE (SUCESSO, 255d/365d)
2026-09-25 12:30:09 | INFO | services.connectors.risk3_connector | [2206/2972] CNPJ 55895031000140 -> CACHE (NAO_ENCONTRADO, 3d/30d)
2026-09-25 12:30:09 | INFO | services.connectors.risk3_connector | [2207/2972] CNPJ 55924836000174 -> CACHE (SUCESSO, 287d/365d)
2026-09-25 12:30:09 | INFO | services.connectors.risk3_connector | [2208/2972] CNPJ 55935046000194 -> CACHE (SUCESSO, 142d/365d)
2026-09-25 12:30:09 | INFO | services.connectors.risk3_connector | [2209/2972] CNPJ 55973762000328 -> CACHE (SUCESSO, 93d/365d)
2026-09-25 12:30:09 | INFO | services.connectors.risk3_connector | [2210/2972] CNPJ 55979736000145 -> CACHE (SUCESSO, 140d/365d)
2026-09-25 12:30:09 | INFO | services.connectors.risk3_connector | [2211/2972] CNPJ 55980684000127 -> CACHE (SUCESSO, 100d/365d)
2026-09-25 12:30:09 | INFO | services.connectors.risk3_connector | [2212/2972] CNPJ 55983670000167 -> CACHE (SUCESSO, 93d/365d)
2026-09-25 12:30:09 | INFO | services.connectors.risk3_connector | [2213/2972] CNPJ 55999932000181 -> CACHE (SUCESSO, 184d/365d)
2026-09-25 12:30:09 | INFO | services.connectors.risk3_connector | [2214/2972] CNPJ 56023443000152 -> CACHE (SUCESSO, 35d/365d)
2026-09-25 12:30:09 | INFO | services.connectors.risk3_connector | [2215/2972] CNPJ 56139066000626 -> CACHE (SUCESSO, 170d/365d)
2026-09-25 12:30:09 | INFO | services.connectors.risk3_connector | [2216/2972] CNPJ 56384183000140 -> CACHE (NAO_ENCONTRADO, 9d/30d)
2026-09-25 12:30:09 | INFO | services.connectors.risk3_connector | [2217/2972] CNPJ 56431364000776 -> CACHE (NAO_ENCONTRADO, 3d/30d)
2026-09-25 12:30:09 | INFO | services.connectors.risk3_connector | [2218/2972] CNPJ 56548753000190 -> CACHE (SUCESSO, 235d/365d)
2026-09-25 12:30:09 | INFO | services.connectors.risk3_connector | [2219/2972] CNPJ 56720287000189 -> CACHE (SUCESSO, 93d/365d)
2026-09-25 12:30:09 | INFO | services.connectors.risk3_connector | [2220/2972] CNPJ 56720428001488 -> CACHE (NAO_ENCONTRADO, 9d/30d)
2026-09-25 12:30:09 | INFO | services.connectors.risk3_connector | [2221/2972] CNPJ 56816085000135 -> CACHE (NAO_ENCONTRADO, 3d/30d)
2026-09-25 12:30:09 | INFO | services.connectors.risk3_connector | [2222/2972] CNPJ 56912124000106 -> CACHE (SUCESSO, 155d/365d)
2026-09-25 12:30:09 | INFO | services.connectors.risk3_connector | [2223/2972] CNPJ 56959422000143 -> CACHE (NAO_ENCONTRADO, 3d/30d)
2026-09-25 12:30:09 | INFO | services.connectors.risk3_connector | [2224/2972] CNPJ 57006983000433 -> CACHE (SUCESSO, 151d/365d)
2026-09-25 12:30:09 | INFO | services.connectors.risk3_connector | [2225/2972] CNPJ 57010480000431 -> CACHE (SUCESSO, 155d/365d)
2026-09-25 12:30:09 | INFO | services.connectors.risk3_connector | [2226/2972] CNPJ 57031061000133 -> CACHE (NAO_ENCONTRADO, 3d/30d)
2026-09-25 12:30:09 | INFO | services.connectors.risk3_connector | [2227/2972] CNPJ 57075400000183 -> CACHE (NAO_ENCONTRADO, 3d/30d)
2026-09-25 12:30:09 | INFO | services.connectors.risk3_connector | [2228/2972] CNPJ 57107609000343 -> CACHE (SUCESSO, 163d/365d)
2026-09-25 12:30:09 | INFO | services.connectors.risk3_connector | [2229/2972] CNPJ 57159923000108 -> CACHE (NAO_ENCONTRADO, 3d/30d)
2026-09-25 12:30:09 | INFO | services.connectors.risk3_connector | [2230/2972] CNPJ 57227134000167 -> CACHE (SUCESSO, 93d/365d)
2026-09-25 12:30:09 | INFO | services.connectors.risk3_connector | [2231/2972] CNPJ 57417453000135 -> CACHE (SUCESSO, 92d/365d)
2026-09-25 12:30:09 | INFO | services.connectors.risk3_connector | [2232/2972] CNPJ 57486326000198 -> CACHE (NAO_ENCONTRADO, 3d/30d)
2026-09-25 12:30:09 | INFO | services.connectors.risk3_connector | [2233/2972] CNPJ 57497539000700 -> CACHE (NAO_ENCONTRADO, 9d/30d)
2026-09-25 12:30:09 | INFO | services.connectors.risk3_connector | [2234/2972] CNPJ 57497539001359 -> CACHE (NAO_ENCONTRADO, 9d/30d)
2026-09-25 12:30:09 | INFO | services.connectors.risk3_connector | [2235/2972] CNPJ 57497539001600 -> CACHE (NAO_ENCONTRADO, 9d/30d)
2026-09-25 12:30:09 | INFO | services.connectors.risk3_connector | [2236/2972] CNPJ 57507378000365 -> CACHE (SUCESSO, 254d/365d)
2026-09-25 12:30:09 | INFO | services.connectors.risk3_connector | [2237/2972] CNPJ 57507626000106 -> CACHE (SUCESSO, 122d/365d)
2026-09-25 12:30:09 | INFO | services.connectors.risk3_connector | [2238/2972] CNPJ 57582793000111 -> CACHE (NAO_ENCONTRADO, 3d/30d)
2026-09-25 12:30:09 | INFO | services.connectors.risk3_connector | [2239/2972] CNPJ 57633414000175 -> CACHE (SUCESSO, 130d/365d)
2026-09-25 12:30:09 | INFO | services.connectors.risk3_connector | [2240/2972] CNPJ 57879827000304 -> CACHE (SUCESSO, 155d/365d)
2026-09-25 12:30:09 | INFO | services.connectors.risk3_connector | [2241/2972] CNPJ 57940546000220 -> CACHE (SUCESSO, 81d/365d)
2026-09-25 12:30:09 | INFO | services.connectors.risk3_connector | [2242/2972] CNPJ 58059643000190 -> CACHE (SUCESSO, 73d/365d)
2026-09-25 12:30:09 | INFO | services.connectors.risk3_connector | [2243/2972] CNPJ 58177643000195 -> CACHE (NAO_ENCONTRADO, 9d/30d)
2026-09-25 12:30:09 | INFO | services.connectors.risk3_connector | [2244/2972] CNPJ 58275042000115 -> CACHE (SUCESSO, 92d/365d)
2026-09-25 12:30:09 | INFO | services.connectors.risk3_connector | [2245/2972] CNPJ 58290545000160 -> CACHE (SUCESSO, 199d/365d)
2026-09-25 12:30:09 | INFO | services.connectors.risk3_connector | [2246/2972] CNPJ 58322512000154 -> CACHE (SUCESSO, 92d/365d)
2026-09-25 12:30:09 | INFO | services.connectors.risk3_connector | [2247/2972] CNPJ 58512310000175 -> CACHE (SUCESSO, 255d/365d)
2026-09-25 12:30:09 | INFO | services.connectors.risk3_connector | [2248/2972] CNPJ 59104422000150 -> CACHE (SUCESSO, 297d/365d)
2026-09-25 12:30:09 | INFO | services.connectors.risk3_connector | [2249/2972] CNPJ 59105171000390 -> CACHE (SUCESSO, 92d/365d)
2026-09-25 12:30:09 | INFO | services.connectors.risk3_connector | [2250/2972] CNPJ 59105635000287 -> CACHE (SUCESSO, 235d/365d)
2026-09-25 12:30:09 | INFO | services.connectors.risk3_connector | [2251/2972] CNPJ 59105999000186 -> CACHE (NAO_ENCONTRADO, 9d/30d)
2026-09-25 12:30:09 | INFO | services.connectors.risk3_connector | [2252/2972] CNPJ 59106666000171 -> CACHE (NAO_ENCONTRADO, 9d/30d)
2026-09-25 12:30:09 | INFO | services.connectors.risk3_connector | [2253/2972] CNPJ 59114777000120 -> CACHE (NAO_ENCONTRADO, 3d/30d)
2026-09-25 12:30:09 | INFO | services.connectors.risk3_connector | [2254/2972] CNPJ 59221316000156 -> CACHE (SUCESSO, 74d/365d)
2026-09-25 12:30:09 | INFO | services.connectors.risk3_connector | [2255/2972] CNPJ 59247502000164 -> CACHE (SUCESSO, 84d/365d)
2026-09-25 12:30:09 | INFO | services.connectors.risk3_connector | [2256/2972] CNPJ 59275792000150 -> CACHE (SUCESSO, 302d/365d)
2026-09-25 12:30:09 | INFO | services.connectors.risk3_connector | [2257/2972] CNPJ 59283671000150 -> CACHE (NAO_ENCONTRADO, 3d/30d)
2026-09-25 12:30:09 | INFO | services.connectors.risk3_connector | [2258/2972] CNPJ 59546606000170 -> CACHE (NAO_ENCONTRADO, 3d/30d)
2026-09-25 12:30:09 | INFO | services.connectors.risk3_connector | [2259/2972] CNPJ 59650366000400 -> CACHE (SUCESSO, 120d/365d)
2026-09-25 12:30:09 | INFO | services.connectors.risk3_connector | [2260/2972] CNPJ 59723874000110 -> CACHE (SUCESSO, 133d/365d)
2026-09-25 12:30:09 | INFO | services.connectors.risk3_connector | [2261/2972] CNPJ 59762831000143 -> CACHE (SUCESSO, 93d/365d)
2026-09-25 12:30:09 | INFO | services.connectors.risk3_connector | [2262/2972] CNPJ 59895385000145 -> CACHE (SUCESSO, 92d/365d)
2026-09-25 12:30:09 | INFO | services.connectors.risk3_connector | [2263/2972] CNPJ 59904482000157 -> CACHE (SUCESSO, 329d/365d)
2026-09-25 12:30:09 | INFO | services.connectors.risk3_connector | [2264/2972] CNPJ 59970947000178 -> CACHE (NAO_ENCONTRADO, 9d/30d)
2026-09-25 12:30:09 | INFO | services.connectors.risk3_connector | [2265/2972] CNPJ 60136249000150 -> CACHE (SUCESSO, 155d/365d)
2026-09-25 12:30:09 | INFO | services.connectors.risk3_connector | [2266/2972] CNPJ 60177862000116 -> CACHE (SUCESSO, 255d/365d)
2026-09-25 12:30:09 | INFO | services.connectors.risk3_connector | [2267/2972] CNPJ 60211893000146 -> CACHE (SUCESSO, 329d/365d)
2026-09-25 12:30:09 | INFO | services.connectors.risk3_connector | [2268/2972] CNPJ 60394723000144 -> CACHE (SUCESSO, 142d/365d)
2026-09-25 12:30:09 | INFO | services.connectors.risk3_connector | [2269/2972] CNPJ 60444437000146 -> CACHE (NAO_ENCONTRADO, 23d/30d)
2026-09-25 12:30:09 | INFO | services.connectors.risk3_connector | [2270/2972] CNPJ 60453024000128 -> CACHE (NAO_ENCONTRADO, 3d/30d)
2026-09-25 12:30:09 | INFO | services.connectors.risk3_connector | [2271/2972] CNPJ 60464237000155 -> CACHE (SUCESSO, 81d/365d)
2026-09-25 12:30:09 | INFO | services.connectors.risk3_connector | [2272/2972] CNPJ 60476884000187 -> CACHE (SUCESSO, 50d/365d)
2026-09-25 12:30:09 | INFO | services.connectors.risk3_connector | [2273/2972] CNPJ 60479680000108 -> CACHE (SUCESSO, 162d/365d)
2026-09-25 12:30:09 | INFO | services.connectors.risk3_connector | [2274/2972] CNPJ 60498706000157 -> CACHE (SUCESSO, 108d/365d)
2026-09-25 12:30:09 | INFO | services.connectors.risk3_connector | [2275/2972] CNPJ 60500246000154 -> CACHE (NAO_ENCONTRADO, 9d/30d)
2026-09-25 12:30:09 | INFO | services.connectors.risk3_connector | [2276/2972] CNPJ 60561800000103 -> CACHE (SUCESSO, 140d/365d)
2026-09-25 12:30:09 | INFO | services.connectors.risk3_connector | [2277/2972] CNPJ 60608866000101 -> CACHE (SUCESSO, 93d/365d)
2026-09-25 12:30:09 | INFO | services.connectors.risk3_connector | [2278/2972] CNPJ 60619202000148 -> CACHE (SUCESSO, 67d/365d)
2026-09-25 12:30:09 | INFO | services.connectors.risk3_connector | [2279/2972] CNPJ 60619202003325 -> CACHE (NAO_ENCONTRADO, 9d/30d)
2026-09-25 12:30:09 | INFO | services.connectors.risk3_connector | [2280/2972] CNPJ 60619202006693 -> CACHE (NAO_ENCONTRADO, 3d/30d)
2026-09-25 12:30:09 | INFO | services.connectors.risk3_connector | [2281/2972] CNPJ 60620606000151 -> CACHE (SUCESSO, 193d/365d)
2026-09-25 12:30:09 | INFO | services.connectors.risk3_connector | [2282/2972] CNPJ 60659166000146 -> CACHE (NAO_ENCONTRADO, 3d/30d)
2026-09-25 12:30:09 | INFO | services.connectors.risk3_connector | [2283/2972] CNPJ 60659463002992 -> CACHE (NAO_ENCONTRADO, 3d/30d)
2026-09-25 12:30:09 | INFO | services.connectors.risk3_connector | [2284/2972] CNPJ 60664745000187 -> CACHE (SUCESSO, 93d/365d)
2026-09-25 12:30:09 | INFO | services.connectors.risk3_connector | [2285/2972] CNPJ 60665981000118 -> CACHE (NAO_ENCONTRADO, 9d/30d)
2026-09-25 12:30:09 | INFO | services.connectors.risk3_connector | [2286/2972] CNPJ 60745411000642 -> CACHE (NAO_ENCONTRADO, 3d/30d)
2026-09-25 12:30:09 | INFO | services.connectors.risk3_connector | [2287/2972] CNPJ 60745411001290 -> CACHE (SUCESSO, 93d/365d)
2026-09-25 12:30:09 | INFO | services.connectors.risk3_connector | [2288/2972] CNPJ 60746948000112 -> CACHE (NAO_ENCONTRADO, 9d/30d)
2026-09-25 12:30:09 | INFO | services.connectors.risk3_connector | [2289/2972] CNPJ 60820198000262 -> CACHE (SUCESSO, 79d/365d)
2026-09-25 12:30:09 | INFO | services.connectors.risk3_connector | [2290/2972] CNPJ 60853942000144 -> CACHE (NAO_ENCONTRADO, 9d/30d)
2026-09-25 12:30:09 | INFO | services.connectors.risk3_connector | [2291/2972] CNPJ 60854833000141 -> CACHE (SUCESSO, 59d/365d)
2026-09-25 12:30:09 | INFO | services.connectors.risk3_connector | [2292/2972] CNPJ 60855574000173 -> CACHE (SUCESSO, 121d/365d)
2026-09-25 12:30:09 | INFO | services.connectors.risk3_connector | [2293/2972] CNPJ 60856077000947 -> CACHE (SUCESSO, 212d/365d)
2026-09-25 12:30:09 | INFO | services.connectors.risk3_connector | [2294/2972] CNPJ 60857349000176 -> CACHE (NAO_ENCONTRADO, 3d/30d)
2026-09-25 12:30:09 | INFO | services.connectors.risk3_connector | [2295/2972] CNPJ 60860277000116 -> CACHE (SUCESSO, 92d/365d)
2026-09-25 12:30:09 | INFO | services.connectors.risk3_connector | [2296/2972] CNPJ 60869336000117 -> CACHE (SUCESSO, 338d/365d)
2026-09-25 12:30:09 | INFO | services.connectors.risk3_connector | [2297/2972] CNPJ 60872306016244 -> CACHE (SUCESSO, 92d/365d)
2026-09-25 12:30:09 | INFO | services.connectors.risk3_connector | [2298/2972] CNPJ 60879848000164 -> CACHE (SUCESSO, 93d/365d)
2026-09-25 12:30:09 | INFO | services.connectors.risk3_connector | [2299/2972] CNPJ 60881992000135 -> CACHE (NAO_ENCONTRADO, 3d/30d)
2026-09-25 12:30:09 | INFO | services.connectors.risk3_connector | [2300/2972] CNPJ 60882313000142 -> CACHE (SUCESSO, 255d/365d)
2026-09-25 12:30:09 | INFO | services.connectors.risk3_connector | [2301/2972] CNPJ 60894730000105 -> CACHE (SUCESSO, 92d/365d)
2026-09-25 12:30:09 | INFO | services.connectors.risk3_connector | [2302/2972] CNPJ 60975737000151 -> CACHE (NAO_ENCONTRADO, 9d/30d)
2026-09-25 12:30:09 | INFO | services.connectors.risk3_connector | [2303/2972] CNPJ 61008173000140 -> CACHE (NAO_ENCONTRADO, 3d/30d)
2026-09-25 12:30:09 | INFO | services.connectors.risk3_connector | [2304/2972] CNPJ 61036141000310 -> CACHE (SUCESSO, 108d/365d)
2026-09-25 12:30:09 | INFO | services.connectors.risk3_connector | [2305/2972] CNPJ 61064929000179 -> CACHE (NAO_ENCONTRADO, 9d/30d)
2026-09-25 12:30:09 | INFO | services.connectors.risk3_connector | [2306/2972] CNPJ 61065298000102 -> CACHE (SUCESSO, 228d/365d)
2026-09-25 12:30:09 | INFO | services.connectors.risk3_connector | [2307/2972] CNPJ 61067161000197 -> CACHE (SUCESSO, 72d/365d)
2026-09-25 12:30:09 | INFO | services.connectors.risk3_connector | [2308/2972] CNPJ 61067930000319 -> CACHE (SUCESSO, 92d/365d)
2026-09-25 12:30:09 | INFO | services.connectors.risk3_connector | [2309/2972] CNPJ 61082988000170 -> CACHE (SUCESSO, 101d/365d)
2026-09-25 12:30:09 | INFO | services.connectors.risk3_connector | [2310/2972] CNPJ 61082988000250 -> CACHE (NAO_ENCONTRADO, 3d/30d)
2026-09-25 12:30:09 | INFO | services.connectors.risk3_connector | [2311/2972] CNPJ 61092037000181 -> CACHE (SUCESSO, 32d/365d)
2026-09-25 12:30:09 | INFO | services.connectors.risk3_connector | [2312/2972] CNPJ 61093001000112 -> CACHE (NAO_ENCONTRADO, 3d/30d)
2026-09-25 12:30:09 | INFO | services.connectors.risk3_connector | [2313/2972] CNPJ 61101895000145 -> CACHE (NAO_ENCONTRADO, 9d/30d)
2026-09-25 12:30:09 | INFO | services.connectors.risk3_connector | [2314/2972] CNPJ 61101895003918 -> CACHE (NAO_ENCONTRADO, 9d/30d)
2026-09-25 12:30:09 | INFO | services.connectors.risk3_connector | [2315/2972] CNPJ 61139192000459 -> CACHE (SUCESSO, 93d/365d)
2026-09-25 12:30:09 | INFO | services.connectors.risk3_connector | [2316/2972] CNPJ 61144150000678 -> CACHE (SUCESSO, 254d/365d)
2026-09-25 12:30:09 | INFO | services.connectors.risk3_connector | [2317/2972] CNPJ 61186888000193 -> CACHE (SUCESSO, 184d/365d)
2026-09-25 12:30:09 | INFO | services.connectors.risk3_connector | [2318/2972] CNPJ 61190096000869 -> CACHE (NAO_ENCONTRADO, 3d/30d)
2026-09-25 12:30:09 | INFO | services.connectors.risk3_connector | [2319/2972] CNPJ 61190096002136 -> CACHE (NAO_ENCONTRADO, 9d/30d)
2026-09-25 12:30:09 | INFO | services.connectors.risk3_connector | [2320/2972] CNPJ 61246245000198 -> CACHE (SUCESSO, 186d/365d)
2026-09-25 12:30:09 | INFO | services.connectors.risk3_connector | [2321/2972] CNPJ 61252540000157 -> CACHE (NAO_ENCONTRADO, 3d/30d)
2026-09-25 12:30:09 | INFO | services.connectors.risk3_connector | [2322/2972] CNPJ 61274247000190 -> CACHE (SUCESSO, 239d/365d)
2026-09-25 12:30:09 | INFO | services.connectors.risk3_connector | [2323/2972] CNPJ 61299178000170 -> CACHE (SUCESSO, 81d/365d)
2026-09-25 12:30:09 | INFO | services.connectors.risk3_connector | [2324/2972] CNPJ 61310256000190 -> CACHE (SUCESSO, 193d/365d)
2026-09-25 12:30:09 | INFO | services.connectors.risk3_connector | [2325/2972] CNPJ 61316600000158 -> CACHE (NAO_ENCONTRADO, 3d/30d)
2026-09-25 12:30:09 | INFO | services.connectors.risk3_connector | [2326/2972] CNPJ 61352050000122 -> CACHE (SUCESSO, 92d/365d)
2026-09-25 12:30:09 | INFO | services.connectors.risk3_connector | [2327/2972] CNPJ 61407078000110 -> CACHE (NAO_ENCONTRADO, 3d/30d)
2026-09-25 12:30:09 | INFO | services.connectors.risk3_connector | [2328/2972] CNPJ 61409892000173 -> CACHE (SUCESSO, 98d/365d)
2026-09-25 12:30:09 | INFO | services.connectors.risk3_connector | [2329/2972] CNPJ 61409892000920 -> CACHE (NAO_ENCONTRADO, 9d/30d)
2026-09-25 12:30:09 | INFO | services.connectors.risk3_connector | [2330/2972] CNPJ 61451027000195 -> CACHE (SUCESSO, 31d/365d)
2026-09-25 12:30:09 | INFO | services.connectors.risk3_connector | [2331/2972] CNPJ 61456463000157 -> CACHE (SUCESSO, 339d/365d)
2026-09-25 12:30:09 | INFO | services.connectors.risk3_connector | [2332/2972] CNPJ 61460325000141 -> CACHE (SUCESSO, 129d/365d)
2026-09-25 12:30:09 | INFO | services.connectors.risk3_connector | [2333/2972] CNPJ 61479002000108 -> CACHE (SUCESSO, 185d/365d)
2026-09-25 12:30:09 | INFO | services.connectors.risk3_connector | [2334/2972] CNPJ 61486650000183 -> CACHE (NAO_ENCONTRADO, 9d/30d)
2026-09-25 12:30:09 | INFO | services.connectors.risk3_connector | [2335/2972] CNPJ 61526398000199 -> CACHE (SUCESSO, 93d/365d)
2026-09-25 12:30:09 | INFO | services.connectors.risk3_connector | [2336/2972] CNPJ 61528030000160 -> CACHE (SUCESSO, 73d/365d)
2026-09-25 12:30:09 | INFO | services.connectors.risk3_connector | [2337/2972] CNPJ 61533949000141 -> CACHE (SUCESSO, 165d/365d)
2026-09-25 12:30:09 | INFO | services.connectors.risk3_connector | [2338/2972] CNPJ 61585865000151 -> CACHE (SUCESSO, 254d/365d)
2026-09-25 12:30:09 | INFO | services.connectors.risk3_connector | [2339/2972] CNPJ 61597407000132 -> CACHE (SUCESSO, 92d/365d)
2026-09-25 12:30:09 | INFO | services.connectors.risk3_connector | [2340/2972] CNPJ 61620753001670 -> CACHE (SUCESSO, 169d/365d)
2026-09-25 12:30:09 | INFO | services.connectors.risk3_connector | [2341/2972] CNPJ 61649810000168 -> CACHE (SUCESSO, 11d/365d)
2026-09-25 12:30:09 | INFO | services.connectors.risk3_connector | [2342/2972] CNPJ 61695227000193 -> CACHE (NAO_ENCONTRADO, 23d/30d)
2026-09-25 12:30:09 | INFO | services.connectors.risk3_connector | [2343/2972] CNPJ 61728804000104 -> CACHE (SUCESSO, 93d/365d)
2026-09-25 12:30:09 | INFO | services.connectors.risk3_connector | [2344/2972] CNPJ 61741690000124 -> CACHE (SUCESSO, 57d/365d)
2026-09-25 12:30:09 | INFO | services.connectors.risk3_connector | [2345/2972] CNPJ 61887899000109 -> CACHE (SUCESSO, 186d/365d)
2026-09-25 12:30:09 | INFO | services.connectors.risk3_connector | [2346/2972] CNPJ 62014352000153 -> CACHE (SUCESSO, 92d/365d)
2026-09-25 12:30:09 | INFO | services.connectors.risk3_connector | [2347/2972] CNPJ 62070362000106 -> CACHE (SUCESSO, 98d/365d)
2026-09-25 12:30:09 | INFO | services.connectors.risk3_connector | [2348/2972] CNPJ 62100581000190 -> CACHE (SUCESSO, 15d/365d)
2026-09-25 12:30:09 | INFO | services.connectors.risk3_connector | [2349/2972] CNPJ 62125836000170 -> CACHE (SUCESSO, 93d/365d)
2026-09-25 12:30:09 | INFO | services.connectors.risk3_connector | [2350/2972] CNPJ 62258884000136 -> CACHE (SUCESSO, 191d/365d)
2026-09-25 12:30:09 | INFO | services.connectors.risk3_connector | [2351/2972] CNPJ 62375191000123 -> CACHE (NAO_ENCONTRADO, 3d/30d)
2026-09-25 12:30:09 | INFO | services.connectors.risk3_connector | [2352/2972] CNPJ 62440235000151 -> CACHE (SUCESSO, 121d/365d)
2026-09-25 12:30:09 | INFO | services.connectors.risk3_connector | [2353/2972] CNPJ 62473004000144 -> CACHE (SUCESSO, 93d/365d)
2026-09-25 12:30:09 | INFO | services.connectors.risk3_connector | [2354/2972] CNPJ 62545686000153 -> CACHE (SUCESSO, 101d/365d)
2026-09-25 12:30:09 | INFO | services.connectors.risk3_connector | [2355/2972] CNPJ 62576327000830 -> CACHE (SUCESSO, 151d/365d)
2026-09-25 12:30:09 | INFO | services.connectors.risk3_connector | [2356/2972] CNPJ 62644505000570 -> CACHE (NAO_ENCONTRADO, 3d/30d)
2026-09-25 12:30:09 | INFO | services.connectors.risk3_connector | [2357/2972] CNPJ 62695036000194 -> CACHE (SUCESSO, 120d/365d)
2026-09-25 12:30:09 | INFO | services.connectors.risk3_connector | [2358/2972] CNPJ 62695036004009 -> CACHE (SUCESSO, 120d/365d)
2026-09-25 12:30:09 | INFO | services.connectors.risk3_connector | [2359/2972] CNPJ 62695036004858 -> CACHE (SUCESSO, 120d/365d)
2026-09-25 12:30:09 | INFO | services.connectors.risk3_connector | [2360/2972] CNPJ 62695036005404 -> CACHE (SUCESSO, 120d/365d)
2026-09-25 12:30:09 | INFO | services.connectors.risk3_connector | [2361/2972] CNPJ 62757224000108 -> CACHE (SUCESSO, 190d/365d)
2026-09-25 12:30:09 | INFO | services.connectors.risk3_connector | [2362/2972] CNPJ 62801576000105 -> CACHE (SUCESSO, 93d/365d)
2026-09-25 12:30:09 | INFO | services.connectors.risk3_connector | [2363/2972] CNPJ 62829510000123 -> CACHE (NAO_ENCONTRADO, 3d/30d)
2026-09-25 12:30:09 | INFO | services.connectors.risk3_connector | [2364/2972] CNPJ 62955505006874 -> CACHE (SUCESSO, 92d/365d)
2026-09-25 12:30:09 | INFO | services.connectors.risk3_connector | [2365/2972] CNPJ 62979232000190 -> CACHE (SUCESSO, 92d/365d)
2026-09-25 12:30:09 | INFO | services.connectors.risk3_connector | [2366/2972] CNPJ 62988365000123 -> CACHE (SUCESSO, 93d/365d)
2026-09-25 12:30:09 | INFO | services.connectors.risk3_connector | [2367/2972] CNPJ 63014377000110 -> CACHE (SUCESSO, 213d/365d)
2026-09-25 12:30:09 | INFO | services.connectors.risk3_connector | [2368/2972] CNPJ 63967640000195 -> CACHE (SUCESSO, 165d/365d)
2026-09-25 12:30:09 | INFO | services.connectors.risk3_connector | [2369/2972] CNPJ 64080021000147 -> CACHE (NAO_ENCONTRADO, 3d/30d)
2026-09-25 12:30:09 | INFO | services.connectors.risk3_connector | [2370/2972] CNPJ 64119865000154 -> CACHE (SUCESSO, 242d/365d)
2026-09-25 12:30:09 | INFO | services.connectors.risk3_connector | [2371/2972] CNPJ 64151160000114 -> CACHE (NAO_ENCONTRADO, 3d/30d)
2026-09-25 12:30:09 | INFO | services.connectors.risk3_connector | [2372/2972] CNPJ 64762107000150 -> CACHE (NAO_ENCONTRADO, 3d/30d)
2026-09-25 12:30:09 | INFO | services.connectors.risk3_connector | [2373/2972] CNPJ 64812373000140 -> CACHE (SUCESSO, 196d/365d)
2026-09-25 12:30:09 | INFO | services.connectors.risk3_connector | [2374/2972] CNPJ 64822810000106 -> CACHE (NAO_ENCONTRADO, 3d/30d)
2026-09-25 12:30:09 | INFO | services.connectors.risk3_connector | [2375/2972] CNPJ 65820649000102 -> CACHE (NAO_ENCONTRADO, 3d/30d)
2026-09-25 12:30:09 | INFO | services.connectors.risk3_connector | [2376/2972] CNPJ 65882680000160 -> CACHE (SUCESSO, 302d/365d)
2026-09-25 12:30:09 | INFO | services.connectors.risk3_connector | [2377/2972] CNPJ 65894297000121 -> CACHE (SUCESSO, 93d/365d)
2026-09-25 12:30:09 | INFO | services.connectors.risk3_connector | [2378/2972] CNPJ 66081894000108 -> CACHE (NAO_ENCONTRADO, 3d/30d)
2026-09-25 12:30:09 | INFO | services.connectors.risk3_connector | [2379/2972] CNPJ 66693326000150 -> CACHE (SUCESSO, 99d/365d)
2026-09-25 12:30:09 | INFO | services.connectors.risk3_connector | [2380/2972] CNPJ 66830332000101 -> CACHE (SUCESSO, 318d/365d)
2026-09-25 12:30:09 | INFO | services.connectors.risk3_connector | [2381/2972] CNPJ 66832825000180 -> CACHE (NAO_ENCONTRADO, 3d/30d)
2026-09-25 12:30:09 | INFO | services.connectors.risk3_connector | [2382/2972] CNPJ 66979659000140 -> CACHE (SUCESSO, 93d/365d)
2026-09-25 12:30:09 | INFO | services.connectors.risk3_connector | [2383/2972] CNPJ 67051136000363 -> CACHE (SUCESSO, 92d/365d)
2026-09-25 12:30:09 | INFO | services.connectors.risk3_connector | [2384/2972] CNPJ 67185694000150 -> CACHE (SUCESSO, 93d/365d)
2026-09-25 12:30:09 | INFO | services.connectors.risk3_connector | [2385/2972] CNPJ 67218263000142 -> CACHE (NAO_ENCONTRADO, 3d/30d)
2026-09-25 12:30:09 | INFO | services.connectors.risk3_connector | [2386/2972] CNPJ 67290858000109 -> CACHE (SUCESSO, 91d/365d)
2026-09-25 12:30:09 | INFO | services.connectors.risk3_connector | [2387/2972] CNPJ 67375782000386 -> CACHE (NAO_ENCONTRADO, 3d/30d)
2026-09-25 12:30:09 | INFO | services.connectors.risk3_connector | [2388/2972] CNPJ 67552869000110 -> CACHE (SUCESSO, 93d/365d)
2026-09-25 12:30:09 | INFO | services.connectors.risk3_connector | [2389/2972] CNPJ 67620377000114 -> CACHE (NAO_ENCONTRADO, 9d/30d)
2026-09-25 12:30:09 | INFO | services.connectors.risk3_connector | [2390/2972] CNPJ 67649269000174 -> CACHE (NAO_ENCONTRADO, 3d/30d)
2026-09-25 12:30:09 | INFO | services.connectors.risk3_connector | [2391/2972] CNPJ 67718726000135 -> CACHE (NAO_ENCONTRADO, 3d/30d)
2026-09-25 12:30:09 | INFO | services.connectors.risk3_connector | [2392/2972] CNPJ 67848002000459 -> CACHE (NAO_ENCONTRADO, 3d/30d)
2026-09-25 12:30:09 | INFO | services.connectors.risk3_connector | [2393/2972] CNPJ 67969964000113 -> CACHE (SUCESSO, 93d/365d)
2026-09-25 12:30:09 | INFO | services.connectors.risk3_connector | [2394/2972] CNPJ 68265834000162 -> CACHE (NAO_ENCONTRADO, 3d/30d)
2026-09-25 12:30:09 | INFO | services.connectors.risk3_connector | [2395/2972] CNPJ 68457727000136 -> CACHE (NAO_ENCONTRADO, 0d/30d)
2026-09-25 12:30:09 | INFO | services.connectors.risk3_connector | [2396/2972] CNPJ 68737857000122 -> CACHE (SUCESSO, 291d/365d)
2026-09-25 12:30:09 | INFO | services.connectors.risk3_connector | [2397/2972] CNPJ 68776277000144 -> CACHE (SUCESSO, 92d/365d)
2026-09-25 12:30:09 | INFO | services.connectors.risk3_connector | [2398/2972] CNPJ 71320915000122 -> CACHE (SUCESSO, 74d/365d)
2026-09-25 12:30:09 | INFO | services.connectors.risk3_connector | [2399/2972] CNPJ 71322150000160 -> CACHE (SUCESSO, 287d/365d)
2026-09-25 12:30:09 | INFO | services.connectors.risk3_connector | [2400/2972] CNPJ 71447049000135 -> CACHE (SUCESSO, 235d/365d)
2026-09-25 12:30:09 | INFO | services.connectors.risk3_connector | [2401/2972] CNPJ 71779813000170 -> CACHE (SUCESSO, 165d/365d)
2026-09-25 12:30:09 | INFO | services.connectors.risk3_connector | [2402/2972] CNPJ 71788301000170 -> CACHE (SUCESSO, 199d/365d)
2026-09-25 12:30:09 | INFO | services.connectors.risk3_connector | [2403/2972] CNPJ 71805063000163 -> CACHE (SUCESSO, 73d/365d)
2026-09-25 12:30:09 | INFO | services.connectors.risk3_connector | [2404/2972] CNPJ 71815161000262 -> CACHE (SUCESSO, 92d/365d)
2026-09-25 12:30:09 | INFO | services.connectors.risk3_connector | [2405/2972] CNPJ 71832679000123 -> CACHE (SUCESSO, 94d/365d)
2026-09-25 12:30:09 | INFO | services.connectors.risk3_connector | [2406/2972] CNPJ 72058241000364 -> CACHE (SUCESSO, 156d/365d)
2026-09-25 12:30:09 | INFO | services.connectors.risk3_connector | [2407/2972] CNPJ 72147440000187 -> CACHE (SUCESSO, 92d/365d)
2026-09-25 12:30:09 | INFO | services.connectors.risk3_connector | [2408/2972] CNPJ 72182777000125 -> CACHE (SUCESSO, 64d/365d)
2026-09-25 12:30:09 | INFO | services.connectors.risk3_connector | [2409/2972] CNPJ 72202773000161 -> CACHE (SUCESSO, 200d/365d)
2026-09-25 12:30:09 | INFO | services.connectors.risk3_connector | [2410/2972] CNPJ 72225683000196 -> CACHE (SUCESSO, 140d/365d)
2026-09-25 12:30:09 | INFO | services.connectors.risk3_connector | [2411/2972] CNPJ 72230071000191 -> CACHE (NAO_ENCONTRADO, 3d/30d)
2026-09-25 12:30:09 | INFO | services.connectors.risk3_connector | [2412/2972] CNPJ 72366818000133 -> CACHE (SUCESSO, 254d/365d)
2026-09-25 12:30:09 | INFO | services.connectors.risk3_connector | [2413/2972] CNPJ 72393002000107 -> CACHE (SUCESSO, 93d/365d)
2026-09-25 12:30:09 | INFO | services.connectors.risk3_connector | [2414/2972] CNPJ 72451917000113 -> CACHE (SUCESSO, 37d/365d)
2026-09-25 12:30:09 | INFO | services.connectors.risk3_connector | [2415/2972] CNPJ 72459373000136 -> CACHE (SUCESSO, 93d/365d)
2026-09-25 12:30:09 | INFO | services.connectors.risk3_connector | [2416/2972] CNPJ 72535370000134 -> CACHE (SUCESSO, 30d/365d)
2026-09-25 12:30:09 | INFO | services.connectors.risk3_connector | [2417/2972] CNPJ 72899016000512 -> CACHE (NAO_ENCONTRADO, 3d/30d)
2026-09-25 12:30:09 | INFO | services.connectors.risk3_connector | [2418/2972] CNPJ 72909146000165 -> CACHE (SUCESSO, 93d/365d)
2026-09-25 12:30:09 | INFO | services.connectors.risk3_connector | [2419/2972] CNPJ 72954308000187 -> CACHE (SUCESSO, 185d/365d)
2026-09-25 12:30:09 | INFO | services.connectors.risk3_connector | [2420/2972] CNPJ 73008112000162 -> CACHE (SUCESSO, 95d/365d)
2026-09-25 12:30:09 | INFO | services.connectors.risk3_connector | [2421/2972] CNPJ 73056731000122 -> CACHE (SUCESSO, 179d/365d)
2026-09-25 12:30:09 | INFO | services.connectors.risk3_connector | [2422/2972] CNPJ 73113367000195 -> CACHE (SUCESSO, 155d/365d)
2026-09-25 12:30:09 | INFO | services.connectors.risk3_connector | [2423/2972] CNPJ 73217028000159 -> CACHE (SUCESSO, 93d/365d)
2026-09-25 12:30:09 | INFO | services.connectors.risk3_connector | [2424/2972] CNPJ 73262826000100 -> CACHE (SUCESSO, 329d/365d)
2026-09-25 12:30:09 | INFO | services.connectors.risk3_connector | [2425/2972] CNPJ 73338824000140 -> CACHE (SUCESSO, 93d/365d)
2026-09-25 12:30:09 | INFO | services.connectors.risk3_connector | [2426/2972] CNPJ 73379380000190 -> CACHE (SUCESSO, 254d/365d)
2026-09-25 12:30:09 | INFO | services.connectors.risk3_connector | [2427/2972] CNPJ 73403446000130 -> CACHE (NAO_ENCONTRADO, 3d/30d)
2026-09-25 12:30:09 | INFO | services.connectors.risk3_connector | [2428/2972] CNPJ 73500480000123 -> CACHE (SUCESSO, 58d/365d)
2026-09-25 12:30:09 | INFO | services.connectors.risk3_connector | [2429/2972] CNPJ 73586976000161 -> CACHE (SUCESSO, 93d/365d)
2026-09-25 12:30:09 | INFO | services.connectors.risk3_connector | [2430/2972] CNPJ 73694119000185 -> CACHE (NAO_ENCONTRADO, 3d/30d)
2026-09-25 12:30:09 | INFO | services.connectors.risk3_connector | [2431/2972] CNPJ 73695595000110 -> CACHE (SUCESSO, 165d/365d)
2026-09-25 12:30:09 | INFO | services.connectors.risk3_connector | [2432/2972] CNPJ 73847782000172 -> CACHE (SUCESSO, 255d/365d)
2026-09-25 12:30:09 | INFO | services.connectors.risk3_connector | [2433/2972] CNPJ 73856593000166 -> CACHE (SUCESSO, 78d/365d)
2026-09-25 12:30:09 | INFO | services.connectors.risk3_connector | [2434/2972] CNPJ 73954489000104 -> CACHE (SUCESSO, 254d/365d)
2026-09-25 12:30:09 | INFO | services.connectors.risk3_connector | [2435/2972] CNPJ 73973059000130 -> CACHE (SUCESSO, 93d/365d)
2026-09-25 12:30:09 | INFO | services.connectors.risk3_connector | [2436/2972] CNPJ 74068552000178 -> CACHE (SUCESSO, 93d/365d)
2026-09-25 12:30:09 | INFO | services.connectors.risk3_connector | [2437/2972] CNPJ 74175159000183 -> CACHE (SUCESSO, 196d/365d)
2026-09-25 12:30:09 | INFO | services.connectors.risk3_connector | [2438/2972] CNPJ 74175159000264 -> CACHE (SUCESSO, 92d/365d)
2026-09-25 12:30:09 | INFO | services.connectors.risk3_connector | [2439/2972] CNPJ 74526278000133 -> CACHE (SUCESSO, 205d/365d)
2026-09-25 12:30:09 | INFO | services.connectors.risk3_connector | [2440/2972] CNPJ 74531997000142 -> CACHE (SUCESSO, 185d/365d)
2026-09-25 12:30:09 | INFO | services.connectors.risk3_connector | [2441/2972] CNPJ 74657784000161 -> CACHE (SUCESSO, 93d/365d)
2026-09-25 12:30:09 | INFO | services.connectors.risk3_connector | [2442/2972] CNPJ 75025734000124 -> CACHE (SUCESSO, 178d/365d)
2026-09-25 12:30:09 | INFO | services.connectors.risk3_connector | [2443/2972] CNPJ 75029595000107 -> CACHE (SUCESSO, 332d/365d)
2026-09-25 12:30:09 | INFO | services.connectors.risk3_connector | [2444/2972] CNPJ 75031278000125 -> CACHE (SUCESSO, 165d/365d)
2026-09-25 12:30:09 | INFO | services.connectors.risk3_connector | [2445/2972] CNPJ 75034645000144 -> CACHE (SUCESSO, 92d/365d)
2026-09-25 12:30:09 | INFO | services.connectors.risk3_connector | [2446/2972] CNPJ 75045591000112 -> CACHE (SUCESSO, 92d/365d)
2026-09-25 12:30:09 | INFO | services.connectors.risk3_connector | [2447/2972] CNPJ 75047498000147 -> CACHE (SUCESSO, 93d/365d)
2026-09-25 12:30:09 | INFO | services.connectors.risk3_connector | [2448/2972] CNPJ 75048165000132 -> CACHE (SUCESSO, 24d/365d)
2026-09-25 12:30:09 | INFO | services.connectors.risk3_connector | [2449/2972] CNPJ 75051458000179 -> CACHE (SUCESSO, 255d/365d)
2026-09-25 12:30:09 | INFO | services.connectors.risk3_connector | [2450/2972] CNPJ 75084871000130 -> CACHE (SUCESSO, 93d/365d)
2026-09-25 12:30:09 | INFO | services.connectors.risk3_connector | [2451/2972] CNPJ 75104422000106 -> CACHE (SUCESSO, 92d/365d)
2026-09-25 12:30:09 | INFO | services.connectors.risk3_connector | [2452/2972] CNPJ 75205831000107 -> CACHE (SUCESSO, 93d/365d)
2026-09-25 12:30:09 | INFO | services.connectors.risk3_connector | [2453/2972] CNPJ 75221028000158 -> CACHE (SUCESSO, 42d/365d)
2026-09-25 12:30:09 | INFO | services.connectors.risk3_connector | [2454/2972] CNPJ 75222224000147 -> CACHE (SUCESSO, 60d/365d)
2026-09-25 12:30:09 | INFO | services.connectors.risk3_connector | [2455/2972] CNPJ 75222224002433 -> CACHE (NAO_ENCONTRADO, 23d/30d)
2026-09-25 12:30:09 | INFO | services.connectors.risk3_connector | [2456/2972] CNPJ 75227801000193 -> CACHE (SUCESSO, 344d/365d)
2026-09-25 12:30:09 | INFO | services.connectors.risk3_connector | [2457/2972] CNPJ 75263921001037 -> CACHE (SUCESSO, 91d/365d)
2026-09-25 12:30:09 | INFO | services.connectors.risk3_connector | [2458/2972] CNPJ 75272013000119 -> CACHE (SUCESSO, 93d/365d)
2026-09-25 12:30:09 | INFO | services.connectors.risk3_connector | [2459/2972] CNPJ 75293662000104 -> CACHE (NAO_ENCONTRADO, 3d/30d)
2026-09-25 12:30:09 | INFO | services.connectors.risk3_connector | [2460/2972] CNPJ 75294801000106 -> CACHE (SUCESSO, 165d/365d)
2026-09-25 12:30:09 | INFO | services.connectors.risk3_connector | [2461/2972] CNPJ 75364455000195 -> CACHE (SUCESSO, 93d/365d)
2026-09-25 12:30:09 | INFO | services.connectors.risk3_connector | [2462/2972] CNPJ 75400218000132 -> CACHE (SUCESSO, 182d/365d)
2026-09-25 12:30:09 | INFO | services.connectors.risk3_connector | [2463/2972] CNPJ 75483040000211 -> CACHE (SUCESSO, 93d/365d)
2026-09-25 12:30:09 | INFO | services.connectors.risk3_connector | [2464/2972] CNPJ 75517151000110 -> CACHE (SUCESSO, 184d/365d)
2026-09-25 12:30:09 | INFO | services.connectors.risk3_connector | [2465/2972] CNPJ 75556431000219 -> CACHE (SUCESSO, 92d/365d)
2026-09-25 12:30:09 | INFO | services.connectors.risk3_connector | [2466/2972] CNPJ 75556431000561 -> CACHE (SUCESSO, 93d/365d)
2026-09-25 12:30:09 | INFO | services.connectors.risk3_connector | [2467/2972] CNPJ 75584193000174 -> CACHE (SUCESSO, 92d/365d)
2026-09-25 12:30:09 | INFO | services.connectors.risk3_connector | [2468/2972] CNPJ 75635144000113 -> CACHE (NAO_ENCONTRADO, 3d/30d)
2026-09-25 12:30:09 | INFO | services.connectors.risk3_connector | [2469/2972] CNPJ 75655720000194 -> CACHE (SUCESSO, 93d/365d)
2026-09-25 12:30:09 | INFO | services.connectors.risk3_connector | [2470/2972] CNPJ 75674424000130 -> CACHE (SUCESSO, 92d/365d)
2026-09-25 12:30:09 | INFO | services.connectors.risk3_connector | [2471/2972] CNPJ 75723056000173 -> CACHE (SUCESSO, 255d/365d)
2026-09-25 12:30:09 | INFO | services.connectors.risk3_connector | [2472/2972] CNPJ 75784140000873 -> CACHE (SUCESSO, 155d/365d)
2026-09-25 12:30:09 | INFO | services.connectors.risk3_connector | [2473/2972] CNPJ 75801936000110 -> CACHE (SUCESSO, 254d/365d)
2026-09-25 12:30:09 | INFO | services.connectors.risk3_connector | [2474/2972] CNPJ 75802041000109 -> CACHE (SUCESSO, 170d/365d)
2026-09-25 12:30:09 | INFO | services.connectors.risk3_connector | [2475/2972] CNPJ 75802041001415 -> CACHE (NAO_ENCONTRADO, 3d/30d)
2026-09-25 12:30:09 | INFO | services.connectors.risk3_connector | [2476/2972] CNPJ 75864728000160 -> CACHE (SUCESSO, 93d/365d)
2026-09-25 12:30:09 | INFO | services.connectors.risk3_connector | [2477/2972] CNPJ 75875773000110 -> CACHE (SUCESSO, 331d/365d)
2026-09-25 12:30:09 | INFO | services.connectors.risk3_connector | [2478/2972] CNPJ 75904383000121 -> CACHE (SUCESSO, 53d/365d)
2026-09-25 12:30:09 | INFO | services.connectors.risk3_connector | [2479/2972] CNPJ 75915975000149 -> CACHE (SUCESSO, 92d/365d)
2026-09-25 12:30:09 | INFO | services.connectors.risk3_connector | [2480/2972] CNPJ 75962886000315 -> CACHE (SUCESSO, 127d/365d)
2026-09-25 12:30:09 | INFO | services.connectors.risk3_connector | [2481/2972] CNPJ 75962886000900 -> CACHE (SUCESSO, 127d/365d)
2026-09-25 12:30:09 | INFO | services.connectors.risk3_connector | [2482/2972] CNPJ 76004209000195 -> CACHE (SUCESSO, 92d/365d)
2026-09-25 12:30:09 | INFO | services.connectors.risk3_connector | [2483/2972] CNPJ 76013440000145 -> CACHE (SUCESSO, 137d/365d)
2026-09-25 12:30:09 | INFO | services.connectors.risk3_connector | [2484/2972] CNPJ 76047638000140 -> CACHE (SUCESSO, 121d/365d)
2026-09-25 12:30:09 | INFO | services.connectors.risk3_connector | [2485/2972] CNPJ 76061480000162 -> CACHE (SUCESSO, 106d/365d)
2026-09-25 12:30:09 | INFO | services.connectors.risk3_connector | [2486/2972] CNPJ 76071950000179 -> CACHE (SUCESSO, 92d/365d)
2026-09-25 12:30:09 | INFO | services.connectors.risk3_connector | [2487/2972] CNPJ 76081892000164 -> CACHE (NAO_ENCONTRADO, 9d/30d)
2026-09-25 12:30:09 | INFO | services.connectors.risk3_connector | [2488/2972] CNPJ 76089523000118 -> CACHE (SUCESSO, 115d/365d)
2026-09-25 12:30:09 | INFO | services.connectors.risk3_connector | [2489/2972] CNPJ 76091768000180 -> CACHE (SUCESSO, 255d/365d)
2026-09-25 12:30:09 | INFO | services.connectors.risk3_connector | [2490/2972] CNPJ 76093731000190 -> CACHE (SUCESSO, 149d/365d)
2026-09-25 12:30:09 | INFO | services.connectors.risk3_connector | [2491/2972] CNPJ 76093731008256 -> CACHE (NAO_ENCONTRADO, 9d/30d)
2026-09-25 12:30:09 | INFO | services.connectors.risk3_connector | [2492/2972] CNPJ 76097989000165 -> CACHE (SUCESSO, 255d/365d)
2026-09-25 12:30:09 | INFO | services.connectors.risk3_connector | [2493/2972] CNPJ 76098219000137 -> CACHE (SUCESSO, 49d/365d)
2026-09-25 12:30:09 | INFO | services.connectors.risk3_connector | [2494/2972] CNPJ 76105436000107 -> CACHE (SUCESSO, 255d/365d)
2026-09-25 12:30:09 | INFO | services.connectors.risk3_connector | [2495/2972] CNPJ 76107770000108 -> CACHE (SUCESSO, 155d/365d)
2026-09-25 12:30:09 | INFO | services.connectors.risk3_connector | [2496/2972] CNPJ 76107770004600 -> CACHE (NAO_ENCONTRADO, 23d/30d)
2026-09-25 12:30:09 | INFO | services.connectors.risk3_connector | [2497/2972] CNPJ 76108349003200 -> CACHE (SUCESSO, 283d/365d)
2026-09-25 12:30:09 | INFO | services.connectors.risk3_connector | [2498/2972] CNPJ 76109594000135 -> CACHE (SUCESSO, 93d/365d)
2026-09-25 12:30:09 | INFO | services.connectors.risk3_connector | [2499/2972] CNPJ 76176643000152 -> CACHE (SUCESSO, 93d/365d)
2026-09-25 12:30:09 | INFO | services.connectors.risk3_connector | [2500/2972] CNPJ 76189406000126 -> CACHE (SUCESSO, 81d/365d)
2026-09-25 12:30:09 | INFO | services.connectors.risk3_connector | [2501/2972] CNPJ 76189406006833 -> CACHE (NAO_ENCONTRADO, 3d/30d)
2026-09-25 12:30:09 | INFO | services.connectors.risk3_connector | [2502/2972] CNPJ 76189406006914 -> CACHE (NAO_ENCONTRADO, 3d/30d)
2026-09-25 12:30:09 | INFO | services.connectors.risk3_connector | [2503/2972] CNPJ 76189406007058 -> CACHE (NAO_ENCONTRADO, 3d/30d)
2026-09-25 12:30:09 | INFO | services.connectors.risk3_connector | [2504/2972] CNPJ 76189406007210 -> CACHE (NAO_ENCONTRADO, 3d/30d)
2026-09-25 12:30:09 | INFO | services.connectors.risk3_connector | [2505/2972] CNPJ 76189406007309 -> CACHE (NAO_ENCONTRADO, 3d/30d)
2026-09-25 12:30:09 | INFO | services.connectors.risk3_connector | [2506/2972] CNPJ 76189406007481 -> CACHE (NAO_ENCONTRADO, 3d/30d)
2026-09-25 12:30:09 | INFO | services.connectors.risk3_connector | [2507/2972] CNPJ 76189406007562 -> CACHE (NAO_ENCONTRADO, 3d/30d)
2026-09-25 12:30:09 | INFO | services.connectors.risk3_connector | [2508/2972] CNPJ 76189406007643 -> CACHE (NAO_ENCONTRADO, 3d/30d)
2026-09-25 12:30:09 | INFO | services.connectors.risk3_connector | [2509/2972] CNPJ 76194091000105 -> CACHE (NAO_ENCONTRADO, 3d/30d)
2026-09-25 12:30:09 | INFO | services.connectors.risk3_connector | [2510/2972] CNPJ 76208867000107 -> CACHE (SUCESSO, 354d/365d)
2026-09-25 12:30:09 | INFO | services.connectors.risk3_connector | [2511/2972] CNPJ 76214022000116 -> CACHE (SUCESSO, 254d/365d)
2026-09-25 12:30:09 | INFO | services.connectors.risk3_connector | [2512/2972] CNPJ 76214022000388 -> CACHE (SUCESSO, 92d/365d)
2026-09-25 12:30:09 | INFO | services.connectors.risk3_connector | [2513/2972] CNPJ 76255926000190 -> CACHE (SUCESSO, 338d/365d)
2026-09-25 12:30:09 | INFO | services.connectors.risk3_connector | [2514/2972] CNPJ 76260017000140 -> CACHE (SUCESSO, 93d/365d)
2026-09-25 12:30:09 | INFO | services.connectors.risk3_connector | [2515/2972] CNPJ 76291251000134 -> CACHE (SUCESSO, 133d/365d)
2026-09-25 12:30:09 | INFO | services.connectors.risk3_connector | [2516/2972] CNPJ 76396159000139 -> CACHE (SUCESSO, 92d/365d)
2026-09-25 12:30:09 | INFO | services.connectors.risk3_connector | [2517/2972] CNPJ 76430438000171 -> CACHE (SUCESSO, 24d/365d)
2026-09-25 12:30:09 | INFO | services.connectors.risk3_connector | [2518/2972] CNPJ 76430438012420 -> CACHE (SUCESSO, 92d/365d)
2026-09-25 12:30:09 | INFO | services.connectors.risk3_connector | [2519/2972] CNPJ 76484013000145 -> CACHE (SUCESSO, 128d/365d)
2026-09-25 12:30:09 | INFO | services.connectors.risk3_connector | [2520/2972] CNPJ 76490572000168 -> CACHE (SUCESSO, 119d/365d)
2026-09-25 12:30:09 | INFO | services.connectors.risk3_connector | [2521/2972] CNPJ 76491836001250 -> CACHE (NAO_ENCONTRADO, 3d/30d)
2026-09-25 12:30:09 | INFO | services.connectors.risk3_connector | [2522/2972] CNPJ 76491950000128 -> CACHE (SUCESSO, 93d/365d)
2026-09-25 12:30:09 | INFO | services.connectors.risk3_connector | [2523/2972] CNPJ 76492065000163 -> CACHE (SUCESSO, 92d/365d)
2026-09-25 12:30:09 | INFO | services.connectors.risk3_connector | [2524/2972] CNPJ 76492305000120 -> CACHE (SUCESSO, 165d/365d)
2026-09-25 12:30:09 | INFO | services.connectors.risk3_connector | [2525/2972] CNPJ 76492305000553 -> CACHE (NAO_ENCONTRADO, 3d/30d)
2026-09-25 12:30:09 | INFO | services.connectors.risk3_connector | [2526/2972] CNPJ 76492701000157 -> CACHE (SUCESSO, 134d/365d)
2026-09-25 12:30:09 | INFO | services.connectors.risk3_connector | [2527/2972] CNPJ 76492701001129 -> CACHE (SUCESSO, 133d/365d)
2026-09-25 12:30:09 | INFO | services.connectors.risk3_connector | [2528/2972] CNPJ 76492701001803 -> CACHE (SUCESSO, 92d/365d)
2026-09-25 12:30:09 | INFO | services.connectors.risk3_connector | [2529/2972] CNPJ 76493626000149 -> CACHE (SUCESSO, 165d/365d)
2026-09-25 12:30:09 | INFO | services.connectors.risk3_connector | [2530/2972] CNPJ 76494806000145 -> CACHE (SUCESSO, 165d/365d)
2026-09-25 12:30:09 | INFO | services.connectors.risk3_connector | [2531/2972] CNPJ 76495779000125 -> CACHE (SUCESSO, 108d/365d)
2026-09-25 12:30:09 | INFO | services.connectors.risk3_connector | [2532/2972] CNPJ 76498179000110 -> CACHE (SUCESSO, 93d/365d)
2026-09-25 12:30:09 | INFO | services.connectors.risk3_connector | [2533/2972] CNPJ 76518356000183 -> CACHE (SUCESSO, 93d/365d)
2026-09-25 12:30:09 | INFO | services.connectors.risk3_connector | [2534/2972] CNPJ 76518836000144 -> CACHE (NAO_ENCONTRADO, 9d/30d)
2026-09-25 12:30:09 | INFO | services.connectors.risk3_connector | [2535/2972] CNPJ 76527951000509 -> CACHE (SUCESSO, 92d/365d)
2026-09-25 12:30:09 | INFO | services.connectors.risk3_connector | [2536/2972] CNPJ 76545011000119 -> CACHE (SUCESSO, 93d/365d)
2026-09-25 12:30:09 | INFO | services.connectors.risk3_connector | [2537/2972] CNPJ 76554559000125 -> CACHE (SUCESSO, 91d/365d)
2026-09-25 12:30:09 | INFO | services.connectors.risk3_connector | [2538/2972] CNPJ 76561406000105 -> CACHE (SUCESSO, 184d/365d)
2026-09-25 12:30:09 | INFO | services.connectors.risk3_connector | [2539/2972] CNPJ 76564624000101 -> CACHE (SUCESSO, 255d/365d)
2026-09-25 12:30:09 | INFO | services.connectors.risk3_connector | [2540/2972] CNPJ 76591569000130 -> CACHE (SUCESSO, 99d/365d)
2026-09-25 12:30:09 | INFO | services.connectors.risk3_connector | [2541/2972] CNPJ 76610062000187 -> CACHE (SUCESSO, 105d/365d)
2026-09-25 12:30:09 | INFO | services.connectors.risk3_connector | [2542/2972] CNPJ 76630573000160 -> CACHE (SUCESSO, 78d/365d)
2026-09-25 12:30:09 | INFO | services.connectors.risk3_connector | [2543/2972] CNPJ 76657030000137 -> CACHE (SUCESSO, 179d/365d)
2026-09-25 12:30:09 | INFO | services.connectors.risk3_connector | [2544/2972] CNPJ 76678697000116 -> CACHE (SUCESSO, 101d/365d)
2026-09-25 12:30:09 | INFO | services.connectors.risk3_connector | [2545/2972] CNPJ 76681550000185 -> CACHE (SUCESSO, 92d/365d)
2026-09-25 12:30:09 | INFO | services.connectors.risk3_connector | [2546/2972] CNPJ 76695709000110 -> CACHE (SUCESSO, 92d/365d)
2026-09-25 12:30:09 | INFO | services.connectors.risk3_connector | [2547/2972] CNPJ 76695923000177 -> CACHE (SUCESSO, 92d/365d)
2026-09-25 12:30:09 | INFO | services.connectors.risk3_connector | [2548/2972] CNPJ 76743012000178 -> CACHE (SUCESSO, 254d/365d)
2026-09-25 12:30:09 | INFO | services.connectors.risk3_connector | [2549/2972] CNPJ 76745850000180 -> CACHE (SUCESSO, 255d/365d)
2026-09-25 12:30:09 | INFO | services.connectors.risk3_connector | [2550/2972] CNPJ 76827344000130 -> CACHE (NAO_ENCONTRADO, 9d/30d)
2026-09-25 12:30:09 | INFO | services.connectors.risk3_connector | [2551/2972] CNPJ 76848506000117 -> CACHE (SUCESSO, 254d/365d)
2026-09-25 12:30:09 | INFO | services.connectors.risk3_connector | [2552/2972] CNPJ 76857747000122 -> CACHE (SUCESSO, 85d/365d)
2026-09-25 12:30:09 | INFO | services.connectors.risk3_connector | [2553/2972] CNPJ 76868678000152 -> CACHE (SUCESSO, 93d/365d)
2026-09-25 12:30:09 | INFO | services.connectors.risk3_connector | [2554/2972] CNPJ 76879295000180 -> CACHE (SUCESSO, 39d/365d)
2026-09-25 12:30:09 | INFO | services.connectors.risk3_connector | [2555/2972] CNPJ 76881093000172 -> CACHE (SUCESSO, 72d/365d)
2026-09-25 12:30:09 | INFO | services.connectors.risk3_connector | [2556/2972] CNPJ 76888767000160 -> CACHE (SUCESSO, 93d/365d)
2026-09-25 12:30:09 | INFO | services.connectors.risk3_connector | [2557/2972] CNPJ 76897297000282 -> CACHE (NAO_ENCONTRADO, 3d/30d)
2026-09-25 12:30:09 | INFO | services.connectors.risk3_connector | [2558/2972] CNPJ 76900463000171 -> CACHE (SUCESSO, 72d/365d)
2026-09-25 12:30:09 | INFO | services.connectors.risk3_connector | [2559/2972] CNPJ 76902204000180 -> CACHE (SUCESSO, 102d/365d)
2026-09-25 12:30:09 | INFO | services.connectors.risk3_connector | [2560/2972] CNPJ 76915123000114 -> CACHE (SUCESSO, 78d/365d)
2026-09-25 12:30:09 | INFO | services.connectors.risk3_connector | [2561/2972] CNPJ 76929660000113 -> CACHE (SUCESSO, 92d/365d)
2026-09-25 12:30:09 | INFO | services.connectors.risk3_connector | [2562/2972] CNPJ 76947126000130 -> CACHE (SUCESSO, 92d/365d)
2026-09-25 12:30:09 | INFO | services.connectors.risk3_connector | [2563/2972] CNPJ 77044618000188 -> CACHE (SUCESSO, 254d/365d)
2026-09-25 12:30:09 | INFO | services.connectors.risk3_connector | [2564/2972] CNPJ 77116770000129 -> CACHE (SUCESSO, 254d/365d)
2026-09-25 12:30:09 | INFO | services.connectors.risk3_connector | [2565/2972] CNPJ 77118131000100 -> CACHE (SUCESSO, 196d/365d)
2026-09-25 12:30:09 | INFO | services.connectors.risk3_connector | [2566/2972] CNPJ 77152338000193 -> CACHE (SUCESSO, 92d/365d)
2026-09-25 12:30:09 | INFO | services.connectors.risk3_connector | [2567/2972] CNPJ 77163749000184 -> CACHE (SUCESSO, 207d/365d)
2026-09-25 12:30:09 | INFO | services.connectors.risk3_connector | [2568/2972] CNPJ 77172161000197 -> CACHE (SUCESSO, 24d/365d)
2026-09-25 12:30:09 | INFO | services.connectors.risk3_connector | [2569/2972] CNPJ 77172161000510 -> CACHE (SUCESSO, 92d/365d)
2026-09-25 12:30:09 | INFO | services.connectors.risk3_connector | [2570/2972] CNPJ 77172161000600 -> CACHE (SUCESSO, 92d/365d)
2026-09-25 12:30:09 | INFO | services.connectors.risk3_connector | [2571/2972] CNPJ 77198794000174 -> CACHE (SUCESSO, 155d/365d)
2026-09-25 12:30:09 | INFO | services.connectors.risk3_connector | [2572/2972] CNPJ 77215606000179 -> CACHE (SUCESSO, 93d/365d)
2026-09-25 12:30:09 | INFO | services.connectors.risk3_connector | [2573/2972] CNPJ 77307387000158 -> CACHE (SUCESSO, 93d/365d)
2026-09-25 12:30:09 | INFO | services.connectors.risk3_connector | [2574/2972] CNPJ 77366664000101 -> CACHE (SUCESSO, 353d/365d)
2026-09-25 12:30:09 | INFO | services.connectors.risk3_connector | [2575/2972] CNPJ 77381259000154 -> CACHE (SUCESSO, 93d/365d)
2026-09-25 12:30:09 | INFO | services.connectors.risk3_connector | [2576/2972] CNPJ 77388874000192 -> CACHE (SUCESSO, 93d/365d)
2026-09-25 12:30:09 | INFO | services.connectors.risk3_connector | [2577/2972] CNPJ 77388874000354 -> CACHE (NAO_ENCONTRADO, 3d/30d)
2026-09-25 12:30:09 | INFO | services.connectors.risk3_connector | [2578/2972] CNPJ 77396810000133 -> CACHE (SUCESSO, 39d/365d)
2026-09-25 12:30:09 | INFO | services.connectors.risk3_connector | [2579/2972] CNPJ 77424992000109 -> CACHE (SUCESSO, 93d/365d)
2026-09-25 12:30:09 | INFO | services.connectors.risk3_connector | [2580/2972] CNPJ 77424992000290 -> CACHE (NAO_ENCONTRADO, 3d/30d)
2026-09-25 12:30:09 | INFO | services.connectors.risk3_connector | [2581/2972] CNPJ 77595395000147 -> CACHE (SUCESSO, 296d/365d)
2026-09-25 12:30:09 | INFO | services.connectors.risk3_connector | [2582/2972] CNPJ 77595395004487 -> CACHE (SUCESSO, 93d/365d)
2026-09-25 12:30:09 | INFO | services.connectors.risk3_connector | [2583/2972] CNPJ 77595395005106 -> CACHE (SUCESSO, 79d/365d)
2026-09-25 12:30:09 | INFO | services.connectors.risk3_connector | [2584/2972] CNPJ 77606911000191 -> CACHE (SUCESSO, 353d/365d)
2026-09-25 12:30:09 | INFO | services.connectors.risk3_connector | [2585/2972] CNPJ 77716249000122 -> CACHE (SUCESSO, 255d/365d)
2026-09-25 12:30:09 | INFO | services.connectors.risk3_connector | [2586/2972] CNPJ 77718815000135 -> CACHE (SUCESSO, 92d/365d)
2026-09-25 12:30:09 | INFO | services.connectors.risk3_connector | [2587/2972] CNPJ 77728988000134 -> CACHE (SUCESSO, 353d/365d)
2026-09-25 12:30:09 | INFO | services.connectors.risk3_connector | [2588/2972] CNPJ 77752038000226 -> CACHE (SUCESSO, 140d/365d)
2026-09-25 12:30:09 | INFO | services.connectors.risk3_connector | [2589/2972] CNPJ 77752293000198 -> CACHE (SUCESSO, 22d/365d)
2026-09-25 12:30:09 | INFO | services.connectors.risk3_connector | [2590/2972] CNPJ 77752293006048 -> CACHE (NAO_ENCONTRADO, 3d/30d)
2026-09-25 12:30:09 | INFO | services.connectors.risk3_connector | [2591/2972] CNPJ 77758324000118 -> CACHE (SUCESSO, 93d/365d)
2026-09-25 12:30:09 | INFO | services.connectors.risk3_connector | [2592/2972] CNPJ 77768943000436 -> CACHE (SUCESSO, 93d/365d)
2026-09-25 12:30:09 | INFO | services.connectors.risk3_connector | [2593/2972] CNPJ 77781706000243 -> CACHE (SUCESSO, 74d/365d)
2026-09-25 12:30:09 | INFO | services.connectors.risk3_connector | [2594/2972] CNPJ 77799542000109 -> CACHE (SUCESSO, 178d/365d)
2026-09-25 12:30:09 | INFO | services.connectors.risk3_connector | [2595/2972] CNPJ 77804599000140 -> CACHE (SUCESSO, 93d/365d)
2026-09-25 12:30:09 | INFO | services.connectors.risk3_connector | [2596/2972] CNPJ 77808640000238 -> CACHE (NAO_ENCONTRADO, 3d/30d)
2026-09-25 12:30:09 | INFO | services.connectors.risk3_connector | [2597/2972] CNPJ 77837979000181 -> CACHE (SUCESSO, 171d/365d)
2026-09-25 12:30:09 | INFO | services.connectors.risk3_connector | [2598/2972] CNPJ 77837979001404 -> CACHE (SUCESSO, 319d/365d)
2026-09-25 12:30:09 | INFO | services.connectors.risk3_connector | [2599/2972] CNPJ 77850568000126 -> CACHE (SUCESSO, 163d/365d)
2026-09-25 12:30:09 | INFO | services.connectors.risk3_connector | [2600/2972] CNPJ 77863223000107 -> CACHE (SUCESSO, 359d/365d)
2026-09-25 12:30:09 | INFO | services.connectors.risk3_connector | [2601/2972] CNPJ 77863223004366 -> CACHE (SUCESSO, 338d/365d)
2026-09-25 12:30:09 | INFO | services.connectors.risk3_connector | [2602/2972] CNPJ 77863223017930 -> CACHE (SUCESSO, 123d/365d)
2026-09-25 12:30:09 | INFO | services.connectors.risk3_connector | [2603/2972] CNPJ 77867984000137 -> CACHE (SUCESSO, 92d/365d)
2026-09-25 12:30:09 | INFO | services.connectors.risk3_connector | [2604/2972] CNPJ 77883189000132 -> CACHE (SUCESSO, 93d/365d)
2026-09-25 12:30:09 | INFO | services.connectors.risk3_connector | [2605/2972] CNPJ 77887917000184 -> CACHE (NAO_ENCONTRADO, 9d/30d)
2026-09-25 12:30:09 | INFO | services.connectors.risk3_connector | [2606/2972] CNPJ 77890846000179 -> CACHE (SUCESSO, 165d/365d)
2026-09-25 12:30:09 | INFO | services.connectors.risk3_connector | [2607/2972] CNPJ 77912053000103 -> CACHE (SUCESSO, 297d/365d)
2026-09-25 12:30:09 | INFO | services.connectors.risk3_connector | [2608/2972] CNPJ 77917680005104 -> CACHE (SUCESSO, 115d/365d)
2026-09-25 12:30:09 | INFO | services.connectors.risk3_connector | [2609/2972] CNPJ 77948750000114 -> CACHE (SUCESSO, 64d/365d)
2026-09-25 12:30:09 | INFO | services.connectors.risk3_connector | [2610/2972] CNPJ 77964393000188 -> CACHE (SUCESSO, 92d/365d)
2026-09-25 12:30:09 | INFO | services.connectors.risk3_connector | [2611/2972] CNPJ 77968980000145 -> CACHE (SUCESSO, 93d/365d)
2026-09-25 12:30:09 | INFO | services.connectors.risk3_connector | [2612/2972] CNPJ 77975654000165 -> CACHE (SUCESSO, 92d/365d)
2026-09-25 12:30:09 | INFO | services.connectors.risk3_connector | [2613/2972] CNPJ 78016003000100 -> CACHE (SUCESSO, 93d/365d)
2026-09-25 12:30:09 | INFO | services.connectors.risk3_connector | [2614/2972] CNPJ 78016003002820 -> CACHE (SUCESSO, 92d/365d)
2026-09-25 12:30:09 | INFO | services.connectors.risk3_connector | [2615/2972] CNPJ 78095023000114 -> CACHE (SUCESSO, 93d/365d)
2026-09-25 12:30:09 | INFO | services.connectors.risk3_connector | [2616/2972] CNPJ 78116670000165 -> CACHE (SUCESSO, 92d/365d)
2026-09-25 12:30:09 | INFO | services.connectors.risk3_connector | [2617/2972] CNPJ 78116670003261 -> CACHE (NAO_ENCONTRADO, 3d/30d)
2026-09-25 12:30:09 | INFO | services.connectors.risk3_connector | [2618/2972] CNPJ 78141926000194 -> CACHE (SUCESSO, 155d/365d)
2026-09-25 12:30:09 | INFO | services.connectors.risk3_connector | [2619/2972] CNPJ 78147105001641 -> CACHE (SUCESSO, 353d/365d)
2026-09-25 12:30:09 | INFO | services.connectors.risk3_connector | [2620/2972] CNPJ 78156247000199 -> CACHE (SUCESSO, 353d/365d)
2026-09-25 12:30:09 | INFO | services.connectors.risk3_connector | [2621/2972] CNPJ 78160934000188 -> CACHE (SUCESSO, 204d/365d)
2026-09-25 12:30:09 | INFO | services.connectors.risk3_connector | [2622/2972] CNPJ 78232485000136 -> CACHE (SUCESSO, 255d/365d)
2026-09-25 12:30:09 | INFO | services.connectors.risk3_connector | [2623/2972] CNPJ 78282084000190 -> CACHE (SUCESSO, 255d/365d)
2026-09-25 12:30:09 | INFO | services.connectors.risk3_connector | [2624/2972] CNPJ 78296027000160 -> CACHE (SUCESSO, 92d/365d)
2026-09-25 12:30:09 | INFO | services.connectors.risk3_connector | [2625/2972] CNPJ 78331899000112 -> CACHE (SUCESSO, 106d/365d)
2026-09-25 12:30:09 | INFO | services.connectors.risk3_connector | [2626/2972] CNPJ 78373305000136 -> CACHE (SUCESSO, 315d/365d)
2026-09-25 12:30:09 | INFO | services.connectors.risk3_connector | [2627/2972] CNPJ 78381613000103 -> CACHE (SUCESSO, 165d/365d)
2026-09-25 12:30:09 | INFO | services.connectors.risk3_connector | [2628/2972] CNPJ 78413325000193 -> CACHE (NAO_ENCONTRADO, 3d/30d)
2026-09-25 12:30:09 | INFO | services.connectors.risk3_connector | [2629/2972] CNPJ 78455607000153 -> CACHE (SUCESSO, 38d/365d)
2026-09-25 12:30:09 | INFO | services.connectors.risk3_connector | [2630/2972] CNPJ 78473360000106 -> CACHE (SUCESSO, 172d/365d)
2026-09-25 12:30:09 | INFO | services.connectors.risk3_connector | [2631/2972] CNPJ 78567328000181 -> CACHE (SUCESSO, 92d/365d)
2026-09-25 12:30:09 | INFO | services.connectors.risk3_connector | [2632/2972] CNPJ 78588431000108 -> CACHE (SUCESSO, 93d/365d)
2026-09-25 12:30:09 | INFO | services.connectors.risk3_connector | [2633/2972] CNPJ 78594926000140 -> CACHE (SUCESSO, 93d/365d)
2026-09-25 12:30:09 | INFO | services.connectors.risk3_connector | [2634/2972] CNPJ 78613841000161 -> CACHE (SUCESSO, 78d/365d)
2026-09-25 12:30:09 | INFO | services.connectors.risk3_connector | [2635/2972] CNPJ 78624202000100 -> CACHE (SUCESSO, 93d/365d)
2026-09-25 12:30:09 | INFO | services.connectors.risk3_connector | [2636/2972] CNPJ 78643319000122 -> CACHE (SUCESSO, 92d/365d)
2026-09-25 12:30:09 | INFO | services.connectors.risk3_connector | [2637/2972] CNPJ 78696499000100 -> CACHE (SUCESSO, 91d/365d)
2026-09-25 12:30:09 | INFO | services.connectors.risk3_connector | [2638/2972] CNPJ 78701232000164 -> CACHE (SUCESSO, 45d/365d)
2026-09-25 12:30:09 | INFO | services.connectors.risk3_connector | [2639/2972] CNPJ 78712288000114 -> CACHE (SUCESSO, 93d/365d)
2026-09-25 12:30:09 | INFO | services.connectors.risk3_connector | [2640/2972] CNPJ 78724135000197 -> Consultando API (Endpoint detalhado por CNPJ)...
2026-09-25 12:30:09 | INFO | services.connectors.risk3_connector | SUCESSO na extração dos detalhes do Bureau!
2026-09-25 12:30:10 | INFO | services.connectors.risk3_connector | [2641/2972] CNPJ 78897600000191 -> CACHE (SUCESSO, 332d/365d)
2026-09-25 12:30:10 | INFO | services.connectors.risk3_connector | [2642/2972] CNPJ 78897600000272 -> CACHE (SUCESSO, 199d/365d)
2026-09-25 12:30:10 | INFO | services.connectors.risk3_connector | [2643/2972] CNPJ 78908266000124 -> CACHE (SUCESSO, 92d/365d)
2026-09-25 12:30:10 | INFO | services.connectors.risk3_connector | [2644/2972] CNPJ 78908266000205 -> CACHE (SUCESSO, 67d/365d)
2026-09-25 12:30:10 | INFO | services.connectors.risk3_connector | [2645/2972] CNPJ 78943321000117 -> CACHE (SUCESSO, 346d/365d)
2026-09-25 12:30:10 | INFO | services.connectors.risk3_connector | [2646/2972] CNPJ 78956968000183 -> CACHE (SUCESSO, 94d/365d)
2026-09-25 12:30:10 | INFO | services.connectors.risk3_connector | [2647/2972] CNPJ 78956968001589 -> CACHE (SUCESSO, 93d/365d)
2026-09-25 12:30:10 | INFO | services.connectors.risk3_connector | [2648/2972] CNPJ 78956968001740 -> CACHE (SUCESSO, 53d/365d)
2026-09-25 12:30:10 | INFO | services.connectors.risk3_connector | [2649/2972] CNPJ 78958717001614 -> CACHE (NAO_ENCONTRADO, 3d/30d)
2026-09-25 12:30:10 | INFO | services.connectors.risk3_connector | [2650/2972] CNPJ 78969466000197 -> CACHE (SUCESSO, 255d/365d)
2026-09-25 12:30:10 | INFO | services.connectors.risk3_connector | [2651/2972] CNPJ 79077343000104 -> CACHE (SUCESSO, 254d/365d)
2026-09-25 12:30:10 | INFO | services.connectors.risk3_connector | [2652/2972] CNPJ 79085221000160 -> CACHE (SUCESSO, 92d/365d)
2026-09-25 12:30:10 | INFO | services.connectors.risk3_connector | [2653/2972] CNPJ 79109237000165 -> CACHE (NAO_ENCONTRADO, 9d/30d)
2026-09-25 12:30:10 | INFO | services.connectors.risk3_connector | [2654/2972] CNPJ 79114450000165 -> CACHE (SUCESSO, 46d/365d)
2026-09-25 12:30:10 | INFO | services.connectors.risk3_connector | [2655/2972] CNPJ 79114450001480 -> CACHE (NAO_ENCONTRADO, 9d/30d)
2026-09-25 12:30:10 | INFO | services.connectors.risk3_connector | [2656/2972] CNPJ 79142139000120 -> CACHE (SUCESSO, 93d/365d)
2026-09-25 12:30:10 | INFO | services.connectors.risk3_connector | [2657/2972] CNPJ 79233672000105 -> CACHE (SUCESSO, 168d/365d)
2026-09-25 12:30:10 | INFO | services.connectors.risk3_connector | [2658/2972] CNPJ 79235917000125 -> CACHE (NAO_ENCONTRADO, 3d/30d)
2026-09-25 12:30:10 | INFO | services.connectors.risk3_connector | [2659/2972] CNPJ 79264628000154 -> CACHE (SUCESSO, 196d/365d)
2026-09-25 12:30:10 | INFO | services.connectors.risk3_connector | [2660/2972] CNPJ 79302519000184 -> CACHE (NAO_ENCONTRADO, 3d/30d)
2026-09-25 12:30:10 | INFO | services.connectors.risk3_connector | [2661/2972] CNPJ 79379491000183 -> CACHE (SUCESSO, 310d/365d)
2026-09-25 12:30:10 | INFO | services.connectors.risk3_connector | [2662/2972] CNPJ 79381497000195 -> CACHE (NAO_ENCONTRADO, 3d/30d)
2026-09-25 12:30:10 | INFO | services.connectors.risk3_connector | [2663/2972] CNPJ 79386678000104 -> CACHE (SUCESSO, 155d/365d)
2026-09-25 12:30:10 | INFO | services.connectors.risk3_connector | [2664/2972] CNPJ 79390530000305 -> CACHE (SUCESSO, 121d/365d)
2026-09-25 12:30:10 | INFO | services.connectors.risk3_connector | [2665/2972] CNPJ 79416459000120 -> CACHE (SUCESSO, 86d/365d)
2026-09-25 12:30:10 | INFO | services.connectors.risk3_connector | [2666/2972] CNPJ 79435020000145 -> CACHE (SUCESSO, 121d/365d)
2026-09-25 12:30:10 | INFO | services.connectors.risk3_connector | [2667/2972] CNPJ 79458485000111 -> CACHE (SUCESSO, 92d/365d)
2026-09-25 12:30:10 | INFO | services.connectors.risk3_connector | [2668/2972] CNPJ 79571659000158 -> CACHE (SUCESSO, 92d/365d)
2026-09-25 12:30:10 | INFO | services.connectors.risk3_connector | [2669/2972] CNPJ 79578068000102 -> CACHE (SUCESSO, 162d/365d)
2026-09-25 12:30:10 | INFO | services.connectors.risk3_connector | [2670/2972] CNPJ 79578266000176 -> CACHE (SUCESSO, 123d/365d)
2026-09-25 12:30:10 | INFO | services.connectors.risk3_connector | [2671/2972] CNPJ 79599411000103 -> CACHE (SUCESSO, 214d/365d)
2026-09-25 12:30:10 | INFO | services.connectors.risk3_connector | [2672/2972] CNPJ 79613030000123 -> CACHE (SUCESSO, 92d/365d)
2026-09-25 12:30:10 | INFO | services.connectors.risk3_connector | [2673/2972] CNPJ 79621439000191 -> CACHE (NAO_ENCONTRADO, 3d/30d)
2026-09-25 12:30:10 | INFO | services.connectors.risk3_connector | [2674/2972] CNPJ 79638524001800 -> CACHE (SUCESSO, 192d/365d)
2026-09-25 12:30:10 | INFO | services.connectors.risk3_connector | [2675/2972] CNPJ 79687588000153 -> CACHE (SUCESSO, 186d/365d)
2026-09-25 12:30:10 | INFO | services.connectors.risk3_connector | [2676/2972] CNPJ 79704961000137 -> CACHE (SUCESSO, 199d/365d)
2026-09-25 12:30:10 | INFO | services.connectors.risk3_connector | [2677/2972] CNPJ 79763884000196 -> CACHE (SUCESSO, 136d/365d)
2026-09-25 12:30:10 | INFO | services.connectors.risk3_connector | [2678/2972] CNPJ 79837688000119 -> CACHE (SUCESSO, 142d/365d)
2026-09-25 12:30:10 | INFO | services.connectors.risk3_connector | [2679/2972] CNPJ 79846341000132 -> CACHE (SUCESSO, 150d/365d)
2026-09-25 12:30:10 | INFO | services.connectors.risk3_connector | [2680/2972] CNPJ 79863569000130 -> CACHE (SUCESSO, 331d/365d)
2026-09-25 12:30:10 | INFO | services.connectors.risk3_connector | [2681/2972] CNPJ 79863569005876 -> CACHE (SUCESSO, 92d/365d)
2026-09-25 12:30:10 | INFO | services.connectors.risk3_connector | [2682/2972] CNPJ 79863890000115 -> CACHE (NAO_ENCONTRADO, 3d/30d)
2026-09-25 12:30:10 | INFO | services.connectors.risk3_connector | [2683/2972] CNPJ 79865366000183 -> CACHE (SUCESSO, 165d/365d)
2026-09-25 12:30:10 | INFO | services.connectors.risk3_connector | [2684/2972] CNPJ 79875183000149 -> CACHE (SUCESSO, 93d/365d)
2026-09-25 12:30:10 | INFO | services.connectors.risk3_connector | [2685/2972] CNPJ 79939450000102 -> CACHE (SUCESSO, 352d/365d)
2026-09-25 12:30:10 | INFO | services.connectors.risk3_connector | [2686/2972] CNPJ 80020761000144 -> CACHE (SUCESSO, 255d/365d)
2026-09-25 12:30:10 | INFO | services.connectors.risk3_connector | [2687/2972] CNPJ 80026115000194 -> CACHE (NAO_ENCONTRADO, 3d/30d)
2026-09-25 12:30:10 | INFO | services.connectors.risk3_connector | [2688/2972] CNPJ 80028194000172 -> CACHE (SUCESSO, 91d/365d)
2026-09-25 12:30:10 | INFO | services.connectors.risk3_connector | [2689/2972] CNPJ 80051824000120 -> CACHE (SUCESSO, 92d/365d)
2026-09-25 12:30:10 | INFO | services.connectors.risk3_connector | [2690/2972] CNPJ 80213705000126 -> CACHE (SUCESSO, 254d/365d)
2026-09-25 12:30:10 | INFO | services.connectors.risk3_connector | [2691/2972] CNPJ 80215213000170 -> CACHE (SUCESSO, 92d/365d)
2026-09-25 12:30:10 | INFO | services.connectors.risk3_connector | [2692/2972] CNPJ 80223324000128 -> CACHE (SUCESSO, 150d/365d)
2026-09-25 12:30:10 | INFO | services.connectors.risk3_connector | [2693/2972] CNPJ 80232952000170 -> CACHE (SUCESSO, 206d/365d)
2026-09-25 12:30:10 | INFO | services.connectors.risk3_connector | [2694/2972] CNPJ 80233380000143 -> CACHE (SUCESSO, 92d/365d)
2026-09-25 12:30:10 | INFO | services.connectors.risk3_connector | [2695/2972] CNPJ 80238926000159 -> CACHE (SUCESSO, 93d/365d)
2026-09-25 12:30:10 | INFO | services.connectors.risk3_connector | [2696/2972] CNPJ 80255060000194 -> CACHE (SUCESSO, 92d/365d)
2026-09-25 12:30:10 | INFO | services.connectors.risk3_connector | [2697/2972] CNPJ 80337306000177 -> CACHE (SUCESSO, 357d/365d)
2026-09-25 12:30:10 | INFO | services.connectors.risk3_connector | [2698/2972] CNPJ 80339427000158 -> CACHE (SUCESSO, 182d/365d)
2026-09-25 12:30:10 | INFO | services.connectors.risk3_connector | [2699/2972] CNPJ 80349020000101 -> CACHE (SUCESSO, 92d/365d)
2026-09-25 12:30:10 | INFO | services.connectors.risk3_connector | [2700/2972] CNPJ 80358401000157 -> CACHE (SUCESSO, 122d/365d)
2026-09-25 12:30:10 | INFO | services.connectors.risk3_connector | [2701/2972] CNPJ 80362601000183 -> CACHE (NAO_ENCONTRADO, 3d/30d)
2026-09-25 12:30:10 | INFO | services.connectors.risk3_connector | [2702/2972] CNPJ 80400633000126 -> CACHE (NAO_ENCONTRADO, 3d/30d)
2026-09-25 12:30:10 | INFO | services.connectors.risk3_connector | [2703/2972] CNPJ 80418205000120 -> CACHE (SUCESSO, 130d/365d)
2026-09-25 12:30:10 | INFO | services.connectors.risk3_connector | [2704/2972] CNPJ 80452733000104 -> CACHE (NAO_ENCONTRADO, 3d/30d)
2026-09-25 12:30:10 | INFO | services.connectors.risk3_connector | [2705/2972] CNPJ 80474042000101 -> CACHE (SUCESSO, 240d/365d)
2026-09-25 12:30:10 | INFO | services.connectors.risk3_connector | [2706/2972] CNPJ 80513021000140 -> CACHE (SUCESSO, 92d/365d)
2026-09-25 12:30:10 | INFO | services.connectors.risk3_connector | [2707/2972] CNPJ 80524051000151 -> CACHE (SUCESSO, 77d/365d)
2026-09-25 12:30:10 | INFO | services.connectors.risk3_connector | [2708/2972] CNPJ 80565161000161 -> CACHE (SUCESSO, 93d/365d)
2026-09-25 12:30:10 | INFO | services.connectors.risk3_connector | [2709/2972] CNPJ 80605298000100 -> CACHE (SUCESSO, 255d/365d)
2026-09-25 12:30:10 | INFO | services.connectors.risk3_connector | [2710/2972] CNPJ 80638661000186 -> CACHE (SUCESSO, 23d/365d)
2026-09-25 12:30:10 | INFO | services.connectors.risk3_connector | [2711/2972] CNPJ 80646755000105 -> CACHE (SUCESSO, 93d/365d)
2026-09-25 12:30:10 | INFO | services.connectors.risk3_connector | [2712/2972] CNPJ 80666324000100 -> CACHE (NAO_ENCONTRADO, 3d/30d)
2026-09-25 12:30:10 | INFO | services.connectors.risk3_connector | [2713/2972] CNPJ 80718984000180 -> CACHE (NAO_ENCONTRADO, 3d/30d)
2026-09-25 12:30:10 | INFO | services.connectors.risk3_connector | [2714/2972] CNPJ 80730054000141 -> CACHE (NAO_ENCONTRADO, 3d/30d)
2026-09-25 12:30:10 | INFO | services.connectors.risk3_connector | [2715/2972] CNPJ 80732928000108 -> CACHE (SUCESSO, 92d/365d)
2026-09-25 12:30:10 | INFO | services.connectors.risk3_connector | [2716/2972] CNPJ 80732928006645 -> CACHE (NAO_ENCONTRADO, 3d/30d)
2026-09-25 12:30:10 | INFO | services.connectors.risk3_connector | [2717/2972] CNPJ 80742307000105 -> CACHE (SUCESSO, 255d/365d)
2026-09-25 12:30:10 | INFO | services.connectors.risk3_connector | [2718/2972] CNPJ 80813710000170 -> CACHE (SUCESSO, 93d/365d)
2026-09-25 12:30:10 | INFO | services.connectors.risk3_connector | [2719/2972] CNPJ 80830334000202 -> CACHE (SUCESSO, 120d/365d)
2026-09-25 12:30:10 | INFO | services.connectors.risk3_connector | [2720/2972] CNPJ 80840861000117 -> CACHE (SUCESSO, 93d/365d)
2026-09-25 12:30:10 | INFO | services.connectors.risk3_connector | [2721/2972] CNPJ 80844269000193 -> CACHE (SUCESSO, 198d/365d)
2026-09-25 12:30:10 | INFO | services.connectors.risk3_connector | [2722/2972] CNPJ 80851439000167 -> CACHE (SUCESSO, 78d/365d)
2026-09-25 12:30:10 | INFO | services.connectors.risk3_connector | [2723/2972] CNPJ 80929532000147 -> CACHE (SUCESSO, 92d/365d)
2026-09-25 12:30:10 | INFO | services.connectors.risk3_connector | [2724/2972] CNPJ 80938434000176 -> CACHE (SUCESSO, 165d/365d)
2026-09-25 12:30:10 | INFO | services.connectors.risk3_connector | [2725/2972] CNPJ 80939234000138 -> CACHE (SUCESSO, 92d/365d)
2026-09-25 12:30:10 | INFO | services.connectors.risk3_connector | [2726/2972] CNPJ 80959513000163 -> CACHE (NAO_ENCONTRADO, 3d/30d)
2026-09-25 12:30:10 | INFO | services.connectors.risk3_connector | [2727/2972] CNPJ 81066938000106 -> CACHE (NAO_ENCONTRADO, 3d/30d)
2026-09-25 12:30:10 | INFO | services.connectors.risk3_connector | [2728/2972] CNPJ 81072399000207 -> CACHE (SUCESSO, 196d/365d)
2026-09-25 12:30:10 | INFO | services.connectors.risk3_connector | [2729/2972] CNPJ 81174138000109 -> CACHE (SUCESSO, 93d/365d)
2026-09-25 12:30:10 | INFO | services.connectors.risk3_connector | [2730/2972] CNPJ 81205619000134 -> CACHE (SUCESSO, 119d/365d)
2026-09-25 12:30:10 | INFO | services.connectors.risk3_connector | [2731/2972] CNPJ 81229932000102 -> CACHE (SUCESSO, 92d/365d)
2026-09-25 12:30:10 | INFO | services.connectors.risk3_connector | [2732/2972] CNPJ 81270548000153 -> CACHE (SUCESSO, 128d/365d)
2026-09-25 12:30:10 | INFO | services.connectors.risk3_connector | [2733/2972] CNPJ 81300709000104 -> CACHE (SUCESSO, 38d/365d)
2026-09-25 12:30:10 | INFO | services.connectors.risk3_connector | [2734/2972] CNPJ 81304552000195 -> CACHE (SUCESSO, 53d/365d)
2026-09-25 12:30:10 | INFO | services.connectors.risk3_connector | [2735/2972] CNPJ 81321549000180 -> CACHE (SUCESSO, 45d/365d)
2026-09-25 12:30:10 | INFO | services.connectors.risk3_connector | [2736/2972] CNPJ 81402026000168 -> CACHE (NAO_ENCONTRADO, 3d/30d)
2026-09-25 12:30:10 | INFO | services.connectors.risk3_connector | [2737/2972] CNPJ 81433765000117 -> CACHE (SUCESSO, 93d/365d)
2026-09-25 12:30:10 | INFO | services.connectors.risk3_connector | [2738/2972] CNPJ 81482895000140 -> CACHE (SUCESSO, 92d/365d)
2026-09-25 12:30:10 | INFO | services.connectors.risk3_connector | [2739/2972] CNPJ 81490500000150 -> CACHE (SUCESSO, 86d/365d)
2026-09-25 12:30:10 | INFO | services.connectors.risk3_connector | [2740/2972] CNPJ 81584278000155 -> CACHE (NAO_ENCONTRADO, 3d/30d)
2026-09-25 12:30:10 | INFO | services.connectors.risk3_connector | [2741/2972] CNPJ 81599359000129 -> CACHE (SUCESSO, 79d/365d)
2026-09-25 12:30:10 | INFO | services.connectors.risk3_connector | [2742/2972] CNPJ 81611931000128 -> CACHE (SUCESSO, 254d/365d)
2026-09-25 12:30:10 | INFO | services.connectors.risk3_connector | [2743/2972] CNPJ 81616807000155 -> CACHE (SUCESSO, 93d/365d)
2026-09-25 12:30:10 | INFO | services.connectors.risk3_connector | [2744/2972] CNPJ 81642308000213 -> CACHE (SUCESSO, 92d/365d)
2026-09-25 12:30:10 | INFO | services.connectors.risk3_connector | [2745/2972] CNPJ 81662462000176 -> CACHE (SUCESSO, 93d/365d)
2026-09-25 12:30:10 | INFO | services.connectors.risk3_connector | [2746/2972] CNPJ 81671125000145 -> CACHE (SUCESSO, 93d/365d)
2026-09-25 12:30:10 | INFO | services.connectors.risk3_connector | [2747/2972] CNPJ 81672099000170 -> CACHE (SUCESSO, 151d/365d)
2026-09-25 12:30:10 | INFO | services.connectors.risk3_connector | [2748/2972] CNPJ 81676124000193 -> CACHE (SUCESSO, 100d/365d)
2026-09-25 12:30:10 | INFO | services.connectors.risk3_connector | [2749/2972] CNPJ 81716144000140 -> CACHE (SUCESSO, 92d/365d)
2026-09-25 12:30:10 | INFO | services.connectors.risk3_connector | [2750/2972] CNPJ 81716144000493 -> CACHE (SUCESSO, 92d/365d)
2026-09-25 12:30:10 | INFO | services.connectors.risk3_connector | [2751/2972] CNPJ 81716144000574 -> CACHE (SUCESSO, 92d/365d)
2026-09-25 12:30:10 | INFO | services.connectors.risk3_connector | [2752/2972] CNPJ 81716144000736 -> CACHE (NAO_ENCONTRADO, 3d/30d)
2026-09-25 12:30:10 | INFO | services.connectors.risk3_connector | [2753/2972] CNPJ 81716144001031 -> CACHE (SUCESSO, 92d/365d)
2026-09-25 12:30:10 | INFO | services.connectors.risk3_connector | [2754/2972] CNPJ 81716144001546 -> CACHE (SUCESSO, 92d/365d)
2026-09-25 12:30:10 | INFO | services.connectors.risk3_connector | [2755/2972] CNPJ 81716144002437 -> CACHE (SUCESSO, 92d/365d)
2026-09-25 12:30:10 | INFO | services.connectors.risk3_connector | [2756/2972] CNPJ 81716144003085 -> CACHE (SUCESSO, 92d/365d)
2026-09-25 12:30:10 | INFO | services.connectors.risk3_connector | [2757/2972] CNPJ 81716219000193 -> CACHE (SUCESSO, 93d/365d)
2026-09-25 12:30:10 | INFO | services.connectors.risk3_connector | [2758/2972] CNPJ 81727414000895 -> CACHE (SUCESSO, 24d/365d)
2026-09-25 12:30:10 | INFO | services.connectors.risk3_connector | [2759/2972] CNPJ 81760159000106 -> CACHE (SUCESSO, 92d/365d)
2026-09-25 12:30:10 | INFO | services.connectors.risk3_connector | [2760/2972] CNPJ 81905176000194 -> CACHE (SUCESSO, 92d/365d)
2026-09-25 12:30:10 | INFO | services.connectors.risk3_connector | [2761/2972] CNPJ 81905176000518 -> CACHE (NAO_ENCONTRADO, 3d/30d)
2026-09-25 12:30:10 | INFO | services.connectors.risk3_connector | [2762/2972] CNPJ 82036641000594 -> CACHE (SUCESSO, 92d/365d)
2026-09-25 12:30:10 | INFO | services.connectors.risk3_connector | [2763/2972] CNPJ 82050170000498 -> CACHE (NAO_ENCONTRADO, 3d/30d)
2026-09-25 12:30:10 | INFO | services.connectors.risk3_connector | [2764/2972] CNPJ 82052788000144 -> CACHE (SUCESSO, 144d/365d)
2026-09-25 12:30:10 | INFO | services.connectors.risk3_connector | [2765/2972] CNPJ 82056185000110 -> CACHE (SUCESSO, 93d/365d)
2026-09-25 12:30:10 | INFO | services.connectors.risk3_connector | [2766/2972] CNPJ 82096124000187 -> CACHE (NAO_ENCONTRADO, 3d/30d)
2026-09-25 12:30:10 | INFO | services.connectors.risk3_connector | [2767/2972] CNPJ 82130956000172 -> CACHE (SUCESSO, 254d/365d)
2026-09-25 12:30:10 | INFO | services.connectors.risk3_connector | [2768/2972] CNPJ 82183716000136 -> CACHE (NAO_ENCONTRADO, 3d/30d)
2026-09-25 12:30:10 | INFO | services.connectors.risk3_connector | [2769/2972] CNPJ 82196510000140 -> CACHE (NAO_ENCONTRADO, 9d/30d)
2026-09-25 12:30:10 | INFO | services.connectors.risk3_connector | [2770/2972] CNPJ 82270281000167 -> CACHE (SUCESSO, 72d/365d)
2026-09-25 12:30:10 | INFO | services.connectors.risk3_connector | [2771/2972] CNPJ 82292053000198 -> CACHE (SUCESSO, 93d/365d)
2026-09-25 12:30:10 | INFO | services.connectors.risk3_connector | [2772/2972] CNPJ 82295817000107 -> CACHE (SUCESSO, 156d/365d)
2026-09-25 12:30:10 | INFO | services.connectors.risk3_connector | [2773/2972] CNPJ 82310046000171 -> CACHE (SUCESSO, 84d/365d)
2026-09-25 12:30:10 | INFO | services.connectors.risk3_connector | [2774/2972] CNPJ 82368028000140 -> CACHE (SUCESSO, 92d/365d)
2026-09-25 12:30:10 | INFO | services.connectors.risk3_connector | [2775/2972] CNPJ 82370743000118 -> CACHE (SUCESSO, 32d/365d)
2026-09-25 12:30:10 | INFO | services.connectors.risk3_connector | [2776/2972] CNPJ 82381815000122 -> CACHE (SUCESSO, 255d/365d)
2026-09-25 12:30:10 | INFO | services.connectors.risk3_connector | [2777/2972] CNPJ 82381815000807 -> CACHE (SUCESSO, 255d/365d)
2026-09-25 12:30:10 | INFO | services.connectors.risk3_connector | [2778/2972] CNPJ 82382458000117 -> CACHE (SUCESSO, 92d/365d)
2026-09-25 12:30:10 | INFO | services.connectors.risk3_connector | [2779/2972] CNPJ 82423310000183 -> CACHE (SUCESSO, 24d/365d)
2026-09-25 12:30:10 | INFO | services.connectors.risk3_connector | [2780/2972] CNPJ 82439134000178 -> CACHE (SUCESSO, 10d/365d)
2026-09-25 12:30:10 | INFO | services.connectors.risk3_connector | [2781/2972] CNPJ 82472481000100 -> CACHE (NAO_ENCONTRADO, 3d/30d)
2026-09-25 12:30:10 | INFO | services.connectors.risk3_connector | [2782/2972] CNPJ 82589540000117 -> CACHE (SUCESSO, 92d/365d)
2026-09-25 12:30:10 | INFO | services.connectors.risk3_connector | [2783/2972] CNPJ 82598863000177 -> CACHE (SUCESSO, 92d/365d)
2026-09-25 12:30:10 | INFO | services.connectors.risk3_connector | [2784/2972] CNPJ 82637109000107 -> CACHE (SUCESSO, 79d/365d)
2026-09-25 12:30:10 | INFO | services.connectors.risk3_connector | [2785/2972] CNPJ 82639477000186 -> CACHE (NAO_ENCONTRADO, 3d/30d)
2026-09-25 12:30:10 | INFO | services.connectors.risk3_connector | [2786/2972] CNPJ 82640558000104 -> CACHE (SUCESSO, 352d/365d)
2026-09-25 12:30:10 | INFO | services.connectors.risk3_connector | [2787/2972] CNPJ 82641606000170 -> Consultando API (Endpoint detalhado por CNPJ)...
2026-09-25 12:30:10 | INFO | services.connectors.risk3_connector | SUCESSO na extração dos detalhes do Bureau!
2026-09-25 12:30:11 | INFO | services.connectors.risk3_connector | [2788/2972] CNPJ 82658840000100 -> CACHE (SUCESSO, 92d/365d)
2026-09-25 12:30:11 | INFO | services.connectors.risk3_connector | [2789/2972] CNPJ 82666330000185 -> CACHE (SUCESSO, 92d/365d)
2026-09-25 12:30:11 | INFO | services.connectors.risk3_connector | [2790/2972] CNPJ 82719956000102 -> CACHE (SUCESSO, 99d/365d)
2026-09-25 12:30:11 | INFO | services.connectors.risk3_connector | [2791/2972] CNPJ 82757907000164 -> CACHE (SUCESSO, 255d/365d)
2026-09-25 12:30:11 | INFO | services.connectors.risk3_connector | [2792/2972] CNPJ 82827007000146 -> CACHE (SUCESSO, 165d/365d)
2026-09-25 12:30:11 | INFO | services.connectors.risk3_connector | [2793/2972] CNPJ 82956160000173 -> CACHE (SUCESSO, 295d/365d)
2026-09-25 12:30:11 | INFO | services.connectors.risk3_connector | [2794/2972] CNPJ 82956889000140 -> CACHE (NAO_ENCONTRADO, 3d/30d)
2026-09-25 12:30:11 | INFO | services.connectors.risk3_connector | [2795/2972] CNPJ 82984287000104 -> CACHE (SUCESSO, 93d/365d)
2026-09-25 12:30:11 | INFO | services.connectors.risk3_connector | [2796/2972] CNPJ 83011247000130 -> CACHE (SUCESSO, 79d/365d)
2026-09-25 12:30:11 | INFO | services.connectors.risk3_connector | [2797/2972] CNPJ 83053660000168 -> CACHE (SUCESSO, 165d/365d)
2026-09-25 12:30:11 | INFO | services.connectors.risk3_connector | [2798/2972] CNPJ 83062174000106 -> CACHE (NAO_ENCONTRADO, 3d/30d)
2026-09-25 12:30:11 | INFO | services.connectors.risk3_connector | [2799/2972] CNPJ 83096123000103 -> CACHE (SUCESSO, 93d/365d)
2026-09-25 12:30:11 | INFO | services.connectors.risk3_connector | [2800/2972] CNPJ 83151704000192 -> CACHE (NAO_ENCONTRADO, 3d/30d)
2026-09-25 12:30:11 | INFO | services.connectors.risk3_connector | [2801/2972] CNPJ 83175661000185 -> CACHE (SUCESSO, 92d/365d)
2026-09-25 12:30:11 | INFO | services.connectors.risk3_connector | [2802/2972] CNPJ 83177170000173 -> CACHE (SUCESSO, 126d/365d)
2026-09-25 12:30:11 | INFO | services.connectors.risk3_connector | [2803/2972] CNPJ 83305235000119 -> CACHE (SUCESSO, 122d/365d)
2026-09-25 12:30:11 | INFO | services.connectors.risk3_connector | [2804/2972] CNPJ 83305235002324 -> CACHE (SUCESSO, 92d/365d)
2026-09-25 12:30:11 | INFO | services.connectors.risk3_connector | [2805/2972] CNPJ 83305235012044 -> CACHE (SUCESSO, 122d/365d)
2026-09-25 12:30:11 | INFO | services.connectors.risk3_connector | [2806/2972] CNPJ 83305235013016 -> CACHE (SUCESSO, 115d/365d)
2026-09-25 12:30:11 | INFO | services.connectors.risk3_connector | [2807/2972] CNPJ 83305235014098 -> CACHE (SUCESSO, 92d/365d)
2026-09-25 12:30:11 | INFO | services.connectors.risk3_connector | [2808/2972] CNPJ 83305235023402 -> CACHE (SUCESSO, 93d/365d)
2026-09-25 12:30:11 | INFO | services.connectors.risk3_connector | [2809/2972] CNPJ 83307926000151 -> CACHE (NAO_ENCONTRADO, 3d/30d)
2026-09-25 12:30:11 | INFO | services.connectors.risk3_connector | [2810/2972] CNPJ 83310441000117 -> CACHE (SUCESSO, 72d/365d)
2026-09-25 12:30:11 | INFO | services.connectors.risk3_connector | [2811/2972] CNPJ 83310441002756 -> CACHE (NAO_ENCONTRADO, 3d/30d)
2026-09-25 12:30:11 | INFO | services.connectors.risk3_connector | [2812/2972] CNPJ 83495085000153 -> CACHE (SUCESSO, 92d/365d)
2026-09-25 12:30:11 | INFO | services.connectors.risk3_connector | [2813/2972] CNPJ 83631051000149 -> CACHE (SUCESSO, 93d/365d)
2026-09-25 12:30:11 | INFO | services.connectors.risk3_connector | [2814/2972] CNPJ 83647990000181 -> CACHE (SUCESSO, 106d/365d)
2026-09-25 12:30:11 | INFO | services.connectors.risk3_connector | [2815/2972] CNPJ 83680033000157 -> CACHE (SUCESSO, 92d/365d)
2026-09-25 12:30:11 | INFO | services.connectors.risk3_connector | [2816/2972] CNPJ 83731927000129 -> CACHE (SUCESSO, 197d/365d)
2026-09-25 12:30:11 | INFO | services.connectors.risk3_connector | [2817/2972] CNPJ 83731927000986 -> CACHE (SUCESSO, 92d/365d)
2026-09-25 12:30:11 | INFO | services.connectors.risk3_connector | [2818/2972] CNPJ 83731927004116 -> CACHE (SUCESSO, 92d/365d)
2026-09-25 12:30:11 | INFO | services.connectors.risk3_connector | [2819/2972] CNPJ 83731927005511 -> CACHE (SUCESSO, 92d/365d)
2026-09-25 12:30:11 | INFO | services.connectors.risk3_connector | [2820/2972] CNPJ 83731927005945 -> CACHE (SUCESSO, 92d/365d)
2026-09-25 12:30:11 | INFO | services.connectors.risk3_connector | [2821/2972] CNPJ 83731927006593 -> CACHE (SUCESSO, 92d/365d)
2026-09-25 12:30:11 | INFO | services.connectors.risk3_connector | [2822/2972] CNPJ 83743138000108 -> CACHE (NAO_ENCONTRADO, 3d/30d)
2026-09-25 12:30:11 | INFO | services.connectors.risk3_connector | [2823/2972] CNPJ 83781641000158 -> CACHE (SUCESSO, 92d/365d)
2026-09-25 12:30:11 | INFO | services.connectors.risk3_connector | [2824/2972] CNPJ 83816694000167 -> CACHE (SUCESSO, 93d/365d)
2026-09-25 12:30:11 | INFO | services.connectors.risk3_connector | [2825/2972] CNPJ 84043009000170 -> CACHE (SUCESSO, 199d/365d)
2026-09-25 12:30:11 | INFO | services.connectors.risk3_connector | [2826/2972] CNPJ 84046101000193 -> CACHE (SUCESSO, 11d/365d)
2026-09-25 12:30:11 | INFO | services.connectors.risk3_connector | [2827/2972] CNPJ 84046101028446 -> CACHE (SUCESSO, 92d/365d)
2026-09-25 12:30:11 | INFO | services.connectors.risk3_connector | [2828/2972] CNPJ 84148485000155 -> CACHE (NAO_ENCONTRADO, 3d/30d)
2026-09-25 12:30:11 | INFO | services.connectors.risk3_connector | [2829/2972] CNPJ 84151000000182 -> CACHE (SUCESSO, 165d/365d)
2026-09-25 12:30:11 | INFO | services.connectors.risk3_connector | [2830/2972] CNPJ 84229624000175 -> CACHE (SUCESSO, 72d/365d)
2026-09-25 12:30:11 | INFO | services.connectors.risk3_connector | [2831/2972] CNPJ 84229889000173 -> CACHE (SUCESSO, 43d/365d)
2026-09-25 12:30:11 | INFO | services.connectors.risk3_connector | [2832/2972] CNPJ 84298926000103 -> CACHE (SUCESSO, 204d/365d)
2026-09-25 12:30:11 | INFO | services.connectors.risk3_connector | [2833/2972] CNPJ 84429737000114 -> CACHE (NAO_ENCONTRADO, 3d/30d)
2026-09-25 12:30:11 | INFO | services.connectors.risk3_connector | [2834/2972] CNPJ 84683374000149 -> CACHE (SUCESSO, 310d/365d)
2026-09-25 12:30:11 | INFO | services.connectors.risk3_connector | [2835/2972] CNPJ 84684455000163 -> CACHE (NAO_ENCONTRADO, 9d/30d)
2026-09-25 12:30:11 | INFO | services.connectors.risk3_connector | [2836/2972] CNPJ 84692268000121 -> CACHE (NAO_ENCONTRADO, 3d/30d)
2026-09-25 12:30:11 | INFO | services.connectors.risk3_connector | [2837/2972] CNPJ 84693183000168 -> CACHE (SUCESSO, 38d/365d)
2026-09-25 12:30:11 | INFO | services.connectors.risk3_connector | [2838/2972] CNPJ 84709955000102 -> CACHE (SUCESSO, 310d/365d)
2026-09-25 12:30:11 | INFO | services.connectors.risk3_connector | [2839/2972] CNPJ 84821347000195 -> CACHE (SUCESSO, 25d/365d)
2026-09-25 12:30:11 | INFO | services.connectors.risk3_connector | [2840/2972] CNPJ 84831478000153 -> CACHE (SUCESSO, 255d/365d)
2026-09-25 12:30:11 | INFO | services.connectors.risk3_connector | [2841/2972] CNPJ 84894138000171 -> CACHE (SUCESSO, 255d/365d)
2026-09-25 12:30:11 | INFO | services.connectors.risk3_connector | [2842/2972] CNPJ 84897313000184 -> CACHE (SUCESSO, 165d/365d)
2026-09-25 12:30:11 | INFO | services.connectors.risk3_connector | [2843/2972] CNPJ 84900091000101 -> CACHE (SUCESSO, 92d/365d)
2026-09-25 12:30:11 | INFO | services.connectors.risk3_connector | [2844/2972] CNPJ 84963370000114 -> CACHE (SUCESSO, 107d/365d)
2026-09-25 12:30:11 | INFO | services.connectors.risk3_connector | [2845/2972] CNPJ 85070068000108 -> CACHE (SUCESSO, 73d/365d)
2026-09-25 12:30:11 | INFO | services.connectors.risk3_connector | [2846/2972] CNPJ 85090033000122 -> CACHE (NAO_ENCONTRADO, 9d/30d)
2026-09-25 12:30:11 | INFO | services.connectors.risk3_connector | [2847/2972] CNPJ 85235430000145 -> CACHE (SUCESSO, 31d/365d)
2026-09-25 12:30:11 | INFO | services.connectors.risk3_connector | [2848/2972] CNPJ 85285963000131 -> CACHE (SUCESSO, 298d/365d)
2026-09-25 12:30:11 | INFO | services.connectors.risk3_connector | [2849/2972] CNPJ 85307098000187 -> CACHE (SUCESSO, 151d/365d)
2026-09-25 12:30:11 | INFO | services.connectors.risk3_connector | [2850/2972] CNPJ 85462471000174 -> CACHE (SUCESSO, 93d/365d)
2026-09-25 12:30:11 | INFO | services.connectors.risk3_connector | [2851/2972] CNPJ 85462927000104 -> CACHE (SUCESSO, 92d/365d)
2026-09-25 12:30:11 | INFO | services.connectors.risk3_connector | [2852/2972] CNPJ 85494201000145 -> CACHE (SUCESSO, 93d/365d)
2026-09-25 12:30:11 | INFO | services.connectors.risk3_connector | [2853/2972] CNPJ 85937316000167 -> CACHE (SUCESSO, 58d/365d)
2026-09-25 12:30:11 | INFO | services.connectors.risk3_connector | [2854/2972] CNPJ 86046414000177 -> CACHE (SUCESSO, 53d/365d)
2026-09-25 12:30:11 | INFO | services.connectors.risk3_connector | [2855/2972] CNPJ 86046448000161 -> CACHE (SUCESSO, 317d/365d)
2026-09-25 12:30:11 | INFO | services.connectors.risk3_connector | [2856/2972] CNPJ 86046612000130 -> CACHE (SUCESSO, 155d/365d)
2026-09-25 12:30:11 | INFO | services.connectors.risk3_connector | [2857/2972] CNPJ 86047362000153 -> CACHE (NAO_ENCONTRADO, 3d/30d)
2026-09-25 12:30:11 | INFO | services.connectors.risk3_connector | [2858/2972] CNPJ 86375078000106 -> CACHE (SUCESSO, 100d/365d)
2026-09-25 12:30:11 | INFO | services.connectors.risk3_connector | [2859/2972] CNPJ 86375912000163 -> CACHE (SUCESSO, 32d/365d)
2026-09-25 12:30:11 | INFO | services.connectors.risk3_connector | [2860/2972] CNPJ 86378189000176 -> CACHE (SUCESSO, 150d/365d)
2026-09-25 12:30:11 | INFO | services.connectors.risk3_connector | [2861/2972] CNPJ 86378866000156 -> CACHE (SUCESSO, 254d/365d)
2026-09-25 12:30:11 | INFO | services.connectors.risk3_connector | [2862/2972] CNPJ 86530318000108 -> CACHE (NAO_ENCONTRADO, 3d/30d)
2026-09-25 12:30:11 | INFO | services.connectors.risk3_connector | [2863/2972] CNPJ 86981966000172 -> CACHE (NAO_ENCONTRADO, 3d/30d)
2026-09-25 12:30:11 | INFO | services.connectors.risk3_connector | [2864/2972] CNPJ 87007910000184 -> CACHE (NAO_ENCONTRADO, 3d/30d)
2026-09-25 12:30:11 | INFO | services.connectors.risk3_connector | [2865/2972] CNPJ 87096616000196 -> CACHE (NAO_ENCONTRADO, 3d/30d)
2026-09-25 12:30:11 | INFO | services.connectors.risk3_connector | [2866/2972] CNPJ 87203121000119 -> CACHE (SUCESSO, 92d/365d)
2026-09-25 12:30:11 | INFO | services.connectors.risk3_connector | [2867/2972] CNPJ 87215281000188 -> CACHE (NAO_ENCONTRADO, 3d/30d)
2026-09-25 12:30:11 | INFO | services.connectors.risk3_connector | [2868/2972] CNPJ 87248522000195 -> CACHE (SUCESSO, 92d/365d)
2026-09-25 12:30:11 | INFO | services.connectors.risk3_connector | [2869/2972] CNPJ 87288940000297 -> CACHE (NAO_ENCONTRADO, 3d/30d)
2026-09-25 12:30:11 | INFO | services.connectors.risk3_connector | [2870/2972] CNPJ 87288940003121 -> CACHE (NAO_ENCONTRADO, 3d/30d)
2026-09-25 12:30:11 | INFO | services.connectors.risk3_connector | [2871/2972] CNPJ 87345021000127 -> CACHE (SUCESSO, 261d/365d)
2026-09-25 12:30:11 | INFO | services.connectors.risk3_connector | [2872/2972] CNPJ 87442430000141 -> CACHE (SUCESSO, 182d/365d)
2026-09-25 12:30:11 | INFO | services.connectors.risk3_connector | [2873/2972] CNPJ 87547170000179 -> CACHE (SUCESSO, 72d/365d)
2026-09-25 12:30:11 | INFO | services.connectors.risk3_connector | [2874/2972] CNPJ 87606372000144 -> CACHE (NAO_ENCONTRADO, 3d/30d)
2026-09-25 12:30:11 | INFO | services.connectors.risk3_connector | [2875/2972] CNPJ 87755799000104 -> CACHE (SUCESSO, 255d/365d)
2026-09-25 12:30:11 | INFO | services.connectors.risk3_connector | [2876/2972] CNPJ 87776043000141 -> CACHE (SUCESSO, 80d/365d)
2026-09-25 12:30:11 | INFO | services.connectors.risk3_connector | [2877/2972] CNPJ 87870952000144 -> CACHE (SUCESSO, 30d/365d)
2026-09-25 12:30:11 | INFO | services.connectors.risk3_connector | [2878/2972] CNPJ 87904843000109 -> CACHE (NAO_ENCONTRADO, 3d/30d)
2026-09-25 12:30:11 | INFO | services.connectors.risk3_connector | [2879/2972] CNPJ 88031539000159 -> CACHE (NAO_ENCONTRADO, 3d/30d)
2026-09-25 12:30:11 | INFO | services.connectors.risk3_connector | [2880/2972] CNPJ 88065321000115 -> CACHE (SUCESSO, 165d/365d)
2026-09-25 12:30:11 | INFO | services.connectors.risk3_connector | [2881/2972] CNPJ 88112313000182 -> CACHE (SUCESSO, 254d/365d)
2026-09-25 12:30:11 | INFO | services.connectors.risk3_connector | [2882/2972] CNPJ 88304001000251 -> CACHE (NAO_ENCONTRADO, 3d/30d)
2026-09-25 12:30:11 | INFO | services.connectors.risk3_connector | [2883/2972] CNPJ 88325592000243 -> CACHE (NAO_ENCONTRADO, 3d/30d)
2026-09-25 12:30:11 | INFO | services.connectors.risk3_connector | [2884/2972] CNPJ 88369889000120 -> CACHE (NAO_ENCONTRADO, 3d/30d)
2026-09-25 12:30:11 | INFO | services.connectors.risk3_connector | [2885/2972] CNPJ 88371075000120 -> CACHE (SUCESSO, 93d/365d)
2026-09-25 12:30:11 | INFO | services.connectors.risk3_connector | [2886/2972] CNPJ 88418686000186 -> CACHE (SUCESSO, 93d/365d)
2026-09-25 12:30:11 | INFO | services.connectors.risk3_connector | [2887/2972] CNPJ 88582291000114 -> CACHE (NAO_ENCONTRADO, 3d/30d)
2026-09-25 12:30:11 | INFO | services.connectors.risk3_connector | [2888/2972] CNPJ 88598230000145 -> CACHE (SUCESSO, 30d/365d)
2026-09-25 12:30:11 | INFO | services.connectors.risk3_connector | [2889/2972] CNPJ 88612486000160 -> CACHE (SUCESSO, 254d/365d)
2026-09-25 12:30:11 | INFO | services.connectors.risk3_connector | [2890/2972] CNPJ 88614078000147 -> CACHE (NAO_ENCONTRADO, 3d/30d)
2026-09-25 12:30:11 | INFO | services.connectors.risk3_connector | [2891/2972] CNPJ 88628805000125 -> CACHE (SUCESSO, 165d/365d)
2026-09-25 12:30:11 | INFO | services.connectors.risk3_connector | [2892/2972] CNPJ 88695366000173 -> CACHE (SUCESSO, 102d/365d)
2026-09-25 12:30:11 | INFO | services.connectors.risk3_connector | [2893/2972] CNPJ 88887021000111 -> CACHE (SUCESSO, 255d/365d)
2026-09-25 12:30:11 | INFO | services.connectors.risk3_connector | [2894/2972] CNPJ 88910294000130 -> CACHE (NAO_ENCONTRADO, 3d/30d)
2026-09-25 12:30:11 | INFO | services.connectors.risk3_connector | [2895/2972] CNPJ 89086144001198 -> CACHE (SUCESSO, 67d/365d)
2026-09-25 12:30:11 | INFO | services.connectors.risk3_connector | [2896/2972] CNPJ 89086672000175 -> CACHE (NAO_ENCONTRADO, 3d/30d)
2026-09-25 12:30:11 | INFO | services.connectors.risk3_connector | [2897/2972] CNPJ 89096457000155 -> CACHE (SUCESSO, 353d/365d)
2026-09-25 12:30:11 | INFO | services.connectors.risk3_connector | [2898/2972] CNPJ 89435598000155 -> CACHE (SUCESSO, 36d/365d)
2026-09-25 12:30:11 | INFO | services.connectors.risk3_connector | [2899/2972] CNPJ 89637490000145 -> CACHE (SUCESSO, 120d/365d)
2026-09-25 12:30:11 | INFO | services.connectors.risk3_connector | [2900/2972] CNPJ 89637490016572 -> CACHE (SUCESSO, 92d/365d)
2026-09-25 12:30:11 | INFO | services.connectors.risk3_connector | [2901/2972] CNPJ 89822530000129 -> CACHE (NAO_ENCONTRADO, 3d/30d)
2026-09-25 12:30:11 | INFO | services.connectors.risk3_connector | [2902/2972] CNPJ 89843015000125 -> CACHE (NAO_ENCONTRADO, 3d/30d)
2026-09-25 12:30:11 | INFO | services.connectors.risk3_connector | [2903/2972] CNPJ 89850341000160 -> CACHE (NAO_ENCONTRADO, 9d/30d)
2026-09-25 12:30:11 | INFO | services.connectors.risk3_connector | [2904/2972] CNPJ 89963102000116 -> CACHE (SUCESSO, 130d/365d)
2026-09-25 12:30:11 | INFO | services.connectors.risk3_connector | [2905/2972] CNPJ 90049792000181 -> CACHE (SUCESSO, 25d/365d)
2026-09-25 12:30:11 | INFO | services.connectors.risk3_connector | [2906/2972] CNPJ 90108184000109 -> CACHE (SUCESSO, 93d/365d)
2026-09-25 12:30:11 | INFO | services.connectors.risk3_connector | [2907/2972] CNPJ 90260985000691 -> CACHE (SUCESSO, 92d/365d)
2026-09-25 12:30:11 | INFO | services.connectors.risk3_connector | [2908/2972] CNPJ 90329178000173 -> CACHE (SUCESSO, 291d/365d)
2026-09-25 12:30:11 | INFO | services.connectors.risk3_connector | [2909/2972] CNPJ 90406117000162 -> CACHE (SUCESSO, 93d/365d)
2026-09-25 12:30:11 | INFO | services.connectors.risk3_connector | [2910/2972] CNPJ 90660754000160 -> CACHE (SUCESSO, 58d/365d)
2026-09-25 12:30:11 | INFO | services.connectors.risk3_connector | [2911/2972] CNPJ 90737933000159 -> CACHE (SUCESSO, 10d/365d)
2026-09-25 12:30:11 | INFO | services.connectors.risk3_connector | [2912/2972] CNPJ 90771833000149 -> CACHE (SUCESSO, 318d/365d)
2026-09-25 12:30:11 | INFO | services.connectors.risk3_connector | [2913/2972] CNPJ 90848052000105 -> CACHE (SUCESSO, 93d/365d)
2026-09-25 12:30:11 | INFO | services.connectors.risk3_connector | [2914/2972] CNPJ 91143784000162 -> CACHE (SUCESSO, 329d/365d)
2026-09-25 12:30:11 | INFO | services.connectors.risk3_connector | [2915/2972] CNPJ 91362590000158 -> CACHE (SUCESSO, 93d/365d)
2026-09-25 12:30:11 | INFO | services.connectors.risk3_connector | [2916/2972] CNPJ 91362590004811 -> CACHE (SUCESSO, 235d/365d)
2026-09-25 12:30:11 | INFO | services.connectors.risk3_connector | [2917/2972] CNPJ 91495499000100 -> CACHE (NAO_ENCONTRADO, 9d/30d)
2026-09-25 12:30:11 | INFO | services.connectors.risk3_connector | [2918/2972] CNPJ 91506246000195 -> CACHE (NAO_ENCONTRADO, 3d/30d)
2026-09-25 12:30:11 | INFO | services.connectors.risk3_connector | [2919/2972] CNPJ 91903443000148 -> CACHE (NAO_ENCONTRADO, 3d/30d)
2026-09-25 12:30:11 | INFO | services.connectors.risk3_connector | [2920/2972] CNPJ 91950261000128 -> CACHE (SUCESSO, 106d/365d)
2026-09-25 12:30:11 | INFO | services.connectors.risk3_connector | [2921/2972] CNPJ 91982496000100 -> CACHE (NAO_ENCONTRADO, 3d/30d)
2026-09-25 12:30:11 | INFO | services.connectors.risk3_connector | [2922/2972] CNPJ 92016757000191 -> CACHE (NAO_ENCONTRADO, 3d/30d)
2026-09-25 12:30:11 | INFO | services.connectors.risk3_connector | [2923/2972] CNPJ 92030543000170 -> CACHE (SUCESSO, 165d/365d)
2026-09-25 12:30:11 | INFO | services.connectors.risk3_connector | [2924/2972] CNPJ 92156777000168 -> CACHE (SUCESSO, 93d/365d)
2026-09-25 12:30:11 | INFO | services.connectors.risk3_connector | [2925/2972] CNPJ 92175892000180 -> CACHE (NAO_ENCONTRADO, 3d/30d)
2026-09-25 12:30:11 | INFO | services.connectors.risk3_connector | [2926/2972] CNPJ 92226026000170 -> CACHE (NAO_ENCONTRADO, 3d/30d)
2026-09-25 12:30:11 | INFO | services.connectors.risk3_connector | [2927/2972] CNPJ 92262203000174 -> CACHE (NAO_ENCONTRADO, 3d/30d)
2026-09-25 12:30:11 | INFO | services.connectors.risk3_connector | [2928/2972] CNPJ 92475250000104 -> CACHE (SUCESSO, 210d/365d)
2026-09-25 12:30:11 | INFO | services.connectors.risk3_connector | [2929/2972] CNPJ 92632512000199 -> CACHE (SUCESSO, 93d/365d)
2026-09-25 12:30:11 | INFO | services.connectors.risk3_connector | [2930/2972] CNPJ 92660604000182 -> CACHE (SUCESSO, 85d/365d)
2026-09-25 12:30:11 | INFO | services.connectors.risk3_connector | [2931/2972] CNPJ 92660604001316 -> CACHE (NAO_ENCONTRADO, 3d/30d)
2026-09-25 12:30:11 | INFO | services.connectors.risk3_connector | [2932/2972] CNPJ 92660604016933 -> CACHE (SUCESSO, 337d/365d)
2026-09-25 12:30:11 | INFO | services.connectors.risk3_connector | [2933/2972] CNPJ 92678432000174 -> CACHE (SUCESSO, 35d/365d)
2026-09-25 12:30:11 | INFO | services.connectors.risk3_connector | [2934/2972] CNPJ 92685833000151 -> CACHE (NAO_ENCONTRADO, 9d/30d)
2026-09-25 12:30:11 | INFO | services.connectors.risk3_connector | [2935/2972] CNPJ 92690700000254 -> CACHE (NAO_ENCONTRADO, 3d/30d)
2026-09-25 12:30:11 | INFO | services.connectors.risk3_connector | [2936/2972] CNPJ 92726785000100 -> CACHE (SUCESSO, 92d/365d)
2026-09-25 12:30:11 | INFO | services.connectors.risk3_connector | [2937/2972] CNPJ 92750629000177 -> CACHE (NAO_ENCONTRADO, 3d/30d)
2026-09-25 12:30:11 | INFO | services.connectors.risk3_connector | [2938/2972] CNPJ 92791243000103 -> CACHE (SUCESSO, 149d/365d)
2026-09-25 12:30:11 | INFO | services.connectors.risk3_connector | [2939/2972] CNPJ 92794437000243 -> CACHE (SUCESSO, 155d/365d)
2026-09-25 12:30:11 | INFO | services.connectors.risk3_connector | [2940/2972] CNPJ 92802784000190 -> CACHE (SUCESSO, 94d/365d)
2026-09-25 12:30:11 | INFO | services.connectors.risk3_connector | [2941/2972] CNPJ 92913607000180 -> CACHE (NAO_ENCONTRADO, 3d/30d)
2026-09-25 12:30:11 | INFO | services.connectors.risk3_connector | [2942/2972] CNPJ 93028173000107 -> CACHE (SUCESSO, 100d/365d)
2026-09-25 12:30:11 | INFO | services.connectors.risk3_connector | [2943/2972] CNPJ 93384311000182 -> CACHE (SUCESSO, 149d/365d)
2026-09-25 12:30:11 | INFO | services.connectors.risk3_connector | [2944/2972] CNPJ 93586303000119 -> CACHE (SUCESSO, 72d/365d)
2026-09-25 12:30:11 | INFO | services.connectors.risk3_connector | [2945/2972] CNPJ 93640506000146 -> CACHE (SUCESSO, 91d/365d)
2026-09-25 12:30:11 | INFO | services.connectors.risk3_connector | [2946/2972] CNPJ 93651958000123 -> CACHE (NAO_ENCONTRADO, 3d/30d)
2026-09-25 12:30:11 | INFO | services.connectors.risk3_connector | [2947/2972] CNPJ 93866531000142 -> CACHE (SUCESSO, 184d/365d)
2026-09-25 12:30:11 | INFO | services.connectors.risk3_connector | [2948/2972] CNPJ 94328580000194 -> CACHE (SUCESSO, 281d/365d)
2026-09-25 12:30:11 | INFO | services.connectors.risk3_connector | [2949/2972] CNPJ 94375995000119 -> CACHE (NAO_ENCONTRADO, 3d/30d)
2026-09-25 12:30:11 | INFO | services.connectors.risk3_connector | [2950/2972] CNPJ 94784543000190 -> CACHE (SUCESSO, 93d/365d)
2026-09-25 12:30:11 | INFO | services.connectors.risk3_connector | [2951/2972] CNPJ 94819729000138 -> CACHE (SUCESSO, 252d/365d)
2026-09-25 12:30:11 | INFO | services.connectors.risk3_connector | [2952/2972] CNPJ 94846599000122 -> CACHE (SUCESSO, 183d/365d)
2026-09-25 12:30:11 | INFO | services.connectors.risk3_connector | [2953/2972] CNPJ 94902509000173 -> CACHE (SUCESSO, 93d/365d)
2026-09-25 12:30:11 | INFO | services.connectors.risk3_connector | [2954/2972] CNPJ 94985421000162 -> CACHE (SUCESSO, 193d/365d)
2026-09-25 12:30:11 | INFO | services.connectors.risk3_connector | [2955/2972] CNPJ 95370078000104 -> CACHE (SUCESSO, 78d/365d)
2026-09-25 12:30:11 | INFO | services.connectors.risk3_connector | [2956/2972] CNPJ 95448486000212 -> CACHE (SUCESSO, 261d/365d)
2026-09-25 12:30:11 | INFO | services.connectors.risk3_connector | [2957/2972] CNPJ 95818399000129 -> CACHE (SUCESSO, 93d/365d)
2026-09-25 12:30:11 | INFO | services.connectors.risk3_connector | [2958/2972] CNPJ 95837316000149 -> CACHE (SUCESSO, 255d/365d)
2026-09-25 12:30:11 | INFO | services.connectors.risk3_connector | [2959/2972] CNPJ 95851390000110 -> CACHE (SUCESSO, 165d/365d)
2026-09-25 12:30:11 | INFO | services.connectors.risk3_connector | [2960/2972] CNPJ 96203393000100 -> CACHE (SUCESSO, 165d/365d)
2026-09-25 12:30:11 | INFO | services.connectors.risk3_connector | [2961/2972] CNPJ 97164834000174 -> CACHE (NAO_ENCONTRADO, 3d/30d)
2026-09-25 12:30:11 | INFO | services.connectors.risk3_connector | [2962/2972] CNPJ 97192256000180 -> CACHE (SUCESSO, 212d/365d)
2026-09-25 12:30:11 | INFO | services.connectors.risk3_connector | [2963/2972] CNPJ 97201362002550 -> CACHE (SUCESSO, 260d/365d)
2026-09-25 12:30:11 | INFO | services.connectors.risk3_connector | [2964/2972] CNPJ 97458749000119 -> CACHE (NAO_ENCONTRADO, 3d/30d)
2026-09-25 12:30:11 | INFO | services.connectors.risk3_connector | [2965/2972] CNPJ 97544269000170 -> CACHE (SUCESSO, 178d/365d)
2026-09-25 12:30:11 | INFO | services.connectors.risk3_connector | [2966/2972] CNPJ 97549778000196 -> CACHE (SUCESSO, 197d/365d)
2026-09-25 12:30:11 | INFO | services.connectors.risk3_connector | [2967/2972] CNPJ 97748958000105 -> CACHE (SUCESSO, 93d/365d)
2026-09-25 12:30:11 | INFO | services.connectors.risk3_connector | [2968/2972] CNPJ 97837181000147 -> CACHE (SUCESSO, 99d/365d)
2026-09-25 12:30:11 | INFO | services.connectors.risk3_connector | [2969/2972] CNPJ 97837181001895 -> CACHE (NAO_ENCONTRADO, 3d/30d)
2026-09-25 12:30:11 | INFO | services.connectors.risk3_connector | [2970/2972] CNPJ 97837181002948 -> CACHE (NAO_ENCONTRADO, 3d/30d)
2026-09-25 12:30:11 | INFO | services.connectors.risk3_connector | [2971/2972] CNPJ 97839922000129 -> CACHE (SUCESSO, 58d/365d)
2026-09-25 12:30:11 | INFO | services.connectors.risk3_connector | [2972/2972] CNPJ 98042963000152 -> CACHE (SUCESSO, 58d/365d)
