2026-10-05 15:39:30 | INFO | services.connectors.risk3_connector | --- INICIANDO CONSULTA RISK3 BUREAU (3192 CNPJs) ---
2026-10-05 15:39:30 | INFO | services.connectors.risk3_connector | [1/3192] CNPJ 00000569000157 -> CACHE (NAO_ENCONTRADO, 6d/30d)
2026-10-05 15:39:30 | INFO | services.connectors.risk3_connector | [2/3192] CNPJ 00000569605903 -> CACHE (SUCESSO, 102d/365d)
2026-10-05 15:39:30 | INFO | services.connectors.risk3_connector | [3/3192] CNPJ 00000993000100 -> CACHE (NAO_ENCONTRADO, 14d/30d)
2026-10-05 15:39:30 | INFO | services.connectors.risk3_connector | [4/3192] CNPJ 00001180000126 -> CACHE (SUCESSO, 48d/365d)
2026-10-05 15:39:30 | INFO | services.connectors.risk3_connector | [5/3192] CNPJ 00001180000207 -> CACHE (NAO_ENCONTRADO, 19d/30d)
2026-10-05 15:39:30 | INFO | services.connectors.risk3_connector | [6/3192] CNPJ 00007750000195 -> CACHE (SUCESSO, 103d/365d)
2026-10-05 15:39:30 | INFO | services.connectors.risk3_connector | [7/3192] CNPJ 00021096000417 -> CACHE (NAO_ENCONTRADO, 19d/30d)
2026-10-05 15:39:30 | INFO | services.connectors.risk3_connector | [8/3192] CNPJ 00056633000111 -> CACHE (SUCESSO, 264d/365d)
2026-10-05 15:39:30 | INFO | services.connectors.risk3_connector | [9/3192] CNPJ 00064742000180 -> CACHE (SUCESSO, 102d/365d)
2026-10-05 15:39:30 | INFO | services.connectors.risk3_connector | [10/3192] CNPJ 00071815000161 -> CACHE (SUCESSO, 97d/365d)
2026-10-05 15:39:30 | INFO | services.connectors.risk3_connector | [11/3192] CNPJ 00074023000140 -> CACHE (SUCESSO, 62d/365d)
2026-10-05 15:39:30 | INFO | services.connectors.risk3_connector | [12/3192] CNPJ 00074569000100 -> CACHE (SUCESSO, 241d/365d)
2026-10-05 15:39:30 | INFO | services.connectors.risk3_connector | [13/3192] CNPJ 00080671000100 -> CACHE (SUCESSO, 264d/365d)
2026-10-05 15:39:30 | INFO | services.connectors.risk3_connector | [14/3192] CNPJ 00080671000371 -> CACHE (NAO_ENCONTRADO, 14d/30d)
2026-10-05 15:39:30 | INFO | services.connectors.risk3_connector | [15/3192] CNPJ 00082024000137 -> CACHE (SUCESSO, 258d/365d)
2026-10-05 15:39:30 | INFO | services.connectors.risk3_connector | [16/3192] CNPJ 00086338000108 -> CACHE (SUCESSO, 297d/365d)
2026-10-05 15:39:30 | INFO | services.connectors.risk3_connector | [17/3192] CNPJ 00093197000150 -> CACHE (NAO_ENCONTRADO, 6d/30d)
2026-10-05 15:39:30 | INFO | services.connectors.risk3_connector | [18/3192] CNPJ 00093197000231 -> CACHE (NAO_ENCONTRADO, 14d/30d)
2026-10-05 15:39:30 | INFO | services.connectors.risk3_connector | [19/3192] CNPJ 00111960000129 -> CACHE (SUCESSO, 303d/365d)
2026-10-05 15:39:30 | INFO | services.connectors.risk3_connector | [20/3192] CNPJ 00158606000150 -> CACHE (SUCESSO, 339d/365d)
2026-10-05 15:39:30 | INFO | services.connectors.risk3_connector | [21/3192] CNPJ 00178840000149 -> CACHE (SUCESSO, 102d/365d)
2026-10-05 15:39:30 | INFO | services.connectors.risk3_connector | [22/3192] CNPJ 00186720000193 -> CACHE (NAO_ENCONTRADO, 6d/30d)
2026-10-05 15:39:30 | INFO | services.connectors.risk3_connector | [23/3192] CNPJ 00186720000274 -> CACHE (NAO_ENCONTRADO, 14d/30d)
2026-10-05 15:39:30 | INFO | services.connectors.risk3_connector | [24/3192] CNPJ 00194724000113 -> CACHE (NAO_ENCONTRADO, 0d/30d)
2026-10-05 15:39:30 | INFO | services.connectors.risk3_connector | [25/3192] CNPJ 00204820000103 -> CACHE (SUCESSO, 251d/365d)
2026-10-05 15:39:30 | INFO | services.connectors.risk3_connector | [26/3192] CNPJ 00205375000198 -> CACHE (NAO_ENCONTRADO, 6d/30d)
2026-10-05 15:39:30 | INFO | services.connectors.risk3_connector | [27/3192] CNPJ 00205375000350 -> CACHE (NAO_ENCONTRADO, 14d/30d)
2026-10-05 15:39:30 | INFO | services.connectors.risk3_connector | [28/3192] CNPJ 00212305000167 -> CACHE (SUCESSO, 102d/365d)
2026-10-05 15:39:30 | INFO | services.connectors.risk3_connector | [29/3192] CNPJ 00246872000134 -> CACHE (SUCESSO, 103d/365d)
2026-10-05 15:39:30 | INFO | services.connectors.risk3_connector | [30/3192] CNPJ 00257348000169 -> CACHE (SUCESSO, 131d/365d)
2026-10-05 15:39:30 | INFO | services.connectors.risk3_connector | [31/3192] CNPJ 00262371000141 -> CACHE (NAO_ENCONTRADO, 6d/30d)
2026-10-05 15:39:30 | INFO | services.connectors.risk3_connector | [32/3192] CNPJ 00262371000575 -> CACHE (SUCESSO, 165d/365d)
2026-10-05 15:39:30 | INFO | services.connectors.risk3_connector | [33/3192] CNPJ 00291633000104 -> CACHE (NAO_ENCONTRADO, 19d/30d)
2026-10-05 15:39:30 | INFO | services.connectors.risk3_connector | [34/3192] CNPJ 00298749000167 -> CACHE (SUCESSO, 265d/365d)
2026-10-05 15:39:30 | INFO | services.connectors.risk3_connector | [35/3192] CNPJ 00301560000186 -> CACHE (SUCESSO, 222d/365d)
2026-10-05 15:39:30 | INFO | services.connectors.risk3_connector | [36/3192] CNPJ 00304148000110 -> CACHE (NAO_ENCONTRADO, 14d/30d)
2026-10-05 15:39:30 | INFO | services.connectors.risk3_connector | [37/3192] CNPJ 00314794000168 -> CACHE (SUCESSO, 103d/365d)
2026-10-05 15:39:30 | INFO | services.connectors.risk3_connector | [38/3192] CNPJ 00333653000192 -> CACHE (NAO_ENCONTRADO, 14d/30d)
2026-10-05 15:39:30 | INFO | services.connectors.risk3_connector | [39/3192] CNPJ 00336754000117 -> CACHE (SUCESSO, 222d/365d)
2026-10-05 15:39:30 | INFO | services.connectors.risk3_connector | [40/3192] CNPJ 00339244000101 -> CACHE (SUCESSO, 102d/365d)
2026-10-05 15:39:30 | INFO | services.connectors.risk3_connector | [41/3192] CNPJ 00349443000192 -> CACHE (NAO_ENCONTRADO, 14d/30d)
2026-10-05 15:39:30 | INFO | services.connectors.risk3_connector | [42/3192] CNPJ 00350242000105 -> CACHE (SUCESSO, 139d/365d)
2026-10-05 15:39:30 | INFO | services.connectors.risk3_connector | [43/3192] CNPJ 00350763000162 -> CACHE (SUCESSO, 256d/365d)
2026-10-05 15:39:30 | INFO | services.connectors.risk3_connector | [44/3192] CNPJ 00350763002297 -> CACHE (SUCESSO, 129d/365d)
2026-10-05 15:39:30 | INFO | services.connectors.risk3_connector | [45/3192] CNPJ 00358369000170 -> CACHE (SUCESSO, 96d/365d)
2026-10-05 15:39:30 | INFO | services.connectors.risk3_connector | [46/3192] CNPJ 00359256000190 -> CACHE (SUCESSO, 201d/365d)
2026-10-05 15:39:30 | INFO | services.connectors.risk3_connector | [47/3192] CNPJ 00366257000161 -> CACHE (SUCESSO, 180d/365d)
2026-10-05 15:39:30 | INFO | services.connectors.risk3_connector | [48/3192] CNPJ 00374121000101 -> CACHE (SUCESSO, 328d/365d)
2026-10-05 15:39:30 | INFO | services.connectors.risk3_connector | [49/3192] CNPJ 00395490000172 -> CACHE (SUCESSO, 131d/365d)
2026-10-05 15:39:30 | INFO | services.connectors.risk3_connector | [50/3192] CNPJ 00412182000108 -> CACHE (SUCESSO, 103d/365d)
2026-10-05 15:39:30 | INFO | services.connectors.risk3_connector | [51/3192] CNPJ 00425544000103 -> CACHE (NAO_ENCONTRADO, 14d/30d)
2026-10-05 15:39:30 | INFO | services.connectors.risk3_connector | [52/3192] CNPJ 00441012000151 -> CACHE (SUCESSO, 110d/365d)
2026-10-05 15:39:30 | INFO | services.connectors.risk3_connector | [53/3192] CNPJ 00457993000125 -> CACHE (SUCESSO, 103d/365d)
2026-10-05 15:39:30 | INFO | services.connectors.risk3_connector | [54/3192] CNPJ 00460424000139 -> CACHE (NAO_ENCONTRADO, 6d/30d)
2026-10-05 15:39:30 | INFO | services.connectors.risk3_connector | [55/3192] CNPJ 00460424000562 -> CACHE (NAO_ENCONTRADO, 14d/30d)
2026-10-05 15:39:30 | INFO | services.connectors.risk3_connector | [56/3192] CNPJ 00464830000170 -> CACHE (NAO_ENCONTRADO, 6d/30d)
2026-10-05 15:39:30 | INFO | services.connectors.risk3_connector | [57/3192] CNPJ 00464830000684 -> CACHE (SUCESSO, 103d/365d)
2026-10-05 15:39:30 | INFO | services.connectors.risk3_connector | [58/3192] CNPJ 00465813000157 -> CACHE (NAO_ENCONTRADO, 6d/30d)
2026-10-05 15:39:30 | INFO | services.connectors.risk3_connector | [59/3192] CNPJ 00465813000408 -> CACHE (SUCESSO, 103d/365d)
2026-10-05 15:39:30 | INFO | services.connectors.risk3_connector | [60/3192] CNPJ 00495545000116 -> CACHE (SUCESSO, 102d/365d)
2026-10-05 15:39:30 | INFO | services.connectors.risk3_connector | [61/3192] CNPJ 00496586000127 -> CACHE (SUCESSO, 265d/365d)
2026-10-05 15:39:30 | INFO | services.connectors.risk3_connector | [62/3192] CNPJ 00508070000155 -> CACHE (SUCESSO, 208d/365d)
2026-10-05 15:39:30 | INFO | services.connectors.risk3_connector | [63/3192] CNPJ 00514820000100 -> CACHE (SUCESSO, 175d/365d)
2026-10-05 15:39:30 | INFO | services.connectors.risk3_connector | [64/3192] CNPJ 00514820001173 -> CACHE (NAO_ENCONTRADO, 14d/30d)
2026-10-05 15:39:30 | INFO | services.connectors.risk3_connector | [65/3192] CNPJ 00549748000148 -> CACHE (SUCESSO, 26d/365d)
2026-10-05 15:39:30 | INFO | services.connectors.risk3_connector | [66/3192] CNPJ 00552646000181 -> CACHE (SUCESSO, 136d/365d)
2026-10-05 15:39:30 | INFO | services.connectors.risk3_connector | [67/3192] CNPJ 00553934000150 -> CACHE (SUCESSO, 307d/365d)
2026-10-05 15:39:30 | INFO | services.connectors.risk3_connector | [68/3192] CNPJ 00568480000191 -> CACHE (SUCESSO, 265d/365d)
2026-10-05 15:39:30 | INFO | services.connectors.risk3_connector | [69/3192] CNPJ 00570834000132 -> CACHE (NAO_ENCONTRADO, 14d/30d)
2026-10-05 15:39:30 | INFO | services.connectors.risk3_connector | [70/3192] CNPJ 00573283000160 -> CACHE (SUCESSO, 103d/365d)
2026-10-05 15:39:30 | INFO | services.connectors.risk3_connector | [71/3192] CNPJ 00583224000173 -> CACHE (SUCESSO, 102d/365d)
2026-10-05 15:39:30 | INFO | services.connectors.risk3_connector | [72/3192] CNPJ 00584302000154 -> CACHE (SUCESSO, 75d/365d)
2026-10-05 15:39:30 | INFO | services.connectors.risk3_connector | [73/3192] CNPJ 00601731000192 -> CACHE (SUCESSO, 103d/365d)
2026-10-05 15:39:30 | INFO | services.connectors.risk3_connector | [74/3192] CNPJ 00605582000130 -> CACHE (SUCESSO, 265d/365d)
2026-10-05 15:39:30 | INFO | services.connectors.risk3_connector | [75/3192] CNPJ 00632761000166 -> CACHE (NAO_ENCONTRADO, 14d/30d)
2026-10-05 15:39:30 | INFO | services.connectors.risk3_connector | [76/3192] CNPJ 00649756000166 -> CACHE (SUCESSO, 111d/365d)
2026-10-05 15:39:30 | INFO | services.connectors.risk3_connector | [77/3192] CNPJ 00662514000102 -> CACHE (SUCESSO, 103d/365d)
2026-10-05 15:39:30 | INFO | services.connectors.risk3_connector | [78/3192] CNPJ 00668630000139 -> CACHE (SUCESSO, 200d/365d)
2026-10-05 15:39:30 | INFO | services.connectors.risk3_connector | [79/3192] CNPJ 00671047000187 -> CACHE (SUCESSO, 363d/365d)
2026-10-05 15:39:30 | INFO | services.connectors.risk3_connector | [80/3192] CNPJ 00717453000133 -> CACHE (SUCESSO, 96d/365d)
2026-10-05 15:39:30 | INFO | services.connectors.risk3_connector | [81/3192] CNPJ 00721056000135 -> CACHE (NAO_ENCONTRADO, 6d/30d)
2026-10-05 15:39:30 | INFO | services.connectors.risk3_connector | [82/3192] CNPJ 00721056000216 -> CACHE (NAO_ENCONTRADO, 14d/30d)
2026-10-05 15:39:30 | INFO | services.connectors.risk3_connector | [83/3192] CNPJ 00727465000149 -> CACHE (SUCESSO, 102d/365d)
2026-10-05 15:39:30 | INFO | services.connectors.risk3_connector | [84/3192] CNPJ 00729422000100 -> CACHE (SUCESSO, 116d/365d)
2026-10-05 15:39:30 | INFO | services.connectors.risk3_connector | [85/3192] CNPJ 00746432000146 -> CACHE (SUCESSO, 195d/365d)
2026-10-05 15:39:30 | INFO | services.connectors.risk3_connector | [86/3192] CNPJ 00750846000149 -> CACHE (SUCESSO, 165d/365d)
2026-10-05 15:39:30 | INFO | services.connectors.risk3_connector | [87/3192] CNPJ 00767144000178 -> CACHE (SUCESSO, 131d/365d)
2026-10-05 15:39:30 | INFO | services.connectors.risk3_connector | [88/3192] CNPJ 00767659000178 -> CACHE (SUCESSO, 258d/365d)
2026-10-05 15:39:30 | INFO | services.connectors.risk3_connector | [89/3192] CNPJ 00771979000100 -> CACHE (NAO_ENCONTRADO, 19d/30d)
2026-10-05 15:39:30 | INFO | services.connectors.risk3_connector | [90/3192] CNPJ 00776574000156 -> CACHE (NAO_ENCONTRADO, 6d/30d)
2026-10-05 15:39:30 | INFO | services.connectors.risk3_connector | [91/3192] CNPJ 00776574000660 -> CACHE (SUCESSO, 189d/365d)
2026-10-05 15:39:30 | INFO | services.connectors.risk3_connector | [92/3192] CNPJ 00807422000173 -> CACHE (SUCESSO, 89d/365d)
2026-10-05 15:39:30 | INFO | services.connectors.risk3_connector | [93/3192] CNPJ 00822488000132 -> CACHE (SUCESSO, 264d/365d)
2026-10-05 15:39:30 | INFO | services.connectors.risk3_connector | [94/3192] CNPJ 00829352000154 -> CACHE (SUCESSO, 103d/365d)
2026-10-05 15:39:30 | INFO | services.connectors.risk3_connector | [95/3192] CNPJ 00831245000160 -> CACHE (SUCESSO, 102d/365d)
2026-10-05 15:39:30 | INFO | services.connectors.risk3_connector | [96/3192] CNPJ 00831373000104 -> CACHE (SUCESSO, 153d/365d)
2026-10-05 15:39:30 | INFO | services.connectors.risk3_connector | [97/3192] CNPJ 00831373007117 -> CACHE (NAO_ENCONTRADO, 14d/30d)
2026-10-05 15:39:30 | INFO | services.connectors.risk3_connector | [98/3192] CNPJ 00853157000160 -> CACHE (SUCESSO, 203d/365d)
2026-10-05 15:39:30 | INFO | services.connectors.risk3_connector | [99/3192] CNPJ 00863529000139 -> CACHE (SUCESSO, 103d/365d)
2026-10-05 15:39:30 | INFO | services.connectors.risk3_connector | [100/3192] CNPJ 00864040000181 -> CACHE (NAO_ENCONTRADO, 14d/30d)
2026-10-05 15:39:30 | INFO | services.connectors.risk3_connector | [101/3192] CNPJ 00868626000114 -> CACHE (SUCESSO, 251d/365d)
2026-10-05 15:39:30 | INFO | services.connectors.risk3_connector | [102/3192] CNPJ 00869496000134 -> CACHE (SUCESSO, 265d/365d)
2026-10-05 15:39:30 | INFO | services.connectors.risk3_connector | [103/3192] CNPJ 00890837000153 -> CACHE (SUCESSO, 363d/365d)
2026-10-05 15:39:30 | INFO | services.connectors.risk3_connector | [104/3192] CNPJ 00893913000184 -> CACHE (NAO_ENCONTRADO, 6d/30d)
2026-10-05 15:39:30 | INFO | services.connectors.risk3_connector | [105/3192] CNPJ 00893913000265 -> CACHE (SUCESSO, 103d/365d)
2026-10-05 15:39:30 | INFO | services.connectors.risk3_connector | [106/3192] CNPJ 00899825000190 -> CACHE (SUCESSO, 103d/365d)
2026-10-05 15:39:30 | INFO | services.connectors.risk3_connector | [107/3192] CNPJ 00915958000102 -> CACHE (NAO_ENCONTRADO, 14d/30d)
2026-10-05 15:39:30 | INFO | services.connectors.risk3_connector | [108/3192] CNPJ 00931787000105 -> CACHE (SUCESSO, 265d/365d)
2026-10-05 15:39:30 | INFO | services.connectors.risk3_connector | [109/3192] CNPJ 00934658000170 -> CACHE (SUCESSO, 146d/365d)
2026-10-05 15:39:30 | INFO | services.connectors.risk3_connector | [110/3192] CNPJ 00934662000139 -> CACHE (SUCESSO, 102d/365d)
2026-10-05 15:39:30 | INFO | services.connectors.risk3_connector | [111/3192] CNPJ 00979768000159 -> CACHE (SUCESSO, 103d/365d)
2026-10-05 15:39:30 | INFO | services.connectors.risk3_connector | [112/3192] CNPJ 00990842000138 -> CACHE (SUCESSO, 33d/365d)
2026-10-05 15:39:30 | INFO | services.connectors.risk3_connector | [113/3192] CNPJ 00993264000193 -> CACHE (SUCESSO, 68d/365d)
2026-10-05 15:39:30 | INFO | services.connectors.risk3_connector | [114/3192] CNPJ 00993264001912 -> CACHE (NAO_ENCONTRADO, 14d/30d)
2026-10-05 15:39:30 | INFO | services.connectors.risk3_connector | [115/3192] CNPJ 00993264008097 -> CACHE (SUCESSO, 129d/365d)
2026-10-05 15:39:30 | INFO | services.connectors.risk3_connector | [116/3192] CNPJ 01015553000180 -> CACHE (SUCESSO, 363d/365d)
2026-10-05 15:39:30 | INFO | services.connectors.risk3_connector | [117/3192] CNPJ 01019449000164 -> CACHE (SUCESSO, 199d/365d)
2026-10-05 15:39:30 | INFO | services.connectors.risk3_connector | [118/3192] CNPJ 01024607000174 -> CACHE (SUCESSO, 166d/365d)
2026-10-05 15:39:30 | INFO | services.connectors.risk3_connector | [119/3192] CNPJ 01069573000134 -> CACHE (SUCESSO, 102d/365d)
2026-10-05 15:39:30 | INFO | services.connectors.risk3_connector | [120/3192] CNPJ 01105236000155 -> CACHE (SUCESSO, 102d/365d)
2026-10-05 15:39:30 | INFO | services.connectors.risk3_connector | [121/3192] CNPJ 01105558000102 -> CACHE (SUCESSO, 138d/365d)
2026-10-05 15:39:30 | INFO | services.connectors.risk3_connector | [122/3192] CNPJ 01125487000100 -> CACHE (SUCESSO, 102d/365d)
2026-10-05 15:39:30 | INFO | services.connectors.risk3_connector | [123/3192] CNPJ 01144673000188 -> CACHE (SUCESSO, 175d/365d)
2026-10-05 15:39:30 | INFO | services.connectors.risk3_connector | [124/3192] CNPJ 01152790000193 -> CACHE (SUCESSO, 102d/365d)
2026-10-05 15:39:30 | INFO | services.connectors.risk3_connector | [125/3192] CNPJ 01191198000109 -> CACHE (SUCESSO, 102d/365d)
2026-10-05 15:39:30 | INFO | services.connectors.risk3_connector | [126/3192] CNPJ 01198813000109 -> CACHE (SUCESSO, 109d/365d)
2026-10-05 15:39:30 | INFO | services.connectors.risk3_connector | [127/3192] CNPJ 01203549000146 -> CACHE (NAO_ENCONTRADO, 6d/30d)
2026-10-05 15:39:30 | INFO | services.connectors.risk3_connector | [128/3192] CNPJ 01203549000227 -> CACHE (SUCESSO, 103d/365d)
2026-10-05 15:39:30 | INFO | services.connectors.risk3_connector | [129/3192] CNPJ 01209357000147 -> CACHE (NAO_ENCONTRADO, 14d/30d)
2026-10-05 15:39:30 | INFO | services.connectors.risk3_connector | [130/3192] CNPJ 01225953000110 -> CACHE (SUCESSO, 264d/365d)
2026-10-05 15:39:30 | INFO | services.connectors.risk3_connector | [131/3192] CNPJ 01253958000157 -> CACHE (NAO_ENCONTRADO, 14d/30d)
2026-10-05 15:39:30 | INFO | services.connectors.risk3_connector | [132/3192] CNPJ 01257995000133 -> CACHE (SUCESSO, 55d/365d)
2026-10-05 15:39:30 | INFO | services.connectors.risk3_connector | [133/3192] CNPJ 01261681000104 -> CACHE (SUCESSO, 34d/365d)
2026-10-05 15:39:30 | INFO | services.connectors.risk3_connector | [134/3192] CNPJ 01274980000183 -> CACHE (SUCESSO, 192d/365d)
2026-10-05 15:39:30 | INFO | services.connectors.risk3_connector | [135/3192] CNPJ 01304124000123 -> CACHE (SUCESSO, 146d/365d)
2026-10-05 15:39:30 | INFO | services.connectors.risk3_connector | [136/3192] CNPJ 01304124001790 -> CACHE (SUCESSO, 103d/365d)
2026-10-05 15:39:30 | INFO | services.connectors.risk3_connector | [137/3192] CNPJ 01304136000158 -> CACHE (SUCESSO, 298d/365d)
2026-10-05 15:39:30 | INFO | services.connectors.risk3_connector | [138/3192] CNPJ 01317277000105 -> CACHE (SUCESSO, 258d/365d)
2026-10-05 15:39:30 | INFO | services.connectors.risk3_connector | [139/3192] CNPJ 01323399000104 -> CACHE (SUCESSO, 7d/365d)
2026-10-05 15:39:30 | INFO | services.connectors.risk3_connector | [140/3192] CNPJ 01325023000139 -> CACHE (NAO_ENCONTRADO, 19d/30d)
2026-10-05 15:39:30 | INFO | services.connectors.risk3_connector | [141/3192] CNPJ 01333984000195 -> CACHE (SUCESSO, 221d/365d)
2026-10-05 15:39:30 | INFO | services.connectors.risk3_connector | [142/3192] CNPJ 01339015000141 -> CACHE (NAO_ENCONTRADO, 14d/30d)
2026-10-05 15:39:30 | INFO | services.connectors.risk3_connector | [143/3192] CNPJ 01354988000150 -> CACHE (SUCESSO, 102d/365d)
2026-10-05 15:39:30 | INFO | services.connectors.risk3_connector | [144/3192] CNPJ 01377961000182 -> CACHE (SUCESSO, 200d/365d)
2026-10-05 15:39:30 | INFO | services.connectors.risk3_connector | [145/3192] CNPJ 01397555000181 -> CACHE (SUCESSO, 102d/365d)
2026-10-05 15:39:30 | INFO | services.connectors.risk3_connector | [146/3192] CNPJ 01405269000110 -> CACHE (SUCESSO, 227d/365d)
2026-10-05 15:39:30 | INFO | services.connectors.risk3_connector | [147/3192] CNPJ 01417701000193 -> CACHE (SUCESSO, 341d/365d)
2026-10-05 15:39:30 | INFO | services.connectors.risk3_connector | [148/3192] CNPJ 01442702000198 -> CACHE (SUCESSO, 178d/365d)
2026-10-05 15:39:30 | INFO | services.connectors.risk3_connector | [149/3192] CNPJ 01445875000160 -> CACHE (SUCESSO, 97d/365d)
2026-10-05 15:39:30 | INFO | services.connectors.risk3_connector | [150/3192] CNPJ 01485633000108 -> CACHE (SUCESSO, 103d/365d)
2026-10-05 15:39:30 | INFO | services.connectors.risk3_connector | [151/3192] CNPJ 01525323000161 -> CACHE (SUCESSO, 265d/365d)
2026-10-05 15:39:30 | INFO | services.connectors.risk3_connector | [152/3192] CNPJ 01526135000158 -> CACHE (NAO_ENCONTRADO, 14d/30d)
2026-10-05 15:39:30 | INFO | services.connectors.risk3_connector | [153/3192] CNPJ 01528473000129 -> CACHE (NAO_ENCONTRADO, 14d/30d)
2026-10-05 15:39:30 | INFO | services.connectors.risk3_connector | [154/3192] CNPJ 01531984000108 -> CACHE (SUCESSO, 220d/365d)
2026-10-05 15:39:30 | INFO | services.connectors.risk3_connector | [155/3192] CNPJ 01543032000104 -> CACHE (NAO_ENCONTRADO, 14d/30d)
2026-10-05 15:39:30 | INFO | services.connectors.risk3_connector | [156/3192] CNPJ 01551272000142 -> CACHE (SUCESSO, 203d/365d)
2026-10-05 15:39:30 | INFO | services.connectors.risk3_connector | [157/3192] CNPJ 01581464000100 -> CACHE (SUCESSO, 174d/365d)
2026-10-05 15:39:30 | INFO | services.connectors.risk3_connector | [158/3192] CNPJ 01594992000195 -> CACHE (SUCESSO, 124d/365d)
2026-10-05 15:39:30 | INFO | services.connectors.risk3_connector | [159/3192] CNPJ 01599436000101 -> CACHE (SUCESSO, 105d/365d)
2026-10-05 15:39:30 | INFO | services.connectors.risk3_connector | [160/3192] CNPJ 01615814000101 -> Consultando API (Endpoint detalhado por CNPJ)...
2026-10-05 15:39:30 | INFO | services.connectors.risk3_connector | SUCESSO na extração dos detalhes do Bureau!
2026-10-05 15:39:31 | INFO | services.connectors.risk3_connector | [161/3192] CNPJ 01616929000102 -> CACHE (NAO_ENCONTRADO, 19d/30d)
2026-10-05 15:39:31 | INFO | services.connectors.risk3_connector | [162/3192] CNPJ 01618551000186 -> CACHE (NAO_ENCONTRADO, 6d/30d)
2026-10-05 15:39:31 | INFO | services.connectors.risk3_connector | [163/3192] CNPJ 01618551000267 -> CACHE (SUCESSO, 103d/365d)
2026-10-05 15:39:31 | INFO | services.connectors.risk3_connector | [164/3192] CNPJ 01618722000177 -> CACHE (SUCESSO, 312d/365d)
2026-10-05 15:39:31 | INFO | services.connectors.risk3_connector | [165/3192] CNPJ 01621399000190 -> CACHE (SUCESSO, 102d/365d)
2026-10-05 15:39:31 | INFO | services.connectors.risk3_connector | [166/3192] CNPJ 01637895000132 -> CACHE (SUCESSO, 147d/365d)
2026-10-05 15:39:31 | INFO | services.connectors.risk3_connector | [167/3192] CNPJ 01661770000148 -> CACHE (SUCESSO, 32d/365d)
2026-10-05 15:39:31 | INFO | services.connectors.risk3_connector | [168/3192] CNPJ 01661770001705 -> CACHE (NAO_ENCONTRADO, 14d/30d)
2026-10-05 15:39:31 | INFO | services.connectors.risk3_connector | [169/3192] CNPJ 01661770001977 -> CACHE (NAO_ENCONTRADO, 14d/30d)
2026-10-05 15:39:31 | INFO | services.connectors.risk3_connector | [170/3192] CNPJ 01665451000100 -> CACHE (SUCESSO, 103d/365d)
2026-10-05 15:39:31 | INFO | services.connectors.risk3_connector | [171/3192] CNPJ 01682147000171 -> CACHE (SUCESSO, 196d/365d)
2026-10-05 15:39:31 | INFO | services.connectors.risk3_connector | [172/3192] CNPJ 01691944000115 -> CACHE (NAO_ENCONTRADO, 6d/30d)
2026-10-05 15:39:31 | INFO | services.connectors.risk3_connector | [173/3192] CNPJ 01691944000204 -> CACHE (SUCESSO, 103d/365d)
2026-10-05 15:39:31 | INFO | services.connectors.risk3_connector | [174/3192] CNPJ 01693497000133 -> CACHE (SUCESSO, 265d/365d)
2026-10-05 15:39:31 | INFO | services.connectors.risk3_connector | [175/3192] CNPJ 01712320000137 -> CACHE (SUCESSO, 248d/365d)
2026-10-05 15:39:31 | INFO | services.connectors.risk3_connector | [176/3192] CNPJ 01715975000169 -> CACHE (SUCESSO, 102d/365d)
2026-10-05 15:39:31 | INFO | services.connectors.risk3_connector | [177/3192] CNPJ 01717285000149 -> CACHE (NAO_ENCONTRADO, 6d/30d)
2026-10-05 15:39:31 | INFO | services.connectors.risk3_connector | [178/3192] CNPJ 01717285000220 -> CACHE (NAO_ENCONTRADO, 14d/30d)
2026-10-05 15:39:31 | INFO | services.connectors.risk3_connector | [179/3192] CNPJ 01780732000104 -> CACHE (NAO_ENCONTRADO, 6d/30d)
2026-10-05 15:39:31 | INFO | services.connectors.risk3_connector | [180/3192] CNPJ 01780732000295 -> CACHE (SUCESSO, 305d/365d)
2026-10-05 15:39:31 | INFO | services.connectors.risk3_connector | [181/3192] CNPJ 01785345000160 -> CACHE (SUCESSO, 131d/365d)
2026-10-05 15:39:31 | INFO | services.connectors.risk3_connector | [182/3192] CNPJ 01794540000157 -> CACHE (SUCESSO, 102d/365d)
2026-10-05 15:39:31 | INFO | services.connectors.risk3_connector | [183/3192] CNPJ 01797504000147 -> CACHE (SUCESSO, 301d/365d)
2026-10-05 15:39:31 | INFO | services.connectors.risk3_connector | [184/3192] CNPJ 01800067000173 -> CACHE (NAO_ENCONTRADO, 14d/30d)
2026-10-05 15:39:31 | INFO | services.connectors.risk3_connector | [185/3192] CNPJ 01831188000182 -> CACHE (SUCESSO, 265d/365d)
2026-10-05 15:39:31 | INFO | services.connectors.risk3_connector | [186/3192] CNPJ 01832301000144 -> CACHE (SUCESSO, 69d/365d)
2026-10-05 15:39:31 | INFO | services.connectors.risk3_connector | [187/3192] CNPJ 01838723000127 -> CACHE (SUCESSO, 25d/365d)
2026-10-05 15:39:31 | INFO | services.connectors.risk3_connector | [188/3192] CNPJ 01874166000108 -> CACHE (NAO_ENCONTRADO, 14d/30d)
2026-10-05 15:39:31 | INFO | services.connectors.risk3_connector | [189/3192] CNPJ 01886356000137 -> CACHE (SUCESSO, 103d/365d)
2026-10-05 15:39:31 | INFO | services.connectors.risk3_connector | [190/3192] CNPJ 01906571000152 -> CACHE (NAO_ENCONTRADO, 14d/30d)
2026-10-05 15:39:31 | INFO | services.connectors.risk3_connector | [191/3192] CNPJ 01912239000109 -> CACHE (SUCESSO, 39d/365d)
2026-10-05 15:39:31 | INFO | services.connectors.risk3_connector | [192/3192] CNPJ 01923317000162 -> CACHE (NAO_ENCONTRADO, 14d/30d)
2026-10-05 15:39:31 | INFO | services.connectors.risk3_connector | [193/3192] CNPJ 01924996000194 -> CACHE (NAO_ENCONTRADO, 14d/30d)
2026-10-05 15:39:31 | INFO | services.connectors.risk3_connector | [194/3192] CNPJ 01941753000164 -> CACHE (SUCESSO, 258d/365d)
2026-10-05 15:39:31 | INFO | services.connectors.risk3_connector | [195/3192] CNPJ 01945414000156 -> CACHE (NAO_ENCONTRADO, 14d/30d)
2026-10-05 15:39:31 | INFO | services.connectors.risk3_connector | [196/3192] CNPJ 01947943000199 -> CACHE (SUCESSO, 35d/365d)
2026-10-05 15:39:31 | INFO | services.connectors.risk3_connector | [197/3192] CNPJ 01961898000127 -> CACHE (SUCESSO, 74d/365d)
2026-10-05 15:39:31 | INFO | services.connectors.risk3_connector | [198/3192] CNPJ 01962011000115 -> CACHE (NAO_ENCONTRADO, 14d/30d)
2026-10-05 15:39:31 | INFO | services.connectors.risk3_connector | [199/3192] CNPJ 01966329000174 -> CACHE (SUCESSO, 172d/365d)
2026-10-05 15:39:31 | INFO | services.connectors.risk3_connector | [200/3192] CNPJ 01974675000102 -> CACHE (SUCESSO, 174d/365d)
2026-10-05 15:39:31 | INFO | services.connectors.risk3_connector | [201/3192] CNPJ 01978934000165 -> CACHE (SUCESSO, 175d/365d)
2026-10-05 15:39:31 | INFO | services.connectors.risk3_connector | [202/3192] CNPJ 01986608000108 -> CACHE (NAO_ENCONTRADO, 14d/30d)
2026-10-05 15:39:31 | INFO | services.connectors.risk3_connector | [203/3192] CNPJ 02001597000114 -> CACHE (SUCESSO, 144d/365d)
2026-10-05 15:39:31 | INFO | services.connectors.risk3_connector | [204/3192] CNPJ 02001597000467 -> CACHE (NAO_ENCONTRADO, 14d/30d)
2026-10-05 15:39:31 | INFO | services.connectors.risk3_connector | [205/3192] CNPJ 02003591000186 -> CACHE (SUCESSO, 361d/365d)
2026-10-05 15:39:31 | INFO | services.connectors.risk3_connector | [206/3192] CNPJ 02016507000169 -> CACHE (NAO_ENCONTRADO, 19d/30d)
2026-10-05 15:39:31 | INFO | services.connectors.risk3_connector | [207/3192] CNPJ 02021672000109 -> CACHE (NAO_ENCONTRADO, 14d/30d)
2026-10-05 15:39:31 | INFO | services.connectors.risk3_connector | [208/3192] CNPJ 02036483000614 -> CACHE (NAO_ENCONTRADO, 19d/30d)
2026-10-05 15:39:31 | INFO | services.connectors.risk3_connector | [209/3192] CNPJ 02041460000193 -> CACHE (SUCESSO, 39d/365d)
2026-10-05 15:39:31 | INFO | services.connectors.risk3_connector | [210/3192] CNPJ 02045487000154 -> CACHE (SUCESSO, 116d/365d)
2026-10-05 15:39:31 | INFO | services.connectors.risk3_connector | [211/3192] CNPJ 02064150000194 -> CACHE (NAO_ENCONTRADO, 14d/30d)
2026-10-05 15:39:31 | INFO | services.connectors.risk3_connector | [212/3192] CNPJ 02064150000437 -> CACHE (NAO_ENCONTRADO, 14d/30d)
2026-10-05 15:39:31 | INFO | services.connectors.risk3_connector | [213/3192] CNPJ 02081239000169 -> CACHE (SUCESSO, 103d/365d)
2026-10-05 15:39:31 | INFO | services.connectors.risk3_connector | [214/3192] CNPJ 02096748000165 -> CACHE (NAO_ENCONTRADO, 6d/30d)
2026-10-05 15:39:31 | INFO | services.connectors.risk3_connector | [215/3192] CNPJ 02096748000246 -> CACHE (SUCESSO, 165d/365d)
2026-10-05 15:39:31 | INFO | services.connectors.risk3_connector | [216/3192] CNPJ 02097007000107 -> CACHE (NAO_ENCONTRADO, 14d/30d)
2026-10-05 15:39:31 | INFO | services.connectors.risk3_connector | [217/3192] CNPJ 02103847000127 -> CACHE (SUCESSO, 209d/365d)
2026-10-05 15:39:31 | INFO | services.connectors.risk3_connector | [218/3192] CNPJ 02114381000165 -> CACHE (NAO_ENCONTRADO, 14d/30d)
2026-10-05 15:39:31 | INFO | services.connectors.risk3_connector | [219/3192] CNPJ 02122913000106 -> CACHE (SUCESSO, 264d/365d)
2026-10-05 15:39:31 | INFO | services.connectors.risk3_connector | [220/3192] CNPJ 02135888000103 -> CACHE (SUCESSO, 265d/365d)
2026-10-05 15:39:31 | INFO | services.connectors.risk3_connector | [221/3192] CNPJ 02163440000195 -> CACHE (SUCESSO, 104d/365d)
2026-10-05 15:39:31 | INFO | services.connectors.risk3_connector | [222/3192] CNPJ 02179949000126 -> CACHE (SUCESSO, 102d/365d)
2026-10-05 15:39:31 | INFO | services.connectors.risk3_connector | [223/3192] CNPJ 02184803000179 -> CACHE (NAO_ENCONTRADO, 14d/30d)
2026-10-05 15:39:31 | INFO | services.connectors.risk3_connector | [224/3192] CNPJ 02202020000170 -> CACHE (SUCESSO, 265d/365d)
2026-10-05 15:39:31 | INFO | services.connectors.risk3_connector | [225/3192] CNPJ 02205767000182 -> CACHE (NAO_ENCONTRADO, 14d/30d)
2026-10-05 15:39:31 | INFO | services.connectors.risk3_connector | [226/3192] CNPJ 02215239000104 -> CACHE (SUCESSO, 165d/365d)
2026-10-05 15:39:31 | INFO | services.connectors.risk3_connector | [227/3192] CNPJ 02224840000163 -> CACHE (SUCESSO, 98d/365d)
2026-10-05 15:39:31 | INFO | services.connectors.risk3_connector | [228/3192] CNPJ 02227579000155 -> CACHE (SUCESSO, 175d/365d)
2026-10-05 15:39:31 | INFO | services.connectors.risk3_connector | [229/3192] CNPJ 02240839000122 -> CACHE (SUCESSO, 67d/365d)
2026-10-05 15:39:31 | INFO | services.connectors.risk3_connector | [230/3192] CNPJ 02248827000144 -> CACHE (SUCESSO, 103d/365d)
2026-10-05 15:39:31 | INFO | services.connectors.risk3_connector | [231/3192] CNPJ 02266644000151 -> CACHE (SUCESSO, 102d/365d)
2026-10-05 15:39:31 | INFO | services.connectors.risk3_connector | [232/3192] CNPJ 02269763000168 -> CACHE (SUCESSO, 339d/365d)
2026-10-05 15:39:31 | INFO | services.connectors.risk3_connector | [233/3192] CNPJ 02271463000113 -> CACHE (NAO_ENCONTRADO, 14d/30d)
2026-10-05 15:39:31 | INFO | services.connectors.risk3_connector | [234/3192] CNPJ 02271463000466 -> CACHE (NAO_ENCONTRADO, 14d/30d)
2026-10-05 15:39:31 | INFO | services.connectors.risk3_connector | [235/3192] CNPJ 02274937000180 -> CACHE (SUCESSO, 175d/365d)
2026-10-05 15:39:31 | INFO | services.connectors.risk3_connector | [236/3192] CNPJ 02278437000117 -> CACHE (SUCESSO, 124d/365d)
2026-10-05 15:39:31 | INFO | services.connectors.risk3_connector | [237/3192] CNPJ 02279324000136 -> CACHE (SUCESSO, 96d/365d)
2026-10-05 15:39:31 | INFO | services.connectors.risk3_connector | [238/3192] CNPJ 02302100000106 -> CACHE (NAO_ENCONTRADO, 0d/30d)
2026-10-05 15:39:31 | INFO | services.connectors.risk3_connector | [239/3192] CNPJ 02305606000160 -> CACHE (SUCESSO, 103d/365d)
2026-10-05 15:39:31 | INFO | services.connectors.risk3_connector | [240/3192] CNPJ 02314153000139 -> CACHE (SUCESSO, 33d/365d)
2026-10-05 15:39:31 | INFO | services.connectors.risk3_connector | [241/3192] CNPJ 02326750000183 -> CACHE (SUCESSO, 214d/365d)
2026-10-05 15:39:31 | INFO | services.connectors.risk3_connector | [242/3192] CNPJ 02332686000143 -> CACHE (SUCESSO, 203d/365d)
2026-10-05 15:39:31 | INFO | services.connectors.risk3_connector | [243/3192] CNPJ 02335262000132 -> CACHE (SUCESSO, 213d/365d)
2026-10-05 15:39:31 | INFO | services.connectors.risk3_connector | [244/3192] CNPJ 02340752000127 -> CACHE (SUCESSO, 175d/365d)
2026-10-05 15:39:31 | INFO | services.connectors.risk3_connector | [245/3192] CNPJ 02341467000120 -> CACHE (NAO_ENCONTRADO, 0d/30d)
2026-10-05 15:39:31 | INFO | services.connectors.risk3_connector | [246/3192] CNPJ 02341494000101 -> CACHE (SUCESSO, 165d/365d)
2026-10-05 15:39:31 | INFO | services.connectors.risk3_connector | [247/3192] CNPJ 02343359000197 -> CACHE (SUCESSO, 111d/365d)
2026-10-05 15:39:31 | INFO | services.connectors.risk3_connector | [248/3192] CNPJ 02357251000153 -> CACHE (SUCESSO, 293d/365d)
2026-10-05 15:39:31 | INFO | services.connectors.risk3_connector | [249/3192] CNPJ 02357659000125 -> CACHE (NAO_ENCONTRADO, 19d/30d)
2026-10-05 15:39:31 | INFO | services.connectors.risk3_connector | [250/3192] CNPJ 02359572000430 -> CACHE (SUCESSO, 84d/365d)
2026-10-05 15:39:31 | INFO | services.connectors.risk3_connector | [251/3192] CNPJ 02370462000126 -> CACHE (SUCESSO, 102d/365d)
2026-10-05 15:39:31 | INFO | services.connectors.risk3_connector | [252/3192] CNPJ 02375722000156 -> CACHE (NAO_ENCONTRADO, 14d/30d)
2026-10-05 15:39:31 | INFO | services.connectors.risk3_connector | [253/3192] CNPJ 02385570000172 -> CACHE (SUCESSO, 327d/365d)
2026-10-05 15:39:31 | INFO | services.connectors.risk3_connector | [254/3192] CNPJ 02385898000199 -> CACHE (NAO_ENCONTRADO, 6d/30d)
2026-10-05 15:39:31 | INFO | services.connectors.risk3_connector | [255/3192] CNPJ 02385898000431 -> CACHE (NAO_ENCONTRADO, 14d/30d)
2026-10-05 15:39:31 | INFO | services.connectors.risk3_connector | [256/3192] CNPJ 02391271000140 -> CACHE (SUCESSO, 102d/365d)
2026-10-05 15:39:31 | INFO | services.connectors.risk3_connector | [257/3192] CNPJ 02419765000196 -> CACHE (NAO_ENCONTRADO, 14d/30d)
2026-10-05 15:39:31 | INFO | services.connectors.risk3_connector | [258/3192] CNPJ 02421421000111 -> CACHE (NAO_ENCONTRADO, 19d/30d)
2026-10-05 15:39:31 | INFO | services.connectors.risk3_connector | [259/3192] CNPJ 02426290000165 -> CACHE (SUCESSO, 266d/365d)
2026-10-05 15:39:31 | INFO | services.connectors.risk3_connector | [260/3192] CNPJ 02426290000750 -> CACHE (SUCESSO, 213d/365d)
2026-10-05 15:39:31 | INFO | services.connectors.risk3_connector | [261/3192] CNPJ 02429732000127 -> CACHE (SUCESSO, 248d/365d)
2026-10-05 15:39:31 | INFO | services.connectors.risk3_connector | [262/3192] CNPJ 02446766000120 -> CACHE (SUCESSO, 265d/365d)
2026-10-05 15:39:31 | INFO | services.connectors.risk3_connector | [263/3192] CNPJ 02447928000144 -> CACHE (NAO_ENCONTRADO, 6d/30d)
2026-10-05 15:39:31 | INFO | services.connectors.risk3_connector | [264/3192] CNPJ 02447928000225 -> CACHE (SUCESSO, 102d/365d)
2026-10-05 15:39:31 | INFO | services.connectors.risk3_connector | [265/3192] CNPJ 02447928000306 -> CACHE (SUCESSO, 102d/365d)
2026-10-05 15:39:31 | INFO | services.connectors.risk3_connector | [266/3192] CNPJ 02459413000164 -> CACHE (SUCESSO, 102d/365d)
2026-10-05 15:39:31 | INFO | services.connectors.risk3_connector | [267/3192] CNPJ 02460752000160 -> CACHE (SUCESSO, 340d/365d)
2026-10-05 15:39:31 | INFO | services.connectors.risk3_connector | [268/3192] CNPJ 02468496000158 -> CACHE (SUCESSO, 103d/365d)
2026-10-05 15:39:31 | INFO | services.connectors.risk3_connector | [269/3192] CNPJ 02474103000119 -> CACHE (SUCESSO, 34d/365d)
2026-10-05 15:39:31 | INFO | services.connectors.risk3_connector | [270/3192] CNPJ 02476067000122 -> CACHE (SUCESSO, 103d/365d)
2026-10-05 15:39:31 | INFO | services.connectors.risk3_connector | [271/3192] CNPJ 02476790000101 -> CACHE (SUCESSO, 109d/365d)
2026-10-05 15:39:31 | INFO | services.connectors.risk3_connector | [272/3192] CNPJ 02497408000146 -> CACHE (SUCESSO, 264d/365d)
2026-10-05 15:39:31 | INFO | services.connectors.risk3_connector | [273/3192] CNPJ 02501470000164 -> CACHE (SUCESSO, 95d/365d)
2026-10-05 15:39:31 | INFO | services.connectors.risk3_connector | [274/3192] CNPJ 02505153000116 -> CACHE (SUCESSO, 297d/365d)
2026-10-05 15:39:31 | INFO | services.connectors.risk3_connector | [275/3192] CNPJ 02513991000131 -> CACHE (SUCESSO, 161d/365d)
2026-10-05 15:39:31 | INFO | services.connectors.risk3_connector | [276/3192] CNPJ 02525961000145 -> CACHE (NAO_ENCONTRADO, 6d/30d)
2026-10-05 15:39:31 | INFO | services.connectors.risk3_connector | [277/3192] CNPJ 02525961000226 -> CACHE (NAO_ENCONTRADO, 14d/30d)
2026-10-05 15:39:31 | INFO | services.connectors.risk3_connector | [278/3192] CNPJ 02529745000178 -> CACHE (SUCESSO, 144d/365d)
2026-10-05 15:39:31 | INFO | services.connectors.risk3_connector | [279/3192] CNPJ 02529745000259 -> CACHE (SUCESSO, 322d/365d)
2026-10-05 15:39:31 | INFO | services.connectors.risk3_connector | [280/3192] CNPJ 02547509000184 -> CACHE (SUCESSO, 90d/365d)
2026-10-05 15:39:31 | INFO | services.connectors.risk3_connector | [281/3192] CNPJ 02560932000114 -> CACHE (SUCESSO, 355d/365d)
2026-10-05 15:39:31 | INFO | services.connectors.risk3_connector | [282/3192] CNPJ 02561851000139 -> CACHE (SUCESSO, 88d/365d)
2026-10-05 15:39:31 | INFO | services.connectors.risk3_connector | [283/3192] CNPJ 02562006000188 -> CACHE (SUCESSO, 111d/365d)
2026-10-05 15:39:31 | INFO | services.connectors.risk3_connector | [284/3192] CNPJ 02575998000188 -> CACHE (SUCESSO, 95d/365d)
2026-10-05 15:39:31 | INFO | services.connectors.risk3_connector | [285/3192] CNPJ 02583678000170 -> CACHE (SUCESSO, 206d/365d)
2026-10-05 15:39:31 | INFO | services.connectors.risk3_connector | [286/3192] CNPJ 02591442000185 -> CACHE (SUCESSO, 103d/365d)
2026-10-05 15:39:31 | INFO | services.connectors.risk3_connector | [287/3192] CNPJ 02614898000113 -> CACHE (SUCESSO, 175d/365d)
2026-10-05 15:39:31 | INFO | services.connectors.risk3_connector | [288/3192] CNPJ 02618563000173 -> CACHE (SUCESSO, 124d/365d)
2026-10-05 15:39:31 | INFO | services.connectors.risk3_connector | [289/3192] CNPJ 02634644000167 -> CACHE (SUCESSO, 102d/365d)
2026-10-05 15:39:31 | INFO | services.connectors.risk3_connector | [290/3192] CNPJ 02671595000132 -> CACHE (SUCESSO, 69d/365d)
2026-10-05 15:39:31 | INFO | services.connectors.risk3_connector | [291/3192] CNPJ 02679497000141 -> CACHE (SUCESSO, 265d/365d)
2026-10-05 15:39:31 | INFO | services.connectors.risk3_connector | [292/3192] CNPJ 02683365000193 -> CACHE (SUCESSO, 293d/365d)
2026-10-05 15:39:31 | INFO | services.connectors.risk3_connector | [293/3192] CNPJ 02691745000170 -> CACHE (SUCESSO, 115d/365d)
2026-10-05 15:39:31 | INFO | services.connectors.risk3_connector | [294/3192] CNPJ 02709449000159 -> CACHE (SUCESSO, 124d/365d)
2026-10-05 15:39:31 | INFO | services.connectors.risk3_connector | [295/3192] CNPJ 02720635000199 -> CACHE (SUCESSO, 133d/365d)
2026-10-05 15:39:31 | INFO | services.connectors.risk3_connector | [296/3192] CNPJ 02725300000163 -> CACHE (SUCESSO, 103d/365d)
2026-10-05 15:39:31 | INFO | services.connectors.risk3_connector | [297/3192] CNPJ 02739182000142 -> CACHE (SUCESSO, 88d/365d)
2026-10-05 15:39:31 | INFO | services.connectors.risk3_connector | [298/3192] CNPJ 02739182000304 -> CACHE (NAO_ENCONTRADO, 0d/30d)
2026-10-05 15:39:31 | INFO | services.connectors.risk3_connector | [299/3192] CNPJ 02740399000172 -> CACHE (SUCESSO, 112d/365d)
2026-10-05 15:39:31 | INFO | services.connectors.risk3_connector | [300/3192] CNPJ 02740510000120 -> CACHE (NAO_ENCONTRADO, 19d/30d)
2026-10-05 15:39:31 | INFO | services.connectors.risk3_connector | [301/3192] CNPJ 02744832000148 -> CACHE (SUCESSO, 102d/365d)
2026-10-05 15:39:31 | INFO | services.connectors.risk3_connector | [302/3192] CNPJ 02749435000169 -> CACHE (SUCESSO, 159d/365d)
2026-10-05 15:39:31 | INFO | services.connectors.risk3_connector | [303/3192] CNPJ 02749513000125 -> CACHE (NAO_ENCONTRADO, 14d/30d)
2026-10-05 15:39:31 | INFO | services.connectors.risk3_connector | [304/3192] CNPJ 02759989000147 -> CACHE (SUCESSO, 102d/365d)
2026-10-05 15:39:31 | INFO | services.connectors.risk3_connector | [305/3192] CNPJ 02765561000107 -> CACHE (NAO_ENCONTRADO, 14d/30d)
2026-10-05 15:39:31 | INFO | services.connectors.risk3_connector | [306/3192] CNPJ 02778274000131 -> CACHE (SUCESSO, 111d/365d)
2026-10-05 15:39:31 | INFO | services.connectors.risk3_connector | [307/3192] CNPJ 02788151000181 -> CACHE (SUCESSO, 34d/365d)
2026-10-05 15:39:31 | INFO | services.connectors.risk3_connector | [308/3192] CNPJ 02794165000108 -> CACHE (SUCESSO, 182d/365d)
2026-10-05 15:39:31 | INFO | services.connectors.risk3_connector | [309/3192] CNPJ 02795010000196 -> CACHE (SUCESSO, 102d/365d)
2026-10-05 15:39:31 | INFO | services.connectors.risk3_connector | [310/3192] CNPJ 02808298000196 -> CACHE (NAO_ENCONTRADO, 12d/30d)
2026-10-05 15:39:31 | INFO | services.connectors.risk3_connector | [311/3192] CNPJ 02820966000109 -> CACHE (SUCESSO, 165d/365d)
2026-10-05 15:39:31 | INFO | services.connectors.risk3_connector | [312/3192] CNPJ 02831172000132 -> CACHE (SUCESSO, 103d/365d)
2026-10-05 15:39:31 | INFO | services.connectors.risk3_connector | [313/3192] CNPJ 02832860000389 -> CACHE (SUCESSO, 192d/365d)
2026-10-05 15:39:31 | INFO | services.connectors.risk3_connector | [314/3192] CNPJ 02836056000106 -> CACHE (SUCESSO, 297d/365d)
2026-10-05 15:39:31 | INFO | services.connectors.risk3_connector | [315/3192] CNPJ 02836056011906 -> CACHE (NAO_ENCONTRADO, 14d/30d)
2026-10-05 15:39:31 | INFO | services.connectors.risk3_connector | [316/3192] CNPJ 02839894000133 -> CACHE (SUCESSO, 243d/365d)
2026-10-05 15:39:31 | INFO | services.connectors.risk3_connector | [317/3192] CNPJ 02845645000150 -> CACHE (SUCESSO, 264d/365d)
2026-10-05 15:39:31 | INFO | services.connectors.risk3_connector | [318/3192] CNPJ 02846056000197 -> CACHE (SUCESSO, 110d/365d)
2026-10-05 15:39:31 | INFO | services.connectors.risk3_connector | [319/3192] CNPJ 02850990000182 -> CACHE (NAO_ENCONTRADO, 19d/30d)
2026-10-05 15:39:31 | INFO | services.connectors.risk3_connector | [320/3192] CNPJ 02876495000142 -> CACHE (SUCESSO, 307d/365d)
2026-10-05 15:39:31 | INFO | services.connectors.risk3_connector | [321/3192] CNPJ 02883512000179 -> CACHE (SUCESSO, 103d/365d)
2026-10-05 15:39:31 | INFO | services.connectors.risk3_connector | [322/3192] CNPJ 02886685000140 -> CACHE (SUCESSO, 363d/365d)
2026-10-05 15:39:31 | INFO | services.connectors.risk3_connector | [323/3192] CNPJ 02886959000100 -> CACHE (SUCESSO, 249d/365d)
2026-10-05 15:39:31 | INFO | services.connectors.risk3_connector | [324/3192] CNPJ 02898246000158 -> CACHE (SUCESSO, 42d/365d)
2026-10-05 15:39:31 | INFO | services.connectors.risk3_connector | [325/3192] CNPJ 02916265000160 -> CACHE (SUCESSO, 146d/365d)
2026-10-05 15:39:31 | INFO | services.connectors.risk3_connector | [326/3192] CNPJ 02916265037322 -> CACHE (SUCESSO, 102d/365d)
2026-10-05 15:39:31 | INFO | services.connectors.risk3_connector | [327/3192] CNPJ 02916265037837 -> CACHE (NAO_ENCONTRADO, 19d/30d)
2026-10-05 15:39:31 | INFO | services.connectors.risk3_connector | [328/3192] CNPJ 02917571000110 -> CACHE (SUCESSO, 332d/365d)
2026-10-05 15:39:31 | INFO | services.connectors.risk3_connector | [329/3192] CNPJ 02921346000158 -> CACHE (SUCESSO, 103d/365d)
2026-10-05 15:39:31 | INFO | services.connectors.risk3_connector | [330/3192] CNPJ 02929563000194 -> CACHE (SUCESSO, 103d/365d)
2026-10-05 15:39:31 | INFO | services.connectors.risk3_connector | [331/3192] CNPJ 02937632000101 -> CACHE (SUCESSO, 103d/365d)
2026-10-05 15:39:31 | INFO | services.connectors.risk3_connector | [332/3192] CNPJ 02948278000110 -> CACHE (SUCESSO, 103d/365d)
2026-10-05 15:39:31 | INFO | services.connectors.risk3_connector | [333/3192] CNPJ 02964931000135 -> CACHE (NAO_ENCONTRADO, 14d/30d)
2026-10-05 15:39:31 | INFO | services.connectors.risk3_connector | [334/3192] CNPJ 02969683000115 -> CACHE (NAO_ENCONTRADO, 14d/30d)
2026-10-05 15:39:31 | INFO | services.connectors.risk3_connector | [335/3192] CNPJ 02986277000160 -> CACHE (SUCESSO, 108d/365d)
2026-10-05 15:39:31 | INFO | services.connectors.risk3_connector | [336/3192] CNPJ 02995367000118 -> CACHE (SUCESSO, 206d/365d)
2026-10-05 15:39:31 | INFO | services.connectors.risk3_connector | [337/3192] CNPJ 02995385000108 -> CACHE (SUCESSO, 102d/365d)
2026-10-05 15:39:31 | INFO | services.connectors.risk3_connector | [338/3192] CNPJ 02998301000181 -> CACHE (SUCESSO, 102d/365d)
2026-10-05 15:39:31 | INFO | services.connectors.risk3_connector | [339/3192] CNPJ 03004238000183 -> CACHE (SUCESSO, 102d/365d)
2026-10-05 15:39:31 | INFO | services.connectors.risk3_connector | [340/3192] CNPJ 03029056000167 -> CACHE (NAO_ENCONTRADO, 6d/30d)
2026-10-05 15:39:31 | INFO | services.connectors.risk3_connector | [341/3192] CNPJ 03029056000248 -> CACHE (NAO_ENCONTRADO, 14d/30d)
2026-10-05 15:39:31 | INFO | services.connectors.risk3_connector | [342/3192] CNPJ 03032577000173 -> CACHE (NAO_ENCONTRADO, 14d/30d)
2026-10-05 15:39:31 | INFO | services.connectors.risk3_connector | [343/3192] CNPJ 03034433000156 -> CACHE (NAO_ENCONTRADO, 0d/30d)
2026-10-05 15:39:31 | INFO | services.connectors.risk3_connector | [344/3192] CNPJ 03044201000189 -> CACHE (SUCESSO, 146d/365d)
2026-10-05 15:39:31 | INFO | services.connectors.risk3_connector | [345/3192] CNPJ 03054730000163 -> CACHE (SUCESSO, 102d/365d)
2026-10-05 15:39:31 | INFO | services.connectors.risk3_connector | [346/3192] CNPJ 03058653000110 -> CACHE (SUCESSO, 102d/365d)
2026-10-05 15:39:31 | INFO | services.connectors.risk3_connector | [347/3192] CNPJ 03058852000128 -> CACHE (SUCESSO, 349d/365d)
2026-10-05 15:39:31 | INFO | services.connectors.risk3_connector | [348/3192] CNPJ 03061685000174 -> CACHE (SUCESSO, 320d/365d)
2026-10-05 15:39:31 | INFO | services.connectors.risk3_connector | [349/3192] CNPJ 03080418000144 -> CACHE (SUCESSO, 207d/365d)
2026-10-05 15:39:31 | INFO | services.connectors.risk3_connector | [350/3192] CNPJ 03081895000124 -> CACHE (NAO_ENCONTRADO, 14d/30d)
2026-10-05 15:39:31 | INFO | services.connectors.risk3_connector | [351/3192] CNPJ 03081895000558 -> CACHE (SUCESSO, 102d/365d)
2026-10-05 15:39:31 | INFO | services.connectors.risk3_connector | [352/3192] CNPJ 03084476000146 -> CACHE (SUCESSO, 109d/365d)
2026-10-05 15:39:31 | INFO | services.connectors.risk3_connector | [353/3192] CNPJ 03095111000117 -> CACHE (SUCESSO, 175d/365d)
2026-10-05 15:39:31 | INFO | services.connectors.risk3_connector | [354/3192] CNPJ 03097776000160 -> CACHE (SUCESSO, 102d/365d)
2026-10-05 15:39:31 | INFO | services.connectors.risk3_connector | [355/3192] CNPJ 03100513000162 -> CACHE (NAO_ENCONTRADO, 14d/30d)
2026-10-05 15:39:31 | INFO | services.connectors.risk3_connector | [356/3192] CNPJ 03105276000122 -> CACHE (SUCESSO, 102d/365d)
2026-10-05 15:39:31 | INFO | services.connectors.risk3_connector | [357/3192] CNPJ 03109168000128 -> CACHE (SUCESSO, 103d/365d)
2026-10-05 15:39:31 | INFO | services.connectors.risk3_connector | [358/3192] CNPJ 03119889000119 -> CACHE (NAO_ENCONTRADO, 14d/30d)
2026-10-05 15:39:31 | INFO | services.connectors.risk3_connector | [359/3192] CNPJ 03121295000142 -> CACHE (SUCESSO, 188d/365d)
2026-10-05 15:39:31 | INFO | services.connectors.risk3_connector | [360/3192] CNPJ 03129424000149 -> CACHE (SUCESSO, 175d/365d)
2026-10-05 15:39:31 | INFO | services.connectors.risk3_connector | [361/3192] CNPJ 03132254000151 -> CACHE (NAO_ENCONTRADO, 6d/30d)
2026-10-05 15:39:31 | INFO | services.connectors.risk3_connector | [362/3192] CNPJ 03132254000232 -> CACHE (SUCESSO, 102d/365d)
2026-10-05 15:39:31 | INFO | services.connectors.risk3_connector | [363/3192] CNPJ 03135376000100 -> CACHE (SUCESSO, 102d/365d)
2026-10-05 15:39:31 | INFO | services.connectors.risk3_connector | [364/3192] CNPJ 03156784000130 -> CACHE (SUCESSO, 103d/365d)
2026-10-05 15:39:31 | INFO | services.connectors.risk3_connector | [365/3192] CNPJ 03157268000120 -> CACHE (NAO_ENCONTRADO, 14d/30d)
2026-10-05 15:39:31 | INFO | services.connectors.risk3_connector | [366/3192] CNPJ 03163210000199 -> CACHE (SUCESSO, 175d/365d)
2026-10-05 15:39:31 | INFO | services.connectors.risk3_connector | [367/3192] CNPJ 03163210000431 -> CACHE (SUCESSO, 102d/365d)
2026-10-05 15:39:31 | INFO | services.connectors.risk3_connector | [368/3192] CNPJ 03177494000172 -> CACHE (SUCESSO, 102d/365d)
2026-10-05 15:39:31 | INFO | services.connectors.risk3_connector | [369/3192] CNPJ 03206039000158 -> CACHE (SUCESSO, 248d/365d)
2026-10-05 15:39:31 | INFO | services.connectors.risk3_connector | [370/3192] CNPJ 03250204000179 -> CACHE (NAO_ENCONTRADO, 14d/30d)
2026-10-05 15:39:31 | INFO | services.connectors.risk3_connector | [371/3192] CNPJ 03255517000110 -> CACHE (SUCESSO, 102d/365d)
2026-10-05 15:39:31 | INFO | services.connectors.risk3_connector | [372/3192] CNPJ 03270248000160 -> CACHE (SUCESSO, 102d/365d)
2026-10-05 15:39:31 | INFO | services.connectors.risk3_connector | [373/3192] CNPJ 03281740000131 -> CACHE (SUCESSO, 102d/365d)
2026-10-05 15:39:31 | INFO | services.connectors.risk3_connector | [374/3192] CNPJ 03282398000194 -> CACHE (SUCESSO, 172d/365d)
2026-10-05 15:39:31 | INFO | services.connectors.risk3_connector | [375/3192] CNPJ 03298956000100 -> CACHE (SUCESSO, 264d/365d)
2026-10-05 15:39:31 | INFO | services.connectors.risk3_connector | [376/3192] CNPJ 03304180000193 -> CACHE (SUCESSO, 102d/365d)
2026-10-05 15:39:31 | INFO | services.connectors.risk3_connector | [377/3192] CNPJ 03315918000118 -> CACHE (NAO_ENCONTRADO, 14d/30d)
2026-10-05 15:39:31 | INFO | services.connectors.risk3_connector | [378/3192] CNPJ 03315918000541 -> CACHE (SUCESSO, 328d/365d)
2026-10-05 15:39:31 | INFO | services.connectors.risk3_connector | [379/3192] CNPJ 03327149000178 -> CACHE (NAO_ENCONTRADO, 19d/30d)
2026-10-05 15:39:31 | INFO | services.connectors.risk3_connector | [380/3192] CNPJ 03327988000196 -> CACHE (SUCESSO, 251d/365d)
2026-10-05 15:39:31 | INFO | services.connectors.risk3_connector | [381/3192] CNPJ 03336687000129 -> CACHE (NAO_ENCONTRADO, 14d/30d)
2026-10-05 15:39:31 | INFO | services.connectors.risk3_connector | [382/3192] CNPJ 03342704000130 -> CACHE (SUCESSO, 150d/365d)
2026-10-05 15:39:31 | INFO | services.connectors.risk3_connector | [383/3192] CNPJ 03346298000184 -> CACHE (SUCESSO, 349d/365d)
2026-10-05 15:39:31 | INFO | services.connectors.risk3_connector | [384/3192] CNPJ 03346298000346 -> CACHE (SUCESSO, 237d/365d)
2026-10-05 15:39:31 | INFO | services.connectors.risk3_connector | [385/3192] CNPJ 03351783000146 -> CACHE (SUCESSO, 175d/365d)
2026-10-05 15:39:31 | INFO | services.connectors.risk3_connector | [386/3192] CNPJ 03356682000168 -> CACHE (SUCESSO, 116d/365d)
2026-10-05 15:39:31 | INFO | services.connectors.risk3_connector | [387/3192] CNPJ 03358698000100 -> CACHE (NAO_ENCONTRADO, 19d/30d)
2026-10-05 15:39:31 | INFO | services.connectors.risk3_connector | [388/3192] CNPJ 03368638000178 -> CACHE (SUCESSO, 175d/365d)
2026-10-05 15:39:31 | INFO | services.connectors.risk3_connector | [389/3192] CNPJ 03383496000118 -> CACHE (NAO_ENCONTRADO, 14d/30d)
2026-10-05 15:39:31 | INFO | services.connectors.risk3_connector | [390/3192] CNPJ 03391986000166 -> CACHE (SUCESSO, 264d/365d)
2026-10-05 15:39:31 | INFO | services.connectors.risk3_connector | [391/3192] CNPJ 03400446000100 -> CACHE (SUCESSO, 63d/365d)
2026-10-05 15:39:31 | INFO | services.connectors.risk3_connector | [392/3192] CNPJ 03402181000170 -> CACHE (SUCESSO, 146d/365d)
2026-10-05 15:39:31 | INFO | services.connectors.risk3_connector | [393/3192] CNPJ 03407049000151 -> CACHE (SUCESSO, 97d/365d)
2026-10-05 15:39:31 | INFO | services.connectors.risk3_connector | [394/3192] CNPJ 03422594000117 -> CACHE (NAO_ENCONTRADO, 14d/30d)
2026-10-05 15:39:31 | INFO | services.connectors.risk3_connector | [395/3192] CNPJ 03428728000107 -> CACHE (SUCESSO, 102d/365d)
2026-10-05 15:39:31 | INFO | services.connectors.risk3_connector | [396/3192] CNPJ 03432310000173 -> CACHE (SUCESSO, 264d/365d)
2026-10-05 15:39:31 | INFO | services.connectors.risk3_connector | [397/3192] CNPJ 03434343000152 -> CACHE (SUCESSO, 102d/365d)
2026-10-05 15:39:31 | INFO | services.connectors.risk3_connector | [398/3192] CNPJ 03447413000107 -> CACHE (SUCESSO, 201d/365d)
2026-10-05 15:39:31 | INFO | services.connectors.risk3_connector | [399/3192] CNPJ 03456069000112 -> CACHE (NAO_ENCONTRADO, 14d/30d)
2026-10-05 15:39:31 | INFO | services.connectors.risk3_connector | [400/3192] CNPJ 03468598000136 -> CACHE (SUCESSO, 102d/365d)
2026-10-05 15:39:31 | INFO | services.connectors.risk3_connector | [401/3192] CNPJ 03469014000147 -> CACHE (SUCESSO, 103d/365d)
2026-10-05 15:39:31 | INFO | services.connectors.risk3_connector | [402/3192] CNPJ 03470727000120 -> CACHE (SUCESSO, 31d/365d)
2026-10-05 15:39:31 | INFO | services.connectors.risk3_connector | [403/3192] CNPJ 03470727000988 -> CACHE (NAO_ENCONTRADO, 14d/30d)
2026-10-05 15:39:31 | INFO | services.connectors.risk3_connector | [404/3192] CNPJ 03476643000102 -> CACHE (NAO_ENCONTRADO, 14d/30d)
2026-10-05 15:39:31 | INFO | services.connectors.risk3_connector | [405/3192] CNPJ 03493431000125 -> CACHE (SUCESSO, 103d/365d)
2026-10-05 15:39:31 | INFO | services.connectors.risk3_connector | [406/3192] CNPJ 03495216000163 -> CACHE (NAO_ENCONTRADO, 14d/30d)
2026-10-05 15:39:31 | INFO | services.connectors.risk3_connector | [407/3192] CNPJ 03499903000157 -> CACHE (SUCESSO, 103d/365d)
2026-10-05 15:39:31 | INFO | services.connectors.risk3_connector | [408/3192] CNPJ 03500636000190 -> CACHE (SUCESSO, 265d/365d)
2026-10-05 15:39:31 | INFO | services.connectors.risk3_connector | [409/3192] CNPJ 03503798000182 -> CACHE (SUCESSO, 217d/365d)
2026-10-05 15:39:31 | INFO | services.connectors.risk3_connector | [410/3192] CNPJ 03504139000160 -> CACHE (SUCESSO, 102d/365d)
2026-10-05 15:39:31 | INFO | services.connectors.risk3_connector | [411/3192] CNPJ 03505376000146 -> CACHE (SUCESSO, 363d/365d)
2026-10-05 15:39:31 | INFO | services.connectors.risk3_connector | [412/3192] CNPJ 03509978000171 -> CACHE (SUCESSO, 287d/365d)
2026-10-05 15:39:31 | INFO | services.connectors.risk3_connector | [413/3192] CNPJ 03518203000162 -> CACHE (SUCESSO, 250d/365d)
2026-10-05 15:39:31 | INFO | services.connectors.risk3_connector | [414/3192] CNPJ 03531503000181 -> CACHE (SUCESSO, 116d/365d)
2026-10-05 15:39:31 | INFO | services.connectors.risk3_connector | [415/3192] CNPJ 03538572000117 -> CACHE (NAO_ENCONTRADO, 19d/30d)
2026-10-05 15:39:31 | INFO | services.connectors.risk3_connector | [416/3192] CNPJ 03548504000139 -> CACHE (SUCESSO, 175d/365d)
2026-10-05 15:39:31 | INFO | services.connectors.risk3_connector | [417/3192] CNPJ 03580981000181 -> CACHE (SUCESSO, 103d/365d)
2026-10-05 15:39:31 | INFO | services.connectors.risk3_connector | [418/3192] CNPJ 03582243000173 -> CACHE (SUCESSO, 90d/365d)
2026-10-05 15:39:31 | INFO | services.connectors.risk3_connector | [419/3192] CNPJ 03593705000158 -> CACHE (SUCESSO, 103d/365d)
2026-10-05 15:39:31 | INFO | services.connectors.risk3_connector | [420/3192] CNPJ 03594475000141 -> CACHE (SUCESSO, 202d/365d)
2026-10-05 15:39:31 | INFO | services.connectors.risk3_connector | [421/3192] CNPJ 03630560000118 -> CACHE (NAO_ENCONTRADO, 14d/30d)
2026-10-05 15:39:31 | INFO | services.connectors.risk3_connector | [422/3192] CNPJ 03631957000124 -> CACHE (NAO_ENCONTRADO, 19d/30d)
2026-10-05 15:39:31 | INFO | services.connectors.risk3_connector | [423/3192] CNPJ 03632307000101 -> CACHE (SUCESSO, 103d/365d)
2026-10-05 15:39:31 | INFO | services.connectors.risk3_connector | [424/3192] CNPJ 03639008000190 -> CACHE (SUCESSO, 355d/365d)
2026-10-05 15:39:31 | INFO | services.connectors.risk3_connector | [425/3192] CNPJ 03647578000122 -> CACHE (SUCESSO, 102d/365d)
2026-10-05 15:39:31 | INFO | services.connectors.risk3_connector | [426/3192] CNPJ 03649445000195 -> CACHE (NAO_ENCONTRADO, 6d/30d)
2026-10-05 15:39:31 | INFO | services.connectors.risk3_connector | [427/3192] CNPJ 03649445000438 -> CACHE (SUCESSO, 102d/365d)
2026-10-05 15:39:31 | INFO | services.connectors.risk3_connector | [428/3192] CNPJ 03650060000148 -> CACHE (NAO_ENCONTRADO, 19d/30d)
2026-10-05 15:39:31 | INFO | services.connectors.risk3_connector | [429/3192] CNPJ 03691432000184 -> CACHE (SUCESSO, 103d/365d)
2026-10-05 15:39:31 | INFO | services.connectors.risk3_connector | [430/3192] CNPJ 03699509000162 -> CACHE (SUCESSO, 102d/365d)
2026-10-05 15:39:31 | INFO | services.connectors.risk3_connector | [431/3192] CNPJ 03714230000100 -> CACHE (SUCESSO, 102d/365d)
2026-10-05 15:39:31 | INFO | services.connectors.risk3_connector | [432/3192] CNPJ 03717227000140 -> CACHE (NAO_ENCONTRADO, 14d/30d)
2026-10-05 15:39:31 | INFO | services.connectors.risk3_connector | [433/3192] CNPJ 03718581000190 -> CACHE (SUCESSO, 126d/365d)
2026-10-05 15:39:31 | INFO | services.connectors.risk3_connector | [434/3192] CNPJ 03722755000198 -> CACHE (SUCESSO, 97d/365d)
2026-10-05 15:39:31 | INFO | services.connectors.risk3_connector | [435/3192] CNPJ 03726229000104 -> CACHE (SUCESSO, 242d/365d)
2026-10-05 15:39:31 | INFO | services.connectors.risk3_connector | [436/3192] CNPJ 03731287000118 -> CACHE (SUCESSO, 175d/365d)
2026-10-05 15:39:31 | INFO | services.connectors.risk3_connector | [437/3192] CNPJ 03731548000108 -> CACHE (NAO_ENCONTRADO, 14d/30d)
2026-10-05 15:39:31 | INFO | services.connectors.risk3_connector | [438/3192] CNPJ 03733880000101 -> CACHE (NAO_ENCONTRADO, 14d/30d)
2026-10-05 15:39:31 | INFO | services.connectors.risk3_connector | [439/3192] CNPJ 03747565000125 -> CACHE (NAO_ENCONTRADO, 14d/30d)
2026-10-05 15:39:31 | INFO | services.connectors.risk3_connector | [440/3192] CNPJ 03754929000102 -> CACHE (NAO_ENCONTRADO, 6d/30d)
2026-10-05 15:39:31 | INFO | services.connectors.risk3_connector | [441/3192] CNPJ 03754929000366 -> CACHE (NAO_ENCONTRADO, 14d/30d)
2026-10-05 15:39:31 | INFO | services.connectors.risk3_connector | [442/3192] CNPJ 03758625000105 -> CACHE (SUCESSO, 102d/365d)
2026-10-05 15:39:31 | INFO | services.connectors.risk3_connector | [443/3192] CNPJ 03761066000192 -> CACHE (SUCESSO, 102d/365d)
2026-10-05 15:39:31 | INFO | services.connectors.risk3_connector | [444/3192] CNPJ 03770521000116 -> CACHE (SUCESSO, 101d/365d)
2026-10-05 15:39:31 | INFO | services.connectors.risk3_connector | [445/3192] CNPJ 03770521001279 -> CACHE (SUCESSO, 102d/365d)
2026-10-05 15:39:31 | INFO | services.connectors.risk3_connector | [446/3192] CNPJ 03773419000174 -> CACHE (SUCESSO, 103d/365d)
2026-10-05 15:39:31 | INFO | services.connectors.risk3_connector | [447/3192] CNPJ 03780401000108 -> CACHE (SUCESSO, 97d/365d)
2026-10-05 15:39:31 | INFO | services.connectors.risk3_connector | [448/3192] CNPJ 03786032000152 -> CACHE (SUCESSO, 265d/365d)
2026-10-05 15:39:31 | INFO | services.connectors.risk3_connector | [449/3192] CNPJ 03787133000148 -> CACHE (SUCESSO, 265d/365d)
2026-10-05 15:39:31 | INFO | services.connectors.risk3_connector | [450/3192] CNPJ 03802018000103 -> CACHE (SUCESSO, 68d/365d)
2026-10-05 15:39:31 | INFO | services.connectors.risk3_connector | [451/3192] CNPJ 03802018002068 -> CACHE (SUCESSO, 102d/365d)
2026-10-05 15:39:31 | INFO | services.connectors.risk3_connector | [452/3192] CNPJ 03816532000190 -> CACHE (NAO_ENCONTRADO, 19d/30d)
2026-10-05 15:39:31 | INFO | services.connectors.risk3_connector | [453/3192] CNPJ 03821074000187 -> CACHE (SUCESSO, 102d/365d)
2026-10-05 15:39:31 | INFO | services.connectors.risk3_connector | [454/3192] CNPJ 03825323000102 -> CACHE (SUCESSO, 102d/365d)
2026-10-05 15:39:31 | INFO | services.connectors.risk3_connector | [455/3192] CNPJ 03833260000136 -> CACHE (SUCESSO, 102d/365d)
2026-10-05 15:39:31 | INFO | services.connectors.risk3_connector | [456/3192] CNPJ 03836990000190 -> CACHE (NAO_ENCONTRADO, 6d/30d)
2026-10-05 15:39:31 | INFO | services.connectors.risk3_connector | [457/3192] CNPJ 03836990000352 -> CACHE (SUCESSO, 26d/365d)
2026-10-05 15:39:31 | INFO | services.connectors.risk3_connector | [458/3192] CNPJ 03839383000184 -> CACHE (SUCESSO, 264d/365d)
2026-10-05 15:39:31 | INFO | services.connectors.risk3_connector | [459/3192] CNPJ 03839633000186 -> CACHE (SUCESSO, 265d/365d)
2026-10-05 15:39:31 | INFO | services.connectors.risk3_connector | [460/3192] CNPJ 03850692000155 -> CACHE (SUCESSO, 102d/365d)
2026-10-05 15:39:31 | INFO | services.connectors.risk3_connector | [461/3192] CNPJ 03852515000108 -> CACHE (NAO_ENCONTRADO, 14d/30d)
2026-10-05 15:39:31 | INFO | services.connectors.risk3_connector | [462/3192] CNPJ 03852972000100 -> CACHE (SUCESSO, 179d/365d)
2026-10-05 15:39:31 | INFO | services.connectors.risk3_connector | [463/3192] CNPJ 03853896000140 -> CACHE (SUCESSO, 133d/365d)
2026-10-05 15:39:31 | INFO | services.connectors.risk3_connector | [464/3192] CNPJ 03855214000138 -> CACHE (SUCESSO, 116d/365d)
2026-10-05 15:39:31 | INFO | services.connectors.risk3_connector | [465/3192] CNPJ 03859809000161 -> CACHE (NAO_ENCONTRADO, 14d/30d)
2026-10-05 15:39:31 | INFO | services.connectors.risk3_connector | [466/3192] CNPJ 03883369000188 -> CACHE (SUCESSO, 299d/365d)
2026-10-05 15:39:31 | INFO | services.connectors.risk3_connector | [467/3192] CNPJ 03887324000181 -> CACHE (SUCESSO, 203d/365d)
2026-10-05 15:39:31 | INFO | services.connectors.risk3_connector | [468/3192] CNPJ 03913786000126 -> CACHE (SUCESSO, 131d/365d)
2026-10-05 15:39:31 | INFO | services.connectors.risk3_connector | [469/3192] CNPJ 03920586000109 -> CACHE (NAO_ENCONTRADO, 14d/30d)
2026-10-05 15:39:31 | INFO | services.connectors.risk3_connector | [470/3192] CNPJ 03926572000194 -> CACHE (SUCESSO, 88d/365d)
2026-10-05 15:39:31 | INFO | services.connectors.risk3_connector | [471/3192] CNPJ 03927907000199 -> CACHE (SUCESSO, 90d/365d)
2026-10-05 15:39:31 | INFO | services.connectors.risk3_connector | [472/3192] CNPJ 03935003000105 -> CACHE (SUCESSO, 103d/365d)
2026-10-05 15:39:31 | INFO | services.connectors.risk3_connector | [473/3192] CNPJ 03941878000110 -> CACHE (NAO_ENCONTRADO, 14d/30d)
2026-10-05 15:39:31 | INFO | services.connectors.risk3_connector | [474/3192] CNPJ 03953509000147 -> CACHE (NAO_ENCONTRADO, 19d/30d)
2026-10-05 15:39:31 | INFO | services.connectors.risk3_connector | [475/3192] CNPJ 03959982000131 -> CACHE (SUCESSO, 301d/365d)
2026-10-05 15:39:31 | INFO | services.connectors.risk3_connector | [476/3192] CNPJ 03961189000177 -> CACHE (NAO_ENCONTRADO, 14d/30d)
2026-10-05 15:39:31 | INFO | services.connectors.risk3_connector | [477/3192] CNPJ 03961305000158 -> CACHE (SUCESSO, 102d/365d)
2026-10-05 15:39:31 | INFO | services.connectors.risk3_connector | [478/3192] CNPJ 03963585000133 -> CACHE (NAO_ENCONTRADO, 14d/30d)
2026-10-05 15:39:31 | INFO | services.connectors.risk3_connector | [479/3192] CNPJ 03973903000147 -> CACHE (SUCESSO, 102d/365d)
2026-10-05 15:39:31 | INFO | services.connectors.risk3_connector | [480/3192] CNPJ 03979210000161 -> CACHE (SUCESSO, 206d/365d)
2026-10-05 15:39:31 | INFO | services.connectors.risk3_connector | [481/3192] CNPJ 03982931000120 -> Consultando API (Endpoint detalhado por CNPJ)...
2026-10-05 15:39:31 | INFO | services.connectors.risk3_connector | SUCESSO na extração dos detalhes do Bureau!
2026-10-05 15:39:32 | INFO | services.connectors.risk3_connector | [482/3192] CNPJ 03984862000194 -> CACHE (SUCESSO, 112d/365d)
2026-10-05 15:39:32 | INFO | services.connectors.risk3_connector | [483/3192] CNPJ 03989217000164 -> CACHE (NAO_ENCONTRADO, 14d/30d)
2026-10-05 15:39:32 | INFO | services.connectors.risk3_connector | [484/3192] CNPJ 03990431000130 -> CACHE (SUCESSO, 175d/365d)
2026-10-05 15:39:32 | INFO | services.connectors.risk3_connector | [485/3192] CNPJ 03995512000123 -> CACHE (NAO_ENCONTRADO, 14d/30d)
2026-10-05 15:39:32 | INFO | services.connectors.risk3_connector | [486/3192] CNPJ 03996735000105 -> CACHE (NAO_ENCONTRADO, 14d/30d)
2026-10-05 15:39:32 | INFO | services.connectors.risk3_connector | [487/3192] CNPJ 04008938000109 -> CACHE (SUCESSO, 265d/365d)
2026-10-05 15:39:32 | INFO | services.connectors.risk3_connector | [488/3192] CNPJ 04011349000180 -> CACHE (SUCESSO, 264d/365d)
2026-10-05 15:39:32 | INFO | services.connectors.risk3_connector | [489/3192] CNPJ 04013084000159 -> CACHE (SUCESSO, 34d/365d)
2026-10-05 15:39:32 | INFO | services.connectors.risk3_connector | [490/3192] CNPJ 04016504000150 -> CACHE (SUCESSO, 14d/365d)
2026-10-05 15:39:32 | INFO | services.connectors.risk3_connector | [491/3192] CNPJ 04023261000188 -> CACHE (SUCESSO, 182d/365d)
2026-10-05 15:39:32 | INFO | services.connectors.risk3_connector | [492/3192] CNPJ 04023387000152 -> CACHE (SUCESSO, 102d/365d)
2026-10-05 15:39:32 | INFO | services.connectors.risk3_connector | [493/3192] CNPJ 04027894000164 -> CACHE (SUCESSO, 133d/365d)
2026-10-05 15:39:32 | INFO | services.connectors.risk3_connector | [494/3192] CNPJ 04029601000188 -> CACHE (SUCESSO, 154d/365d)
2026-10-05 15:39:32 | INFO | services.connectors.risk3_connector | [495/3192] CNPJ 04031026000158 -> CACHE (NAO_ENCONTRADO, 14d/30d)
2026-10-05 15:39:32 | INFO | services.connectors.risk3_connector | [496/3192] CNPJ 04037273000161 -> CACHE (SUCESSO, 104d/365d)
2026-10-05 15:39:32 | INFO | services.connectors.risk3_connector | [497/3192] CNPJ 04041933000188 -> CACHE (NAO_ENCONTRADO, 6d/30d)
2026-10-05 15:39:32 | INFO | services.connectors.risk3_connector | [498/3192] CNPJ 04041933001311 -> CACHE (NAO_ENCONTRADO, 14d/30d)
2026-10-05 15:39:32 | INFO | services.connectors.risk3_connector | [499/3192] CNPJ 04051261000191 -> CACHE (SUCESSO, 348d/365d)
2026-10-05 15:39:32 | INFO | services.connectors.risk3_connector | [500/3192] CNPJ 04056176000116 -> CACHE (SUCESSO, 238d/365d)
2026-10-05 15:39:32 | INFO | services.connectors.risk3_connector | [501/3192] CNPJ 04085803000147 -> CACHE (SUCESSO, 102d/365d)
2026-10-05 15:39:32 | INFO | services.connectors.risk3_connector | [502/3192] CNPJ 04100556000100 -> CACHE (SUCESSO, 146d/365d)
2026-10-05 15:39:32 | INFO | services.connectors.risk3_connector | [503/3192] CNPJ 04134670000151 -> CACHE (NAO_ENCONTRADO, 14d/30d)
2026-10-05 15:39:32 | INFO | services.connectors.risk3_connector | [504/3192] CNPJ 04137003000122 -> CACHE (SUCESSO, 103d/365d)
2026-10-05 15:39:32 | INFO | services.connectors.risk3_connector | [505/3192] CNPJ 04143008000168 -> CACHE (SUCESSO, 154d/365d)
2026-10-05 15:39:32 | INFO | services.connectors.risk3_connector | [506/3192] CNPJ 04143008000400 -> CACHE (SUCESSO, 153d/365d)
2026-10-05 15:39:32 | INFO | services.connectors.risk3_connector | [507/3192] CNPJ 04149295000113 -> CACHE (SUCESSO, 140d/365d)
2026-10-05 15:39:32 | INFO | services.connectors.risk3_connector | [508/3192] CNPJ 04170860000124 -> CACHE (SUCESSO, 362d/365d)
2026-10-05 15:39:32 | INFO | services.connectors.risk3_connector | [509/3192] CNPJ 04176249000103 -> CACHE (SUCESSO, 103d/365d)
2026-10-05 15:39:32 | INFO | services.connectors.risk3_connector | [510/3192] CNPJ 04176791000247 -> CACHE (SUCESSO, 356d/365d)
2026-10-05 15:39:32 | INFO | services.connectors.risk3_connector | [511/3192] CNPJ 04182987000163 -> CACHE (NAO_ENCONTRADO, 14d/30d)
2026-10-05 15:39:32 | INFO | services.connectors.risk3_connector | [512/3192] CNPJ 04183032000120 -> CACHE (SUCESSO, 264d/365d)
2026-10-05 15:39:32 | INFO | services.connectors.risk3_connector | [513/3192] CNPJ 04200198000108 -> CACHE (SUCESSO, 334d/365d)
2026-10-05 15:39:32 | INFO | services.connectors.risk3_connector | [514/3192] CNPJ 04200198000299 -> CACHE (SUCESSO, 334d/365d)
2026-10-05 15:39:32 | INFO | services.connectors.risk3_connector | [515/3192] CNPJ 04201168000116 -> CACHE (SUCESSO, 160d/365d)
2026-10-05 15:39:32 | INFO | services.connectors.risk3_connector | [516/3192] CNPJ 04207872000186 -> CACHE (SUCESSO, 103d/365d)
2026-10-05 15:39:32 | INFO | services.connectors.risk3_connector | [517/3192] CNPJ 04208296000191 -> CACHE (SUCESSO, 265d/365d)
2026-10-05 15:39:32 | INFO | services.connectors.risk3_connector | [518/3192] CNPJ 04220031000109 -> CACHE (NAO_ENCONTRADO, 14d/30d)
2026-10-05 15:39:32 | INFO | services.connectors.risk3_connector | [519/3192] CNPJ 04240370000157 -> CACHE (SUCESSO, 178d/365d)
2026-10-05 15:39:32 | INFO | services.connectors.risk3_connector | [520/3192] CNPJ 04270778000171 -> CACHE (SUCESSO, 42d/365d)
2026-10-05 15:39:32 | INFO | services.connectors.risk3_connector | [521/3192] CNPJ 04280481000197 -> CACHE (SUCESSO, 312d/365d)
2026-10-05 15:39:32 | INFO | services.connectors.risk3_connector | [522/3192] CNPJ 04294897000164 -> CACHE (NAO_ENCONTRADO, 14d/30d)
2026-10-05 15:39:32 | INFO | services.connectors.risk3_connector | [523/3192] CNPJ 04299324000123 -> CACHE (SUCESSO, 102d/365d)
2026-10-05 15:39:32 | INFO | services.connectors.risk3_connector | [524/3192] CNPJ 04308017000161 -> CACHE (SUCESSO, 32d/365d)
2026-10-05 15:39:32 | INFO | services.connectors.risk3_connector | [525/3192] CNPJ 04309085000145 -> CACHE (SUCESSO, 103d/365d)
2026-10-05 15:39:32 | INFO | services.connectors.risk3_connector | [526/3192] CNPJ 04319855000130 -> CACHE (SUCESSO, 192d/365d)
2026-10-05 15:39:32 | INFO | services.connectors.risk3_connector | [527/3192] CNPJ 04325258000119 -> CACHE (NAO_ENCONTRADO, 14d/30d)
2026-10-05 15:39:32 | INFO | services.connectors.risk3_connector | [528/3192] CNPJ 04326452000119 -> CACHE (SUCESSO, 102d/365d)
2026-10-05 15:39:32 | INFO | services.connectors.risk3_connector | [529/3192] CNPJ 04346278000176 -> CACHE (SUCESSO, 207d/365d)
2026-10-05 15:39:32 | INFO | services.connectors.risk3_connector | [530/3192] CNPJ 04352277000134 -> CACHE (NAO_ENCONTRADO, 6d/30d)
2026-10-05 15:39:32 | INFO | services.connectors.risk3_connector | [531/3192] CNPJ 04352277000215 -> CACHE (SUCESSO, 70d/365d)
2026-10-05 15:39:32 | INFO | services.connectors.risk3_connector | [532/3192] CNPJ 04365525000181 -> CACHE (NAO_ENCONTRADO, 14d/30d)
2026-10-05 15:39:32 | INFO | services.connectors.risk3_connector | [533/3192] CNPJ 04370282000170 -> CACHE (NAO_ENCONTRADO, 0d/30d)
2026-10-05 15:39:32 | INFO | services.connectors.risk3_connector | [534/3192] CNPJ 04416098000113 -> CACHE (SUCESSO, 102d/365d)
2026-10-05 15:39:32 | INFO | services.connectors.risk3_connector | [535/3192] CNPJ 04423567000121 -> CACHE (SUCESSO, 74d/365d)
2026-10-05 15:39:32 | INFO | services.connectors.risk3_connector | [536/3192] CNPJ 04423567002094 -> CACHE (NAO_ENCONTRADO, 14d/30d)
2026-10-05 15:39:32 | INFO | services.connectors.risk3_connector | [537/3192] CNPJ 04426411000102 -> CACHE (SUCESSO, 46d/365d)
2026-10-05 15:39:32 | INFO | services.connectors.risk3_connector | [538/3192] CNPJ 04429377000111 -> CACHE (SUCESSO, 165d/365d)
2026-10-05 15:39:32 | INFO | services.connectors.risk3_connector | [539/3192] CNPJ 04432327000193 -> CACHE (SUCESSO, 178d/365d)
2026-10-05 15:39:32 | INFO | services.connectors.risk3_connector | [540/3192] CNPJ 04447879000175 -> CACHE (NAO_ENCONTRADO, 14d/30d)
2026-10-05 15:39:32 | INFO | services.connectors.risk3_connector | [541/3192] CNPJ 04450403000193 -> CACHE (SUCESSO, 102d/365d)
2026-10-05 15:39:32 | INFO | services.connectors.risk3_connector | [542/3192] CNPJ 04462976000137 -> CACHE (SUCESSO, 238d/365d)
2026-10-05 15:39:32 | INFO | services.connectors.risk3_connector | [543/3192] CNPJ 04463344000198 -> CACHE (SUCESSO, 103d/365d)
2026-10-05 15:39:32 | INFO | services.connectors.risk3_connector | [544/3192] CNPJ 04475667000100 -> CACHE (SUCESSO, 103d/365d)
2026-10-05 15:39:32 | INFO | services.connectors.risk3_connector | [545/3192] CNPJ 04516387000194 -> CACHE (NAO_ENCONTRADO, 14d/30d)
2026-10-05 15:39:32 | INFO | services.connectors.risk3_connector | [546/3192] CNPJ 04518259000180 -> CACHE (SUCESSO, 115d/365d)
2026-10-05 15:39:32 | INFO | services.connectors.risk3_connector | [547/3192] CNPJ 04527315000142 -> CACHE (NAO_ENCONTRADO, 6d/30d)
2026-10-05 15:39:32 | INFO | services.connectors.risk3_connector | [548/3192] CNPJ 04527315000223 -> CACHE (SUCESSO, 21d/365d)
2026-10-05 15:39:32 | INFO | services.connectors.risk3_connector | [549/3192] CNPJ 04533831000180 -> CACHE (SUCESSO, 143d/365d)
2026-10-05 15:39:32 | INFO | services.connectors.risk3_connector | [550/3192] CNPJ 04548659000138 -> CACHE (NAO_ENCONTRADO, 14d/30d)
2026-10-05 15:39:32 | INFO | services.connectors.risk3_connector | [551/3192] CNPJ 04557307000149 -> CACHE (NAO_ENCONTRADO, 14d/30d)
2026-10-05 15:39:32 | INFO | services.connectors.risk3_connector | [552/3192] CNPJ 04557530000196 -> CACHE (SUCESSO, 265d/365d)
2026-10-05 15:39:32 | INFO | services.connectors.risk3_connector | [553/3192] CNPJ 04558449000120 -> CACHE (NAO_ENCONTRADO, 6d/30d)
2026-10-05 15:39:32 | INFO | services.connectors.risk3_connector | [554/3192] CNPJ 04558449000392 -> CACHE (NAO_ENCONTRADO, 19d/30d)
2026-10-05 15:39:32 | INFO | services.connectors.risk3_connector | [555/3192] CNPJ 04558449000716 -> CACHE (NAO_ENCONTRADO, 14d/30d)
2026-10-05 15:39:32 | INFO | services.connectors.risk3_connector | [556/3192] CNPJ 04563672000166 -> CACHE (NAO_ENCONTRADO, 14d/30d)
2026-10-05 15:39:32 | INFO | services.connectors.risk3_connector | [557/3192] CNPJ 04565361000136 -> CACHE (SUCESSO, 103d/365d)
2026-10-05 15:39:32 | INFO | services.connectors.risk3_connector | [558/3192] CNPJ 04591168000170 -> CACHE (NAO_ENCONTRADO, 0d/30d)
2026-10-05 15:39:32 | INFO | services.connectors.risk3_connector | [559/3192] CNPJ 04592014000100 -> CACHE (SUCESSO, 238d/365d)
2026-10-05 15:39:32 | INFO | services.connectors.risk3_connector | [560/3192] CNPJ 04596745000116 -> CACHE (SUCESSO, 103d/365d)
2026-10-05 15:39:32 | INFO | services.connectors.risk3_connector | [561/3192] CNPJ 04602461000195 -> CACHE (SUCESSO, 103d/365d)
2026-10-05 15:39:32 | INFO | services.connectors.risk3_connector | [562/3192] CNPJ 04613547000113 -> CACHE (SUCESSO, 103d/365d)
2026-10-05 15:39:32 | INFO | services.connectors.risk3_connector | [563/3192] CNPJ 04613547000466 -> CACHE (SUCESSO, 102d/365d)
2026-10-05 15:39:32 | INFO | services.connectors.risk3_connector | [564/3192] CNPJ 04626152000155 -> CACHE (SUCESSO, 210d/365d)
2026-10-05 15:39:32 | INFO | services.connectors.risk3_connector | [565/3192] CNPJ 04626426000106 -> CACHE (SUCESSO, 196d/365d)
2026-10-05 15:39:32 | INFO | services.connectors.risk3_connector | [566/3192] CNPJ 04626426004608 -> CACHE (SUCESSO, 181d/365d)
2026-10-05 15:39:32 | INFO | services.connectors.risk3_connector | [567/3192] CNPJ 04630268000168 -> CACHE (SUCESSO, 209d/365d)
2026-10-05 15:39:32 | INFO | services.connectors.risk3_connector | [568/3192] CNPJ 04647226000130 -> CACHE (SUCESSO, 131d/365d)
2026-10-05 15:39:32 | INFO | services.connectors.risk3_connector | [569/3192] CNPJ 04656253000179 -> CACHE (SUCESSO, 89d/365d)
2026-10-05 15:39:32 | INFO | services.connectors.risk3_connector | [570/3192] CNPJ 04686827000151 -> CACHE (NAO_ENCONTRADO, 14d/30d)
2026-10-05 15:39:32 | INFO | services.connectors.risk3_connector | [571/3192] CNPJ 04694319000115 -> CACHE (SUCESSO, 265d/365d)
2026-10-05 15:39:32 | INFO | services.connectors.risk3_connector | [572/3192] CNPJ 04695131000191 -> CACHE (SUCESSO, 103d/365d)
2026-10-05 15:39:32 | INFO | services.connectors.risk3_connector | [573/3192] CNPJ 04703272000109 -> CACHE (SUCESSO, 81d/365d)
2026-10-05 15:39:32 | INFO | services.connectors.risk3_connector | [574/3192] CNPJ 04703272000451 -> CACHE (NAO_ENCONTRADO, 14d/30d)
2026-10-05 15:39:32 | INFO | services.connectors.risk3_connector | [575/3192] CNPJ 04706606000106 -> CACHE (SUCESSO, 103d/365d)
2026-10-05 15:39:32 | INFO | services.connectors.risk3_connector | [576/3192] CNPJ 04708093000164 -> CACHE (SUCESSO, 245d/365d)
2026-10-05 15:39:32 | INFO | services.connectors.risk3_connector | [577/3192] CNPJ 04719951000176 -> CACHE (SUCESSO, 39d/365d)
2026-10-05 15:39:32 | INFO | services.connectors.risk3_connector | [578/3192] CNPJ 04719951000257 -> CACHE (SUCESSO, 102d/365d)
2026-10-05 15:39:32 | INFO | services.connectors.risk3_connector | [579/3192] CNPJ 04721465000192 -> CACHE (SUCESSO, 165d/365d)
2026-10-05 15:39:32 | INFO | services.connectors.risk3_connector | [580/3192] CNPJ 04728953000121 -> CACHE (SUCESSO, 19d/365d)
2026-10-05 15:39:32 | INFO | services.connectors.risk3_connector | [581/3192] CNPJ 04730746000101 -> CACHE (NAO_ENCONTRADO, 14d/30d)
2026-10-05 15:39:32 | INFO | services.connectors.risk3_connector | [582/3192] CNPJ 04731861000109 -> CACHE (SUCESSO, 48d/365d)
2026-10-05 15:39:32 | INFO | services.connectors.risk3_connector | [583/3192] CNPJ 04739720000124 -> CACHE (SUCESSO, 11d/365d)
2026-10-05 15:39:32 | INFO | services.connectors.risk3_connector | [584/3192] CNPJ 04739720000205 -> CACHE (NAO_ENCONTRADO, 14d/30d)
2026-10-05 15:39:32 | INFO | services.connectors.risk3_connector | [585/3192] CNPJ 04741986000101 -> CACHE (SUCESSO, 175d/365d)
2026-10-05 15:39:32 | INFO | services.connectors.risk3_connector | [586/3192] CNPJ 04753947000124 -> CACHE (SUCESSO, 103d/365d)
2026-10-05 15:39:32 | INFO | services.connectors.risk3_connector | [587/3192] CNPJ 04755710000182 -> CACHE (SUCESSO, 125d/365d)
2026-10-05 15:39:32 | INFO | services.connectors.risk3_connector | [588/3192] CNPJ 04756038000140 -> CACHE (SUCESSO, 102d/365d)
2026-10-05 15:39:32 | INFO | services.connectors.risk3_connector | [589/3192] CNPJ 04768477000172 -> CACHE (SUCESSO, 199d/365d)
2026-10-05 15:39:32 | INFO | services.connectors.risk3_connector | [590/3192] CNPJ 04772922000178 -> CACHE (SUCESSO, 103d/365d)
2026-10-05 15:39:32 | INFO | services.connectors.risk3_connector | [591/3192] CNPJ 04774215000110 -> CACHE (SUCESSO, 103d/365d)
2026-10-05 15:39:32 | INFO | services.connectors.risk3_connector | [592/3192] CNPJ 04800830000154 -> CACHE (SUCESSO, 102d/365d)
2026-10-05 15:39:32 | INFO | services.connectors.risk3_connector | [593/3192] CNPJ 04801086000102 -> CACHE (NAO_ENCONTRADO, 14d/30d)
2026-10-05 15:39:32 | INFO | services.connectors.risk3_connector | [594/3192] CNPJ 04802543000183 -> CACHE (SUCESSO, 150d/365d)
2026-10-05 15:39:32 | INFO | services.connectors.risk3_connector | [595/3192] CNPJ 04810290000190 -> CACHE (NAO_ENCONTRADO, 19d/30d)
2026-10-05 15:39:32 | INFO | services.connectors.risk3_connector | [596/3192] CNPJ 04817933000127 -> CACHE (SUCESSO, 265d/365d)
2026-10-05 15:39:32 | INFO | services.connectors.risk3_connector | [597/3192] CNPJ 04831281000185 -> CACHE (NAO_ENCONTRADO, 14d/30d)
2026-10-05 15:39:32 | INFO | services.connectors.risk3_connector | [598/3192] CNPJ 04833180000143 -> CACHE (SUCESSO, 348d/365d)
2026-10-05 15:39:32 | INFO | services.connectors.risk3_connector | [599/3192] CNPJ 04836055000197 -> CACHE (SUCESSO, 81d/365d)
2026-10-05 15:39:32 | INFO | services.connectors.risk3_connector | [600/3192] CNPJ 04846140000136 -> CACHE (SUCESSO, 103d/365d)
2026-10-05 15:39:32 | INFO | services.connectors.risk3_connector | [601/3192] CNPJ 04850218000196 -> CACHE (NAO_ENCONTRADO, 14d/30d)
2026-10-05 15:39:32 | INFO | services.connectors.risk3_connector | [602/3192] CNPJ 04854278000187 -> CACHE (SUCESSO, 133d/365d)
2026-10-05 15:39:32 | INFO | services.connectors.risk3_connector | [603/3192] CNPJ 04856747000105 -> CACHE (SUCESSO, 364d/365d)
2026-10-05 15:39:32 | INFO | services.connectors.risk3_connector | [604/3192] CNPJ 04865228000103 -> CACHE (SUCESSO, 301d/365d)
2026-10-05 15:39:32 | INFO | services.connectors.risk3_connector | [605/3192] CNPJ 04865359000182 -> CACHE (SUCESSO, 102d/365d)
2026-10-05 15:39:32 | INFO | services.connectors.risk3_connector | [606/3192] CNPJ 04871041000104 -> CACHE (SUCESSO, 110d/365d)
2026-10-05 15:39:32 | INFO | services.connectors.risk3_connector | [607/3192] CNPJ 04877281000116 -> CACHE (SUCESSO, 109d/365d)
2026-10-05 15:39:32 | INFO | services.connectors.risk3_connector | [608/3192] CNPJ 04878613000187 -> CACHE (SUCESSO, 83d/365d)
2026-10-05 15:39:32 | INFO | services.connectors.risk3_connector | [609/3192] CNPJ 04885413000151 -> CACHE (NAO_ENCONTRADO, 14d/30d)
2026-10-05 15:39:32 | INFO | services.connectors.risk3_connector | [610/3192] CNPJ 04895728000180 -> CACHE (NAO_ENCONTRADO, 0d/30d)
2026-10-05 15:39:32 | INFO | services.connectors.risk3_connector | [611/3192] CNPJ 04899316000118 -> CACHE (NAO_ENCONTRADO, 14d/30d)
2026-10-05 15:39:32 | INFO | services.connectors.risk3_connector | [612/3192] CNPJ 04900482000197 -> CACHE (SUCESSO, 213d/365d)
2026-10-05 15:39:32 | INFO | services.connectors.risk3_connector | [613/3192] CNPJ 04905537000151 -> CACHE (SUCESSO, 264d/365d)
2026-10-05 15:39:32 | INFO | services.connectors.risk3_connector | [614/3192] CNPJ 04906823000131 -> CACHE (SUCESSO, 116d/365d)
2026-10-05 15:39:32 | INFO | services.connectors.risk3_connector | [615/3192] CNPJ 04908757000139 -> CACHE (SUCESSO, 187d/365d)
2026-10-05 15:39:32 | INFO | services.connectors.risk3_connector | [616/3192] CNPJ 04928324000145 -> CACHE (NAO_ENCONTRADO, 14d/30d)
2026-10-05 15:39:32 | INFO | services.connectors.risk3_connector | [617/3192] CNPJ 04932216000146 -> CACHE (SUCESSO, 112d/365d)
2026-10-05 15:39:32 | INFO | services.connectors.risk3_connector | [618/3192] CNPJ 04940750000102 -> CACHE (NAO_ENCONTRADO, 6d/30d)
2026-10-05 15:39:32 | INFO | services.connectors.risk3_connector | [619/3192] CNPJ 04940750000951 -> CACHE (SUCESSO, 175d/365d)
2026-10-05 15:39:32 | INFO | services.connectors.risk3_connector | [620/3192] CNPJ 04945225000171 -> CACHE (SUCESSO, 131d/365d)
2026-10-05 15:39:32 | INFO | services.connectors.risk3_connector | [621/3192] CNPJ 04955577000108 -> CACHE (SUCESSO, 119d/365d)
2026-10-05 15:39:32 | INFO | services.connectors.risk3_connector | [622/3192] CNPJ 04956796000101 -> CACHE (NAO_ENCONTRADO, 14d/30d)
2026-10-05 15:39:32 | INFO | services.connectors.risk3_connector | [623/3192] CNPJ 04973790000142 -> CACHE (SUCESSO, 112d/365d)
2026-10-05 15:39:32 | INFO | services.connectors.risk3_connector | [624/3192] CNPJ 04976303000103 -> CACHE (SUCESSO, 102d/365d)
2026-10-05 15:39:32 | INFO | services.connectors.risk3_connector | [625/3192] CNPJ 04995392000127 -> CACHE (SUCESSO, 194d/365d)
2026-10-05 15:39:32 | INFO | services.connectors.risk3_connector | [626/3192] CNPJ 04997059000157 -> CACHE (NAO_ENCONTRADO, 14d/30d)
2026-10-05 15:39:32 | INFO | services.connectors.risk3_connector | [627/3192] CNPJ 05007043000112 -> CACHE (SUCESSO, 363d/365d)
2026-10-05 15:39:32 | INFO | services.connectors.risk3_connector | [628/3192] CNPJ 05022285000185 -> CACHE (SUCESSO, 228d/365d)
2026-10-05 15:39:32 | INFO | services.connectors.risk3_connector | [629/3192] CNPJ 05029991000159 -> CACHE (SUCESSO, 102d/365d)
2026-10-05 15:39:32 | INFO | services.connectors.risk3_connector | [630/3192] CNPJ 05034587000173 -> CACHE (SUCESSO, 264d/365d)
2026-10-05 15:39:32 | INFO | services.connectors.risk3_connector | [631/3192] CNPJ 05039806000107 -> CACHE (SUCESSO, 101d/365d)
2026-10-05 15:39:32 | INFO | services.connectors.risk3_connector | [632/3192] CNPJ 05053020000144 -> CACHE (SUCESSO, 84d/365d)
2026-10-05 15:39:32 | INFO | services.connectors.risk3_connector | [633/3192] CNPJ 05054671000159 -> CACHE (SUCESSO, 300d/365d)
2026-10-05 15:39:32 | INFO | services.connectors.risk3_connector | [634/3192] CNPJ 05065604000130 -> CACHE (NAO_ENCONTRADO, 6d/30d)
2026-10-05 15:39:32 | INFO | services.connectors.risk3_connector | [635/3192] CNPJ 05065604000210 -> CACHE (SUCESSO, 102d/365d)
2026-10-05 15:39:32 | INFO | services.connectors.risk3_connector | [636/3192] CNPJ 05096536000176 -> CACHE (NAO_ENCONTRADO, 14d/30d)
2026-10-05 15:39:32 | INFO | services.connectors.risk3_connector | [637/3192] CNPJ 05126928000130 -> CACHE (NAO_ENCONTRADO, 19d/30d)
2026-10-05 15:39:32 | INFO | services.connectors.risk3_connector | [638/3192] CNPJ 05140162000149 -> CACHE (SUCESSO, 103d/365d)
2026-10-05 15:39:32 | INFO | services.connectors.risk3_connector | [639/3192] CNPJ 05143490000107 -> CACHE (SUCESSO, 102d/365d)
2026-10-05 15:39:32 | INFO | services.connectors.risk3_connector | [640/3192] CNPJ 05147458000191 -> CACHE (SUCESSO, 175d/365d)
2026-10-05 15:39:32 | INFO | services.connectors.risk3_connector | [641/3192] CNPJ 05147464000149 -> CACHE (SUCESSO, 206d/365d)
2026-10-05 15:39:32 | INFO | services.connectors.risk3_connector | [642/3192] CNPJ 05150338000143 -> CACHE (SUCESSO, 150d/365d)
2026-10-05 15:39:32 | INFO | services.connectors.risk3_connector | [643/3192] CNPJ 05152363000166 -> CACHE (SUCESSO, 18d/365d)
2026-10-05 15:39:32 | INFO | services.connectors.risk3_connector | [644/3192] CNPJ 05158808000115 -> CACHE (SUCESSO, 138d/365d)
2026-10-05 15:39:32 | INFO | services.connectors.risk3_connector | [645/3192] CNPJ 05162775000187 -> CACHE (SUCESSO, 103d/365d)
2026-10-05 15:39:32 | INFO | services.connectors.risk3_connector | [646/3192] CNPJ 05165324000101 -> CACHE (SUCESSO, 56d/365d)
2026-10-05 15:39:32 | INFO | services.connectors.risk3_connector | [647/3192] CNPJ 05206031000117 -> CACHE (SUCESSO, 264d/365d)
2026-10-05 15:39:32 | INFO | services.connectors.risk3_connector | [648/3192] CNPJ 05211777000119 -> CACHE (NAO_ENCONTRADO, 14d/30d)
2026-10-05 15:39:32 | INFO | services.connectors.risk3_connector | [649/3192] CNPJ 05251919000171 -> CACHE (SUCESSO, 117d/365d)
2026-10-05 15:39:32 | INFO | services.connectors.risk3_connector | [650/3192] CNPJ 05263293000113 -> CACHE (SUCESSO, 152d/365d)
2026-10-05 15:39:32 | INFO | services.connectors.risk3_connector | [651/3192] CNPJ 05263973000137 -> CACHE (SUCESSO, 48d/365d)
2026-10-05 15:39:32 | INFO | services.connectors.risk3_connector | [652/3192] CNPJ 05265768000100 -> CACHE (NAO_ENCONTRADO, 6d/30d)
2026-10-05 15:39:32 | INFO | services.connectors.risk3_connector | [653/3192] CNPJ 05265768000291 -> CACHE (SUCESSO, 103d/365d)
2026-10-05 15:39:32 | INFO | services.connectors.risk3_connector | [654/3192] CNPJ 05288648000129 -> CACHE (SUCESSO, 103d/365d)
2026-10-05 15:39:32 | INFO | services.connectors.risk3_connector | [655/3192] CNPJ 05297665000122 -> CACHE (SUCESSO, 250d/365d)
2026-10-05 15:39:32 | INFO | services.connectors.risk3_connector | [656/3192] CNPJ 05298154000125 -> CACHE (NAO_ENCONTRADO, 14d/30d)
2026-10-05 15:39:32 | INFO | services.connectors.risk3_connector | [657/3192] CNPJ 05302946000126 -> CACHE (SUCESSO, 103d/365d)
2026-10-05 15:39:32 | INFO | services.connectors.risk3_connector | [658/3192] CNPJ 05309161000185 -> CACHE (SUCESSO, 265d/365d)
2026-10-05 15:39:32 | INFO | services.connectors.risk3_connector | [659/3192] CNPJ 05311209000190 -> CACHE (SUCESSO, 103d/365d)
2026-10-05 15:39:32 | INFO | services.connectors.risk3_connector | [660/3192] CNPJ 05321226000108 -> CACHE (SUCESSO, 47d/365d)
2026-10-05 15:39:32 | INFO | services.connectors.risk3_connector | [661/3192] CNPJ 05321589000143 -> CACHE (SUCESSO, 103d/365d)
2026-10-05 15:39:32 | INFO | services.connectors.risk3_connector | [662/3192] CNPJ 05325158000155 -> CACHE (SUCESSO, 48d/365d)
2026-10-05 15:39:32 | INFO | services.connectors.risk3_connector | [663/3192] CNPJ 05327858000189 -> CACHE (NAO_ENCONTRADO, 14d/30d)
2026-10-05 15:39:32 | INFO | services.connectors.risk3_connector | [664/3192] CNPJ 05338877000100 -> CACHE (SUCESSO, 76d/365d)
2026-10-05 15:39:32 | INFO | services.connectors.risk3_connector | [665/3192] CNPJ 05350372000161 -> CACHE (SUCESSO, 116d/365d)
2026-10-05 15:39:32 | INFO | services.connectors.risk3_connector | [666/3192] CNPJ 05352237000155 -> CACHE (SUCESSO, 166d/365d)
2026-10-05 15:39:32 | INFO | services.connectors.risk3_connector | [667/3192] CNPJ 05352393000116 -> CACHE (SUCESSO, 102d/365d)
2026-10-05 15:39:32 | INFO | services.connectors.risk3_connector | [668/3192] CNPJ 05355352000183 -> CACHE (SUCESSO, 165d/365d)
2026-10-05 15:39:32 | INFO | services.connectors.risk3_connector | [669/3192] CNPJ 05358507000135 -> CACHE (SUCESSO, 102d/365d)
2026-10-05 15:39:32 | INFO | services.connectors.risk3_connector | [670/3192] CNPJ 05362278000122 -> CACHE (SUCESSO, 103d/365d)
2026-10-05 15:39:32 | INFO | services.connectors.risk3_connector | [671/3192] CNPJ 05367948000101 -> CACHE (SUCESSO, 103d/365d)
2026-10-05 15:39:32 | INFO | services.connectors.risk3_connector | [672/3192] CNPJ 05387332000194 -> CACHE (SUCESSO, 140d/365d)
2026-10-05 15:39:32 | INFO | services.connectors.risk3_connector | [673/3192] CNPJ 05408610000142 -> CACHE (SUCESSO, 245d/365d)
2026-10-05 15:39:32 | INFO | services.connectors.risk3_connector | [674/3192] CNPJ 05428961000115 -> CACHE (SUCESSO, 265d/365d)
2026-10-05 15:39:32 | INFO | services.connectors.risk3_connector | [675/3192] CNPJ 05437703000103 -> CACHE (SUCESSO, 192d/365d)
2026-10-05 15:39:32 | INFO | services.connectors.risk3_connector | [676/3192] CNPJ 05440065000171 -> CACHE (NAO_ENCONTRADO, 14d/30d)
2026-10-05 15:39:32 | INFO | services.connectors.risk3_connector | [677/3192] CNPJ 05444083000121 -> CACHE (NAO_ENCONTRADO, 14d/30d)
2026-10-05 15:39:32 | INFO | services.connectors.risk3_connector | [678/3192] CNPJ 05449127000106 -> CACHE (SUCESSO, 102d/365d)
2026-10-05 15:39:32 | INFO | services.connectors.risk3_connector | [679/3192] CNPJ 05461328000129 -> CACHE (NAO_ENCONTRADO, 14d/30d)
2026-10-05 15:39:32 | INFO | services.connectors.risk3_connector | [680/3192] CNPJ 05488253000170 -> CACHE (SUCESSO, 175d/365d)
2026-10-05 15:39:32 | INFO | services.connectors.risk3_connector | [681/3192] CNPJ 05500934000106 -> CACHE (SUCESSO, 292d/365d)
2026-10-05 15:39:32 | INFO | services.connectors.risk3_connector | [682/3192] CNPJ 05509738000100 -> CACHE (SUCESSO, 103d/365d)
2026-10-05 15:39:32 | INFO | services.connectors.risk3_connector | [683/3192] CNPJ 05510471000163 -> CACHE (SUCESSO, 102d/365d)
2026-10-05 15:39:32 | INFO | services.connectors.risk3_connector | [684/3192] CNPJ 05528196000105 -> CACHE (NAO_ENCONTRADO, 14d/30d)
2026-10-05 15:39:32 | INFO | services.connectors.risk3_connector | [685/3192] CNPJ 05543197000129 -> CACHE (SUCESSO, 105d/365d)
2026-10-05 15:39:32 | INFO | services.connectors.risk3_connector | [686/3192] CNPJ 05545073000182 -> CACHE (NAO_ENCONTRADO, 6d/30d)
2026-10-05 15:39:32 | INFO | services.connectors.risk3_connector | [687/3192] CNPJ 05545073000263 -> CACHE (SUCESSO, 103d/365d)
2026-10-05 15:39:32 | INFO | services.connectors.risk3_connector | [688/3192] CNPJ 05551562000147 -> CACHE (SUCESSO, 265d/365d)
2026-10-05 15:39:32 | INFO | services.connectors.risk3_connector | [689/3192] CNPJ 05552102000133 -> CACHE (SUCESSO, 102d/365d)
2026-10-05 15:39:32 | INFO | services.connectors.risk3_connector | [690/3192] CNPJ 05609769000125 -> CACHE (SUCESSO, 165d/365d)
2026-10-05 15:39:32 | INFO | services.connectors.risk3_connector | [691/3192] CNPJ 05620523000154 -> CACHE (SUCESSO, 76d/365d)
2026-10-05 15:39:32 | INFO | services.connectors.risk3_connector | [692/3192] CNPJ 05620523000235 -> CACHE (SUCESSO, 102d/365d)
2026-10-05 15:39:32 | INFO | services.connectors.risk3_connector | [693/3192] CNPJ 05624109000113 -> CACHE (NAO_ENCONTRADO, 14d/30d)
2026-10-05 15:39:32 | INFO | services.connectors.risk3_connector | [694/3192] CNPJ 05624538000190 -> CACHE (NAO_ENCONTRADO, 14d/30d)
2026-10-05 15:39:32 | INFO | services.connectors.risk3_connector | [695/3192] CNPJ 05643764000119 -> CACHE (SUCESSO, 103d/365d)
2026-10-05 15:39:32 | INFO | services.connectors.risk3_connector | [696/3192] CNPJ 05644020000119 -> CACHE (NAO_ENCONTRADO, 14d/30d)
2026-10-05 15:39:32 | INFO | services.connectors.risk3_connector | [697/3192] CNPJ 05644974000121 -> CACHE (SUCESSO, 175d/365d)
2026-10-05 15:39:32 | INFO | services.connectors.risk3_connector | [698/3192] CNPJ 05644974000393 -> CACHE (NAO_ENCONTRADO, 14d/30d)
2026-10-05 15:39:32 | INFO | services.connectors.risk3_connector | [699/3192] CNPJ 05644974000474 -> CACHE (NAO_ENCONTRADO, 14d/30d)
2026-10-05 15:39:32 | INFO | services.connectors.risk3_connector | [700/3192] CNPJ 05644974000636 -> CACHE (NAO_ENCONTRADO, 14d/30d)
2026-10-05 15:39:32 | INFO | services.connectors.risk3_connector | [701/3192] CNPJ 05644974001012 -> CACHE (NAO_ENCONTRADO, 14d/30d)
2026-10-05 15:39:32 | INFO | services.connectors.risk3_connector | [702/3192] CNPJ 05667826000122 -> CACHE (SUCESSO, 175d/365d)
2026-10-05 15:39:32 | INFO | services.connectors.risk3_connector | [703/3192] CNPJ 05669695000112 -> CACHE (NAO_ENCONTRADO, 14d/30d)
2026-10-05 15:39:32 | INFO | services.connectors.risk3_connector | [704/3192] CNPJ 05671160000186 -> Consultando API (Endpoint detalhado por CNPJ)...
2026-10-05 15:39:32 | INFO | services.connectors.risk3_connector | SUCESSO na extração dos detalhes do Bureau!
2026-10-05 15:39:33 | INFO | services.connectors.risk3_connector | [705/3192] CNPJ 05677470000108 -> CACHE (SUCESSO, 97d/365d)
2026-10-05 15:39:33 | INFO | services.connectors.risk3_connector | [706/3192] CNPJ 05691238000124 -> CACHE (SUCESSO, 102d/365d)
2026-10-05 15:39:33 | INFO | services.connectors.risk3_connector | [707/3192] CNPJ 05700665000121 -> CACHE (SUCESSO, 33d/365d)
2026-10-05 15:39:33 | INFO | services.connectors.risk3_connector | [708/3192] CNPJ 05738907000176 -> CACHE (SUCESSO, 103d/365d)
2026-10-05 15:39:33 | INFO | services.connectors.risk3_connector | [709/3192] CNPJ 05748063000144 -> CACHE (SUCESSO, 265d/365d)
2026-10-05 15:39:33 | INFO | services.connectors.risk3_connector | [710/3192] CNPJ 05754606000136 -> CACHE (NAO_ENCONTRADO, 14d/30d)
2026-10-05 15:39:33 | INFO | services.connectors.risk3_connector | [711/3192] CNPJ 05771868000109 -> CACHE (SUCESSO, 102d/365d)
2026-10-05 15:39:33 | INFO | services.connectors.risk3_connector | [712/3192] CNPJ 05787792000100 -> CACHE (SUCESSO, 103d/365d)
2026-10-05 15:39:33 | INFO | services.connectors.risk3_connector | [713/3192] CNPJ 05789622000164 -> CACHE (SUCESSO, 355d/365d)
2026-10-05 15:39:33 | INFO | services.connectors.risk3_connector | [714/3192] CNPJ 05794392000121 -> CACHE (NAO_ENCONTRADO, 14d/30d)
2026-10-05 15:39:33 | INFO | services.connectors.risk3_connector | [715/3192] CNPJ 05796061000120 -> CACHE (SUCESSO, 102d/365d)
2026-10-05 15:39:33 | INFO | services.connectors.risk3_connector | [716/3192] CNPJ 05798883000140 -> CACHE (NAO_ENCONTRADO, 19d/30d)
2026-10-05 15:39:33 | INFO | services.connectors.risk3_connector | [717/3192] CNPJ 05818917000111 -> CACHE (NAO_ENCONTRADO, 14d/30d)
2026-10-05 15:39:33 | INFO | services.connectors.risk3_connector | [718/3192] CNPJ 05830238000168 -> CACHE (SUCESSO, 102d/365d)
2026-10-05 15:39:33 | INFO | services.connectors.risk3_connector | [719/3192] CNPJ 05848387000154 -> CACHE (SUCESSO, 110d/365d)
2026-10-05 15:39:33 | INFO | services.connectors.risk3_connector | [720/3192] CNPJ 05855974000170 -> CACHE (SUCESSO, 175d/365d)
2026-10-05 15:39:33 | INFO | services.connectors.risk3_connector | [721/3192] CNPJ 05866984000101 -> CACHE (NAO_ENCONTRADO, 14d/30d)
2026-10-05 15:39:33 | INFO | services.connectors.risk3_connector | [722/3192] CNPJ 05876349000105 -> CACHE (SUCESSO, 102d/365d)
2026-10-05 15:39:33 | INFO | services.connectors.risk3_connector | [723/3192] CNPJ 05876349000377 -> CACHE (SUCESSO, 102d/365d)
2026-10-05 15:39:33 | INFO | services.connectors.risk3_connector | [724/3192] CNPJ 05878397000132 -> CACHE (SUCESSO, 153d/365d)
2026-10-05 15:39:33 | INFO | services.connectors.risk3_connector | [725/3192] CNPJ 05883919000194 -> CACHE (SUCESSO, 200d/365d)
2026-10-05 15:39:33 | INFO | services.connectors.risk3_connector | [726/3192] CNPJ 05914226000111 -> CACHE (SUCESSO, 102d/365d)
2026-10-05 15:39:33 | INFO | services.connectors.risk3_connector | [727/3192] CNPJ 05915146000180 -> CACHE (NAO_ENCONTRADO, 6d/30d)
2026-10-05 15:39:33 | INFO | services.connectors.risk3_connector | [728/3192] CNPJ 05915146000261 -> CACHE (SUCESSO, 103d/365d)
2026-10-05 15:39:33 | INFO | services.connectors.risk3_connector | [729/3192] CNPJ 05935151000155 -> CACHE (SUCESSO, 118d/365d)
2026-10-05 15:39:33 | INFO | services.connectors.risk3_connector | [730/3192] CNPJ 05938805000102 -> CACHE (NAO_ENCONTRADO, 14d/30d)
2026-10-05 15:39:33 | INFO | services.connectors.risk3_connector | [731/3192] CNPJ 05938884000143 -> CACHE (NAO_ENCONTRADO, 19d/30d)
2026-10-05 15:39:33 | INFO | services.connectors.risk3_connector | [732/3192] CNPJ 05953282000165 -> CACHE (SUCESSO, 175d/365d)
2026-10-05 15:39:33 | INFO | services.connectors.risk3_connector | [733/3192] CNPJ 05975865000197 -> CACHE (SUCESSO, 249d/365d)
2026-10-05 15:39:33 | INFO | services.connectors.risk3_connector | [734/3192] CNPJ 06010210000147 -> CACHE (SUCESSO, 102d/365d)
2026-10-05 15:39:33 | INFO | services.connectors.risk3_connector | [735/3192] CNPJ 06015859000150 -> CACHE (SUCESSO, 25d/365d)
2026-10-05 15:39:33 | INFO | services.connectors.risk3_connector | [736/3192] CNPJ 06022455000194 -> CACHE (SUCESSO, 102d/365d)
2026-10-05 15:39:33 | INFO | services.connectors.risk3_connector | [737/3192] CNPJ 06022455000860 -> CACHE (NAO_ENCONTRADO, 14d/30d)
2026-10-05 15:39:33 | INFO | services.connectors.risk3_connector | [738/3192] CNPJ 06034577000109 -> CACHE (SUCESSO, 87d/365d)
2026-10-05 15:39:33 | INFO | services.connectors.risk3_connector | [739/3192] CNPJ 06034577000362 -> CACHE (SUCESSO, 17d/365d)
2026-10-05 15:39:33 | INFO | services.connectors.risk3_connector | [740/3192] CNPJ 06037638000183 -> CACHE (SUCESSO, 103d/365d)
2026-10-05 15:39:33 | INFO | services.connectors.risk3_connector | [741/3192] CNPJ 06043809000187 -> CACHE (SUCESSO, 76d/365d)
2026-10-05 15:39:33 | INFO | services.connectors.risk3_connector | [742/3192] CNPJ 06047087000139 -> CACHE (NAO_ENCONTRADO, 19d/30d)
2026-10-05 15:39:33 | INFO | services.connectors.risk3_connector | [743/3192] CNPJ 06053093000107 -> CACHE (SUCESSO, 109d/365d)
2026-10-05 15:39:33 | INFO | services.connectors.risk3_connector | [744/3192] CNPJ 06057223000171 -> CACHE (SUCESSO, 54d/365d)
2026-10-05 15:39:33 | INFO | services.connectors.risk3_connector | [745/3192] CNPJ 06064123000172 -> CACHE (SUCESSO, 147d/365d)
2026-10-05 15:39:33 | INFO | services.connectors.risk3_connector | [746/3192] CNPJ 06075277000160 -> CACHE (SUCESSO, 97d/365d)
2026-10-05 15:39:33 | INFO | services.connectors.risk3_connector | [747/3192] CNPJ 06081827000153 -> CACHE (SUCESSO, 265d/365d)
2026-10-05 15:39:33 | INFO | services.connectors.risk3_connector | [748/3192] CNPJ 06088741000152 -> CACHE (SUCESSO, 48d/365d)
2026-10-05 15:39:33 | INFO | services.connectors.risk3_connector | [749/3192] CNPJ 06088741000403 -> CACHE (NAO_ENCONTRADO, 14d/30d)
2026-10-05 15:39:33 | INFO | services.connectors.risk3_connector | [750/3192] CNPJ 06088741000586 -> CACHE (SUCESSO, 33d/365d)
2026-10-05 15:39:33 | INFO | services.connectors.risk3_connector | [751/3192] CNPJ 06088741000829 -> CACHE (NAO_ENCONTRADO, 14d/30d)
2026-10-05 15:39:33 | INFO | services.connectors.risk3_connector | [752/3192] CNPJ 06088741002520 -> CACHE (NAO_ENCONTRADO, 14d/30d)
2026-10-05 15:39:33 | INFO | services.connectors.risk3_connector | [753/3192] CNPJ 06094065000120 -> CACHE (SUCESSO, 264d/365d)
2026-10-05 15:39:33 | INFO | services.connectors.risk3_connector | [754/3192] CNPJ 06113322000123 -> CACHE (SUCESSO, 222d/365d)
2026-10-05 15:39:33 | INFO | services.connectors.risk3_connector | [755/3192] CNPJ 06126316000100 -> CACHE (SUCESSO, 102d/365d)
2026-10-05 15:39:33 | INFO | services.connectors.risk3_connector | [756/3192] CNPJ 06134559000190 -> CACHE (SUCESSO, 102d/365d)
2026-10-05 15:39:33 | INFO | services.connectors.risk3_connector | [757/3192] CNPJ 06138324000177 -> CACHE (SUCESSO, 102d/365d)
2026-10-05 15:39:33 | INFO | services.connectors.risk3_connector | [758/3192] CNPJ 06149288000147 -> CACHE (SUCESSO, 133d/365d)
2026-10-05 15:39:33 | INFO | services.connectors.risk3_connector | [759/3192] CNPJ 06149288000309 -> CACHE (NAO_ENCONTRADO, 14d/30d)
2026-10-05 15:39:33 | INFO | services.connectors.risk3_connector | [760/3192] CNPJ 06149288000490 -> CACHE (NAO_ENCONTRADO, 14d/30d)
2026-10-05 15:39:33 | INFO | services.connectors.risk3_connector | [761/3192] CNPJ 06151384000120 -> CACHE (SUCESSO, 102d/365d)
2026-10-05 15:39:33 | INFO | services.connectors.risk3_connector | [762/3192] CNPJ 06164824000183 -> Consultando API (Endpoint detalhado por CNPJ)...
2026-10-05 15:39:33 | INFO | services.connectors.risk3_connector | SUCESSO na extração dos detalhes do Bureau!
2026-10-05 15:39:33 | INFO | services.connectors.risk3_connector | [763/3192] CNPJ 06184630000140 -> CACHE (SUCESSO, 39d/365d)
2026-10-05 15:39:33 | INFO | services.connectors.risk3_connector | [764/3192] CNPJ 06195441000172 -> CACHE (NAO_ENCONTRADO, 14d/30d)
2026-10-05 15:39:33 | INFO | services.connectors.risk3_connector | [765/3192] CNPJ 06200154000103 -> CACHE (SUCESSO, 46d/365d)
2026-10-05 15:39:33 | INFO | services.connectors.risk3_connector | [766/3192] CNPJ 06268099000193 -> CACHE (SUCESSO, 69d/365d)
2026-10-05 15:39:33 | INFO | services.connectors.risk3_connector | [767/3192] CNPJ 06268413000138 -> CACHE (SUCESSO, 103d/365d)
2026-10-05 15:39:33 | INFO | services.connectors.risk3_connector | [768/3192] CNPJ 06272575000140 -> CACHE (SUCESSO, 103d/365d)
2026-10-05 15:39:33 | INFO | services.connectors.risk3_connector | [769/3192] CNPJ 06272793000184 -> CACHE (SUCESSO, 228d/365d)
2026-10-05 15:39:33 | INFO | services.connectors.risk3_connector | [770/3192] CNPJ 06274562000100 -> CACHE (NAO_ENCONTRADO, 14d/30d)
2026-10-05 15:39:33 | INFO | services.connectors.risk3_connector | [771/3192] CNPJ 06287157000126 -> CACHE (SUCESSO, 150d/365d)
2026-10-05 15:39:33 | INFO | services.connectors.risk3_connector | [772/3192] CNPJ 06288733000150 -> CACHE (SUCESSO, 265d/365d)
2026-10-05 15:39:33 | INFO | services.connectors.risk3_connector | [773/3192] CNPJ 06293564000146 -> CACHE (SUCESSO, 264d/365d)
2026-10-05 15:39:33 | INFO | services.connectors.risk3_connector | [774/3192] CNPJ 06295068000121 -> CACHE (NAO_ENCONTRADO, 14d/30d)
2026-10-05 15:39:33 | INFO | services.connectors.risk3_connector | [775/3192] CNPJ 06303603000149 -> CACHE (NAO_ENCONTRADO, 14d/30d)
2026-10-05 15:39:33 | INFO | services.connectors.risk3_connector | [776/3192] CNPJ 06315338000119 -> CACHE (SUCESSO, 89d/365d)
2026-10-05 15:39:33 | INFO | services.connectors.risk3_connector | [777/3192] CNPJ 06315338021116 -> CACHE (NAO_ENCONTRADO, 14d/30d)
2026-10-05 15:39:33 | INFO | services.connectors.risk3_connector | [778/3192] CNPJ 06325587000195 -> CACHE (SUCESSO, 103d/365d)
2026-10-05 15:39:33 | INFO | services.connectors.risk3_connector | [779/3192] CNPJ 06342880000160 -> CACHE (SUCESSO, 103d/365d)
2026-10-05 15:39:33 | INFO | services.connectors.risk3_connector | [780/3192] CNPJ 06346534000150 -> CACHE (SUCESSO, 102d/365d)
2026-10-05 15:39:33 | INFO | services.connectors.risk3_connector | [781/3192] CNPJ 06353241000109 -> CACHE (NAO_ENCONTRADO, 6d/30d)
2026-10-05 15:39:33 | INFO | services.connectors.risk3_connector | [782/3192] CNPJ 06353241001172 -> CACHE (NAO_ENCONTRADO, 14d/30d)
2026-10-05 15:39:33 | INFO | services.connectors.risk3_connector | [783/3192] CNPJ 06700769000107 -> CACHE (SUCESSO, 103d/365d)
2026-10-05 15:39:33 | INFO | services.connectors.risk3_connector | [784/3192] CNPJ 06840748000189 -> CACHE (NAO_ENCONTRADO, 0d/30d)
2026-10-05 15:39:33 | INFO | services.connectors.risk3_connector | [785/3192] CNPJ 06859993000138 -> CACHE (SUCESSO, 210d/365d)
2026-10-05 15:39:33 | INFO | services.connectors.risk3_connector | [786/3192] CNPJ 06886749000407 -> CACHE (SUCESSO, 314d/365d)
2026-10-05 15:39:33 | INFO | services.connectors.risk3_connector | [787/3192] CNPJ 06905926000102 -> CACHE (SUCESSO, 105d/365d)
2026-10-05 15:39:33 | INFO | services.connectors.risk3_connector | [788/3192] CNPJ 06922415000107 -> CACHE (SUCESSO, 97d/365d)
2026-10-05 15:39:33 | INFO | services.connectors.risk3_connector | [789/3192] CNPJ 06928712000151 -> CACHE (SUCESSO, 264d/365d)
2026-10-05 15:39:33 | INFO | services.connectors.risk3_connector | [790/3192] CNPJ 06931598000119 -> CACHE (NAO_ENCONTRADO, 14d/30d)
2026-10-05 15:39:33 | INFO | services.connectors.risk3_connector | [791/3192] CNPJ 06935509000102 -> CACHE (SUCESSO, 102d/365d)
2026-10-05 15:39:33 | INFO | services.connectors.risk3_connector | [792/3192] CNPJ 06956391000107 -> CACHE (SUCESSO, 52d/365d)
2026-10-05 15:39:33 | INFO | services.connectors.risk3_connector | [793/3192] CNPJ 06959872000168 -> CACHE (SUCESSO, 265d/365d)
2026-10-05 15:39:33 | INFO | services.connectors.risk3_connector | [794/3192] CNPJ 06968935000142 -> CACHE (SUCESSO, 209d/365d)
2026-10-05 15:39:33 | INFO | services.connectors.risk3_connector | [795/3192] CNPJ 06972254000158 -> CACHE (SUCESSO, 103d/365d)
2026-10-05 15:39:33 | INFO | services.connectors.risk3_connector | [796/3192] CNPJ 06972254000239 -> CACHE (SUCESSO, 175d/365d)
2026-10-05 15:39:33 | INFO | services.connectors.risk3_connector | [797/3192] CNPJ 06973355000143 -> CACHE (SUCESSO, 74d/365d)
2026-10-05 15:39:33 | INFO | services.connectors.risk3_connector | [798/3192] CNPJ 06981176000158 -> CACHE (SUCESSO, 102d/365d)
2026-10-05 15:39:33 | INFO | services.connectors.risk3_connector | [799/3192] CNPJ 06990026000100 -> CACHE (SUCESSO, 102d/365d)
2026-10-05 15:39:33 | INFO | services.connectors.risk3_connector | [800/3192] CNPJ 07005330000119 -> CACHE (SUCESSO, 132d/365d)
2026-10-05 15:39:33 | INFO | services.connectors.risk3_connector | [801/3192] CNPJ 07009769000110 -> CACHE (NAO_ENCONTRADO, 6d/30d)
2026-10-05 15:39:33 | INFO | services.connectors.risk3_connector | [802/3192] CNPJ 07009769000209 -> CACHE (SUCESSO, 102d/365d)
2026-10-05 15:39:33 | INFO | services.connectors.risk3_connector | [803/3192] CNPJ 07013199000131 -> CACHE (NAO_ENCONTRADO, 14d/30d)
2026-10-05 15:39:33 | INFO | services.connectors.risk3_connector | [804/3192] CNPJ 07017009000154 -> CACHE (NAO_ENCONTRADO, 14d/30d)
2026-10-05 15:39:33 | INFO | services.connectors.risk3_connector | [805/3192] CNPJ 07028528000118 -> CACHE (SUCESSO, 362d/365d)
2026-10-05 15:39:33 | INFO | services.connectors.risk3_connector | [806/3192] CNPJ 07036421000111 -> CACHE (SUCESSO, 175d/365d)
2026-10-05 15:39:33 | INFO | services.connectors.risk3_connector | [807/3192] CNPJ 07037123000146 -> CACHE (SUCESSO, 111d/365d)
2026-10-05 15:39:33 | INFO | services.connectors.risk3_connector | [808/3192] CNPJ 07042960000163 -> CACHE (SUCESSO, 103d/365d)
2026-10-05 15:39:33 | INFO | services.connectors.risk3_connector | [809/3192] CNPJ 07047251000170 -> CACHE (NAO_ENCONTRADO, 0d/30d)
2026-10-05 15:39:33 | INFO | services.connectors.risk3_connector | [810/3192] CNPJ 07072783000168 -> CACHE (SUCESSO, 102d/365d)
2026-10-05 15:39:33 | INFO | services.connectors.risk3_connector | [811/3192] CNPJ 07082088000187 -> CACHE (SUCESSO, 196d/365d)
2026-10-05 15:39:33 | INFO | services.connectors.risk3_connector | [812/3192] CNPJ 07086487000116 -> CACHE (SUCESSO, 181d/365d)
2026-10-05 15:39:33 | INFO | services.connectors.risk3_connector | [813/3192] CNPJ 07094315000194 -> CACHE (SUCESSO, 62d/365d)
2026-10-05 15:39:33 | INFO | services.connectors.risk3_connector | [814/3192] CNPJ 07094597000120 -> CACHE (SUCESSO, 56d/365d)
2026-10-05 15:39:33 | INFO | services.connectors.risk3_connector | [815/3192] CNPJ 07116586000101 -> CACHE (SUCESSO, 102d/365d)
2026-10-05 15:39:33 | INFO | services.connectors.risk3_connector | [816/3192] CNPJ 07128323000104 -> CACHE (SUCESSO, 173d/365d)
2026-10-05 15:39:33 | INFO | services.connectors.risk3_connector | [817/3192] CNPJ 07131859000189 -> CACHE (SUCESSO, 102d/365d)
2026-10-05 15:39:33 | INFO | services.connectors.risk3_connector | [818/3192] CNPJ 07133522000100 -> CACHE (NAO_ENCONTRADO, 19d/30d)
2026-10-05 15:39:33 | INFO | services.connectors.risk3_connector | [819/3192] CNPJ 07142188000151 -> CACHE (SUCESSO, 335d/365d)
2026-10-05 15:39:33 | INFO | services.connectors.risk3_connector | [820/3192] CNPJ 07143575000102 -> CACHE (SUCESSO, 220d/365d)
2026-10-05 15:39:33 | INFO | services.connectors.risk3_connector | [821/3192] CNPJ 07145799000153 -> CACHE (SUCESSO, 271d/365d)
2026-10-05 15:39:33 | INFO | services.connectors.risk3_connector | [822/3192] CNPJ 07168823000170 -> CACHE (SUCESSO, 103d/365d)
2026-10-05 15:39:33 | INFO | services.connectors.risk3_connector | [823/3192] CNPJ 07175725000160 -> CACHE (SUCESSO, 144d/365d)
2026-10-05 15:39:33 | INFO | services.connectors.risk3_connector | [824/3192] CNPJ 07175725001050 -> CACHE (NAO_ENCONTRADO, 14d/30d)
2026-10-05 15:39:33 | INFO | services.connectors.risk3_connector | [825/3192] CNPJ 07175725001484 -> CACHE (SUCESSO, 102d/365d)
2026-10-05 15:39:33 | INFO | services.connectors.risk3_connector | [826/3192] CNPJ 07177083000138 -> CACHE (SUCESSO, 265d/365d)
2026-10-05 15:39:33 | INFO | services.connectors.risk3_connector | [827/3192] CNPJ 07196526000138 -> CACHE (SUCESSO, 103d/365d)
2026-10-05 15:39:33 | INFO | services.connectors.risk3_connector | [828/3192] CNPJ 07202226000114 -> CACHE (SUCESSO, 265d/365d)
2026-10-05 15:39:33 | INFO | services.connectors.risk3_connector | [829/3192] CNPJ 07206816000115 -> CACHE (SUCESSO, 119d/365d)
2026-10-05 15:39:33 | INFO | services.connectors.risk3_connector | [830/3192] CNPJ 07207806000102 -> CACHE (SUCESSO, 160d/365d)
2026-10-05 15:39:33 | INFO | services.connectors.risk3_connector | [831/3192] CNPJ 07207806000447 -> CACHE (NAO_ENCONTRADO, 14d/30d)
2026-10-05 15:39:33 | INFO | services.connectors.risk3_connector | [832/3192] CNPJ 07210771000152 -> CACHE (SUCESSO, 103d/365d)
2026-10-05 15:39:33 | INFO | services.connectors.risk3_connector | [833/3192] CNPJ 07226794000155 -> CACHE (SUCESSO, 110d/365d)
2026-10-05 15:39:33 | INFO | services.connectors.risk3_connector | [834/3192] CNPJ 07227026000116 -> CACHE (NAO_ENCONTRADO, 19d/30d)
2026-10-05 15:39:33 | INFO | services.connectors.risk3_connector | [835/3192] CNPJ 07237015000117 -> CACHE (NAO_ENCONTRADO, 14d/30d)
2026-10-05 15:39:33 | INFO | services.connectors.risk3_connector | [836/3192] CNPJ 07242370000184 -> CACHE (SUCESSO, 103d/365d)
2026-10-05 15:39:33 | INFO | services.connectors.risk3_connector | [837/3192] CNPJ 07255191000181 -> CACHE (SUCESSO, 214d/365d)
2026-10-05 15:39:33 | INFO | services.connectors.risk3_connector | [838/3192] CNPJ 07255463000143 -> CACHE (SUCESSO, 112d/365d)
2026-10-05 15:39:33 | INFO | services.connectors.risk3_connector | [839/3192] CNPJ 07280328001804 -> CACHE (SUCESSO, 153d/365d)
2026-10-05 15:39:33 | INFO | services.connectors.risk3_connector | [840/3192] CNPJ 07288763000129 -> CACHE (SUCESSO, 102d/365d)
2026-10-05 15:39:33 | INFO | services.connectors.risk3_connector | [841/3192] CNPJ 07293000000176 -> CACHE (NAO_ENCONTRADO, 14d/30d)
2026-10-05 15:39:33 | INFO | services.connectors.risk3_connector | [842/3192] CNPJ 07293314000179 -> CACHE (NAO_ENCONTRADO, 14d/30d)
2026-10-05 15:39:33 | INFO | services.connectors.risk3_connector | [843/3192] CNPJ 07298800000180 -> CACHE (SUCESSO, 102d/365d)
2026-10-05 15:39:33 | INFO | services.connectors.risk3_connector | [844/3192] CNPJ 07308311000161 -> CACHE (NAO_ENCONTRADO, 14d/30d)
2026-10-05 15:39:33 | INFO | services.connectors.risk3_connector | [845/3192] CNPJ 07316858000109 -> CACHE (SUCESSO, 178d/365d)
2026-10-05 15:39:33 | INFO | services.connectors.risk3_connector | [846/3192] CNPJ 07322382000119 -> CACHE (SUCESSO, 333d/365d)
2026-10-05 15:39:33 | INFO | services.connectors.risk3_connector | [847/3192] CNPJ 07322382000461 -> CACHE (SUCESSO, 264d/365d)
2026-10-05 15:39:33 | INFO | services.connectors.risk3_connector | [848/3192] CNPJ 07323566000101 -> CACHE (SUCESSO, 102d/365d)
2026-10-05 15:39:33 | INFO | services.connectors.risk3_connector | [849/3192] CNPJ 07328522000166 -> CACHE (SUCESSO, 103d/365d)
2026-10-05 15:39:33 | INFO | services.connectors.risk3_connector | [850/3192] CNPJ 07330898000105 -> CACHE (SUCESSO, 245d/365d)
2026-10-05 15:39:33 | INFO | services.connectors.risk3_connector | [851/3192] CNPJ 07335416000100 -> CACHE (SUCESSO, 160d/365d)
2026-10-05 15:39:33 | INFO | services.connectors.risk3_connector | [852/3192] CNPJ 07339952000183 -> CACHE (NAO_ENCONTRADO, 14d/30d)
2026-10-05 15:39:33 | INFO | services.connectors.risk3_connector | [853/3192] CNPJ 07349852000138 -> CACHE (SUCESSO, 223d/365d)
2026-10-05 15:39:33 | INFO | services.connectors.risk3_connector | [854/3192] CNPJ 07357797000128 -> CACHE (SUCESSO, 102d/365d)
2026-10-05 15:39:33 | INFO | services.connectors.risk3_connector | [855/3192] CNPJ 07358761000169 -> CACHE (SUCESSO, 102d/365d)
2026-10-05 15:39:33 | INFO | services.connectors.risk3_connector | [856/3192] CNPJ 07358761005632 -> CACHE (SUCESSO, 144d/365d)
2026-10-05 15:39:33 | INFO | services.connectors.risk3_connector | [857/3192] CNPJ 07364017000177 -> CACHE (SUCESSO, 103d/365d)
2026-10-05 15:39:33 | INFO | services.connectors.risk3_connector | [858/3192] CNPJ 07365641000199 -> CACHE (NAO_ENCONTRADO, 14d/30d)
2026-10-05 15:39:33 | INFO | services.connectors.risk3_connector | [859/3192] CNPJ 07385124000181 -> CACHE (NAO_ENCONTRADO, 14d/30d)
2026-10-05 15:39:33 | INFO | services.connectors.risk3_connector | [860/3192] CNPJ 07386836000115 -> CACHE (SUCESSO, 139d/365d)
2026-10-05 15:39:33 | INFO | services.connectors.risk3_connector | [861/3192] CNPJ 07391922000116 -> CACHE (SUCESSO, 102d/365d)
2026-10-05 15:39:33 | INFO | services.connectors.risk3_connector | [862/3192] CNPJ 07393256000155 -> CACHE (NAO_ENCONTRADO, 19d/30d)
2026-10-05 15:39:33 | INFO | services.connectors.risk3_connector | [863/3192] CNPJ 07404052000172 -> CACHE (SUCESSO, 103d/365d)
2026-10-05 15:39:33 | INFO | services.connectors.risk3_connector | [864/3192] CNPJ 07414848000106 -> CACHE (SUCESSO, 103d/365d)
2026-10-05 15:39:33 | INFO | services.connectors.risk3_connector | [865/3192] CNPJ 07415554000107 -> CACHE (NAO_ENCONTRADO, 6d/30d)
2026-10-05 15:39:33 | INFO | services.connectors.risk3_connector | [866/3192] CNPJ 07415554000875 -> CACHE (NAO_ENCONTRADO, 14d/30d)
2026-10-05 15:39:33 | INFO | services.connectors.risk3_connector | [867/3192] CNPJ 07416174000189 -> CACHE (SUCESSO, 243d/365d)
2026-10-05 15:39:33 | INFO | services.connectors.risk3_connector | [868/3192] CNPJ 07427584000125 -> CACHE (SUCESSO, 116d/365d)
2026-10-05 15:39:33 | INFO | services.connectors.risk3_connector | [869/3192] CNPJ 07432397000130 -> CACHE (SUCESSO, 103d/365d)
2026-10-05 15:39:33 | INFO | services.connectors.risk3_connector | [870/3192] CNPJ 07442711000165 -> CACHE (SUCESSO, 103d/365d)
2026-10-05 15:39:33 | INFO | services.connectors.risk3_connector | [871/3192] CNPJ 07456648000116 -> CACHE (SUCESSO, 102d/365d)
2026-10-05 15:39:33 | INFO | services.connectors.risk3_connector | [872/3192] CNPJ 07461763000189 -> CACHE (SUCESSO, 146d/365d)
2026-10-05 15:39:33 | INFO | services.connectors.risk3_connector | [873/3192] CNPJ 07461763000340 -> CACHE (SUCESSO, 307d/365d)
2026-10-05 15:39:33 | INFO | services.connectors.risk3_connector | [874/3192] CNPJ 07474363000108 -> CACHE (SUCESSO, 102d/365d)
2026-10-05 15:39:33 | INFO | services.connectors.risk3_connector | [875/3192] CNPJ 07492766000180 -> CACHE (SUCESSO, 192d/365d)
2026-10-05 15:39:33 | INFO | services.connectors.risk3_connector | [876/3192] CNPJ 07505279000104 -> CACHE (NAO_ENCONTRADO, 14d/30d)
2026-10-05 15:39:33 | INFO | services.connectors.risk3_connector | [877/3192] CNPJ 07516961000100 -> CACHE (SUCESSO, 34d/365d)
2026-10-05 15:39:33 | INFO | services.connectors.risk3_connector | [878/3192] CNPJ 07520949000161 -> CACHE (SUCESSO, 90d/365d)
2026-10-05 15:39:33 | INFO | services.connectors.risk3_connector | [879/3192] CNPJ 07539879000193 -> CACHE (SUCESSO, 354d/365d)
2026-10-05 15:39:33 | INFO | services.connectors.risk3_connector | [880/3192] CNPJ 07546158000100 -> CACHE (SUCESSO, 222d/365d)
2026-10-05 15:39:33 | INFO | services.connectors.risk3_connector | [881/3192] CNPJ 07547313000103 -> CACHE (SUCESSO, 265d/365d)
2026-10-05 15:39:33 | INFO | services.connectors.risk3_connector | [882/3192] CNPJ 07570962000125 -> CACHE (NAO_ENCONTRADO, 14d/30d)
2026-10-05 15:39:33 | INFO | services.connectors.risk3_connector | [883/3192] CNPJ 07571746000102 -> CACHE (SUCESSO, 206d/365d)
2026-10-05 15:39:33 | INFO | services.connectors.risk3_connector | [884/3192] CNPJ 07594978000178 -> CACHE (SUCESSO, 89d/365d)
2026-10-05 15:39:33 | INFO | services.connectors.risk3_connector | [885/3192] CNPJ 07598373000155 -> CACHE (NAO_ENCONTRADO, 14d/30d)
2026-10-05 15:39:33 | INFO | services.connectors.risk3_connector | [886/3192] CNPJ 07599090000128 -> CACHE (SUCESSO, 196d/365d)
2026-10-05 15:39:33 | INFO | services.connectors.risk3_connector | [887/3192] CNPJ 07605075000145 -> CACHE (NAO_ENCONTRADO, 14d/30d)
2026-10-05 15:39:33 | INFO | services.connectors.risk3_connector | [888/3192] CNPJ 07607884000196 -> CACHE (SUCESSO, 165d/365d)
2026-10-05 15:39:33 | INFO | services.connectors.risk3_connector | [889/3192] CNPJ 07615913000161 -> CACHE (NAO_ENCONTRADO, 6d/30d)
2026-10-05 15:39:33 | INFO | services.connectors.risk3_connector | [890/3192] CNPJ 07615913000242 -> CACHE (NAO_ENCONTRADO, 14d/30d)
2026-10-05 15:39:33 | INFO | services.connectors.risk3_connector | [891/3192] CNPJ 07623836000191 -> CACHE (SUCESSO, 103d/365d)
2026-10-05 15:39:33 | INFO | services.connectors.risk3_connector | [892/3192] CNPJ 07626763000191 -> CACHE (SUCESSO, 103d/365d)
2026-10-05 15:39:33 | INFO | services.connectors.risk3_connector | [893/3192] CNPJ 07630919000108 -> CACHE (SUCESSO, 102d/365d)
2026-10-05 15:39:33 | INFO | services.connectors.risk3_connector | [894/3192] CNPJ 07632665000167 -> CACHE (SUCESSO, 125d/365d)
2026-10-05 15:39:33 | INFO | services.connectors.risk3_connector | [895/3192] CNPJ 07632700000148 -> CACHE (NAO_ENCONTRADO, 14d/30d)
2026-10-05 15:39:33 | INFO | services.connectors.risk3_connector | [896/3192] CNPJ 07646232000160 -> CACHE (SUCESSO, 264d/365d)
2026-10-05 15:39:33 | INFO | services.connectors.risk3_connector | [897/3192] CNPJ 07647780000105 -> CACHE (SUCESSO, 62d/365d)
2026-10-05 15:39:33 | INFO | services.connectors.risk3_connector | [898/3192] CNPJ 07647793000184 -> CACHE (SUCESSO, 62d/365d)
2026-10-05 15:39:33 | INFO | services.connectors.risk3_connector | [899/3192] CNPJ 07651602000158 -> CACHE (SUCESSO, 236d/365d)
2026-10-05 15:39:33 | INFO | services.connectors.risk3_connector | [900/3192] CNPJ 07657789000105 -> CACHE (NAO_ENCONTRADO, 14d/30d)
2026-10-05 15:39:33 | INFO | services.connectors.risk3_connector | [901/3192] CNPJ 07662985000160 -> CACHE (SUCESSO, 291d/365d)
2026-10-05 15:39:33 | INFO | services.connectors.risk3_connector | [902/3192] CNPJ 07666567000140 -> CACHE (SUCESSO, 52d/365d)
2026-10-05 15:39:33 | INFO | services.connectors.risk3_connector | [903/3192] CNPJ 07666567000736 -> CACHE (SUCESSO, 34d/365d)
2026-10-05 15:39:33 | INFO | services.connectors.risk3_connector | [904/3192] CNPJ 07670111000154 -> CACHE (SUCESSO, 103d/365d)
2026-10-05 15:39:33 | INFO | services.connectors.risk3_connector | [905/3192] CNPJ 07675450000123 -> CACHE (SUCESSO, 265d/365d)
2026-10-05 15:39:33 | INFO | services.connectors.risk3_connector | [906/3192] CNPJ 07682638000107 -> CACHE (SUCESSO, 97d/365d)
2026-10-05 15:39:33 | INFO | services.connectors.risk3_connector | [907/3192] CNPJ 07685501000106 -> CACHE (NAO_ENCONTRADO, 14d/30d)
2026-10-05 15:39:33 | INFO | services.connectors.risk3_connector | [908/3192] CNPJ 07685694000197 -> CACHE (SUCESSO, 147d/365d)
2026-10-05 15:39:33 | INFO | services.connectors.risk3_connector | [909/3192] CNPJ 07685694000510 -> CACHE (NAO_ENCONTRADO, 0d/30d)
2026-10-05 15:39:33 | INFO | services.connectors.risk3_connector | [910/3192] CNPJ 07689002000189 -> CACHE (SUCESSO, 165d/365d)
2026-10-05 15:39:33 | INFO | services.connectors.risk3_connector | [911/3192] CNPJ 07695023000107 -> CACHE (SUCESSO, 103d/365d)
2026-10-05 15:39:33 | INFO | services.connectors.risk3_connector | [912/3192] CNPJ 07700052000110 -> CACHE (SUCESSO, 152d/365d)
2026-10-05 15:39:33 | INFO | services.connectors.risk3_connector | [913/3192] CNPJ 07705880000140 -> CACHE (SUCESSO, 103d/365d)
2026-10-05 15:39:33 | INFO | services.connectors.risk3_connector | [914/3192] CNPJ 07715730000118 -> CACHE (SUCESSO, 102d/365d)
2026-10-05 15:39:33 | INFO | services.connectors.risk3_connector | [915/3192] CNPJ 07718633000189 -> CACHE (SUCESSO, 140d/365d)
2026-10-05 15:39:33 | INFO | services.connectors.risk3_connector | [916/3192] CNPJ 07725608000122 -> Consultando API (Endpoint detalhado por CNPJ)...
2026-10-05 15:39:34 | INFO | services.connectors.risk3_connector | SUCESSO na extração dos detalhes do Bureau!
2026-10-05 15:39:34 | INFO | services.connectors.risk3_connector | [917/3192] CNPJ 07726782000190 -> CACHE (SUCESSO, 61d/365d)
2026-10-05 15:39:34 | INFO | services.connectors.risk3_connector | [918/3192] CNPJ 07754075000107 -> CACHE (SUCESSO, 193d/365d)
2026-10-05 15:39:34 | INFO | services.connectors.risk3_connector | [919/3192] CNPJ 07757548000120 -> CACHE (SUCESSO, 103d/365d)
2026-10-05 15:39:34 | INFO | services.connectors.risk3_connector | [920/3192] CNPJ 07760179000124 -> CACHE (NAO_ENCONTRADO, 19d/30d)
2026-10-05 15:39:34 | INFO | services.connectors.risk3_connector | [921/3192] CNPJ 07764255000170 -> CACHE (SUCESSO, 146d/365d)
2026-10-05 15:39:34 | INFO | services.connectors.risk3_connector | [922/3192] CNPJ 07764436000104 -> CACHE (SUCESSO, 102d/365d)
2026-10-05 15:39:34 | INFO | services.connectors.risk3_connector | [923/3192] CNPJ 07790200000134 -> CACHE (SUCESSO, 189d/365d)
2026-10-05 15:39:34 | INFO | services.connectors.risk3_connector | [924/3192] CNPJ 07794616000120 -> CACHE (SUCESSO, 118d/365d)
2026-10-05 15:39:34 | INFO | services.connectors.risk3_connector | [925/3192] CNPJ 07799905000112 -> CACHE (NAO_ENCONTRADO, 14d/30d)
2026-10-05 15:39:34 | INFO | services.connectors.risk3_connector | [926/3192] CNPJ 07804938000103 -> Consultando API (Endpoint detalhado por CNPJ)...
2026-10-05 15:39:35 | INFO | services.connectors.risk3_connector | SUCESSO na extração dos detalhes do Bureau!
2026-10-05 15:39:35 | INFO | services.connectors.risk3_connector | [927/3192] CNPJ 07815053000100 -> CACHE (SUCESSO, 103d/365d)
2026-10-05 15:39:35 | INFO | services.connectors.risk3_connector | [928/3192] CNPJ 07820488000142 -> CACHE (SUCESSO, 102d/365d)
2026-10-05 15:39:35 | INFO | services.connectors.risk3_connector | [929/3192] CNPJ 07823304000106 -> CACHE (SUCESSO, 95d/365d)
2026-10-05 15:39:35 | INFO | services.connectors.risk3_connector | [930/3192] CNPJ 07827555000150 -> CACHE (SUCESSO, 102d/365d)
2026-10-05 15:39:35 | INFO | services.connectors.risk3_connector | [931/3192] CNPJ 07829836000142 -> CACHE (SUCESSO, 88d/365d)
2026-10-05 15:39:35 | INFO | services.connectors.risk3_connector | [932/3192] CNPJ 07842195000166 -> CACHE (SUCESSO, 213d/365d)
2026-10-05 15:39:35 | INFO | services.connectors.risk3_connector | [933/3192] CNPJ 07859054000156 -> CACHE (SUCESSO, 102d/365d)
2026-10-05 15:39:35 | INFO | services.connectors.risk3_connector | [934/3192] CNPJ 07859054001209 -> CACHE (SUCESSO, 102d/365d)
2026-10-05 15:39:35 | INFO | services.connectors.risk3_connector | [935/3192] CNPJ 07859054001551 -> CACHE (SUCESSO, 102d/365d)
2026-10-05 15:39:35 | INFO | services.connectors.risk3_connector | [936/3192] CNPJ 07859910000173 -> CACHE (SUCESSO, 102d/365d)
2026-10-05 15:39:35 | INFO | services.connectors.risk3_connector | [937/3192] CNPJ 07882964000150 -> CACHE (SUCESSO, 196d/365d)
2026-10-05 15:39:35 | INFO | services.connectors.risk3_connector | [938/3192] CNPJ 07903169000109 -> CACHE (SUCESSO, 144d/365d)
2026-10-05 15:39:35 | INFO | services.connectors.risk3_connector | [939/3192] CNPJ 07909323000141 -> CACHE (SUCESSO, 75d/365d)
2026-10-05 15:39:35 | INFO | services.connectors.risk3_connector | [940/3192] CNPJ 07911773000179 -> Consultando API (Endpoint detalhado por CNPJ)...
2026-10-05 15:39:36 | INFO | services.connectors.risk3_connector | SUCESSO na extração dos detalhes do Bureau!
2026-10-05 15:39:36 | INFO | services.connectors.risk3_connector | [941/3192] CNPJ 07912062000119 -> CACHE (SUCESSO, 47d/365d)
2026-10-05 15:39:36 | INFO | services.connectors.risk3_connector | [942/3192] CNPJ 07933914000154 -> CACHE (SUCESSO, 91d/365d)
2026-10-05 15:39:36 | INFO | services.connectors.risk3_connector | [943/3192] CNPJ 07955100000110 -> CACHE (SUCESSO, 342d/365d)
2026-10-05 15:39:36 | INFO | services.connectors.risk3_connector | [944/3192] CNPJ 07957149000102 -> CACHE (NAO_ENCONTRADO, 19d/30d)
2026-10-05 15:39:36 | INFO | services.connectors.risk3_connector | [945/3192] CNPJ 07966116000129 -> CACHE (SUCESSO, 90d/365d)
2026-10-05 15:39:36 | INFO | services.connectors.risk3_connector | [946/3192] CNPJ 07982576000140 -> CACHE (SUCESSO, 153d/365d)
2026-10-05 15:39:36 | INFO | services.connectors.risk3_connector | [947/3192] CNPJ 08029323000110 -> CACHE (SUCESSO, 102d/365d)
2026-10-05 15:39:36 | INFO | services.connectors.risk3_connector | [948/3192] CNPJ 08032643000129 -> CACHE (SUCESSO, 69d/365d)
2026-10-05 15:39:36 | INFO | services.connectors.risk3_connector | [949/3192] CNPJ 08048078000198 -> CACHE (NAO_ENCONTRADO, 14d/30d)
2026-10-05 15:39:36 | INFO | services.connectors.risk3_connector | [950/3192] CNPJ 08070508000178 -> CACHE (NAO_ENCONTRADO, 19d/30d)
2026-10-05 15:39:36 | INFO | services.connectors.risk3_connector | [951/3192] CNPJ 08070566000100 -> CACHE (SUCESSO, 102d/365d)
2026-10-05 15:39:36 | INFO | services.connectors.risk3_connector | [952/3192] CNPJ 08070566001173 -> CACHE (SUCESSO, 102d/365d)
2026-10-05 15:39:36 | INFO | services.connectors.risk3_connector | [953/3192] CNPJ 08070566001254 -> CACHE (SUCESSO, 102d/365d)
2026-10-05 15:39:36 | INFO | services.connectors.risk3_connector | [954/3192] CNPJ 08070566001769 -> CACHE (SUCESSO, 102d/365d)
2026-10-05 15:39:36 | INFO | services.connectors.risk3_connector | [955/3192] CNPJ 08090575000154 -> CACHE (SUCESSO, 242d/365d)
2026-10-05 15:39:36 | INFO | services.connectors.risk3_connector | [956/3192] CNPJ 08090575001207 -> CACHE (NAO_ENCONTRADO, 14d/30d)
2026-10-05 15:39:36 | INFO | services.connectors.risk3_connector | [957/3192] CNPJ 08090788000267 -> CACHE (SUCESSO, 108d/365d)
2026-10-05 15:39:36 | INFO | services.connectors.risk3_connector | [958/3192] CNPJ 08093504000105 -> CACHE (SUCESSO, 102d/365d)
2026-10-05 15:39:36 | INFO | services.connectors.risk3_connector | [959/3192] CNPJ 08099955000150 -> CACHE (NAO_ENCONTRADO, 14d/30d)
2026-10-05 15:39:36 | INFO | services.connectors.risk3_connector | [960/3192] CNPJ 08149559000190 -> CACHE (SUCESSO, 103d/365d)
2026-10-05 15:39:36 | INFO | services.connectors.risk3_connector | [961/3192] CNPJ 08153018000135 -> CACHE (SUCESSO, 264d/365d)
2026-10-05 15:39:36 | INFO | services.connectors.risk3_connector | [962/3192] CNPJ 08174968000146 -> CACHE (SUCESSO, 112d/365d)
2026-10-05 15:39:36 | INFO | services.connectors.risk3_connector | [963/3192] CNPJ 08175053000155 -> CACHE (NAO_ENCONTRADO, 14d/30d)
2026-10-05 15:39:36 | INFO | services.connectors.risk3_connector | [964/3192] CNPJ 08201770000104 -> CACHE (NAO_ENCONTRADO, 19d/30d)
2026-10-05 15:39:36 | INFO | services.connectors.risk3_connector | [965/3192] CNPJ 08211550000161 -> CACHE (SUCESSO, 146d/365d)
2026-10-05 15:39:36 | INFO | services.connectors.risk3_connector | [966/3192] CNPJ 08228625000117 -> CACHE (SUCESSO, 55d/365d)
2026-10-05 15:39:36 | INFO | services.connectors.risk3_connector | [967/3192] CNPJ 08236393000149 -> CACHE (SUCESSO, 82d/365d)
2026-10-05 15:39:36 | INFO | services.connectors.risk3_connector | [968/3192] CNPJ 08244492000172 -> CACHE (SUCESSO, 265d/365d)
2026-10-05 15:39:36 | INFO | services.connectors.risk3_connector | [969/3192] CNPJ 08246483000110 -> CACHE (SUCESSO, 103d/365d)
2026-10-05 15:39:36 | INFO | services.connectors.risk3_connector | [970/3192] CNPJ 08248364000105 -> CACHE (SUCESSO, 91d/365d)
2026-10-05 15:39:36 | INFO | services.connectors.risk3_connector | [971/3192] CNPJ 08249414000160 -> CACHE (NAO_ENCONTRADO, 14d/30d)
2026-10-05 15:39:36 | INFO | services.connectors.risk3_connector | [972/3192] CNPJ 08290831000157 -> CACHE (NAO_ENCONTRADO, 14d/30d)
2026-10-05 15:39:36 | INFO | services.connectors.risk3_connector | [973/3192] CNPJ 08297366000186 -> CACHE (NAO_ENCONTRADO, 14d/30d)
2026-10-05 15:39:36 | INFO | services.connectors.risk3_connector | [974/3192] CNPJ 08306220000150 -> CACHE (SUCESSO, 103d/365d)
2026-10-05 15:39:36 | INFO | services.connectors.risk3_connector | [975/3192] CNPJ 08320017000138 -> CACHE (SUCESSO, 82d/365d)
2026-10-05 15:39:36 | INFO | services.connectors.risk3_connector | [976/3192] CNPJ 08323274000123 -> CACHE (SUCESSO, 84d/365d)
2026-10-05 15:39:36 | INFO | services.connectors.risk3_connector | [977/3192] CNPJ 08334385000135 -> CACHE (SUCESSO, 48d/365d)
2026-10-05 15:39:36 | INFO | services.connectors.risk3_connector | [978/3192] CNPJ 08336804000178 -> CACHE (SUCESSO, 150d/365d)
2026-10-05 15:39:36 | INFO | services.connectors.risk3_connector | [979/3192] CNPJ 08364948000138 -> CACHE (SUCESSO, 49d/365d)
2026-10-05 15:39:36 | INFO | services.connectors.risk3_connector | [980/3192] CNPJ 08401841000112 -> CACHE (SUCESSO, 103d/365d)
2026-10-05 15:39:36 | INFO | services.connectors.risk3_connector | [981/3192] CNPJ 08405256000190 -> CACHE (SUCESSO, 69d/365d)
2026-10-05 15:39:36 | INFO | services.connectors.risk3_connector | [982/3192] CNPJ 08438586000182 -> CACHE (SUCESSO, 34d/365d)
2026-10-05 15:39:36 | INFO | services.connectors.risk3_connector | [983/3192] CNPJ 08438804000189 -> CACHE (NAO_ENCONTRADO, 14d/30d)
2026-10-05 15:39:36 | INFO | services.connectors.risk3_connector | [984/3192] CNPJ 08439659000150 -> CACHE (NAO_ENCONTRADO, 19d/30d)
2026-10-05 15:39:36 | INFO | services.connectors.risk3_connector | [985/3192] CNPJ 08446503000105 -> CACHE (SUCESSO, 102d/365d)
2026-10-05 15:39:36 | INFO | services.connectors.risk3_connector | [986/3192] CNPJ 08466448000107 -> CACHE (NAO_ENCONTRADO, 14d/30d)
2026-10-05 15:39:36 | INFO | services.connectors.risk3_connector | [987/3192] CNPJ 08467115000100 -> CACHE (NAO_ENCONTRADO, 0d/30d)
2026-10-05 15:39:36 | INFO | services.connectors.risk3_connector | [988/3192] CNPJ 08473370000158 -> CACHE (NAO_ENCONTRADO, 14d/30d)
2026-10-05 15:39:36 | INFO | services.connectors.risk3_connector | [989/3192] CNPJ 08495998000154 -> CACHE (SUCESSO, 193d/365d)
2026-10-05 15:39:36 | INFO | services.connectors.risk3_connector | [990/3192] CNPJ 08508086000170 -> CACHE (SUCESSO, 214d/365d)
2026-10-05 15:39:36 | INFO | services.connectors.risk3_connector | [991/3192] CNPJ 08532688000162 -> CACHE (SUCESSO, 102d/365d)
2026-10-05 15:39:36 | INFO | services.connectors.risk3_connector | [992/3192] CNPJ 08540795000132 -> CACHE (SUCESSO, 146d/365d)
2026-10-05 15:39:36 | INFO | services.connectors.risk3_connector | [993/3192] CNPJ 08540795001104 -> CACHE (SUCESSO, 35d/365d)
2026-10-05 15:39:36 | INFO | services.connectors.risk3_connector | [994/3192] CNPJ 08542795000171 -> CACHE (SUCESSO, 103d/365d)
2026-10-05 15:39:36 | INFO | services.connectors.risk3_connector | [995/3192] CNPJ 08573833000153 -> CACHE (SUCESSO, 62d/365d)
2026-10-05 15:39:36 | INFO | services.connectors.risk3_connector | [996/3192] CNPJ 08578334000159 -> CACHE (SUCESSO, 112d/365d)
2026-10-05 15:39:36 | INFO | services.connectors.risk3_connector | [997/3192] CNPJ 08582585000107 -> CACHE (SUCESSO, 80d/365d)
2026-10-05 15:39:36 | INFO | services.connectors.risk3_connector | [998/3192] CNPJ 08584497000144 -> CACHE (NAO_ENCONTRADO, 14d/30d)
2026-10-05 15:39:36 | INFO | services.connectors.risk3_connector | [999/3192] CNPJ 08585033000152 -> CACHE (NAO_ENCONTRADO, 14d/30d)
2026-10-05 15:39:36 | INFO | services.connectors.risk3_connector | [1000/3192] CNPJ 08598391000108 -> CACHE (SUCESSO, 102d/365d)
2026-10-05 15:39:36 | INFO | services.connectors.risk3_connector | [1001/3192] CNPJ 08643404000105 -> CACHE (SUCESSO, 339d/365d)
2026-10-05 15:39:36 | INFO | services.connectors.risk3_connector | [1002/3192] CNPJ 08666285000106 -> CACHE (NAO_ENCONTRADO, 19d/30d)
2026-10-05 15:39:36 | INFO | services.connectors.risk3_connector | [1003/3192] CNPJ 08667059000140 -> CACHE (SUCESSO, 210d/365d)
2026-10-05 15:39:36 | INFO | services.connectors.risk3_connector | [1004/3192] CNPJ 08670308000156 -> CACHE (SUCESSO, 111d/365d)
2026-10-05 15:39:36 | INFO | services.connectors.risk3_connector | [1005/3192] CNPJ 08689024000101 -> CACHE (SUCESSO, 270d/365d)
2026-10-05 15:39:36 | INFO | services.connectors.risk3_connector | [1006/3192] CNPJ 08709009000188 -> CACHE (SUCESSO, 74d/365d)
2026-10-05 15:39:36 | INFO | services.connectors.risk3_connector | [1007/3192] CNPJ 08719943000180 -> CACHE (SUCESSO, 257d/365d)
2026-10-05 15:39:36 | INFO | services.connectors.risk3_connector | [1008/3192] CNPJ 08732926000183 -> CACHE (SUCESSO, 47d/365d)
2026-10-05 15:39:36 | INFO | services.connectors.risk3_connector | [1009/3192] CNPJ 08735007000163 -> CACHE (NAO_ENCONTRADO, 6d/30d)
2026-10-05 15:39:36 | INFO | services.connectors.risk3_connector | [1010/3192] CNPJ 08735007000244 -> CACHE (SUCESSO, 102d/365d)
2026-10-05 15:39:36 | INFO | services.connectors.risk3_connector | [1011/3192] CNPJ 08740765000170 -> CACHE (SUCESSO, 238d/365d)
2026-10-05 15:39:36 | INFO | services.connectors.risk3_connector | [1012/3192] CNPJ 08773135000100 -> CACHE (NAO_ENCONTRADO, 19d/30d)
2026-10-05 15:39:36 | INFO | services.connectors.risk3_connector | [1013/3192] CNPJ 08775142000132 -> CACHE (NAO_ENCONTRADO, 14d/30d)
2026-10-05 15:39:36 | INFO | services.connectors.risk3_connector | [1014/3192] CNPJ 08788247000126 -> CACHE (SUCESSO, 102d/365d)
2026-10-05 15:39:36 | INFO | services.connectors.risk3_connector | [1015/3192] CNPJ 08793343000162 -> CACHE (SUCESSO, 67d/365d)
2026-10-05 15:39:36 | INFO | services.connectors.risk3_connector | [1016/3192] CNPJ 08803023000146 -> CACHE (NAO_ENCONTRADO, 14d/30d)
2026-10-05 15:39:36 | INFO | services.connectors.risk3_connector | [1017/3192] CNPJ 08803452000113 -> CACHE (NAO_ENCONTRADO, 19d/30d)
2026-10-05 15:39:36 | INFO | services.connectors.risk3_connector | [1018/3192] CNPJ 08811119000156 -> CACHE (NAO_ENCONTRADO, 6d/30d)
2026-10-05 15:39:36 | INFO | services.connectors.risk3_connector | [1019/3192] CNPJ 08811119000822 -> CACHE (SUCESSO, 103d/365d)
2026-10-05 15:39:36 | INFO | services.connectors.risk3_connector | [1020/3192] CNPJ 08827501000158 -> CACHE (SUCESSO, 35d/365d)
2026-10-05 15:39:36 | INFO | services.connectors.risk3_connector | [1021/3192] CNPJ 08832177000166 -> CACHE (SUCESSO, 102d/365d)
2026-10-05 15:39:36 | INFO | services.connectors.risk3_connector | [1022/3192] CNPJ 08842785000151 -> CACHE (NAO_ENCONTRADO, 19d/30d)
2026-10-05 15:39:36 | INFO | services.connectors.risk3_connector | [1023/3192] CNPJ 08852700000116 -> CACHE (SUCESSO, 102d/365d)
2026-10-05 15:39:36 | INFO | services.connectors.risk3_connector | [1024/3192] CNPJ 08852792000134 -> CACHE (NAO_ENCONTRADO, 14d/30d)
2026-10-05 15:39:36 | INFO | services.connectors.risk3_connector | [1025/3192] CNPJ 08862530000150 -> CACHE (NAO_ENCONTRADO, 6d/30d)
2026-10-05 15:39:36 | INFO | services.connectors.risk3_connector | [1026/3192] CNPJ 08862530000231 -> CACHE (NAO_ENCONTRADO, 14d/30d)
2026-10-05 15:39:36 | INFO | services.connectors.risk3_connector | [1027/3192] CNPJ 08862530000746 -> CACHE (NAO_ENCONTRADO, 14d/30d)
2026-10-05 15:39:36 | INFO | services.connectors.risk3_connector | [1028/3192] CNPJ 08876164000199 -> CACHE (SUCESSO, 228d/365d)
2026-10-05 15:39:36 | INFO | services.connectors.risk3_connector | [1029/3192] CNPJ 08887245000194 -> CACHE (NAO_ENCONTRADO, 14d/30d)
2026-10-05 15:39:36 | INFO | services.connectors.risk3_connector | [1030/3192] CNPJ 08893112000120 -> CACHE (SUCESSO, 103d/365d)
2026-10-05 15:39:36 | INFO | services.connectors.risk3_connector | [1031/3192] CNPJ 08895369000111 -> CACHE (SUCESSO, 132d/365d)
2026-10-05 15:39:36 | INFO | services.connectors.risk3_connector | [1032/3192] CNPJ 08902291000115 -> CACHE (SUCESSO, 89d/365d)
2026-10-05 15:39:36 | INFO | services.connectors.risk3_connector | [1033/3192] CNPJ 08903942000191 -> CACHE (NAO_ENCONTRADO, 19d/30d)
2026-10-05 15:39:36 | INFO | services.connectors.risk3_connector | [1034/3192] CNPJ 08906558000142 -> CACHE (SUCESSO, 74d/365d)
2026-10-05 15:39:36 | INFO | services.connectors.risk3_connector | [1035/3192] CNPJ 08916434000148 -> CACHE (SUCESSO, 102d/365d)
2026-10-05 15:39:36 | INFO | services.connectors.risk3_connector | [1036/3192] CNPJ 08935629000135 -> CACHE (NAO_ENCONTRADO, 6d/30d)
2026-10-05 15:39:36 | INFO | services.connectors.risk3_connector | [1037/3192] CNPJ 08935629000305 -> CACHE (SUCESSO, 206d/365d)
2026-10-05 15:39:36 | INFO | services.connectors.risk3_connector | [1038/3192] CNPJ 08944802000161 -> CACHE (NAO_ENCONTRADO, 19d/30d)
2026-10-05 15:39:36 | INFO | services.connectors.risk3_connector | [1039/3192] CNPJ 08965200000190 -> CACHE (SUCESSO, 103d/365d)
2026-10-05 15:39:36 | INFO | services.connectors.risk3_connector | [1040/3192] CNPJ 08968756000130 -> CACHE (NAO_ENCONTRADO, 14d/30d)
2026-10-05 15:39:36 | INFO | services.connectors.risk3_connector | [1041/3192] CNPJ 09000493000134 -> CACHE (NAO_ENCONTRADO, 14d/30d)
2026-10-05 15:39:36 | INFO | services.connectors.risk3_connector | [1042/3192] CNPJ 09006020000144 -> CACHE (SUCESSO, 175d/365d)
2026-10-05 15:39:36 | INFO | services.connectors.risk3_connector | [1043/3192] CNPJ 09020211000160 -> CACHE (SUCESSO, 69d/365d)
2026-10-05 15:39:36 | INFO | services.connectors.risk3_connector | [1044/3192] CNPJ 09023479000156 -> CACHE (NAO_ENCONTRADO, 14d/30d)
2026-10-05 15:39:36 | INFO | services.connectors.risk3_connector | [1045/3192] CNPJ 09044272000168 -> CACHE (SUCESSO, 264d/365d)
2026-10-05 15:39:36 | INFO | services.connectors.risk3_connector | [1046/3192] CNPJ 09053134000145 -> CACHE (SUCESSO, 153d/365d)
2026-10-05 15:39:36 | INFO | services.connectors.risk3_connector | [1047/3192] CNPJ 09054741000120 -> CACHE (NAO_ENCONTRADO, 14d/30d)
2026-10-05 15:39:36 | INFO | services.connectors.risk3_connector | [1048/3192] CNPJ 09075317000161 -> CACHE (SUCESSO, 252d/365d)
2026-10-05 15:39:36 | INFO | services.connectors.risk3_connector | [1049/3192] CNPJ 09088053000180 -> CACHE (SUCESSO, 102d/365d)
2026-10-05 15:39:36 | INFO | services.connectors.risk3_connector | [1050/3192] CNPJ 09091832000135 -> CACHE (SUCESSO, 103d/365d)
2026-10-05 15:39:36 | INFO | services.connectors.risk3_connector | [1051/3192] CNPJ 09092458000192 -> CACHE (SUCESSO, 102d/365d)
2026-10-05 15:39:36 | INFO | services.connectors.risk3_connector | [1052/3192] CNPJ 09095183000140 -> CACHE (NAO_ENCONTRADO, 0d/30d)
2026-10-05 15:39:36 | INFO | services.connectors.risk3_connector | [1053/3192] CNPJ 09149503000106 -> CACHE (SUCESSO, 112d/365d)
2026-10-05 15:39:36 | INFO | services.connectors.risk3_connector | [1054/3192] CNPJ 09170802000114 -> CACHE (SUCESSO, 103d/365d)
2026-10-05 15:39:36 | INFO | services.connectors.risk3_connector | [1055/3192] CNPJ 09175059000195 -> CACHE (SUCESSO, 102d/365d)
2026-10-05 15:39:36 | INFO | services.connectors.risk3_connector | [1056/3192] CNPJ 09176237000100 -> CACHE (NAO_ENCONTRADO, 14d/30d)
2026-10-05 15:39:36 | INFO | services.connectors.risk3_connector | [1057/3192] CNPJ 09185485000100 -> CACHE (NAO_ENCONTRADO, 19d/30d)
2026-10-05 15:39:36 | INFO | services.connectors.risk3_connector | [1058/3192] CNPJ 09222477000196 -> CACHE (NAO_ENCONTRADO, 19d/30d)
2026-10-05 15:39:36 | INFO | services.connectors.risk3_connector | [1059/3192] CNPJ 09225584000178 -> CACHE (NAO_ENCONTRADO, 14d/30d)
2026-10-05 15:39:36 | INFO | services.connectors.risk3_connector | [1060/3192] CNPJ 09249248000165 -> CACHE (NAO_ENCONTRADO, 14d/30d)
2026-10-05 15:39:36 | INFO | services.connectors.risk3_connector | [1061/3192] CNPJ 09257223000103 -> CACHE (SUCESSO, 102d/365d)
2026-10-05 15:39:36 | INFO | services.connectors.risk3_connector | [1062/3192] CNPJ 09257558000121 -> CACHE (SUCESSO, 42d/365d)
2026-10-05 15:39:36 | INFO | services.connectors.risk3_connector | [1063/3192] CNPJ 09258807000101 -> CACHE (SUCESSO, 97d/365d)
2026-10-05 15:39:36 | INFO | services.connectors.risk3_connector | [1064/3192] CNPJ 09266129000110 -> CACHE (NAO_ENCONTRADO, 19d/30d)
2026-10-05 15:39:36 | INFO | services.connectors.risk3_connector | [1065/3192] CNPJ 09267050000104 -> CACHE (SUCESSO, 215d/365d)
2026-10-05 15:39:36 | INFO | services.connectors.risk3_connector | [1066/3192] CNPJ 09281025000185 -> CACHE (SUCESSO, 103d/365d)
2026-10-05 15:39:36 | INFO | services.connectors.risk3_connector | [1067/3192] CNPJ 09295194000174 -> CACHE (SUCESSO, 48d/365d)
2026-10-05 15:39:36 | INFO | services.connectors.risk3_connector | [1068/3192] CNPJ 09303344000144 -> CACHE (SUCESSO, 161d/365d)
2026-10-05 15:39:36 | INFO | services.connectors.risk3_connector | [1069/3192] CNPJ 09316105000129 -> CACHE (NAO_ENCONTRADO, 6d/30d)
2026-10-05 15:39:36 | INFO | services.connectors.risk3_connector | [1070/3192] CNPJ 09316105001877 -> CACHE (NAO_ENCONTRADO, 0d/30d)
2026-10-05 15:39:36 | INFO | services.connectors.risk3_connector | [1071/3192] CNPJ 09341337000137 -> CACHE (SUCESSO, 257d/365d)
2026-10-05 15:39:36 | INFO | services.connectors.risk3_connector | [1072/3192] CNPJ 09345710000128 -> CACHE (NAO_ENCONTRADO, 6d/30d)
2026-10-05 15:39:36 | INFO | services.connectors.risk3_connector | [1073/3192] CNPJ 09345710000209 -> CACHE (SUCESSO, 213d/365d)
2026-10-05 15:39:36 | INFO | services.connectors.risk3_connector | [1074/3192] CNPJ 09375285000110 -> CACHE (SUCESSO, 103d/365d)
2026-10-05 15:39:36 | INFO | services.connectors.risk3_connector | [1075/3192] CNPJ 09391823000160 -> CACHE (NAO_ENCONTRADO, 12d/30d)
2026-10-05 15:39:36 | INFO | services.connectors.risk3_connector | [1076/3192] CNPJ 09391823000240 -> CACHE (SUCESSO, 116d/365d)
2026-10-05 15:39:36 | INFO | services.connectors.risk3_connector | [1077/3192] CNPJ 09436149000192 -> CACHE (SUCESSO, 102d/365d)
2026-10-05 15:39:36 | INFO | services.connectors.risk3_connector | [1078/3192] CNPJ 09450530000106 -> CACHE (SUCESSO, 102d/365d)
2026-10-05 15:39:36 | INFO | services.connectors.risk3_connector | [1079/3192] CNPJ 09454624000153 -> CACHE (SUCESSO, 103d/365d)
2026-10-05 15:39:36 | INFO | services.connectors.risk3_connector | [1080/3192] CNPJ 09456668000112 -> CACHE (SUCESSO, 103d/365d)
2026-10-05 15:39:36 | INFO | services.connectors.risk3_connector | [1081/3192] CNPJ 09461639000149 -> CACHE (SUCESSO, 103d/365d)
2026-10-05 15:39:36 | INFO | services.connectors.risk3_connector | [1082/3192] CNPJ 09467816000102 -> CACHE (SUCESSO, 146d/365d)
2026-10-05 15:39:36 | INFO | services.connectors.risk3_connector | [1083/3192] CNPJ 09470851000172 -> CACHE (SUCESSO, 102d/365d)
2026-10-05 15:39:36 | INFO | services.connectors.risk3_connector | [1084/3192] CNPJ 09472948000114 -> CACHE (NAO_ENCONTRADO, 14d/30d)
2026-10-05 15:39:36 | INFO | services.connectors.risk3_connector | [1085/3192] CNPJ 09479492000114 -> CACHE (NAO_ENCONTRADO, 14d/30d)
2026-10-05 15:39:36 | INFO | services.connectors.risk3_connector | [1086/3192] CNPJ 09481584000139 -> CACHE (NAO_ENCONTRADO, 14d/30d)
2026-10-05 15:39:36 | INFO | services.connectors.risk3_connector | [1087/3192] CNPJ 09491921000179 -> CACHE (SUCESSO, 186d/365d)
2026-10-05 15:39:36 | INFO | services.connectors.risk3_connector | [1088/3192] CNPJ 09495582000107 -> CACHE (SUCESSO, 115d/365d)
2026-10-05 15:39:36 | INFO | services.connectors.risk3_connector | [1089/3192] CNPJ 09509277000119 -> CACHE (SUCESSO, 19d/365d)
2026-10-05 15:39:36 | INFO | services.connectors.risk3_connector | [1090/3192] CNPJ 09509535000167 -> CACHE (SUCESSO, 88d/365d)
2026-10-05 15:39:36 | INFO | services.connectors.risk3_connector | [1091/3192] CNPJ 09509569000151 -> CACHE (NAO_ENCONTRADO, 19d/30d)
2026-10-05 15:39:36 | INFO | services.connectors.risk3_connector | [1092/3192] CNPJ 09548347000148 -> CACHE (SUCESSO, 103d/365d)
2026-10-05 15:39:36 | INFO | services.connectors.risk3_connector | [1093/3192] CNPJ 09604474000117 -> CACHE (NAO_ENCONTRADO, 14d/30d)
2026-10-05 15:39:36 | INFO | services.connectors.risk3_connector | [1094/3192] CNPJ 09607810000185 -> CACHE (SUCESSO, 34d/365d)
2026-10-05 15:39:36 | INFO | services.connectors.risk3_connector | [1095/3192] CNPJ 09625739000163 -> CACHE (SUCESSO, 154d/365d)
2026-10-05 15:39:36 | INFO | services.connectors.risk3_connector | [1096/3192] CNPJ 09650965000102 -> CACHE (NAO_ENCONTRADO, 14d/30d)
2026-10-05 15:39:36 | INFO | services.connectors.risk3_connector | [1097/3192] CNPJ 09652146000196 -> CACHE (NAO_ENCONTRADO, 14d/30d)
2026-10-05 15:39:36 | INFO | services.connectors.risk3_connector | [1098/3192] CNPJ 09967852000127 -> CACHE (SUCESSO, 175d/365d)
2026-10-05 15:39:36 | INFO | services.connectors.risk3_connector | [1099/3192] CNPJ 10140938000160 -> CACHE (SUCESSO, 102d/365d)
2026-10-05 15:39:36 | INFO | services.connectors.risk3_connector | [1100/3192] CNPJ 10174877000152 -> CACHE (SUCESSO, 101d/365d)
2026-10-05 15:39:36 | INFO | services.connectors.risk3_connector | [1101/3192] CNPJ 10202852000115 -> CACHE (SUCESSO, 140d/365d)
2026-10-05 15:39:36 | INFO | services.connectors.risk3_connector | [1102/3192] CNPJ 10205088000131 -> CACHE (NAO_ENCONTRADO, 14d/30d)
2026-10-05 15:39:36 | INFO | services.connectors.risk3_connector | [1103/3192] CNPJ 10207856000196 -> CACHE (SUCESSO, 103d/365d)
2026-10-05 15:39:36 | INFO | services.connectors.risk3_connector | [1104/3192] CNPJ 10239097000143 -> CACHE (SUCESSO, 146d/365d)
2026-10-05 15:39:36 | INFO | services.connectors.risk3_connector | [1105/3192] CNPJ 10241516000181 -> CACHE (SUCESSO, 102d/365d)
2026-10-05 15:39:36 | INFO | services.connectors.risk3_connector | [1106/3192] CNPJ 10254617000197 -> CACHE (SUCESSO, 103d/365d)
2026-10-05 15:39:36 | INFO | services.connectors.risk3_connector | [1107/3192] CNPJ 10272489000104 -> CACHE (SUCESSO, 81d/365d)
2026-10-05 15:39:36 | INFO | services.connectors.risk3_connector | [1108/3192] CNPJ 10274782000100 -> CACHE (NAO_ENCONTRADO, 14d/30d)
2026-10-05 15:39:36 | INFO | services.connectors.risk3_connector | [1109/3192] CNPJ 10285760000146 -> CACHE (SUCESSO, 102d/365d)
2026-10-05 15:39:36 | INFO | services.connectors.risk3_connector | [1110/3192] CNPJ 10316811000150 -> CACHE (SUCESSO, 17d/365d)
2026-10-05 15:39:36 | INFO | services.connectors.risk3_connector | [1111/3192] CNPJ 10324624000118 -> CACHE (SUCESSO, 104d/365d)
2026-10-05 15:39:36 | INFO | services.connectors.risk3_connector | [1112/3192] CNPJ 10338369000162 -> CACHE (SUCESSO, 84d/365d)
2026-10-05 15:39:36 | INFO | services.connectors.risk3_connector | [1113/3192] CNPJ 10348318000111 -> CACHE (NAO_ENCONTRADO, 14d/30d)
2026-10-05 15:39:36 | INFO | services.connectors.risk3_connector | [1114/3192] CNPJ 10351274000189 -> CACHE (NAO_ENCONTRADO, 14d/30d)
2026-10-05 15:39:36 | INFO | services.connectors.risk3_connector | [1115/3192] CNPJ 10356783000102 -> CACHE (SUCESSO, 102d/365d)
2026-10-05 15:39:36 | INFO | services.connectors.risk3_connector | [1116/3192] CNPJ 10365451000186 -> CACHE (NAO_ENCONTRADO, 14d/30d)
2026-10-05 15:39:36 | INFO | services.connectors.risk3_connector | [1117/3192] CNPJ 10366780000141 -> CACHE (NAO_ENCONTRADO, 19d/30d)
2026-10-05 15:39:36 | INFO | services.connectors.risk3_connector | [1118/3192] CNPJ 10387288000152 -> CACHE (NAO_ENCONTRADO, 14d/30d)
2026-10-05 15:39:36 | INFO | services.connectors.risk3_connector | [1119/3192] CNPJ 10394422000142 -> CACHE (NAO_ENCONTRADO, 19d/30d)
2026-10-05 15:39:36 | INFO | services.connectors.risk3_connector | [1120/3192] CNPJ 10408112000130 -> CACHE (SUCESSO, 77d/365d)
2026-10-05 15:39:36 | INFO | services.connectors.risk3_connector | [1121/3192] CNPJ 10416174000193 -> CACHE (SUCESSO, 34d/365d)
2026-10-05 15:39:36 | INFO | services.connectors.risk3_connector | [1122/3192] CNPJ 10435853000100 -> CACHE (SUCESSO, 132d/365d)
2026-10-05 15:39:36 | INFO | services.connectors.risk3_connector | [1123/3192] CNPJ 10452113000181 -> CACHE (SUCESSO, 102d/365d)
2026-10-05 15:39:36 | INFO | services.connectors.risk3_connector | [1124/3192] CNPJ 10466806000123 -> CACHE (NAO_ENCONTRADO, 19d/30d)
2026-10-05 15:39:36 | INFO | services.connectors.risk3_connector | [1125/3192] CNPJ 10466983000100 -> CACHE (SUCESSO, 103d/365d)
2026-10-05 15:39:36 | INFO | services.connectors.risk3_connector | [1126/3192] CNPJ 10467099000190 -> CACHE (NAO_ENCONTRADO, 14d/30d)
2026-10-05 15:39:36 | INFO | services.connectors.risk3_connector | [1127/3192] CNPJ 10472968000174 -> CACHE (SUCESSO, 84d/365d)
2026-10-05 15:39:36 | INFO | services.connectors.risk3_connector | [1128/3192] CNPJ 10500221000182 -> CACHE (SUCESSO, 210d/365d)
2026-10-05 15:39:36 | INFO | services.connectors.risk3_connector | [1129/3192] CNPJ 10546614000127 -> CACHE (SUCESSO, 20d/365d)
2026-10-05 15:39:36 | INFO | services.connectors.risk3_connector | [1130/3192] CNPJ 10607766000192 -> CACHE (NAO_ENCONTRADO, 14d/30d)
2026-10-05 15:39:36 | INFO | services.connectors.risk3_connector | [1131/3192] CNPJ 10614641000190 -> CACHE (SUCESSO, 103d/365d)
2026-10-05 15:39:36 | INFO | services.connectors.risk3_connector | [1132/3192] CNPJ 10622118000105 -> CACHE (SUCESSO, 194d/365d)
2026-10-05 15:39:36 | INFO | services.connectors.risk3_connector | [1133/3192] CNPJ 10626312000169 -> CACHE (SUCESSO, 102d/365d)
2026-10-05 15:39:36 | INFO | services.connectors.risk3_connector | [1134/3192] CNPJ 10656452000180 -> CACHE (SUCESSO, 147d/365d)
2026-10-05 15:39:36 | INFO | services.connectors.risk3_connector | [1135/3192] CNPJ 10656452006625 -> CACHE (NAO_ENCONTRADO, 14d/30d)
2026-10-05 15:39:36 | INFO | services.connectors.risk3_connector | [1136/3192] CNPJ 10671322000116 -> CACHE (SUCESSO, 129d/365d)
2026-10-05 15:39:36 | INFO | services.connectors.risk3_connector | [1137/3192] CNPJ 10699948000130 -> CACHE (SUCESSO, 334d/365d)
2026-10-05 15:39:36 | INFO | services.connectors.risk3_connector | [1138/3192] CNPJ 10708509000147 -> CACHE (SUCESSO, 320d/365d)
2026-10-05 15:39:36 | INFO | services.connectors.risk3_connector | [1139/3192] CNPJ 10740245000109 -> CACHE (SUCESSO, 102d/365d)
2026-10-05 15:39:36 | INFO | services.connectors.risk3_connector | [1140/3192] CNPJ 10763227000142 -> CACHE (SUCESSO, 129d/365d)
2026-10-05 15:39:36 | INFO | services.connectors.risk3_connector | [1141/3192] CNPJ 10820791000150 -> CACHE (SUCESSO, 19d/365d)
2026-10-05 15:39:36 | INFO | services.connectors.risk3_connector | [1142/3192] CNPJ 10828619000142 -> CACHE (SUCESSO, 271d/365d)
2026-10-05 15:39:36 | INFO | services.connectors.risk3_connector | [1143/3192] CNPJ 10835932000108 -> CACHE (NAO_ENCONTRADO, 0d/30d)
2026-10-05 15:39:36 | INFO | services.connectors.risk3_connector | [1144/3192] CNPJ 10842044000112 -> CACHE (SUCESSO, 75d/365d)
2026-10-05 15:39:36 | INFO | services.connectors.risk3_connector | [1145/3192] CNPJ 10842044000627 -> CACHE (NAO_ENCONTRADO, 14d/30d)
2026-10-05 15:39:36 | INFO | services.connectors.risk3_connector | [1146/3192] CNPJ 10847721000195 -> CACHE (NAO_ENCONTRADO, 14d/30d)
2026-10-05 15:39:36 | INFO | services.connectors.risk3_connector | [1147/3192] CNPJ 10858291000107 -> CACHE (NAO_ENCONTRADO, 19d/30d)
2026-10-05 15:39:36 | INFO | services.connectors.risk3_connector | [1148/3192] CNPJ 10867501000123 -> CACHE (SUCESSO, 214d/365d)
2026-10-05 15:39:36 | INFO | services.connectors.risk3_connector | [1149/3192] CNPJ 10902008000105 -> CACHE (SUCESSO, 340d/365d)
2026-10-05 15:39:36 | INFO | services.connectors.risk3_connector | [1150/3192] CNPJ 10902331000170 -> CACHE (SUCESSO, 103d/365d)
2026-10-05 15:39:36 | INFO | services.connectors.risk3_connector | [1151/3192] CNPJ 10914514000106 -> CACHE (NAO_ENCONTRADO, 19d/30d)
2026-10-05 15:39:36 | INFO | services.connectors.risk3_connector | [1152/3192] CNPJ 10915021000190 -> CACHE (SUCESSO, 103d/365d)
2026-10-05 15:39:36 | INFO | services.connectors.risk3_connector | [1153/3192] CNPJ 10931741000140 -> CACHE (SUCESSO, 112d/365d)
2026-10-05 15:39:36 | INFO | services.connectors.risk3_connector | [1154/3192] CNPJ 10977229000134 -> CACHE (SUCESSO, 14d/365d)
2026-10-05 15:39:36 | INFO | services.connectors.risk3_connector | [1155/3192] CNPJ 10981488000139 -> CACHE (SUCESSO, 102d/365d)
2026-10-05 15:39:36 | INFO | services.connectors.risk3_connector | [1156/3192] CNPJ 11001107000170 -> CACHE (NAO_ENCONTRADO, 14d/30d)
2026-10-05 15:39:36 | INFO | services.connectors.risk3_connector | [1157/3192] CNPJ 11007902000176 -> CACHE (SUCESSO, 103d/365d)
2026-10-05 15:39:36 | INFO | services.connectors.risk3_connector | [1158/3192] CNPJ 11017349000152 -> CACHE (NAO_ENCONTRADO, 19d/30d)
2026-10-05 15:39:36 | INFO | services.connectors.risk3_connector | [1159/3192] CNPJ 11032345000143 -> CACHE (SUCESSO, 264d/365d)
2026-10-05 15:39:36 | INFO | services.connectors.risk3_connector | [1160/3192] CNPJ 11040403000180 -> CACHE (SUCESSO, 90d/365d)
2026-10-05 15:39:36 | INFO | services.connectors.risk3_connector | [1161/3192] CNPJ 11041102000171 -> CACHE (SUCESSO, 103d/365d)
2026-10-05 15:39:36 | INFO | services.connectors.risk3_connector | [1162/3192] CNPJ 11066796000100 -> CACHE (NAO_ENCONTRADO, 14d/30d)
2026-10-05 15:39:36 | INFO | services.connectors.risk3_connector | [1163/3192] CNPJ 11071683000194 -> CACHE (SUCESSO, 193d/365d)
2026-10-05 15:39:36 | INFO | services.connectors.risk3_connector | [1164/3192] CNPJ 11085823000183 -> CACHE (NAO_ENCONTRADO, 19d/30d)
2026-10-05 15:39:36 | INFO | services.connectors.risk3_connector | [1165/3192] CNPJ 11107074000148 -> CACHE (NAO_ENCONTRADO, 14d/30d)
2026-10-05 15:39:36 | INFO | services.connectors.risk3_connector | [1166/3192] CNPJ 11139332000178 -> CACHE (SUCESSO, 237d/365d)
2026-10-05 15:39:36 | INFO | services.connectors.risk3_connector | [1167/3192] CNPJ 11154502000193 -> CACHE (NAO_ENCONTRADO, 14d/30d)
2026-10-05 15:39:36 | INFO | services.connectors.risk3_connector | [1168/3192] CNPJ 11156540000185 -> CACHE (SUCESSO, 102d/365d)
2026-10-05 15:39:36 | INFO | services.connectors.risk3_connector | [1169/3192] CNPJ 11182210000164 -> CACHE (SUCESSO, 140d/365d)
2026-10-05 15:39:36 | INFO | services.connectors.risk3_connector | [1170/3192] CNPJ 11198350000120 -> CACHE (SUCESSO, 32d/365d)
2026-10-05 15:39:36 | INFO | services.connectors.risk3_connector | [1171/3192] CNPJ 11230832000110 -> CACHE (NAO_ENCONTRADO, 14d/30d)
2026-10-05 15:39:36 | INFO | services.connectors.risk3_connector | [1172/3192] CNPJ 11234162000100 -> CACHE (SUCESSO, 145d/365d)
2026-10-05 15:39:36 | INFO | services.connectors.risk3_connector | [1173/3192] CNPJ 11251784000147 -> CACHE (NAO_ENCONTRADO, 19d/30d)
2026-10-05 15:39:36 | INFO | services.connectors.risk3_connector | [1174/3192] CNPJ 11252642000102 -> CACHE (SUCESSO, 75d/365d)
2026-10-05 15:39:36 | INFO | services.connectors.risk3_connector | [1175/3192] CNPJ 11279026000137 -> CACHE (SUCESSO, 103d/365d)
2026-10-05 15:39:36 | INFO | services.connectors.risk3_connector | [1176/3192] CNPJ 11283356000104 -> CACHE (SUCESSO, 144d/365d)
2026-10-05 15:39:36 | INFO | services.connectors.risk3_connector | [1177/3192] CNPJ 11283356000287 -> CACHE (SUCESSO, 102d/365d)
2026-10-05 15:39:36 | INFO | services.connectors.risk3_connector | [1178/3192] CNPJ 11315117000180 -> CACHE (SUCESSO, 115d/365d)
2026-10-05 15:39:36 | INFO | services.connectors.risk3_connector | [1179/3192] CNPJ 11316814000156 -> CACHE (NAO_ENCONTRADO, 19d/30d)
2026-10-05 15:39:36 | INFO | services.connectors.risk3_connector | [1180/3192] CNPJ 11317530000184 -> CACHE (NAO_ENCONTRADO, 14d/30d)
2026-10-05 15:39:36 | INFO | services.connectors.risk3_connector | [1181/3192] CNPJ 11322550000143 -> CACHE (NAO_ENCONTRADO, 0d/30d)
2026-10-05 15:39:36 | INFO | services.connectors.risk3_connector | [1182/3192] CNPJ 11322550000224 -> CACHE (SUCESSO, 192d/365d)
2026-10-05 15:39:36 | INFO | services.connectors.risk3_connector | [1183/3192] CNPJ 11330443000167 -> CACHE (SUCESSO, 333d/365d)
2026-10-05 15:39:36 | INFO | services.connectors.risk3_connector | [1184/3192] CNPJ 11340390000165 -> CACHE (SUCESSO, 101d/365d)
2026-10-05 15:39:36 | INFO | services.connectors.risk3_connector | [1185/3192] CNPJ 11352784000133 -> CACHE (SUCESSO, 102d/365d)
2026-10-05 15:39:36 | INFO | services.connectors.risk3_connector | [1186/3192] CNPJ 11382228000100 -> CACHE (SUCESSO, 202d/365d)
2026-10-05 15:39:36 | INFO | services.connectors.risk3_connector | [1187/3192] CNPJ 11384227000102 -> CACHE (SUCESSO, 334d/365d)
2026-10-05 15:39:36 | INFO | services.connectors.risk3_connector | [1188/3192] CNPJ 11386376000100 -> CACHE (SUCESSO, 179d/365d)
2026-10-05 15:39:36 | INFO | services.connectors.risk3_connector | [1189/3192] CNPJ 11419457000151 -> CACHE (SUCESSO, 102d/365d)
2026-10-05 15:39:36 | INFO | services.connectors.risk3_connector | [1190/3192] CNPJ 11419911000174 -> CACHE (SUCESSO, 333d/365d)
2026-10-05 15:39:36 | INFO | services.connectors.risk3_connector | [1191/3192] CNPJ 11421994000136 -> CACHE (NAO_ENCONTRADO, 19d/30d)
2026-10-05 15:39:36 | INFO | services.connectors.risk3_connector | [1192/3192] CNPJ 11457217000141 -> CACHE (SUCESSO, 213d/365d)
2026-10-05 15:39:36 | INFO | services.connectors.risk3_connector | [1193/3192] CNPJ 11477713000167 -> CACHE (NAO_ENCONTRADO, 14d/30d)
2026-10-05 15:39:36 | INFO | services.connectors.risk3_connector | [1194/3192] CNPJ 11482752000152 -> CACHE (NAO_ENCONTRADO, 19d/30d)
2026-10-05 15:39:36 | INFO | services.connectors.risk3_connector | [1195/3192] CNPJ 11486728000191 -> CACHE (SUCESSO, 245d/365d)
2026-10-05 15:39:36 | INFO | services.connectors.risk3_connector | [1196/3192] CNPJ 11503759000103 -> CACHE (NAO_ENCONTRADO, 14d/30d)
2026-10-05 15:39:36 | INFO | services.connectors.risk3_connector | [1197/3192] CNPJ 11510416000176 -> CACHE (SUCESSO, 109d/365d)
2026-10-05 15:39:36 | INFO | services.connectors.risk3_connector | [1198/3192] CNPJ 11517262000144 -> CACHE (SUCESSO, 102d/365d)
2026-10-05 15:39:36 | INFO | services.connectors.risk3_connector | [1199/3192] CNPJ 11517262001620 -> CACHE (NAO_ENCONTRADO, 14d/30d)
2026-10-05 15:39:36 | INFO | services.connectors.risk3_connector | [1200/3192] CNPJ 11517841000197 -> CACHE (NAO_ENCONTRADO, 19d/30d)
2026-10-05 15:39:36 | INFO | services.connectors.risk3_connector | [1201/3192] CNPJ 11517841007957 -> CACHE (SUCESSO, 264d/365d)
2026-10-05 15:39:36 | INFO | services.connectors.risk3_connector | [1202/3192] CNPJ 11523063000149 -> CACHE (SUCESSO, 103d/365d)
2026-10-05 15:39:36 | INFO | services.connectors.risk3_connector | [1203/3192] CNPJ 11568948000164 -> CACHE (SUCESSO, 153d/365d)
2026-10-05 15:39:36 | INFO | services.connectors.risk3_connector | [1204/3192] CNPJ 11586009000142 -> CACHE (SUCESSO, 103d/365d)
2026-10-05 15:39:36 | INFO | services.connectors.risk3_connector | [1205/3192] CNPJ 11599292000147 -> CACHE (SUCESSO, 150d/365d)
2026-10-05 15:39:36 | INFO | services.connectors.risk3_connector | [1206/3192] CNPJ 11609581000180 -> CACHE (NAO_ENCONTRADO, 14d/30d)
2026-10-05 15:39:36 | INFO | services.connectors.risk3_connector | [1207/3192] CNPJ 11621915000130 -> CACHE (SUCESSO, 102d/365d)
2026-10-05 15:39:36 | INFO | services.connectors.risk3_connector | [1208/3192] CNPJ 11659958000105 -> CACHE (SUCESSO, 264d/365d)
2026-10-05 15:39:36 | INFO | services.connectors.risk3_connector | [1209/3192] CNPJ 11738349000141 -> CACHE (SUCESSO, 77d/365d)
2026-10-05 15:39:36 | INFO | services.connectors.risk3_connector | [1210/3192] CNPJ 11754427000100 -> CACHE (SUCESSO, 95d/365d)
2026-10-05 15:39:36 | INFO | services.connectors.risk3_connector | [1211/3192] CNPJ 11755916000178 -> CACHE (SUCESSO, 255d/365d)
2026-10-05 15:39:36 | INFO | services.connectors.risk3_connector | [1212/3192] CNPJ 11769289000124 -> CACHE (NAO_ENCONTRADO, 14d/30d)
2026-10-05 15:39:36 | INFO | services.connectors.risk3_connector | [1213/3192] CNPJ 11778932000186 -> CACHE (SUCESSO, 242d/365d)
2026-10-05 15:39:36 | INFO | services.connectors.risk3_connector | [1214/3192] CNPJ 11794701000166 -> CACHE (SUCESSO, 242d/365d)
2026-10-05 15:39:36 | INFO | services.connectors.risk3_connector | [1215/3192] CNPJ 11820864000176 -> CACHE (SUCESSO, 102d/365d)
2026-10-05 15:39:36 | INFO | services.connectors.risk3_connector | [1216/3192] CNPJ 11827485000108 -> CACHE (SUCESSO, 102d/365d)
2026-10-05 15:39:36 | INFO | services.connectors.risk3_connector | [1217/3192] CNPJ 11862955000174 -> CACHE (SUCESSO, 103d/365d)
2026-10-05 15:39:36 | INFO | services.connectors.risk3_connector | [1218/3192] CNPJ 11894930000152 -> CACHE (NAO_ENCONTRADO, 14d/30d)
2026-10-05 15:39:36 | INFO | services.connectors.risk3_connector | [1219/3192] CNPJ 11907140000164 -> CACHE (NAO_ENCONTRADO, 19d/30d)
2026-10-05 15:39:36 | INFO | services.connectors.risk3_connector | [1220/3192] CNPJ 12009135000105 -> CACHE (SUCESSO, 131d/365d)
2026-10-05 15:39:36 | INFO | services.connectors.risk3_connector | [1221/3192] CNPJ 12009141000154 -> CACHE (SUCESSO, 77d/365d)
2026-10-05 15:39:36 | INFO | services.connectors.risk3_connector | [1222/3192] CNPJ 12011542000149 -> CACHE (SUCESSO, 102d/365d)
2026-10-05 15:39:36 | INFO | services.connectors.risk3_connector | [1223/3192] CNPJ 12027723000163 -> CACHE (SUCESSO, 207d/365d)
2026-10-05 15:39:36 | INFO | services.connectors.risk3_connector | [1224/3192] CNPJ 12056613000120 -> CACHE (SUCESSO, 60d/365d)
2026-10-05 15:39:36 | INFO | services.connectors.risk3_connector | [1225/3192] CNPJ 12073475000197 -> CACHE (SUCESSO, 327d/365d)
2026-10-05 15:39:36 | INFO | services.connectors.risk3_connector | [1226/3192] CNPJ 12091809000155 -> CACHE (SUCESSO, 144d/365d)
2026-10-05 15:39:36 | INFO | services.connectors.risk3_connector | [1227/3192] CNPJ 12094479000151 -> CACHE (SUCESSO, 332d/365d)
2026-10-05 15:39:36 | INFO | services.connectors.risk3_connector | [1228/3192] CNPJ 12094570000177 -> CACHE (SUCESSO, 83d/365d)
2026-10-05 15:39:36 | INFO | services.connectors.risk3_connector | [1229/3192] CNPJ 12116917000135 -> CACHE (SUCESSO, 102d/365d)
2026-10-05 15:39:36 | INFO | services.connectors.risk3_connector | [1230/3192] CNPJ 12116917000216 -> CACHE (SUCESSO, 102d/365d)
2026-10-05 15:39:36 | INFO | services.connectors.risk3_connector | [1231/3192] CNPJ 12123471000176 -> CACHE (NAO_ENCONTRADO, 14d/30d)
2026-10-05 15:39:36 | INFO | services.connectors.risk3_connector | [1232/3192] CNPJ 12123471000257 -> CACHE (NAO_ENCONTRADO, 14d/30d)
2026-10-05 15:39:36 | INFO | services.connectors.risk3_connector | [1233/3192] CNPJ 12125536000112 -> CACHE (NAO_ENCONTRADO, 19d/30d)
2026-10-05 15:39:36 | INFO | services.connectors.risk3_connector | [1234/3192] CNPJ 12130090000114 -> CACHE (SUCESSO, 320d/365d)
2026-10-05 15:39:36 | INFO | services.connectors.risk3_connector | [1235/3192] CNPJ 12147176000150 -> CACHE (NAO_ENCONTRADO, 19d/30d)
2026-10-05 15:39:36 | INFO | services.connectors.risk3_connector | [1236/3192] CNPJ 12150746000160 -> CACHE (SUCESSO, 152d/365d)
2026-10-05 15:39:36 | INFO | services.connectors.risk3_connector | [1237/3192] CNPJ 12163581000161 -> CACHE (SUCESSO, 206d/365d)
2026-10-05 15:39:36 | INFO | services.connectors.risk3_connector | [1238/3192] CNPJ 12199337000159 -> CACHE (SUCESSO, 175d/365d)
2026-10-05 15:39:36 | INFO | services.connectors.risk3_connector | [1239/3192] CNPJ 12291462000194 -> CACHE (SUCESSO, 129d/365d)
2026-10-05 15:39:36 | INFO | services.connectors.risk3_connector | [1240/3192] CNPJ 12300288000107 -> CACHE (SUCESSO, 150d/365d)
2026-10-05 15:39:36 | INFO | services.connectors.risk3_connector | [1241/3192] CNPJ 12300288000360 -> CACHE (NAO_ENCONTRADO, 14d/30d)
2026-10-05 15:39:36 | INFO | services.connectors.risk3_connector | [1242/3192] CNPJ 12312945000128 -> CACHE (SUCESSO, 102d/365d)
2026-10-05 15:39:36 | INFO | services.connectors.risk3_connector | [1243/3192] CNPJ 12320940000147 -> CACHE (SUCESSO, 363d/365d)
2026-10-05 15:39:36 | INFO | services.connectors.risk3_connector | [1244/3192] CNPJ 12348206000196 -> CACHE (SUCESSO, 146d/365d)
2026-10-05 15:39:36 | INFO | services.connectors.risk3_connector | [1245/3192] CNPJ 12368097000179 -> CACHE (SUCESSO, 125d/365d)
2026-10-05 15:39:36 | INFO | services.connectors.risk3_connector | [1246/3192] CNPJ 12422540000142 -> CACHE (NAO_ENCONTRADO, 19d/30d)
2026-10-05 15:39:36 | INFO | services.connectors.risk3_connector | [1247/3192] CNPJ 12433420000140 -> CACHE (NAO_ENCONTRADO, 14d/30d)
2026-10-05 15:39:36 | INFO | services.connectors.risk3_connector | [1248/3192] CNPJ 12458962000178 -> CACHE (NAO_ENCONTRADO, 19d/30d)
2026-10-05 15:39:36 | INFO | services.connectors.risk3_connector | [1249/3192] CNPJ 12513940000163 -> CACHE (SUCESSO, 103d/365d)
2026-10-05 15:39:36 | INFO | services.connectors.risk3_connector | [1250/3192] CNPJ 12539517000132 -> CACHE (SUCESSO, 363d/365d)
2026-10-05 15:39:36 | INFO | services.connectors.risk3_connector | [1251/3192] CNPJ 12543217000127 -> CACHE (SUCESSO, 362d/365d)
2026-10-05 15:39:36 | INFO | services.connectors.risk3_connector | [1252/3192] CNPJ 12546508000179 -> CACHE (SUCESSO, 103d/365d)
2026-10-05 15:39:36 | INFO | services.connectors.risk3_connector | [1253/3192] CNPJ 12593013000109 -> Consultando API (Endpoint detalhado por CNPJ)...
2026-10-05 15:39:37 | INFO | services.connectors.risk3_connector | SUCESSO na extração dos detalhes do Bureau!
2026-10-05 15:39:37 | INFO | services.connectors.risk3_connector | [1254/3192] CNPJ 12593115000116 -> CACHE (SUCESSO, 11d/365d)
2026-10-05 15:39:37 | INFO | services.connectors.risk3_connector | [1255/3192] CNPJ 12630054000110 -> CACHE (NAO_ENCONTRADO, 19d/30d)
2026-10-05 15:39:37 | INFO | services.connectors.risk3_connector | [1256/3192] CNPJ 12645295000132 -> CACHE (SUCESSO, 186d/365d)
2026-10-05 15:39:37 | INFO | services.connectors.risk3_connector | [1257/3192] CNPJ 12659112000138 -> CACHE (SUCESSO, 175d/365d)
2026-10-05 15:39:37 | INFO | services.connectors.risk3_connector | [1258/3192] CNPJ 12695141000155 -> CACHE (SUCESSO, 165d/365d)
2026-10-05 15:39:37 | INFO | services.connectors.risk3_connector | [1259/3192] CNPJ 12723335000117 -> CACHE (NAO_ENCONTRADO, 14d/30d)
2026-10-05 15:39:37 | INFO | services.connectors.risk3_connector | [1260/3192] CNPJ 12723384000150 -> CACHE (NAO_ENCONTRADO, 14d/30d)
2026-10-05 15:39:37 | INFO | services.connectors.risk3_connector | [1261/3192] CNPJ 12723413000183 -> CACHE (NAO_ENCONTRADO, 14d/30d)
2026-10-05 15:39:37 | INFO | services.connectors.risk3_connector | [1262/3192] CNPJ 12723444000134 -> CACHE (NAO_ENCONTRADO, 14d/30d)
2026-10-05 15:39:37 | INFO | services.connectors.risk3_connector | [1263/3192] CNPJ 12802835000144 -> CACHE (NAO_ENCONTRADO, 14d/30d)
2026-10-05 15:39:37 | INFO | services.connectors.risk3_connector | [1264/3192] CNPJ 12802844000135 -> CACHE (NAO_ENCONTRADO, 14d/30d)
2026-10-05 15:39:37 | INFO | services.connectors.risk3_connector | [1265/3192] CNPJ 12802855000115 -> CACHE (NAO_ENCONTRADO, 14d/30d)
2026-10-05 15:39:37 | INFO | services.connectors.risk3_connector | [1266/3192] CNPJ 12802866000103 -> CACHE (NAO_ENCONTRADO, 14d/30d)
2026-10-05 15:39:37 | INFO | services.connectors.risk3_connector | [1267/3192] CNPJ 12809025000110 -> CACHE (SUCESSO, 140d/365d)
2026-10-05 15:39:37 | INFO | services.connectors.risk3_connector | [1268/3192] CNPJ 12884632000144 -> CACHE (SUCESSO, 76d/365d)
2026-10-05 15:39:37 | INFO | services.connectors.risk3_connector | [1269/3192] CNPJ 12884672000196 -> CACHE (NAO_ENCONTRADO, 6d/30d)
2026-10-05 15:39:37 | INFO | services.connectors.risk3_connector | [1270/3192] CNPJ 12884672000510 -> CACHE (SUCESSO, 103d/365d)
2026-10-05 15:39:37 | INFO | services.connectors.risk3_connector | [1271/3192] CNPJ 12912915000152 -> CACHE (SUCESSO, 102d/365d)
2026-10-05 15:39:37 | INFO | services.connectors.risk3_connector | [1272/3192] CNPJ 12919786000124 -> CACHE (SUCESSO, 320d/365d)
2026-10-05 15:39:37 | INFO | services.connectors.risk3_connector | [1273/3192] CNPJ 12919808000156 -> CACHE (SUCESSO, 188d/365d)
2026-10-05 15:39:37 | INFO | services.connectors.risk3_connector | [1274/3192] CNPJ 12924620000104 -> CACHE (SUCESSO, 102d/365d)
2026-10-05 15:39:37 | INFO | services.connectors.risk3_connector | [1275/3192] CNPJ 12937489000101 -> CACHE (NAO_ENCONTRADO, 14d/30d)
2026-10-05 15:39:37 | INFO | services.connectors.risk3_connector | [1276/3192] CNPJ 12945474000195 -> CACHE (SUCESSO, 82d/365d)
2026-10-05 15:39:37 | INFO | services.connectors.risk3_connector | [1277/3192] CNPJ 12987182000115 -> CACHE (SUCESSO, 102d/365d)
2026-10-05 15:39:37 | INFO | services.connectors.risk3_connector | [1278/3192] CNPJ 12987729000182 -> CACHE (SUCESSO, 103d/365d)
2026-10-05 15:39:37 | INFO | services.connectors.risk3_connector | [1279/3192] CNPJ 12999196000159 -> CACHE (NAO_ENCONTRADO, 14d/30d)
2026-10-05 15:39:37 | INFO | services.connectors.risk3_connector | [1280/3192] CNPJ 13042032000100 -> CACHE (NAO_ENCONTRADO, 14d/30d)
2026-10-05 15:39:37 | INFO | services.connectors.risk3_connector | [1281/3192] CNPJ 13061918000192 -> CACHE (SUCESSO, 102d/365d)
2026-10-05 15:39:37 | INFO | services.connectors.risk3_connector | [1282/3192] CNPJ 13076126000191 -> CACHE (SUCESSO, 63d/365d)
2026-10-05 15:39:37 | INFO | services.connectors.risk3_connector | [1283/3192] CNPJ 13091683000181 -> CACHE (SUCESSO, 178d/365d)
2026-10-05 15:39:37 | INFO | services.connectors.risk3_connector | [1284/3192] CNPJ 13101510000105 -> CACHE (NAO_ENCONTRADO, 6d/30d)
2026-10-05 15:39:37 | INFO | services.connectors.risk3_connector | [1285/3192] CNPJ 13101510000288 -> CACHE (NAO_ENCONTRADO, 14d/30d)
2026-10-05 15:39:37 | INFO | services.connectors.risk3_connector | [1286/3192] CNPJ 13114506000173 -> CACHE (SUCESSO, 140d/365d)
2026-10-05 15:39:37 | INFO | services.connectors.risk3_connector | [1287/3192] CNPJ 13123801000196 -> CACHE (SUCESSO, 265d/365d)
2026-10-05 15:39:37 | INFO | services.connectors.risk3_connector | [1288/3192] CNPJ 13140459000132 -> CACHE (NAO_ENCONTRADO, 14d/30d)
2026-10-05 15:39:37 | INFO | services.connectors.risk3_connector | [1289/3192] CNPJ 13145928000106 -> CACHE (NAO_ENCONTRADO, 19d/30d)
2026-10-05 15:39:37 | INFO | services.connectors.risk3_connector | [1290/3192] CNPJ 13152186000146 -> CACHE (NAO_ENCONTRADO, 14d/30d)
2026-10-05 15:39:37 | INFO | services.connectors.risk3_connector | [1291/3192] CNPJ 13176619000101 -> CACHE (SUCESSO, 102d/365d)
2026-10-05 15:39:37 | INFO | services.connectors.risk3_connector | [1292/3192] CNPJ 13196196000183 -> CACHE (SUCESSO, 203d/365d)
2026-10-05 15:39:37 | INFO | services.connectors.risk3_connector | [1293/3192] CNPJ 13200257000139 -> CACHE (NAO_ENCONTRADO, 19d/30d)
2026-10-05 15:39:37 | INFO | services.connectors.risk3_connector | [1294/3192] CNPJ 13204698000109 -> CACHE (SUCESSO, 13d/365d)
2026-10-05 15:39:37 | INFO | services.connectors.risk3_connector | [1295/3192] CNPJ 13243573000198 -> CACHE (SUCESSO, 103d/365d)
2026-10-05 15:39:37 | INFO | services.connectors.risk3_connector | [1296/3192] CNPJ 13338734000127 -> CACHE (SUCESSO, 75d/365d)
2026-10-05 15:39:37 | INFO | services.connectors.risk3_connector | [1297/3192] CNPJ 13348048000137 -> CACHE (NAO_ENCONTRADO, 19d/30d)
2026-10-05 15:39:37 | INFO | services.connectors.risk3_connector | [1298/3192] CNPJ 13374270000104 -> CACHE (SUCESSO, 165d/365d)
2026-10-05 15:39:37 | INFO | services.connectors.risk3_connector | [1299/3192] CNPJ 13416922000126 -> CACHE (SUCESSO, 77d/365d)
2026-10-05 15:39:37 | INFO | services.connectors.risk3_connector | [1300/3192] CNPJ 13459301000120 -> CACHE (SUCESSO, 129d/365d)
2026-10-05 15:39:37 | INFO | services.connectors.risk3_connector | [1301/3192] CNPJ 13468810000119 -> CACHE (SUCESSO, 129d/365d)
2026-10-05 15:39:37 | INFO | services.connectors.risk3_connector | [1302/3192] CNPJ 13478113000149 -> CACHE (NAO_ENCONTRADO, 14d/30d)
2026-10-05 15:39:37 | INFO | services.connectors.risk3_connector | [1303/3192] CNPJ 13504675000110 -> CACHE (SUCESSO, 109d/365d)
2026-10-05 15:39:37 | INFO | services.connectors.risk3_connector | [1304/3192] CNPJ 13547619000162 -> CACHE (SUCESSO, 103d/365d)
2026-10-05 15:39:37 | INFO | services.connectors.risk3_connector | [1305/3192] CNPJ 13573332000107 -> CACHE (NAO_ENCONTRADO, 19d/30d)
2026-10-05 15:39:37 | INFO | services.connectors.risk3_connector | [1306/3192] CNPJ 13574594029500 -> CACHE (SUCESSO, 39d/365d)
2026-10-05 15:39:37 | INFO | services.connectors.risk3_connector | [1307/3192] CNPJ 13581313000122 -> CACHE (SUCESSO, 340d/365d)
2026-10-05 15:39:37 | INFO | services.connectors.risk3_connector | [1308/3192] CNPJ 13620731000181 -> CACHE (SUCESSO, 83d/365d)
2026-10-05 15:39:37 | INFO | services.connectors.risk3_connector | [1309/3192] CNPJ 13633390000189 -> CACHE (SUCESSO, 35d/365d)
2026-10-05 15:39:37 | INFO | services.connectors.risk3_connector | [1310/3192] CNPJ 13645518000124 -> CACHE (SUCESSO, 182d/365d)
2026-10-05 15:39:37 | INFO | services.connectors.risk3_connector | [1311/3192] CNPJ 13649848000198 -> CACHE (SUCESSO, 146d/365d)
2026-10-05 15:39:37 | INFO | services.connectors.risk3_connector | [1312/3192] CNPJ 13655148000106 -> CACHE (SUCESSO, 175d/365d)
2026-10-05 15:39:37 | INFO | services.connectors.risk3_connector | [1313/3192] CNPJ 13693873000179 -> CACHE (SUCESSO, 202d/365d)
2026-10-05 15:39:37 | INFO | services.connectors.risk3_connector | [1314/3192] CNPJ 13700609000115 -> CACHE (SUCESSO, 39d/365d)
2026-10-05 15:39:37 | INFO | services.connectors.risk3_connector | [1315/3192] CNPJ 13711686000170 -> CACHE (SUCESSO, 103d/365d)
2026-10-05 15:39:37 | INFO | services.connectors.risk3_connector | [1316/3192] CNPJ 13722308000192 -> CACHE (SUCESSO, 102d/365d)
2026-10-05 15:39:37 | INFO | services.connectors.risk3_connector | [1317/3192] CNPJ 13743550000142 -> CACHE (SUCESSO, 138d/365d)
2026-10-05 15:39:37 | INFO | services.connectors.risk3_connector | [1318/3192] CNPJ 13743550000657 -> CACHE (SUCESSO, 102d/365d)
2026-10-05 15:39:37 | INFO | services.connectors.risk3_connector | [1319/3192] CNPJ 13743550000738 -> CACHE (SUCESSO, 102d/365d)
2026-10-05 15:39:37 | INFO | services.connectors.risk3_connector | [1320/3192] CNPJ 13777004000122 -> CACHE (NAO_ENCONTRADO, 0d/30d)
2026-10-05 15:39:37 | INFO | services.connectors.risk3_connector | [1321/3192] CNPJ 13788120000147 -> CACHE (SUCESSO, 56d/365d)
2026-10-05 15:39:37 | INFO | services.connectors.risk3_connector | [1322/3192] CNPJ 13808433000110 -> CACHE (SUCESSO, 216d/365d)
2026-10-05 15:39:37 | INFO | services.connectors.risk3_connector | [1323/3192] CNPJ 13816470000170 -> CACHE (SUCESSO, 104d/365d)
2026-10-05 15:39:37 | INFO | services.connectors.risk3_connector | [1324/3192] CNPJ 13844786000175 -> CACHE (SUCESSO, 215d/365d)
2026-10-05 15:39:37 | INFO | services.connectors.risk3_connector | [1325/3192] CNPJ 13861424000192 -> CACHE (SUCESSO, 144d/365d)
2026-10-05 15:39:37 | INFO | services.connectors.risk3_connector | [1326/3192] CNPJ 13890438000134 -> CACHE (SUCESSO, 103d/365d)
2026-10-05 15:39:37 | INFO | services.connectors.risk3_connector | [1327/3192] CNPJ 13896054000129 -> CACHE (SUCESSO, 147d/365d)
2026-10-05 15:39:37 | INFO | services.connectors.risk3_connector | [1328/3192] CNPJ 13897477000163 -> CACHE (SUCESSO, 103d/365d)
2026-10-05 15:39:37 | INFO | services.connectors.risk3_connector | [1329/3192] CNPJ 13923945000127 -> CACHE (SUCESSO, 103d/365d)
2026-10-05 15:39:37 | INFO | services.connectors.risk3_connector | [1330/3192] CNPJ 13975154000140 -> CACHE (SUCESSO, 102d/365d)
2026-10-05 15:39:37 | INFO | services.connectors.risk3_connector | [1331/3192] CNPJ 14009152000160 -> CACHE (NAO_ENCONTRADO, 14d/30d)
2026-10-05 15:39:37 | INFO | services.connectors.risk3_connector | [1332/3192] CNPJ 14011603000101 -> CACHE (SUCESSO, 258d/365d)
2026-10-05 15:39:37 | INFO | services.connectors.risk3_connector | [1333/3192] CNPJ 14012875000118 -> CACHE (SUCESSO, 175d/365d)
2026-10-05 15:39:37 | INFO | services.connectors.risk3_connector | [1334/3192] CNPJ 14023604000168 -> CACHE (NAO_ENCONTRADO, 19d/30d)
2026-10-05 15:39:37 | INFO | services.connectors.risk3_connector | [1335/3192] CNPJ 14049467000130 -> CACHE (SUCESSO, 333d/365d)
2026-10-05 15:39:37 | INFO | services.connectors.risk3_connector | [1336/3192] CNPJ 14049467007739 -> CACHE (NAO_ENCONTRADO, 14d/30d)
2026-10-05 15:39:37 | INFO | services.connectors.risk3_connector | [1337/3192] CNPJ 14055501000180 -> CACHE (SUCESSO, 102d/365d)
2026-10-05 15:39:37 | INFO | services.connectors.risk3_connector | [1338/3192] CNPJ 14073441000128 -> CACHE (SUCESSO, 264d/365d)
2026-10-05 15:39:37 | INFO | services.connectors.risk3_connector | [1339/3192] CNPJ 14089519000100 -> CACHE (SUCESSO, 102d/365d)
2026-10-05 15:39:37 | INFO | services.connectors.risk3_connector | [1340/3192] CNPJ 14090059000122 -> CACHE (NAO_ENCONTRADO, 14d/30d)
2026-10-05 15:39:37 | INFO | services.connectors.risk3_connector | [1341/3192] CNPJ 14094415000186 -> CACHE (SUCESSO, 213d/365d)
2026-10-05 15:39:37 | INFO | services.connectors.risk3_connector | [1342/3192] CNPJ 14097020000137 -> CACHE (SUCESSO, 238d/365d)
2026-10-05 15:39:37 | INFO | services.connectors.risk3_connector | [1343/3192] CNPJ 14167541000113 -> CACHE (SUCESSO, 98d/365d)
2026-10-05 15:39:37 | INFO | services.connectors.risk3_connector | [1344/3192] CNPJ 14171796000150 -> CACHE (SUCESSO, 265d/365d)
2026-10-05 15:39:37 | INFO | services.connectors.risk3_connector | [1345/3192] CNPJ 14180156000106 -> CACHE (SUCESSO, 102d/365d)
2026-10-05 15:39:37 | INFO | services.connectors.risk3_connector | [1346/3192] CNPJ 14245894000194 -> CACHE (NAO_ENCONTRADO, 14d/30d)
2026-10-05 15:39:37 | INFO | services.connectors.risk3_connector | [1347/3192] CNPJ 14295008000137 -> CACHE (SUCESSO, 174d/365d)
2026-10-05 15:39:37 | INFO | services.connectors.risk3_connector | [1348/3192] CNPJ 14475006000120 -> Consultando API (Endpoint detalhado por CNPJ)...
2026-10-05 15:39:37 | INFO | services.connectors.risk3_connector | SUCESSO na extração dos detalhes do Bureau!
2026-10-05 15:39:38 | INFO | services.connectors.risk3_connector | [1349/3192] CNPJ 14483137000159 -> CACHE (SUCESSO, 34d/365d)
2026-10-05 15:39:38 | INFO | services.connectors.risk3_connector | [1350/3192] CNPJ 14483137000230 -> CACHE (SUCESSO, 34d/365d)
2026-10-05 15:39:38 | INFO | services.connectors.risk3_connector | [1351/3192] CNPJ 14522178000107 -> CACHE (SUCESSO, 186d/365d)
2026-10-05 15:39:38 | INFO | services.connectors.risk3_connector | [1352/3192] CNPJ 14555633000170 -> CACHE (SUCESSO, 195d/365d)
2026-10-05 15:39:38 | INFO | services.connectors.risk3_connector | [1353/3192] CNPJ 14609649000119 -> CACHE (SUCESSO, 116d/365d)
2026-10-05 15:39:38 | INFO | services.connectors.risk3_connector | [1354/3192] CNPJ 14614080000180 -> CACHE (SUCESSO, 102d/365d)
2026-10-05 15:39:38 | INFO | services.connectors.risk3_connector | [1355/3192] CNPJ 14614080000341 -> CACHE (SUCESSO, 102d/365d)
2026-10-05 15:39:38 | INFO | services.connectors.risk3_connector | [1356/3192] CNPJ 14658216000153 -> CACHE (SUCESSO, 214d/365d)
2026-10-05 15:39:38 | INFO | services.connectors.risk3_connector | [1357/3192] CNPJ 14675270000107 -> CACHE (SUCESSO, 347d/365d)
2026-10-05 15:39:38 | INFO | services.connectors.risk3_connector | [1358/3192] CNPJ 14706069000140 -> CACHE (NAO_ENCONTRADO, 14d/30d)
2026-10-05 15:39:38 | INFO | services.connectors.risk3_connector | [1359/3192] CNPJ 14738147000198 -> CACHE (SUCESSO, 102d/365d)
2026-10-05 15:39:38 | INFO | services.connectors.risk3_connector | [1360/3192] CNPJ 14738350000164 -> CACHE (SUCESSO, 103d/365d)
2026-10-05 15:39:38 | INFO | services.connectors.risk3_connector | [1361/3192] CNPJ 14769946000121 -> CACHE (SUCESSO, 103d/365d)
2026-10-05 15:39:38 | INFO | services.connectors.risk3_connector | [1362/3192] CNPJ 14799060000120 -> CACHE (SUCESSO, 138d/365d)
2026-10-05 15:39:38 | INFO | services.connectors.risk3_connector | [1363/3192] CNPJ 14807945000124 -> CACHE (NAO_ENCONTRADO, 19d/30d)
2026-10-05 15:39:38 | INFO | services.connectors.risk3_connector | [1364/3192] CNPJ 15027346000150 -> CACHE (NAO_ENCONTRADO, 19d/30d)
2026-10-05 15:39:38 | INFO | services.connectors.risk3_connector | [1365/3192] CNPJ 15042149000100 -> CACHE (SUCESSO, 150d/365d)
2026-10-05 15:39:38 | INFO | services.connectors.risk3_connector | [1366/3192] CNPJ 15054480000140 -> CACHE (SUCESSO, 140d/365d)
2026-10-05 15:39:38 | INFO | services.connectors.risk3_connector | [1367/3192] CNPJ 15087610000141 -> CACHE (NAO_ENCONTRADO, 19d/30d)
2026-10-05 15:39:38 | INFO | services.connectors.risk3_connector | [1368/3192] CNPJ 15091769000130 -> CACHE (SUCESSO, 228d/365d)
2026-10-05 15:39:38 | INFO | services.connectors.risk3_connector | [1369/3192] CNPJ 15108924000183 -> CACHE (SUCESSO, 102d/365d)
2026-10-05 15:39:38 | INFO | services.connectors.risk3_connector | [1370/3192] CNPJ 15139629000194 -> CACHE (NAO_ENCONTRADO, 14d/30d)
2026-10-05 15:39:38 | INFO | services.connectors.risk3_connector | [1371/3192] CNPJ 15141799000103 -> CACHE (SUCESSO, 131d/365d)
2026-10-05 15:39:38 | INFO | services.connectors.risk3_connector | [1372/3192] CNPJ 15163403000129 -> CACHE (SUCESSO, 102d/365d)
2026-10-05 15:39:38 | INFO | services.connectors.risk3_connector | [1373/3192] CNPJ 15170723000106 -> CACHE (SUCESSO, 353d/365d)
2026-10-05 15:39:38 | INFO | services.connectors.risk3_connector | [1374/3192] CNPJ 15174398000150 -> CACHE (SUCESSO, 103d/365d)
2026-10-05 15:39:38 | INFO | services.connectors.risk3_connector | [1375/3192] CNPJ 15186359000172 -> CACHE (SUCESSO, 222d/365d)
2026-10-05 15:39:38 | INFO | services.connectors.risk3_connector | [1376/3192] CNPJ 15186494000118 -> CACHE (SUCESSO, 103d/365d)
2026-10-05 15:39:38 | INFO | services.connectors.risk3_connector | [1377/3192] CNPJ 15217260000190 -> CACHE (SUCESSO, 96d/365d)
2026-10-05 15:39:38 | INFO | services.connectors.risk3_connector | [1378/3192] CNPJ 15307114000156 -> CACHE (SUCESSO, 264d/365d)
2026-10-05 15:39:38 | INFO | services.connectors.risk3_connector | [1379/3192] CNPJ 15330530000175 -> CACHE (SUCESSO, 102d/365d)
2026-10-05 15:39:38 | INFO | services.connectors.risk3_connector | [1380/3192] CNPJ 15344283000166 -> CACHE (NAO_ENCONTRADO, 14d/30d)
2026-10-05 15:39:38 | INFO | services.connectors.risk3_connector | [1381/3192] CNPJ 15361032000190 -> CACHE (NAO_ENCONTRADO, 14d/30d)
2026-10-05 15:39:38 | INFO | services.connectors.risk3_connector | [1382/3192] CNPJ 15373395000145 -> CACHE (SUCESSO, 105d/365d)
2026-10-05 15:39:38 | INFO | services.connectors.risk3_connector | [1383/3192] CNPJ 15375991000164 -> CACHE (NAO_ENCONTRADO, 19d/30d)
2026-10-05 15:39:38 | INFO | services.connectors.risk3_connector | [1384/3192] CNPJ 15388514000133 -> CACHE (SUCESSO, 103d/365d)
2026-10-05 15:39:38 | INFO | services.connectors.risk3_connector | [1385/3192] CNPJ 15397093000107 -> CACHE (SUCESSO, 341d/365d)
2026-10-05 15:39:38 | INFO | services.connectors.risk3_connector | [1386/3192] CNPJ 15458171000136 -> CACHE (SUCESSO, 150d/365d)
2026-10-05 15:39:38 | INFO | services.connectors.risk3_connector | [1387/3192] CNPJ 15488871000173 -> CACHE (NAO_ENCONTRADO, 14d/30d)
2026-10-05 15:39:38 | INFO | services.connectors.risk3_connector | [1388/3192] CNPJ 15515966000139 -> CACHE (SUCESSO, 265d/365d)
2026-10-05 15:39:38 | INFO | services.connectors.risk3_connector | [1389/3192] CNPJ 15568388000107 -> CACHE (SUCESSO, 264d/365d)
2026-10-05 15:39:38 | INFO | services.connectors.risk3_connector | [1390/3192] CNPJ 15578569000106 -> CACHE (SUCESSO, 320d/365d)
2026-10-05 15:39:38 | INFO | services.connectors.risk3_connector | [1391/3192] CNPJ 15623286000139 -> CACHE (SUCESSO, 150d/365d)
2026-10-05 15:39:38 | INFO | services.connectors.risk3_connector | [1392/3192] CNPJ 15667402000111 -> CACHE (NAO_ENCONTRADO, 19d/30d)
2026-10-05 15:39:38 | INFO | services.connectors.risk3_connector | [1393/3192] CNPJ 15688196000126 -> CACHE (SUCESSO, 175d/365d)
2026-10-05 15:39:38 | INFO | services.connectors.risk3_connector | [1394/3192] CNPJ 15728576000147 -> CACHE (SUCESSO, 49d/365d)
2026-10-05 15:39:38 | INFO | services.connectors.risk3_connector | [1395/3192] CNPJ 15732189000184 -> CACHE (SUCESSO, 150d/365d)
2026-10-05 15:39:38 | INFO | services.connectors.risk3_connector | [1396/3192] CNPJ 15863180000102 -> CACHE (NAO_ENCONTRADO, 14d/30d)
2026-10-05 15:39:38 | INFO | services.connectors.risk3_connector | [1397/3192] CNPJ 16367850000162 -> CACHE (SUCESSO, 103d/365d)
2026-10-05 15:39:38 | INFO | services.connectors.risk3_connector | [1398/3192] CNPJ 16391632000163 -> CACHE (NAO_ENCONTRADO, 14d/30d)
2026-10-05 15:39:38 | INFO | services.connectors.risk3_connector | [1399/3192] CNPJ 16404287000155 -> CACHE (SUCESSO, 129d/365d)
2026-10-05 15:39:38 | INFO | services.connectors.risk3_connector | [1400/3192] CNPJ 16404287044870 -> CACHE (SUCESSO, 102d/365d)
2026-10-05 15:39:38 | INFO | services.connectors.risk3_connector | [1401/3192] CNPJ 16404287067730 -> CACHE (NAO_ENCONTRADO, 19d/30d)
2026-10-05 15:39:38 | INFO | services.connectors.risk3_connector | [1402/3192] CNPJ 16433626000121 -> CACHE (SUCESSO, 245d/365d)
2026-10-05 15:39:38 | INFO | services.connectors.risk3_connector | [1403/3192] CNPJ 16561291000127 -> CACHE (SUCESSO, 103d/365d)
2026-10-05 15:39:38 | INFO | services.connectors.risk3_connector | [1404/3192] CNPJ 16587133000146 -> CACHE (SUCESSO, 39d/365d)
2026-10-05 15:39:38 | INFO | services.connectors.risk3_connector | [1405/3192] CNPJ 16606895000142 -> CACHE (SUCESSO, 340d/365d)
2026-10-05 15:39:38 | INFO | services.connectors.risk3_connector | [1406/3192] CNPJ 16617789000164 -> CACHE (NAO_ENCONTRADO, 19d/30d)
2026-10-05 15:39:38 | INFO | services.connectors.risk3_connector | [1407/3192] CNPJ 16625953000185 -> CACHE (NAO_ENCONTRADO, 14d/30d)
2026-10-05 15:39:38 | INFO | services.connectors.risk3_connector | [1408/3192] CNPJ 16628281000161 -> CACHE (SUCESSO, 55d/365d)
2026-10-05 15:39:38 | INFO | services.connectors.risk3_connector | [1409/3192] CNPJ 16701716003686 -> CACHE (NAO_ENCONTRADO, 19d/30d)
2026-10-05 15:39:38 | INFO | services.connectors.risk3_connector | [1410/3192] CNPJ 16775973000132 -> CACHE (SUCESSO, 150d/365d)
2026-10-05 15:39:38 | INFO | services.connectors.risk3_connector | [1411/3192] CNPJ 16793501000102 -> CACHE (SUCESSO, 103d/365d)
2026-10-05 15:39:38 | INFO | services.connectors.risk3_connector | [1412/3192] CNPJ 16804519000162 -> CACHE (SUCESSO, 214d/365d)
2026-10-05 15:39:38 | INFO | services.connectors.risk3_connector | [1413/3192] CNPJ 16820052000144 -> CACHE (SUCESSO, 251d/365d)
2026-10-05 15:39:38 | INFO | services.connectors.risk3_connector | [1414/3192] CNPJ 16875048000183 -> CACHE (SUCESSO, 60d/365d)
2026-10-05 15:39:38 | INFO | services.connectors.risk3_connector | [1415/3192] CNPJ 16928294000156 -> CACHE (SUCESSO, 301d/365d)
2026-10-05 15:39:38 | INFO | services.connectors.risk3_connector | [1416/3192] CNPJ 16933590000145 -> CACHE (SUCESSO, 152d/365d)
2026-10-05 15:39:38 | INFO | services.connectors.risk3_connector | [1417/3192] CNPJ 16965684000104 -> CACHE (NAO_ENCONTRADO, 14d/30d)
2026-10-05 15:39:38 | INFO | services.connectors.risk3_connector | [1418/3192] CNPJ 16974249000138 -> CACHE (SUCESSO, 102d/365d)
2026-10-05 15:39:38 | INFO | services.connectors.risk3_connector | [1419/3192] CNPJ 17035997000118 -> CACHE (SUCESSO, 237d/365d)
2026-10-05 15:39:38 | INFO | services.connectors.risk3_connector | [1420/3192] CNPJ 17040615000144 -> CACHE (NAO_ENCONTRADO, 19d/30d)
2026-10-05 15:39:38 | INFO | services.connectors.risk3_connector | [1421/3192] CNPJ 17069905000110 -> CACHE (SUCESSO, 215d/365d)
2026-10-05 15:39:38 | INFO | services.connectors.risk3_connector | [1422/3192] CNPJ 17070597000143 -> CACHE (NAO_ENCONTRADO, 19d/30d)
2026-10-05 15:39:38 | INFO | services.connectors.risk3_connector | [1423/3192] CNPJ 17077752000153 -> CACHE (NAO_ENCONTRADO, 0d/30d)
2026-10-05 15:39:38 | INFO | services.connectors.risk3_connector | [1424/3192] CNPJ 17112981000161 -> CACHE (SUCESSO, 150d/365d)
2026-10-05 15:39:38 | INFO | services.connectors.risk3_connector | [1425/3192] CNPJ 17115437000173 -> CACHE (SUCESSO, 103d/365d)
2026-10-05 15:39:38 | INFO | services.connectors.risk3_connector | [1426/3192] CNPJ 17155730000164 -> CACHE (NAO_ENCONTRADO, 19d/30d)
2026-10-05 15:39:38 | INFO | services.connectors.risk3_connector | [1427/3192] CNPJ 17170822000113 -> CACHE (SUCESSO, 101d/365d)
2026-10-05 15:39:38 | INFO | services.connectors.risk3_connector | [1428/3192] CNPJ 17174657000178 -> CACHE (SUCESSO, 87d/365d)
2026-10-05 15:39:38 | INFO | services.connectors.risk3_connector | [1429/3192] CNPJ 17176987000100 -> CACHE (SUCESSO, 103d/365d)
2026-10-05 15:39:38 | INFO | services.connectors.risk3_connector | [1430/3192] CNPJ 17204923000168 -> CACHE (SUCESSO, 95d/365d)
2026-10-05 15:39:38 | INFO | services.connectors.risk3_connector | [1431/3192] CNPJ 17210843000115 -> CACHE (SUCESSO, 103d/365d)
2026-10-05 15:39:38 | INFO | services.connectors.risk3_connector | [1432/3192] CNPJ 17221771000101 -> Consultando API (Endpoint detalhado por CNPJ)...
2026-10-05 15:39:38 | INFO | services.connectors.risk3_connector | SUCESSO na extração dos detalhes do Bureau!
2026-10-05 15:39:39 | INFO | services.connectors.risk3_connector | [1433/3192] CNPJ 17227422000105 -> CACHE (SUCESSO, 131d/365d)
2026-10-05 15:39:39 | INFO | services.connectors.risk3_connector | [1434/3192] CNPJ 17247679000110 -> CACHE (SUCESSO, 336d/365d)
2026-10-05 15:39:39 | INFO | services.connectors.risk3_connector | [1435/3192] CNPJ 17302990000115 -> CACHE (NAO_ENCONTRADO, 19d/30d)
2026-10-05 15:39:39 | INFO | services.connectors.risk3_connector | [1436/3192] CNPJ 17313041000130 -> CACHE (SUCESSO, 102d/365d)
2026-10-05 15:39:39 | INFO | services.connectors.risk3_connector | [1437/3192] CNPJ 17316559000128 -> CACHE (NAO_ENCONTRADO, 14d/30d)
2026-10-05 15:39:39 | INFO | services.connectors.risk3_connector | [1438/3192] CNPJ 17337300000163 -> CACHE (SUCESSO, 112d/365d)
2026-10-05 15:39:39 | INFO | services.connectors.risk3_connector | [1439/3192] CNPJ 17343071000190 -> CACHE (SUCESSO, 187d/365d)
2026-10-05 15:39:39 | INFO | services.connectors.risk3_connector | [1440/3192] CNPJ 17385003000193 -> CACHE (SUCESSO, 103d/365d)
2026-10-05 15:39:39 | INFO | services.connectors.risk3_connector | [1441/3192] CNPJ 17386017000121 -> CACHE (NAO_ENCONTRADO, 19d/30d)
2026-10-05 15:39:39 | INFO | services.connectors.risk3_connector | [1442/3192] CNPJ 17461715000144 -> CACHE (SUCESSO, 10d/365d)
2026-10-05 15:39:39 | INFO | services.connectors.risk3_connector | [1443/3192] CNPJ 17461715000225 -> CACHE (SUCESSO, 109d/365d)
2026-10-05 15:39:39 | INFO | services.connectors.risk3_connector | [1444/3192] CNPJ 17465122000156 -> CACHE (SUCESSO, 103d/365d)
2026-10-05 15:39:39 | INFO | services.connectors.risk3_connector | [1445/3192] CNPJ 17469701000177 -> CACHE (SUCESSO, 145d/365d)
2026-10-05 15:39:39 | INFO | services.connectors.risk3_connector | [1446/3192] CNPJ 17469701018700 -> CACHE (NAO_ENCONTRADO, 0d/30d)
2026-10-05 15:39:39 | INFO | services.connectors.risk3_connector | [1447/3192] CNPJ 17481242000147 -> CACHE (SUCESSO, 103d/365d)
2026-10-05 15:39:39 | INFO | services.connectors.risk3_connector | [1448/3192] CNPJ 17496722000181 -> CACHE (NAO_ENCONTRADO, 14d/30d)
2026-10-05 15:39:39 | INFO | services.connectors.risk3_connector | [1449/3192] CNPJ 17531314000113 -> CACHE (SUCESSO, 60d/365d)
2026-10-05 15:39:39 | INFO | services.connectors.risk3_connector | [1450/3192] CNPJ 17555263000160 -> CACHE (SUCESSO, 146d/365d)
2026-10-05 15:39:39 | INFO | services.connectors.risk3_connector | [1451/3192] CNPJ 17645625000103 -> CACHE (SUCESSO, 357d/365d)
2026-10-05 15:39:39 | INFO | services.connectors.risk3_connector | [1452/3192] CNPJ 17838797000101 -> CACHE (SUCESSO, 102d/365d)
2026-10-05 15:39:39 | INFO | services.connectors.risk3_connector | [1453/3192] CNPJ 17851152000109 -> CACHE (SUCESSO, 144d/365d)
2026-10-05 15:39:39 | INFO | services.connectors.risk3_connector | [1454/3192] CNPJ 17858631000149 -> CACHE (SUCESSO, 150d/365d)
2026-10-05 15:39:39 | INFO | services.connectors.risk3_connector | [1455/3192] CNPJ 17870489000155 -> CACHE (SUCESSO, 25d/365d)
2026-10-05 15:39:39 | INFO | services.connectors.risk3_connector | [1456/3192] CNPJ 17875511000150 -> CACHE (NAO_ENCONTRADO, 14d/30d)
2026-10-05 15:39:39 | INFO | services.connectors.risk3_connector | [1457/3192] CNPJ 17875511000230 -> CACHE (SUCESSO, 102d/365d)
2026-10-05 15:39:39 | INFO | services.connectors.risk3_connector | [1458/3192] CNPJ 17895648000176 -> CACHE (NAO_ENCONTRADO, 14d/30d)
2026-10-05 15:39:39 | INFO | services.connectors.risk3_connector | [1459/3192] CNPJ 18067083000100 -> CACHE (SUCESSO, 193d/365d)
2026-10-05 15:39:39 | INFO | services.connectors.risk3_connector | [1460/3192] CNPJ 18184793000101 -> CACHE (SUCESSO, 102d/365d)
2026-10-05 15:39:39 | INFO | services.connectors.risk3_connector | [1461/3192] CNPJ 18185035000108 -> CACHE (SUCESSO, 174d/365d)
2026-10-05 15:39:39 | INFO | services.connectors.risk3_connector | [1462/3192] CNPJ 18216718000185 -> CACHE (SUCESSO, 102d/365d)
2026-10-05 15:39:39 | INFO | services.connectors.risk3_connector | [1463/3192] CNPJ 18235741000117 -> CACHE (SUCESSO, 307d/365d)
2026-10-05 15:39:39 | INFO | services.connectors.risk3_connector | [1464/3192] CNPJ 18269125000187 -> CACHE (SUCESSO, 82d/365d)
2026-10-05 15:39:39 | INFO | services.connectors.risk3_connector | [1465/3192] CNPJ 18279158000108 -> CACHE (SUCESSO, 320d/365d)
2026-10-05 15:39:39 | INFO | services.connectors.risk3_connector | [1466/3192] CNPJ 18303320000186 -> CACHE (NAO_ENCONTRADO, 14d/30d)
2026-10-05 15:39:39 | INFO | services.connectors.risk3_connector | [1467/3192] CNPJ 18325729000101 -> CACHE (SUCESSO, 305d/365d)
2026-10-05 15:39:39 | INFO | services.connectors.risk3_connector | [1468/3192] CNPJ 18328118000109 -> CACHE (NAO_ENCONTRADO, 14d/30d)
2026-10-05 15:39:39 | INFO | services.connectors.risk3_connector | [1469/3192] CNPJ 18371025000167 -> CACHE (SUCESSO, 102d/365d)
2026-10-05 15:39:39 | INFO | services.connectors.risk3_connector | [1470/3192] CNPJ 18384740000134 -> CACHE (SUCESSO, 115d/365d)
2026-10-05 15:39:39 | INFO | services.connectors.risk3_connector | [1471/3192] CNPJ 18416364000112 -> CACHE (SUCESSO, 97d/365d)
2026-10-05 15:39:39 | INFO | services.connectors.risk3_connector | [1472/3192] CNPJ 18483400000160 -> CACHE (SUCESSO, 150d/365d)
2026-10-05 15:39:39 | INFO | services.connectors.risk3_connector | [1473/3192] CNPJ 18605172000154 -> CACHE (SUCESSO, 206d/365d)
2026-10-05 15:39:39 | INFO | services.connectors.risk3_connector | [1474/3192] CNPJ 18626084000139 -> CACHE (SUCESSO, 236d/365d)
2026-10-05 15:39:39 | INFO | services.connectors.risk3_connector | [1475/3192] CNPJ 18700410000100 -> CACHE (NAO_ENCONTRADO, 14d/30d)
2026-10-05 15:39:39 | INFO | services.connectors.risk3_connector | [1476/3192] CNPJ 18748235000121 -> CACHE (SUCESSO, 103d/365d)
2026-10-05 15:39:39 | INFO | services.connectors.risk3_connector | [1477/3192] CNPJ 18788137000118 -> CACHE (SUCESSO, 103d/365d)
2026-10-05 15:39:39 | INFO | services.connectors.risk3_connector | [1478/3192] CNPJ 18803654000461 -> CACHE (SUCESSO, 297d/365d)
2026-10-05 15:39:39 | INFO | services.connectors.risk3_connector | [1479/3192] CNPJ 18843495000186 -> CACHE (SUCESSO, 102d/365d)
2026-10-05 15:39:39 | INFO | services.connectors.risk3_connector | [1480/3192] CNPJ 18845076000183 -> CACHE (SUCESSO, 153d/365d)
2026-10-05 15:39:39 | INFO | services.connectors.risk3_connector | [1481/3192] CNPJ 18852832000100 -> CACHE (SUCESSO, 102d/365d)
2026-10-05 15:39:39 | INFO | services.connectors.risk3_connector | [1482/3192] CNPJ 18856003000197 -> CACHE (SUCESSO, 102d/365d)
2026-10-05 15:39:39 | INFO | services.connectors.risk3_connector | [1483/3192] CNPJ 18859687000180 -> CACHE (SUCESSO, 325d/365d)
2026-10-05 15:39:39 | INFO | services.connectors.risk3_connector | [1484/3192] CNPJ 18866111000140 -> CACHE (SUCESSO, 102d/365d)
2026-10-05 15:39:39 | INFO | services.connectors.risk3_connector | [1485/3192] CNPJ 18866111000493 -> CACHE (NAO_ENCONTRADO, 14d/30d)
2026-10-05 15:39:39 | INFO | services.connectors.risk3_connector | [1486/3192] CNPJ 18889527000184 -> CACHE (NAO_ENCONTRADO, 14d/30d)
2026-10-05 15:39:39 | INFO | services.connectors.risk3_connector | [1487/3192] CNPJ 18891055000102 -> CACHE (SUCESSO, 102d/365d)
2026-10-05 15:39:39 | INFO | services.connectors.risk3_connector | [1488/3192] CNPJ 18891185000137 -> CACHE (SUCESSO, 173d/365d)
2026-10-05 15:39:39 | INFO | services.connectors.risk3_connector | [1489/3192] CNPJ 18972990000195 -> CACHE (SUCESSO, 103d/365d)
2026-10-05 15:39:39 | INFO | services.connectors.risk3_connector | [1490/3192] CNPJ 18983409000130 -> CACHE (SUCESSO, 103d/365d)
2026-10-05 15:39:39 | INFO | services.connectors.risk3_connector | [1491/3192] CNPJ 19009381000106 -> CACHE (SUCESSO, 19d/365d)
2026-10-05 15:39:39 | INFO | services.connectors.risk3_connector | [1492/3192] CNPJ 19009381000360 -> CACHE (SUCESSO, 102d/365d)
2026-10-05 15:39:39 | INFO | services.connectors.risk3_connector | [1493/3192] CNPJ 19020939000146 -> CACHE (SUCESSO, 102d/365d)
2026-10-05 15:39:39 | INFO | services.connectors.risk3_connector | [1494/3192] CNPJ 19125927000186 -> CACHE (SUCESSO, 147d/365d)
2026-10-05 15:39:39 | INFO | services.connectors.risk3_connector | [1495/3192] CNPJ 19166180000104 -> CACHE (SUCESSO, 145d/365d)
2026-10-05 15:39:39 | INFO | services.connectors.risk3_connector | [1496/3192] CNPJ 19166180000376 -> CACHE (SUCESSO, 175d/365d)
2026-10-05 15:39:39 | INFO | services.connectors.risk3_connector | [1497/3192] CNPJ 19170243000104 -> CACHE (SUCESSO, 102d/365d)
2026-10-05 15:39:39 | INFO | services.connectors.risk3_connector | [1498/3192] CNPJ 19205227000100 -> CACHE (SUCESSO, 103d/365d)
2026-10-05 15:39:39 | INFO | services.connectors.risk3_connector | [1499/3192] CNPJ 19223945000109 -> CACHE (SUCESSO, 102d/365d)
2026-10-05 15:39:39 | INFO | services.connectors.risk3_connector | [1500/3192] CNPJ 19267297000184 -> CACHE (SUCESSO, 102d/365d)
2026-10-05 15:39:39 | INFO | services.connectors.risk3_connector | [1501/3192] CNPJ 19292864000152 -> CACHE (NAO_ENCONTRADO, 14d/30d)
2026-10-05 15:39:39 | INFO | services.connectors.risk3_connector | [1502/3192] CNPJ 19328827000157 -> CACHE (SUCESSO, 52d/365d)
2026-10-05 15:39:39 | INFO | services.connectors.risk3_connector | [1503/3192] CNPJ 19328827000742 -> CACHE (SUCESSO, 52d/365d)
2026-10-05 15:39:39 | INFO | services.connectors.risk3_connector | [1504/3192] CNPJ 19328827000823 -> CACHE (SUCESSO, 102d/365d)
2026-10-05 15:39:39 | INFO | services.connectors.risk3_connector | [1505/3192] CNPJ 19362207000134 -> CACHE (SUCESSO, 63d/365d)
2026-10-05 15:39:39 | INFO | services.connectors.risk3_connector | [1506/3192] CNPJ 19362207000215 -> CACHE (SUCESSO, 102d/365d)
2026-10-05 15:39:39 | INFO | services.connectors.risk3_connector | [1507/3192] CNPJ 19445340000154 -> CACHE (SUCESSO, 265d/365d)
2026-10-05 15:39:39 | INFO | services.connectors.risk3_connector | [1508/3192] CNPJ 19502690000105 -> CACHE (SUCESSO, 161d/365d)
2026-10-05 15:39:39 | INFO | services.connectors.risk3_connector | [1509/3192] CNPJ 19535258000110 -> CACHE (SUCESSO, 209d/365d)
2026-10-05 15:39:39 | INFO | services.connectors.risk3_connector | [1510/3192] CNPJ 19541444000162 -> CACHE (NAO_ENCONTRADO, 14d/30d)
2026-10-05 15:39:39 | INFO | services.connectors.risk3_connector | [1511/3192] CNPJ 19570655000123 -> CACHE (SUCESSO, 131d/365d)
2026-10-05 15:39:39 | INFO | services.connectors.risk3_connector | [1512/3192] CNPJ 19572597000177 -> CACHE (SUCESSO, 95d/365d)
2026-10-05 15:39:39 | INFO | services.connectors.risk3_connector | [1513/3192] CNPJ 19572597000258 -> CACHE (NAO_ENCONTRADO, 0d/30d)
2026-10-05 15:39:39 | INFO | services.connectors.risk3_connector | [1514/3192] CNPJ 19577977000102 -> CACHE (SUCESSO, 102d/365d)
2026-10-05 15:39:39 | INFO | services.connectors.risk3_connector | [1515/3192] CNPJ 19629444000119 -> CACHE (SUCESSO, 102d/365d)
2026-10-05 15:39:39 | INFO | services.connectors.risk3_connector | [1516/3192] CNPJ 19631099000158 -> CACHE (SUCESSO, 264d/365d)
2026-10-05 15:39:39 | INFO | services.connectors.risk3_connector | [1517/3192] CNPJ 19674909000153 -> CACHE (SUCESSO, 84d/365d)
2026-10-05 15:39:39 | INFO | services.connectors.risk3_connector | [1518/3192] CNPJ 19726111000108 -> CACHE (SUCESSO, 335d/365d)
2026-10-05 15:39:39 | INFO | services.connectors.risk3_connector | [1519/3192] CNPJ 19813045000103 -> CACHE (SUCESSO, 342d/365d)
2026-10-05 15:39:39 | INFO | services.connectors.risk3_connector | [1520/3192] CNPJ 19815105000127 -> CACHE (NAO_ENCONTRADO, 14d/30d)
2026-10-05 15:39:39 | INFO | services.connectors.risk3_connector | [1521/3192] CNPJ 19868024000195 -> CACHE (SUCESSO, 103d/365d)
2026-10-05 15:39:39 | INFO | services.connectors.risk3_connector | [1522/3192] CNPJ 19868855000167 -> CACHE (SUCESSO, 103d/365d)
2026-10-05 15:39:39 | INFO | services.connectors.risk3_connector | [1523/3192] CNPJ 19890579000133 -> CACHE (SUCESSO, 103d/365d)
2026-10-05 15:39:39 | INFO | services.connectors.risk3_connector | [1524/3192] CNPJ 19925848000150 -> CACHE (SUCESSO, 115d/365d)
2026-10-05 15:39:39 | INFO | services.connectors.risk3_connector | [1525/3192] CNPJ 19998958000141 -> CACHE (SUCESSO, 102d/365d)
2026-10-05 15:39:39 | INFO | services.connectors.risk3_connector | [1526/3192] CNPJ 20003699000150 -> CACHE (SUCESSO, 104d/365d)
2026-10-05 15:39:39 | INFO | services.connectors.risk3_connector | [1527/3192] CNPJ 20040441000124 -> CACHE (SUCESSO, 103d/365d)
2026-10-05 15:39:39 | INFO | services.connectors.risk3_connector | [1528/3192] CNPJ 20088535000173 -> CACHE (SUCESSO, 143d/365d)
2026-10-05 15:39:39 | INFO | services.connectors.risk3_connector | [1529/3192] CNPJ 20099268000130 -> CACHE (NAO_ENCONTRADO, 14d/30d)
2026-10-05 15:39:39 | INFO | services.connectors.risk3_connector | [1530/3192] CNPJ 20133750000149 -> CACHE (NAO_ENCONTRADO, 14d/30d)
2026-10-05 15:39:39 | INFO | services.connectors.risk3_connector | [1531/3192] CNPJ 20151362000190 -> CACHE (SUCESSO, 348d/365d)
2026-10-05 15:39:39 | INFO | services.connectors.risk3_connector | [1532/3192] CNPJ 20216840000101 -> CACHE (SUCESSO, 103d/365d)
2026-10-05 15:39:39 | INFO | services.connectors.risk3_connector | [1533/3192] CNPJ 20283842000105 -> CACHE (NAO_ENCONTRADO, 6d/30d)
2026-10-05 15:39:39 | INFO | services.connectors.risk3_connector | [1534/3192] CNPJ 20283842001187 -> CACHE (NAO_ENCONTRADO, 14d/30d)
2026-10-05 15:39:39 | INFO | services.connectors.risk3_connector | [1535/3192] CNPJ 20300157003912 -> CACHE (NAO_ENCONTRADO, 19d/30d)
2026-10-05 15:39:39 | INFO | services.connectors.risk3_connector | [1536/3192] CNPJ 20346524000146 -> CACHE (SUCESSO, 90d/365d)
2026-10-05 15:39:39 | INFO | services.connectors.risk3_connector | [1537/3192] CNPJ 20346524000570 -> CACHE (SUCESSO, 102d/365d)
2026-10-05 15:39:39 | INFO | services.connectors.risk3_connector | [1538/3192] CNPJ 20393479000180 -> CACHE (NAO_ENCONTRADO, 14d/30d)
2026-10-05 15:39:39 | INFO | services.connectors.risk3_connector | [1539/3192] CNPJ 20432216000133 -> CACHE (NAO_ENCONTRADO, 14d/30d)
2026-10-05 15:39:39 | INFO | services.connectors.risk3_connector | [1540/3192] CNPJ 20494564000135 -> CACHE (SUCESSO, 24d/365d)
2026-10-05 15:39:39 | INFO | services.connectors.risk3_connector | [1541/3192] CNPJ 20494564000216 -> CACHE (SUCESSO, 102d/365d)
2026-10-05 15:39:39 | INFO | services.connectors.risk3_connector | [1542/3192] CNPJ 20500092000186 -> CACHE (SUCESSO, 103d/365d)
2026-10-05 15:39:39 | INFO | services.connectors.risk3_connector | [1543/3192] CNPJ 20557422000170 -> CACHE (SUCESSO, 192d/365d)
2026-10-05 15:39:39 | INFO | services.connectors.risk3_connector | [1544/3192] CNPJ 20591154000102 -> CACHE (SUCESSO, 125d/365d)
2026-10-05 15:39:39 | INFO | services.connectors.risk3_connector | [1545/3192] CNPJ 20593206000180 -> CACHE (SUCESSO, 301d/365d)
2026-10-05 15:39:39 | INFO | services.connectors.risk3_connector | [1546/3192] CNPJ 20641255000140 -> CACHE (SUCESSO, 264d/365d)
2026-10-05 15:39:39 | INFO | services.connectors.risk3_connector | [1547/3192] CNPJ 20686723000101 -> CACHE (NAO_ENCONTRADO, 14d/30d)
2026-10-05 15:39:39 | INFO | services.connectors.risk3_connector | [1548/3192] CNPJ 20726794000182 -> CACHE (NAO_ENCONTRADO, 19d/30d)
2026-10-05 15:39:39 | INFO | services.connectors.risk3_connector | [1549/3192] CNPJ 20791886000146 -> CACHE (SUCESSO, 102d/365d)
2026-10-05 15:39:39 | INFO | services.connectors.risk3_connector | [1550/3192] CNPJ 20835381000136 -> CACHE (SUCESSO, 103d/365d)
2026-10-05 15:39:39 | INFO | services.connectors.risk3_connector | [1551/3192] CNPJ 20844980000116 -> CACHE (SUCESSO, 103d/365d)
2026-10-05 15:39:39 | INFO | services.connectors.risk3_connector | [1552/3192] CNPJ 20862635000105 -> CACHE (NAO_ENCONTRADO, 14d/30d)
2026-10-05 15:39:39 | INFO | services.connectors.risk3_connector | [1553/3192] CNPJ 20978264000121 -> CACHE (NAO_ENCONTRADO, 19d/30d)
2026-10-05 15:39:39 | INFO | services.connectors.risk3_connector | [1554/3192] CNPJ 21034389000166 -> CACHE (SUCESSO, 189d/365d)
2026-10-05 15:39:39 | INFO | services.connectors.risk3_connector | [1555/3192] CNPJ 21069040000160 -> CACHE (SUCESSO, 102d/365d)
2026-10-05 15:39:39 | INFO | services.connectors.risk3_connector | [1556/3192] CNPJ 21072669000169 -> CACHE (NAO_ENCONTRADO, 14d/30d)
2026-10-05 15:39:39 | INFO | services.connectors.risk3_connector | [1557/3192] CNPJ 21093385000159 -> CACHE (SUCESSO, 102d/365d)
2026-10-05 15:39:39 | INFO | services.connectors.risk3_connector | [1558/3192] CNPJ 21103316000189 -> CACHE (SUCESSO, 193d/365d)
2026-10-05 15:39:39 | INFO | services.connectors.risk3_connector | [1559/3192] CNPJ 21109697000103 -> CACHE (SUCESSO, 278d/365d)
2026-10-05 15:39:39 | INFO | services.connectors.risk3_connector | [1560/3192] CNPJ 21160480000128 -> CACHE (SUCESSO, 102d/365d)
2026-10-05 15:39:39 | INFO | services.connectors.risk3_connector | [1561/3192] CNPJ 21169348000187 -> CACHE (NAO_ENCONTRADO, 6d/30d)
2026-10-05 15:39:39 | INFO | services.connectors.risk3_connector | [1562/3192] CNPJ 21169348000349 -> CACHE (SUCESSO, 103d/365d)
2026-10-05 15:39:39 | INFO | services.connectors.risk3_connector | [1563/3192] CNPJ 21180182000108 -> CACHE (SUCESSO, 103d/365d)
2026-10-05 15:39:39 | INFO | services.connectors.risk3_connector | [1564/3192] CNPJ 21213298000198 -> CACHE (SUCESSO, 102d/365d)
2026-10-05 15:39:39 | INFO | services.connectors.risk3_connector | [1565/3192] CNPJ 21216439000126 -> CACHE (NAO_ENCONTRADO, 14d/30d)
2026-10-05 15:39:39 | INFO | services.connectors.risk3_connector | [1566/3192] CNPJ 21216857000113 -> CACHE (NAO_ENCONTRADO, 14d/30d)
2026-10-05 15:39:39 | INFO | services.connectors.risk3_connector | [1567/3192] CNPJ 21216877000194 -> CACHE (NAO_ENCONTRADO, 14d/30d)
2026-10-05 15:39:39 | INFO | services.connectors.risk3_connector | [1568/3192] CNPJ 21216892000132 -> CACHE (NAO_ENCONTRADO, 14d/30d)
2026-10-05 15:39:39 | INFO | services.connectors.risk3_connector | [1569/3192] CNPJ 21216915000109 -> CACHE (NAO_ENCONTRADO, 14d/30d)
2026-10-05 15:39:39 | INFO | services.connectors.risk3_connector | [1570/3192] CNPJ 21216925000144 -> CACHE (NAO_ENCONTRADO, 14d/30d)
2026-10-05 15:39:39 | INFO | services.connectors.risk3_connector | [1571/3192] CNPJ 21228540000105 -> CACHE (SUCESSO, 152d/365d)
2026-10-05 15:39:39 | INFO | services.connectors.risk3_connector | [1572/3192] CNPJ 21256386000177 -> CACHE (NAO_ENCONTRADO, 19d/30d)
2026-10-05 15:39:39 | INFO | services.connectors.risk3_connector | [1573/3192] CNPJ 21316271000120 -> CACHE (SUCESSO, 357d/365d)
2026-10-05 15:39:39 | INFO | services.connectors.risk3_connector | [1574/3192] CNPJ 21316324000103 -> CACHE (NAO_ENCONTRADO, 14d/30d)
2026-10-05 15:39:39 | INFO | services.connectors.risk3_connector | [1575/3192] CNPJ 21366458000139 -> CACHE (SUCESSO, 214d/365d)
2026-10-05 15:39:39 | INFO | services.connectors.risk3_connector | [1576/3192] CNPJ 21398314000164 -> CACHE (SUCESSO, 102d/365d)
2026-10-05 15:39:39 | INFO | services.connectors.risk3_connector | [1577/3192] CNPJ 21399573000100 -> CACHE (SUCESSO, 84d/365d)
2026-10-05 15:39:39 | INFO | services.connectors.risk3_connector | [1578/3192] CNPJ 21411283000134 -> CACHE (SUCESSO, 102d/365d)
2026-10-05 15:39:39 | INFO | services.connectors.risk3_connector | [1579/3192] CNPJ 21467516000110 -> CACHE (SUCESSO, 252d/365d)
2026-10-05 15:39:39 | INFO | services.connectors.risk3_connector | [1580/3192] CNPJ 21484454000155 -> CACHE (SUCESSO, 104d/365d)
2026-10-05 15:39:39 | INFO | services.connectors.risk3_connector | [1581/3192] CNPJ 21572069000160 -> CACHE (SUCESSO, 103d/365d)
2026-10-05 15:39:39 | INFO | services.connectors.risk3_connector | [1582/3192] CNPJ 21612448000136 -> CACHE (SUCESSO, 264d/365d)
2026-10-05 15:39:39 | INFO | services.connectors.risk3_connector | [1583/3192] CNPJ 21642355000154 -> CACHE (NAO_ENCONTRADO, 19d/30d)
2026-10-05 15:39:39 | INFO | services.connectors.risk3_connector | [1584/3192] CNPJ 21812954000179 -> CACHE (SUCESSO, 41d/365d)
2026-10-05 15:39:39 | INFO | services.connectors.risk3_connector | [1585/3192] CNPJ 21819182000105 -> CACHE (SUCESSO, 161d/365d)
2026-10-05 15:39:39 | INFO | services.connectors.risk3_connector | [1586/3192] CNPJ 21842878000144 -> CACHE (NAO_ENCONTRADO, 6d/30d)
2026-10-05 15:39:39 | INFO | services.connectors.risk3_connector | [1587/3192] CNPJ 21842878000225 -> CACHE (SUCESSO, 103d/365d)
2026-10-05 15:39:39 | INFO | services.connectors.risk3_connector | [1588/3192] CNPJ 21844612000130 -> CACHE (SUCESSO, 48d/365d)
2026-10-05 15:39:39 | INFO | services.connectors.risk3_connector | [1589/3192] CNPJ 21857228000172 -> CACHE (SUCESSO, 102d/365d)
2026-10-05 15:39:39 | INFO | services.connectors.risk3_connector | [1590/3192] CNPJ 21908856000130 -> CACHE (SUCESSO, 165d/365d)
2026-10-05 15:39:39 | INFO | services.connectors.risk3_connector | [1591/3192] CNPJ 21908918000103 -> CACHE (SUCESSO, 172d/365d)
2026-10-05 15:39:39 | INFO | services.connectors.risk3_connector | [1592/3192] CNPJ 21998635000108 -> CACHE (SUCESSO, 54d/365d)
2026-10-05 15:39:39 | INFO | services.connectors.risk3_connector | [1593/3192] CNPJ 22084882000153 -> CACHE (SUCESSO, 140d/365d)
2026-10-05 15:39:39 | INFO | services.connectors.risk3_connector | [1594/3192] CNPJ 22109465000118 -> CACHE (SUCESSO, 98d/365d)
2026-10-05 15:39:39 | INFO | services.connectors.risk3_connector | [1595/3192] CNPJ 22116625000156 -> CACHE (NAO_ENCONTRADO, 14d/30d)
2026-10-05 15:39:39 | INFO | services.connectors.risk3_connector | [1596/3192] CNPJ 22153641000119 -> CACHE (NAO_ENCONTRADO, 19d/30d)
2026-10-05 15:39:39 | INFO | services.connectors.risk3_connector | [1597/3192] CNPJ 22170908000186 -> CACHE (SUCESSO, 103d/365d)
2026-10-05 15:39:39 | INFO | services.connectors.risk3_connector | [1598/3192] CNPJ 22303462000110 -> CACHE (SUCESSO, 21d/365d)
2026-10-05 15:39:39 | INFO | services.connectors.risk3_connector | [1599/3192] CNPJ 22303462000544 -> CACHE (SUCESSO, 307d/365d)
2026-10-05 15:39:39 | INFO | services.connectors.risk3_connector | [1600/3192] CNPJ 22350122000140 -> CACHE (SUCESSO, 102d/365d)
2026-10-05 15:39:39 | INFO | services.connectors.risk3_connector | [1601/3192] CNPJ 22356415000135 -> CACHE (NAO_ENCONTRADO, 14d/30d)
2026-10-05 15:39:39 | INFO | services.connectors.risk3_connector | [1602/3192] CNPJ 22376681000120 -> CACHE (SUCESSO, 166d/365d)
2026-10-05 15:39:39 | INFO | services.connectors.risk3_connector | [1603/3192] CNPJ 22395724000114 -> CACHE (SUCESSO, 102d/365d)
2026-10-05 15:39:39 | INFO | services.connectors.risk3_connector | [1604/3192] CNPJ 22492169000149 -> CACHE (NAO_ENCONTRADO, 14d/30d)
2026-10-05 15:39:39 | INFO | services.connectors.risk3_connector | [1605/3192] CNPJ 22553164000189 -> CACHE (SUCESSO, 102d/365d)
2026-10-05 15:39:39 | INFO | services.connectors.risk3_connector | [1606/3192] CNPJ 22555275000124 -> CACHE (SUCESSO, 32d/365d)
2026-10-05 15:39:39 | INFO | services.connectors.risk3_connector | [1607/3192] CNPJ 22555275000205 -> CACHE (SUCESSO, 32d/365d)
2026-10-05 15:39:39 | INFO | services.connectors.risk3_connector | [1608/3192] CNPJ 22587687000146 -> CACHE (SUCESSO, 83d/365d)
2026-10-05 15:39:39 | INFO | services.connectors.risk3_connector | [1609/3192] CNPJ 22664469000168 -> CACHE (SUCESSO, 34d/365d)
2026-10-05 15:39:39 | INFO | services.connectors.risk3_connector | [1610/3192] CNPJ 22690869000148 -> CACHE (SUCESSO, 214d/365d)
2026-10-05 15:39:39 | INFO | services.connectors.risk3_connector | [1611/3192] CNPJ 22753966000132 -> CACHE (SUCESSO, 165d/365d)
2026-10-05 15:39:39 | INFO | services.connectors.risk3_connector | [1612/3192] CNPJ 22819418000168 -> CACHE (SUCESSO, 103d/365d)
2026-10-05 15:39:39 | INFO | services.connectors.risk3_connector | [1613/3192] CNPJ 22976970000160 -> CACHE (SUCESSO, 67d/365d)
2026-10-05 15:39:39 | INFO | services.connectors.risk3_connector | [1614/3192] CNPJ 22996480000125 -> CACHE (SUCESSO, 102d/365d)
2026-10-05 15:39:39 | INFO | services.connectors.risk3_connector | [1615/3192] CNPJ 23026776000186 -> CACHE (SUCESSO, 153d/365d)
2026-10-05 15:39:39 | INFO | services.connectors.risk3_connector | [1616/3192] CNPJ 23063277000169 -> CACHE (SUCESSO, 102d/365d)
2026-10-05 15:39:39 | INFO | services.connectors.risk3_connector | [1617/3192] CNPJ 23096269000119 -> CACHE (SUCESSO, 174d/365d)
2026-10-05 15:39:39 | INFO | services.connectors.risk3_connector | [1618/3192] CNPJ 23212165000122 -> CACHE (SUCESSO, 76d/365d)
2026-10-05 15:39:39 | INFO | services.connectors.risk3_connector | [1619/3192] CNPJ 23253637000195 -> CACHE (SUCESSO, 102d/365d)
2026-10-05 15:39:39 | INFO | services.connectors.risk3_connector | [1620/3192] CNPJ 23412242000198 -> CACHE (SUCESSO, 154d/365d)
2026-10-05 15:39:39 | INFO | services.connectors.risk3_connector | [1621/3192] CNPJ 23422037000103 -> CACHE (NAO_ENCONTRADO, 19d/30d)
2026-10-05 15:39:39 | INFO | services.connectors.risk3_connector | [1622/3192] CNPJ 23437255000111 -> CACHE (SUCESSO, 103d/365d)
2026-10-05 15:39:39 | INFO | services.connectors.risk3_connector | [1623/3192] CNPJ 23455342000100 -> CACHE (SUCESSO, 102d/365d)
2026-10-05 15:39:39 | INFO | services.connectors.risk3_connector | [1624/3192] CNPJ 23459749000105 -> CACHE (NAO_ENCONTRADO, 14d/30d)
2026-10-05 15:39:39 | INFO | services.connectors.risk3_connector | [1625/3192] CNPJ 23637697000101 -> CACHE (SUCESSO, 181d/365d)
2026-10-05 15:39:39 | INFO | services.connectors.risk3_connector | [1626/3192] CNPJ 23651885000194 -> CACHE (NAO_ENCONTRADO, 14d/30d)
2026-10-05 15:39:39 | INFO | services.connectors.risk3_connector | [1627/3192] CNPJ 23704333000105 -> CACHE (NAO_ENCONTRADO, 6d/30d)
2026-10-05 15:39:39 | INFO | services.connectors.risk3_connector | [1628/3192] CNPJ 23704333000288 -> CACHE (SUCESSO, 102d/365d)
2026-10-05 15:39:39 | INFO | services.connectors.risk3_connector | [1629/3192] CNPJ 23798846000114 -> CACHE (NAO_ENCONTRADO, 19d/30d)
2026-10-05 15:39:39 | INFO | services.connectors.risk3_connector | [1630/3192] CNPJ 23869251000102 -> CACHE (SUCESSO, 103d/365d)
2026-10-05 15:39:39 | INFO | services.connectors.risk3_connector | [1631/3192] CNPJ 23876304000112 -> CACHE (SUCESSO, 311d/365d)
2026-10-05 15:39:39 | INFO | services.connectors.risk3_connector | [1632/3192] CNPJ 23890953000178 -> CACHE (SUCESSO, 103d/365d)
2026-10-05 15:39:39 | INFO | services.connectors.risk3_connector | [1633/3192] CNPJ 23892355000138 -> CACHE (SUCESSO, 102d/365d)
2026-10-05 15:39:39 | INFO | services.connectors.risk3_connector | [1634/3192] CNPJ 24011952000179 -> CACHE (SUCESSO, 98d/365d)
2026-10-05 15:39:39 | INFO | services.connectors.risk3_connector | [1635/3192] CNPJ 24028908000171 -> CACHE (NAO_ENCONTRADO, 14d/30d)
2026-10-05 15:39:39 | INFO | services.connectors.risk3_connector | [1636/3192] CNPJ 24058142000178 -> CACHE (SUCESSO, 160d/365d)
2026-10-05 15:39:39 | INFO | services.connectors.risk3_connector | [1637/3192] CNPJ 24168115000158 -> CACHE (SUCESSO, 259d/365d)
2026-10-05 15:39:39 | INFO | services.connectors.risk3_connector | [1638/3192] CNPJ 24222394000190 -> CACHE (SUCESSO, 129d/365d)
2026-10-05 15:39:39 | INFO | services.connectors.risk3_connector | [1639/3192] CNPJ 24325696000194 -> CACHE (SUCESSO, 102d/365d)
2026-10-05 15:39:39 | INFO | services.connectors.risk3_connector | [1640/3192] CNPJ 24332457000161 -> CACHE (SUCESSO, 103d/365d)
2026-10-05 15:39:39 | INFO | services.connectors.risk3_connector | [1641/3192] CNPJ 24337192000194 -> CACHE (NAO_ENCONTRADO, 19d/30d)
2026-10-05 15:39:39 | INFO | services.connectors.risk3_connector | [1642/3192] CNPJ 24396489000120 -> CACHE (NAO_ENCONTRADO, 19d/30d)
2026-10-05 15:39:39 | INFO | services.connectors.risk3_connector | [1643/3192] CNPJ 24443608000159 -> CACHE (NAO_ENCONTRADO, 6d/30d)
2026-10-05 15:39:39 | INFO | services.connectors.risk3_connector | [1644/3192] CNPJ 24443608001040 -> CACHE (NAO_ENCONTRADO, 14d/30d)
2026-10-05 15:39:39 | INFO | services.connectors.risk3_connector | [1645/3192] CNPJ 24479976000157 -> CACHE (SUCESSO, 154d/365d)
2026-10-05 15:39:39 | INFO | services.connectors.risk3_connector | [1646/3192] CNPJ 24510849000173 -> CACHE (SUCESSO, 62d/365d)
2026-10-05 15:39:39 | INFO | services.connectors.risk3_connector | [1647/3192] CNPJ 24550050000100 -> CACHE (SUCESSO, 160d/365d)
2026-10-05 15:39:39 | INFO | services.connectors.risk3_connector | [1648/3192] CNPJ 24632868000172 -> CACHE (SUCESSO, 192d/365d)
2026-10-05 15:39:39 | INFO | services.connectors.risk3_connector | [1649/3192] CNPJ 24684129000124 -> CACHE (SUCESSO, 182d/365d)
2026-10-05 15:39:39 | INFO | services.connectors.risk3_connector | [1650/3192] CNPJ 24743678000122 -> CACHE (NAO_ENCONTRADO, 19d/30d)
2026-10-05 15:39:39 | INFO | services.connectors.risk3_connector | [1651/3192] CNPJ 24771203000140 -> CACHE (SUCESSO, 265d/365d)
2026-10-05 15:39:39 | INFO | services.connectors.risk3_connector | [1652/3192] CNPJ 24797759000105 -> CACHE (SUCESSO, 137d/365d)
2026-10-05 15:39:39 | INFO | services.connectors.risk3_connector | [1653/3192] CNPJ 24884808000147 -> CACHE (NAO_ENCONTRADO, 14d/30d)
2026-10-05 15:39:39 | INFO | services.connectors.risk3_connector | [1654/3192] CNPJ 24893687000108 -> CACHE (NAO_ENCONTRADO, 6d/30d)
2026-10-05 15:39:39 | INFO | services.connectors.risk3_connector | [1655/3192] CNPJ 24893687001171 -> CACHE (NAO_ENCONTRADO, 14d/30d)
2026-10-05 15:39:39 | INFO | services.connectors.risk3_connector | [1656/3192] CNPJ 24990777000109 -> CACHE (SUCESSO, 245d/365d)
2026-10-05 15:39:39 | INFO | services.connectors.risk3_connector | [1657/3192] CNPJ 24991149000148 -> CACHE (NAO_ENCONTRADO, 14d/30d)
2026-10-05 15:39:39 | INFO | services.connectors.risk3_connector | [1658/3192] CNPJ 25018972000134 -> CACHE (NAO_ENCONTRADO, 14d/30d)
2026-10-05 15:39:39 | INFO | services.connectors.risk3_connector | [1659/3192] CNPJ 25043386000140 -> CACHE (NAO_ENCONTRADO, 14d/30d)
2026-10-05 15:39:39 | INFO | services.connectors.risk3_connector | [1660/3192] CNPJ 25079719000190 -> CACHE (SUCESSO, 117d/365d)
2026-10-05 15:39:39 | INFO | services.connectors.risk3_connector | [1661/3192] CNPJ 25086034000171 -> CACHE (NAO_ENCONTRADO, 0d/30d)
2026-10-05 15:39:39 | INFO | services.connectors.risk3_connector | [1662/3192] CNPJ 25099255000184 -> CACHE (SUCESSO, 112d/365d)
2026-10-05 15:39:39 | INFO | services.connectors.risk3_connector | [1663/3192] CNPJ 25201024000130 -> CACHE (NAO_ENCONTRADO, 19d/30d)
2026-10-05 15:39:39 | INFO | services.connectors.risk3_connector | [1664/3192] CNPJ 25240542000162 -> CACHE (SUCESSO, 7d/365d)
2026-10-05 15:39:39 | INFO | services.connectors.risk3_connector | [1665/3192] CNPJ 25318541000193 -> CACHE (NAO_ENCONTRADO, 19d/30d)
2026-10-05 15:39:39 | INFO | services.connectors.risk3_connector | [1666/3192] CNPJ 25319200000132 -> CACHE (NAO_ENCONTRADO, 19d/30d)
2026-10-05 15:39:39 | INFO | services.connectors.risk3_connector | [1667/3192] CNPJ 25369840000157 -> CACHE (SUCESSO, 108d/365d)
2026-10-05 15:39:39 | INFO | services.connectors.risk3_connector | [1668/3192] CNPJ 25376211000154 -> CACHE (SUCESSO, 103d/365d)
2026-10-05 15:39:39 | INFO | services.connectors.risk3_connector | [1669/3192] CNPJ 25401457000139 -> CACHE (SUCESSO, 208d/365d)
2026-10-05 15:39:39 | INFO | services.connectors.risk3_connector | [1670/3192] CNPJ 25466251000197 -> CACHE (NAO_ENCONTRADO, 19d/30d)
2026-10-05 15:39:39 | INFO | services.connectors.risk3_connector | [1671/3192] CNPJ 25721960000171 -> CACHE (NAO_ENCONTRADO, 14d/30d)
2026-10-05 15:39:39 | INFO | services.connectors.risk3_connector | [1672/3192] CNPJ 25926205000123 -> CACHE (NAO_ENCONTRADO, 14d/30d)
2026-10-05 15:39:39 | INFO | services.connectors.risk3_connector | [1673/3192] CNPJ 25982817000133 -> CACHE (SUCESSO, 102d/365d)
2026-10-05 15:39:39 | INFO | services.connectors.risk3_connector | [1674/3192] CNPJ 26039535000160 -> CACHE (NAO_ENCONTRADO, 14d/30d)
2026-10-05 15:39:39 | INFO | services.connectors.risk3_connector | [1675/3192] CNPJ 26051817000182 -> CACHE (NAO_ENCONTRADO, 19d/30d)
2026-10-05 15:39:39 | INFO | services.connectors.risk3_connector | [1676/3192] CNPJ 26060377000120 -> CACHE (SUCESSO, 265d/365d)
2026-10-05 15:39:39 | INFO | services.connectors.risk3_connector | [1677/3192] CNPJ 26073629000155 -> CACHE (NAO_ENCONTRADO, 14d/30d)
2026-10-05 15:39:39 | INFO | services.connectors.risk3_connector | [1678/3192] CNPJ 26105453000176 -> CACHE (SUCESSO, 103d/365d)
2026-10-05 15:39:39 | INFO | services.connectors.risk3_connector | [1679/3192] CNPJ 26118525000110 -> CACHE (NAO_ENCONTRADO, 14d/30d)
2026-10-05 15:39:39 | INFO | services.connectors.risk3_connector | [1680/3192] CNPJ 26177397000185 -> CACHE (SUCESSO, 117d/365d)
2026-10-05 15:39:39 | INFO | services.connectors.risk3_connector | [1681/3192] CNPJ 26215280000149 -> CACHE (SUCESSO, 119d/365d)
2026-10-05 15:39:39 | INFO | services.connectors.risk3_connector | [1682/3192] CNPJ 26222245000157 -> CACHE (SUCESSO, 102d/365d)
2026-10-05 15:39:39 | INFO | services.connectors.risk3_connector | [1683/3192] CNPJ 26437612000130 -> CACHE (SUCESSO, 39d/365d)
2026-10-05 15:39:39 | INFO | services.connectors.risk3_connector | [1684/3192] CNPJ 26474919000100 -> CACHE (NAO_ENCONTRADO, 19d/30d)
2026-10-05 15:39:39 | INFO | services.connectors.risk3_connector | [1685/3192] CNPJ 26537119000191 -> CACHE (NAO_ENCONTRADO, 19d/30d)
2026-10-05 15:39:39 | INFO | services.connectors.risk3_connector | [1686/3192] CNPJ 26562346000177 -> CACHE (SUCESSO, 63d/365d)
2026-10-05 15:39:39 | INFO | services.connectors.risk3_connector | [1687/3192] CNPJ 26589893000146 -> CACHE (SUCESSO, 172d/365d)
2026-10-05 15:39:39 | INFO | services.connectors.risk3_connector | [1688/3192] CNPJ 26608960000122 -> CACHE (SUCESSO, 259d/365d)
2026-10-05 15:39:39 | INFO | services.connectors.risk3_connector | [1689/3192] CNPJ 26628428000177 -> CACHE (SUCESSO, 20d/365d)
2026-10-05 15:39:39 | INFO | services.connectors.risk3_connector | [1690/3192] CNPJ 26633906000137 -> CACHE (NAO_ENCONTRADO, 14d/30d)
2026-10-05 15:39:39 | INFO | services.connectors.risk3_connector | [1691/3192] CNPJ 26678845000124 -> CACHE (NAO_ENCONTRADO, 14d/30d)
2026-10-05 15:39:39 | INFO | services.connectors.risk3_connector | [1692/3192] CNPJ 26689080000128 -> CACHE (SUCESSO, 34d/365d)
2026-10-05 15:39:39 | INFO | services.connectors.risk3_connector | [1693/3192] CNPJ 26711428000136 -> CACHE (SUCESSO, 174d/365d)
2026-10-05 15:39:39 | INFO | services.connectors.risk3_connector | [1694/3192] CNPJ 26748019000104 -> CACHE (NAO_ENCONTRADO, 14d/30d)
2026-10-05 15:39:39 | INFO | services.connectors.risk3_connector | [1695/3192] CNPJ 26769130000187 -> CACHE (SUCESSO, 349d/365d)
2026-10-05 15:39:39 | INFO | services.connectors.risk3_connector | [1696/3192] CNPJ 26813109000131 -> CACHE (NAO_ENCONTRADO, 14d/30d)
2026-10-05 15:39:39 | INFO | services.connectors.risk3_connector | [1697/3192] CNPJ 26878725000170 -> CACHE (SUCESSO, 103d/365d)
2026-10-05 15:39:39 | INFO | services.connectors.risk3_connector | [1698/3192] CNPJ 26914969000161 -> CACHE (SUCESSO, 112d/365d)
2026-10-05 15:39:39 | INFO | services.connectors.risk3_connector | [1699/3192] CNPJ 26940979000171 -> CACHE (NAO_ENCONTRADO, 0d/30d)
2026-10-05 15:39:39 | INFO | services.connectors.risk3_connector | [1700/3192] CNPJ 26986376000100 -> CACHE (SUCESSO, 152d/365d)
2026-10-05 15:39:39 | INFO | services.connectors.risk3_connector | [1701/3192] CNPJ 26994986000156 -> CACHE (NAO_ENCONTRADO, 14d/30d)
2026-10-05 15:39:39 | INFO | services.connectors.risk3_connector | [1702/3192] CNPJ 27001247000189 -> CACHE (SUCESSO, 103d/365d)
2026-10-05 15:39:39 | INFO | services.connectors.risk3_connector | [1703/3192] CNPJ 27075910000190 -> CACHE (SUCESSO, 265d/365d)
2026-10-05 15:39:39 | INFO | services.connectors.risk3_connector | [1704/3192] CNPJ 27133259000167 -> CACHE (SUCESSO, 103d/365d)
2026-10-05 15:39:39 | INFO | services.connectors.risk3_connector | [1705/3192] CNPJ 27184790000169 -> CACHE (SUCESSO, 150d/365d)
2026-10-05 15:39:39 | INFO | services.connectors.risk3_connector | [1706/3192] CNPJ 27208273000182 -> CACHE (SUCESSO, 103d/365d)
2026-10-05 15:39:39 | INFO | services.connectors.risk3_connector | [1707/3192] CNPJ 27352303000120 -> CACHE (NAO_ENCONTRADO, 19d/30d)
2026-10-05 15:39:39 | INFO | services.connectors.risk3_connector | [1708/3192] CNPJ 27352303000200 -> CACHE (SUCESSO, 150d/365d)
2026-10-05 15:39:39 | INFO | services.connectors.risk3_connector | [1709/3192] CNPJ 27483435000190 -> CACHE (SUCESSO, 158d/365d)
2026-10-05 15:39:39 | INFO | services.connectors.risk3_connector | [1710/3192] CNPJ 27485069000109 -> CACHE (NAO_ENCONTRADO, 0d/30d)
2026-10-05 15:39:39 | INFO | services.connectors.risk3_connector | [1711/3192] CNPJ 27515154002035 -> CACHE (NAO_ENCONTRADO, 19d/30d)
2026-10-05 15:39:39 | INFO | services.connectors.risk3_connector | [1712/3192] CNPJ 27657485000147 -> CACHE (SUCESSO, 165d/365d)
2026-10-05 15:39:39 | INFO | services.connectors.risk3_connector | [1713/3192] CNPJ 27690671000188 -> CACHE (NAO_ENCONTRADO, 19d/30d)
2026-10-05 15:39:39 | INFO | services.connectors.risk3_connector | [1714/3192] CNPJ 27770822000108 -> CACHE (SUCESSO, 61d/365d)
2026-10-05 15:39:39 | INFO | services.connectors.risk3_connector | [1715/3192] CNPJ 27796415000170 -> CACHE (SUCESSO, 238d/365d)
2026-10-05 15:39:39 | INFO | services.connectors.risk3_connector | [1716/3192] CNPJ 27796415000250 -> CACHE (SUCESSO, 102d/365d)
2026-10-05 15:39:39 | INFO | services.connectors.risk3_connector | [1717/3192] CNPJ 27836329000143 -> CACHE (SUCESSO, 54d/365d)
2026-10-05 15:39:39 | INFO | services.connectors.risk3_connector | [1718/3192] CNPJ 27945263000120 -> CACHE (SUCESSO, 348d/365d)
2026-10-05 15:39:39 | INFO | services.connectors.risk3_connector | [1719/3192] CNPJ 28021619000100 -> CACHE (NAO_ENCONTRADO, 14d/30d)
2026-10-05 15:39:39 | INFO | services.connectors.risk3_connector | [1720/3192] CNPJ 28045354000171 -> CACHE (SUCESSO, 175d/365d)
2026-10-05 15:39:39 | INFO | services.connectors.risk3_connector | [1721/3192] CNPJ 28045354000252 -> CACHE (SUCESSO, 102d/365d)
2026-10-05 15:39:39 | INFO | services.connectors.risk3_connector | [1722/3192] CNPJ 28060882000108 -> CACHE (SUCESSO, 172d/365d)
2026-10-05 15:39:39 | INFO | services.connectors.risk3_connector | [1723/3192] CNPJ 28120534000170 -> CACHE (NAO_ENCONTRADO, 19d/30d)
2026-10-05 15:39:39 | INFO | services.connectors.risk3_connector | [1724/3192] CNPJ 28127926000242 -> CACHE (NAO_ENCONTRADO, 19d/30d)
2026-10-05 15:39:39 | INFO | services.connectors.risk3_connector | [1725/3192] CNPJ 28133664000148 -> CACHE (SUCESSO, 82d/365d)
2026-10-05 15:39:39 | INFO | services.connectors.risk3_connector | [1726/3192] CNPJ 28240693000109 -> CACHE (SUCESSO, 222d/365d)
2026-10-05 15:39:39 | INFO | services.connectors.risk3_connector | [1727/3192] CNPJ 28315930000153 -> CACHE (NAO_ENCONTRADO, 14d/30d)
2026-10-05 15:39:39 | INFO | services.connectors.risk3_connector | [1728/3192] CNPJ 28327394000106 -> CACHE (SUCESSO, 103d/365d)
2026-10-05 15:39:39 | INFO | services.connectors.risk3_connector | [1729/3192] CNPJ 28397998000129 -> CACHE (SUCESSO, 140d/365d)
2026-10-05 15:39:39 | INFO | services.connectors.risk3_connector | [1730/3192] CNPJ 28423185000166 -> CACHE (NAO_ENCONTRADO, 19d/30d)
2026-10-05 15:39:39 | INFO | services.connectors.risk3_connector | [1731/3192] CNPJ 28461930000161 -> CACHE (SUCESSO, 102d/365d)
2026-10-05 15:39:39 | INFO | services.connectors.risk3_connector | [1732/3192] CNPJ 28525891000119 -> CACHE (NAO_ENCONTRADO, 6d/30d)
2026-10-05 15:39:39 | INFO | services.connectors.risk3_connector | [1733/3192] CNPJ 28525891000208 -> CACHE (SUCESSO, 102d/365d)
2026-10-05 15:39:39 | INFO | services.connectors.risk3_connector | [1734/3192] CNPJ 28543070000105 -> CACHE (NAO_ENCONTRADO, 14d/30d)
2026-10-05 15:39:39 | INFO | services.connectors.risk3_connector | [1735/3192] CNPJ 28547761000187 -> CACHE (SUCESSO, 125d/365d)
2026-10-05 15:39:39 | INFO | services.connectors.risk3_connector | [1736/3192] CNPJ 28583371000162 -> CACHE (SUCESSO, 102d/365d)
2026-10-05 15:39:39 | INFO | services.connectors.risk3_connector | [1737/3192] CNPJ 28601551000120 -> CACHE (SUCESSO, 102d/365d)
2026-10-05 15:39:39 | INFO | services.connectors.risk3_connector | [1738/3192] CNPJ 28602407000108 -> CACHE (SUCESSO, 102d/365d)
2026-10-05 15:39:39 | INFO | services.connectors.risk3_connector | [1739/3192] CNPJ 28640358000106 -> CACHE (NAO_ENCONTRADO, 19d/30d)
2026-10-05 15:39:39 | INFO | services.connectors.risk3_connector | [1740/3192] CNPJ 28672996000109 -> CACHE (NAO_ENCONTRADO, 6d/30d)
2026-10-05 15:39:39 | INFO | services.connectors.risk3_connector | [1741/3192] CNPJ 28672996000605 -> CACHE (SUCESSO, 103d/365d)
2026-10-05 15:39:39 | INFO | services.connectors.risk3_connector | [1742/3192] CNPJ 28691601000107 -> CACHE (SUCESSO, 102d/365d)
2026-10-05 15:39:39 | INFO | services.connectors.risk3_connector | [1743/3192] CNPJ 28758086000135 -> CACHE (SUCESSO, 154d/365d)
2026-10-05 15:39:39 | INFO | services.connectors.risk3_connector | [1744/3192] CNPJ 28803705000166 -> CACHE (NAO_ENCONTRADO, 19d/30d)
2026-10-05 15:39:39 | INFO | services.connectors.risk3_connector | [1745/3192] CNPJ 28829543000135 -> CACHE (SUCESSO, 341d/365d)
2026-10-05 15:39:39 | INFO | services.connectors.risk3_connector | [1746/3192] CNPJ 28835723000120 -> CACHE (SUCESSO, 103d/365d)
2026-10-05 15:39:39 | INFO | services.connectors.risk3_connector | [1747/3192] CNPJ 28946365000122 -> CACHE (NAO_ENCONTRADO, 14d/30d)
2026-10-05 15:39:39 | INFO | services.connectors.risk3_connector | [1748/3192] CNPJ 28946365000203 -> CACHE (SUCESSO, 102d/365d)
2026-10-05 15:39:39 | INFO | services.connectors.risk3_connector | [1749/3192] CNPJ 28969492000147 -> CACHE (SUCESSO, 59d/365d)
2026-10-05 15:39:39 | INFO | services.connectors.risk3_connector | [1750/3192] CNPJ 29000095000125 -> CACHE (NAO_ENCONTRADO, 19d/30d)
2026-10-05 15:39:39 | INFO | services.connectors.risk3_connector | [1751/3192] CNPJ 29067113000196 -> CACHE (SUCESSO, 35d/365d)
2026-10-05 15:39:39 | INFO | services.connectors.risk3_connector | [1752/3192] CNPJ 29142202000150 -> CACHE (SUCESSO, 178d/365d)
2026-10-05 15:39:39 | INFO | services.connectors.risk3_connector | [1753/3192] CNPJ 29170776000131 -> CACHE (SUCESSO, 133d/365d)
2026-10-05 15:39:39 | INFO | services.connectors.risk3_connector | [1754/3192] CNPJ 29198324000168 -> CACHE (SUCESSO, 140d/365d)
2026-10-05 15:39:39 | INFO | services.connectors.risk3_connector | [1755/3192] CNPJ 29224131000134 -> CACHE (SUCESSO, 252d/365d)
2026-10-05 15:39:39 | INFO | services.connectors.risk3_connector | [1756/3192] CNPJ 29244465000170 -> CACHE (SUCESSO, 354d/365d)
2026-10-05 15:39:39 | INFO | services.connectors.risk3_connector | [1757/3192] CNPJ 29270235000185 -> CACHE (SUCESSO, 150d/365d)
2026-10-05 15:39:39 | INFO | services.connectors.risk3_connector | [1758/3192] CNPJ 29294271000189 -> CACHE (NAO_ENCONTRADO, 6d/30d)
2026-10-05 15:39:39 | INFO | services.connectors.risk3_connector | [1759/3192] CNPJ 29294271000260 -> CACHE (NAO_ENCONTRADO, 14d/30d)
2026-10-05 15:39:39 | INFO | services.connectors.risk3_connector | [1760/3192] CNPJ 29302334000100 -> CACHE (NAO_ENCONTRADO, 14d/30d)
2026-10-05 15:39:39 | INFO | services.connectors.risk3_connector | [1761/3192] CNPJ 29302334000282 -> CACHE (SUCESSO, 102d/365d)
2026-10-05 15:39:39 | INFO | services.connectors.risk3_connector | [1762/3192] CNPJ 29302357000106 -> CACHE (NAO_ENCONTRADO, 14d/30d)
2026-10-05 15:39:39 | INFO | services.connectors.risk3_connector | [1763/3192] CNPJ 29302357000297 -> CACHE (SUCESSO, 102d/365d)
2026-10-05 15:39:39 | INFO | services.connectors.risk3_connector | [1764/3192] CNPJ 29302365000152 -> CACHE (NAO_ENCONTRADO, 6d/30d)
2026-10-05 15:39:39 | INFO | services.connectors.risk3_connector | [1765/3192] CNPJ 29302365000233 -> CACHE (SUCESSO, 102d/365d)
2026-10-05 15:39:39 | INFO | services.connectors.risk3_connector | [1766/3192] CNPJ 29316596000115 -> CACHE (SUCESSO, 82d/365d)
2026-10-05 15:39:39 | INFO | services.connectors.risk3_connector | [1767/3192] CNPJ 29340729000199 -> CACHE (SUCESSO, 192d/365d)
2026-10-05 15:39:39 | INFO | services.connectors.risk3_connector | [1768/3192] CNPJ 29350168000109 -> CACHE (NAO_ENCONTRADO, 19d/30d)
2026-10-05 15:39:39 | INFO | services.connectors.risk3_connector | [1769/3192] CNPJ 29362082000104 -> CACHE (NAO_ENCONTRADO, 19d/30d)
2026-10-05 15:39:39 | INFO | services.connectors.risk3_connector | [1770/3192] CNPJ 29433969000138 -> CACHE (NAO_ENCONTRADO, 6d/30d)
2026-10-05 15:39:39 | INFO | services.connectors.risk3_connector | [1771/3192] CNPJ 29433969000219 -> CACHE (SUCESSO, 102d/365d)
2026-10-05 15:39:39 | INFO | services.connectors.risk3_connector | [1772/3192] CNPJ 29507214000130 -> CACHE (NAO_ENCONTRADO, 14d/30d)
2026-10-05 15:39:39 | INFO | services.connectors.risk3_connector | [1773/3192] CNPJ 29507214000211 -> CACHE (SUCESSO, 102d/365d)
2026-10-05 15:39:39 | INFO | services.connectors.risk3_connector | [1774/3192] CNPJ 29527877000117 -> CACHE (SUCESSO, 192d/365d)
2026-10-05 15:39:39 | INFO | services.connectors.risk3_connector | [1775/3192] CNPJ 29557777000133 -> CACHE (NAO_ENCONTRADO, 14d/30d)
2026-10-05 15:39:39 | INFO | services.connectors.risk3_connector | [1776/3192] CNPJ 29591504000105 -> CACHE (SUCESSO, 192d/365d)
2026-10-05 15:39:39 | INFO | services.connectors.risk3_connector | [1777/3192] CNPJ 29617631000136 -> CACHE (SUCESSO, 39d/365d)
2026-10-05 15:39:39 | INFO | services.connectors.risk3_connector | [1778/3192] CNPJ 29667227000177 -> CACHE (SUCESSO, 76d/365d)
2026-10-05 15:39:39 | INFO | services.connectors.risk3_connector | [1779/3192] CNPJ 29678871000140 -> CACHE (SUCESSO, 173d/365d)
2026-10-05 15:39:39 | INFO | services.connectors.risk3_connector | [1780/3192] CNPJ 29752951000107 -> CACHE (SUCESSO, 312d/365d)
2026-10-05 15:39:39 | INFO | services.connectors.risk3_connector | [1781/3192] CNPJ 29866479000125 -> Consultando API (Endpoint detalhado por CNPJ)...
2026-10-05 15:39:39 | INFO | services.connectors.risk3_connector | SUCESSO na extração dos detalhes do Bureau!
2026-10-05 15:39:40 | INFO | services.connectors.risk3_connector | [1782/3192] CNPJ 29872616000134 -> CACHE (SUCESSO, 102d/365d)
2026-10-05 15:39:40 | INFO | services.connectors.risk3_connector | [1783/3192] CNPJ 29879557000126 -> CACHE (SUCESSO, 19d/365d)
2026-10-05 15:39:40 | INFO | services.connectors.risk3_connector | [1784/3192] CNPJ 29879594000134 -> CACHE (SUCESSO, 19d/365d)
2026-10-05 15:39:40 | INFO | services.connectors.risk3_connector | [1785/3192] CNPJ 29879650000130 -> CACHE (SUCESSO, 19d/365d)
2026-10-05 15:39:40 | INFO | services.connectors.risk3_connector | [1786/3192] CNPJ 29883520000171 -> CACHE (NAO_ENCONTRADO, 19d/30d)
2026-10-05 15:39:40 | INFO | services.connectors.risk3_connector | [1787/3192] CNPJ 29915125000123 -> CACHE (SUCESSO, 90d/365d)
2026-10-05 15:39:40 | INFO | services.connectors.risk3_connector | [1788/3192] CNPJ 29920394000188 -> CACHE (SUCESSO, 306d/365d)
2026-10-05 15:39:40 | INFO | services.connectors.risk3_connector | [1789/3192] CNPJ 29938085000135 -> CACHE (SUCESSO, 97d/365d)
2026-10-05 15:39:40 | INFO | services.connectors.risk3_connector | [1790/3192] CNPJ 29953203000184 -> CACHE (SUCESSO, 132d/365d)
2026-10-05 15:39:40 | INFO | services.connectors.risk3_connector | [1791/3192] CNPJ 29984961000160 -> CACHE (SUCESSO, 139d/365d)
2026-10-05 15:39:40 | INFO | services.connectors.risk3_connector | [1792/3192] CNPJ 29993083000149 -> CACHE (SUCESSO, 97d/365d)
2026-10-05 15:39:40 | INFO | services.connectors.risk3_connector | [1793/3192] CNPJ 30005640000155 -> CACHE (SUCESSO, 4d/365d)
2026-10-05 15:39:40 | INFO | services.connectors.risk3_connector | [1794/3192] CNPJ 30053915000126 -> CACHE (SUCESSO, 103d/365d)
2026-10-05 15:39:40 | INFO | services.connectors.risk3_connector | [1795/3192] CNPJ 30058920000121 -> CACHE (SUCESSO, 34d/365d)
2026-10-05 15:39:40 | INFO | services.connectors.risk3_connector | [1796/3192] CNPJ 30063842000153 -> CACHE (SUCESSO, 192d/365d)
2026-10-05 15:39:40 | INFO | services.connectors.risk3_connector | [1797/3192] CNPJ 30071135000109 -> CACHE (NAO_ENCONTRADO, 14d/30d)
2026-10-05 15:39:40 | INFO | services.connectors.risk3_connector | [1798/3192] CNPJ 30097726000155 -> CACHE (SUCESSO, 102d/365d)
2026-10-05 15:39:40 | INFO | services.connectors.risk3_connector | [1799/3192] CNPJ 30124679000191 -> CACHE (NAO_ENCONTRADO, 19d/30d)
2026-10-05 15:39:40 | INFO | services.connectors.risk3_connector | [1800/3192] CNPJ 30195195000133 -> CACHE (NAO_ENCONTRADO, 19d/30d)
2026-10-05 15:39:40 | INFO | services.connectors.risk3_connector | [1801/3192] CNPJ 30206620000142 -> CACHE (NAO_ENCONTRADO, 19d/30d)
2026-10-05 15:39:40 | INFO | services.connectors.risk3_connector | [1802/3192] CNPJ 30234798000105 -> CACHE (SUCESSO, 192d/365d)
2026-10-05 15:39:40 | INFO | services.connectors.risk3_connector | [1803/3192] CNPJ 30248458000125 -> CACHE (SUCESSO, 39d/365d)
2026-10-05 15:39:40 | INFO | services.connectors.risk3_connector | [1804/3192] CNPJ 30251841000132 -> CACHE (SUCESSO, 175d/365d)
2026-10-05 15:39:40 | INFO | services.connectors.risk3_connector | [1805/3192] CNPJ 30306294000145 -> CACHE (NAO_ENCONTRADO, 19d/30d)
2026-10-05 15:39:40 | INFO | services.connectors.risk3_connector | [1806/3192] CNPJ 30306294000226 -> CACHE (SUCESSO, 48d/365d)
2026-10-05 15:39:40 | INFO | services.connectors.risk3_connector | [1807/3192] CNPJ 30459113000110 -> CACHE (SUCESSO, 102d/365d)
2026-10-05 15:39:40 | INFO | services.connectors.risk3_connector | [1808/3192] CNPJ 30471204000171 -> CACHE (SUCESSO, 103d/365d)
2026-10-05 15:39:40 | INFO | services.connectors.risk3_connector | [1809/3192] CNPJ 30483222000173 -> CACHE (NAO_ENCONTRADO, 19d/30d)
2026-10-05 15:39:40 | INFO | services.connectors.risk3_connector | [1810/3192] CNPJ 30486147000102 -> CACHE (NAO_ENCONTRADO, 6d/30d)
2026-10-05 15:39:40 | INFO | services.connectors.risk3_connector | [1811/3192] CNPJ 30486147000285 -> CACHE (SUCESSO, 102d/365d)
2026-10-05 15:39:40 | INFO | services.connectors.risk3_connector | [1812/3192] CNPJ 30493245000169 -> CACHE (SUCESSO, 55d/365d)
2026-10-05 15:39:40 | INFO | services.connectors.risk3_connector | [1813/3192] CNPJ 30495806000169 -> CACHE (SUCESSO, 133d/365d)
2026-10-05 15:39:40 | INFO | services.connectors.risk3_connector | [1814/3192] CNPJ 30559132000119 -> CACHE (SUCESSO, 102d/365d)
2026-10-05 15:39:40 | INFO | services.connectors.risk3_connector | [1815/3192] CNPJ 30653328000178 -> CACHE (SUCESSO, 76d/365d)
2026-10-05 15:39:40 | INFO | services.connectors.risk3_connector | [1816/3192] CNPJ 30693787000185 -> CACHE (NAO_ENCONTRADO, 19d/30d)
2026-10-05 15:39:40 | INFO | services.connectors.risk3_connector | [1817/3192] CNPJ 30694272000108 -> CACHE (SUCESSO, 164d/365d)
2026-10-05 15:39:40 | INFO | services.connectors.risk3_connector | [1818/3192] CNPJ 30712938000103 -> CACHE (SUCESSO, 264d/365d)
2026-10-05 15:39:40 | INFO | services.connectors.risk3_connector | [1819/3192] CNPJ 30806150000158 -> CACHE (SUCESSO, 19d/365d)
2026-10-05 15:39:40 | INFO | services.connectors.risk3_connector | [1820/3192] CNPJ 30806162000182 -> CACHE (SUCESSO, 19d/365d)
2026-10-05 15:39:40 | INFO | services.connectors.risk3_connector | [1821/3192] CNPJ 30806179000130 -> CACHE (SUCESSO, 19d/365d)
2026-10-05 15:39:40 | INFO | services.connectors.risk3_connector | [1822/3192] CNPJ 30822139000181 -> CACHE (SUCESSO, 19d/365d)
2026-10-05 15:39:40 | INFO | services.connectors.risk3_connector | [1823/3192] CNPJ 30834939000112 -> CACHE (NAO_ENCONTRADO, 19d/30d)
2026-10-05 15:39:40 | INFO | services.connectors.risk3_connector | [1824/3192] CNPJ 30840548000100 -> CACHE (SUCESSO, 69d/365d)
2026-10-05 15:39:40 | INFO | services.connectors.risk3_connector | [1825/3192] CNPJ 30902608000172 -> CACHE (SUCESSO, 39d/365d)
2026-10-05 15:39:40 | INFO | services.connectors.risk3_connector | [1826/3192] CNPJ 30929117000115 -> CACHE (NAO_ENCONTRADO, 19d/30d)
2026-10-05 15:39:40 | INFO | services.connectors.risk3_connector | [1827/3192] CNPJ 30966130000144 -> CACHE (NAO_ENCONTRADO, 19d/30d)
2026-10-05 15:39:40 | INFO | services.connectors.risk3_connector | [1828/3192] CNPJ 30983948000175 -> CACHE (SUCESSO, 26d/365d)
2026-10-05 15:39:40 | INFO | services.connectors.risk3_connector | [1829/3192] CNPJ 31004703000111 -> CACHE (SUCESSO, 102d/365d)
2026-10-05 15:39:40 | INFO | services.connectors.risk3_connector | [1830/3192] CNPJ 31102147000116 -> CACHE (SUCESSO, 42d/365d)
2026-10-05 15:39:40 | INFO | services.connectors.risk3_connector | [1831/3192] CNPJ 31233530000103 -> CACHE (NAO_ENCONTRADO, 19d/30d)
2026-10-05 15:39:40 | INFO | services.connectors.risk3_connector | [1832/3192] CNPJ 31264770000175 -> CACHE (SUCESSO, 146d/365d)
2026-10-05 15:39:40 | INFO | services.connectors.risk3_connector | [1833/3192] CNPJ 31273842000140 -> CACHE (SUCESSO, 175d/365d)
2026-10-05 15:39:40 | INFO | services.connectors.risk3_connector | [1834/3192] CNPJ 31315659000160 -> CACHE (SUCESSO, 102d/365d)
2026-10-05 15:39:40 | INFO | services.connectors.risk3_connector | [1835/3192] CNPJ 31449173000115 -> CACHE (SUCESSO, 102d/365d)
2026-10-05 15:39:40 | INFO | services.connectors.risk3_connector | [1836/3192] CNPJ 31478575000148 -> CACHE (SUCESSO, 102d/365d)
2026-10-05 15:39:40 | INFO | services.connectors.risk3_connector | [1837/3192] CNPJ 31512081000132 -> CACHE (SUCESSO, 87d/365d)
2026-10-05 15:39:40 | INFO | services.connectors.risk3_connector | [1838/3192] CNPJ 31557781000143 -> CACHE (NAO_ENCONTRADO, 19d/30d)
2026-10-05 15:39:40 | INFO | services.connectors.risk3_connector | [1839/3192] CNPJ 31583235000187 -> CACHE (SUCESSO, 152d/365d)
2026-10-05 15:39:40 | INFO | services.connectors.risk3_connector | [1840/3192] CNPJ 31590862000145 -> CACHE (SUCESSO, 159d/365d)
2026-10-05 15:39:40 | INFO | services.connectors.risk3_connector | [1841/3192] CNPJ 31627849000113 -> CACHE (NAO_ENCONTRADO, 19d/30d)
2026-10-05 15:39:40 | INFO | services.connectors.risk3_connector | [1842/3192] CNPJ 31635668000139 -> CACHE (SUCESSO, 154d/365d)
2026-10-05 15:39:40 | INFO | services.connectors.risk3_connector | [1843/3192] CNPJ 31642161000102 -> CACHE (SUCESSO, 206d/365d)
2026-10-05 15:39:40 | INFO | services.connectors.risk3_connector | [1844/3192] CNPJ 31672016000174 -> CACHE (SUCESSO, 102d/365d)
2026-10-05 15:39:40 | INFO | services.connectors.risk3_connector | [1845/3192] CNPJ 31695962000136 -> CACHE (SUCESSO, 10d/365d)
2026-10-05 15:39:40 | INFO | services.connectors.risk3_connector | [1846/3192] CNPJ 31702947000178 -> CACHE (NAO_ENCONTRADO, 6d/30d)
2026-10-05 15:39:40 | INFO | services.connectors.risk3_connector | [1847/3192] CNPJ 31702947000330 -> CACHE (SUCESSO, 103d/365d)
2026-10-05 15:39:40 | INFO | services.connectors.risk3_connector | [1848/3192] CNPJ 31781135000165 -> CACHE (SUCESSO, 140d/365d)
2026-10-05 15:39:40 | INFO | services.connectors.risk3_connector | [1849/3192] CNPJ 31782653000101 -> CACHE (NAO_ENCONTRADO, 19d/30d)
2026-10-05 15:39:40 | INFO | services.connectors.risk3_connector | [1850/3192] CNPJ 31794665000148 -> CACHE (SUCESSO, 102d/365d)
2026-10-05 15:39:40 | INFO | services.connectors.risk3_connector | [1851/3192] CNPJ 31810463000142 -> CACHE (NAO_ENCONTRADO, 19d/30d)
2026-10-05 15:39:40 | INFO | services.connectors.risk3_connector | [1852/3192] CNPJ 31818954000130 -> CACHE (SUCESSO, 89d/365d)
2026-10-05 15:39:40 | INFO | services.connectors.risk3_connector | [1853/3192] CNPJ 31818978000199 -> CACHE (NAO_ENCONTRADO, 19d/30d)
2026-10-05 15:39:40 | INFO | services.connectors.risk3_connector | [1854/3192] CNPJ 31835348000122 -> CACHE (SUCESSO, 144d/365d)
2026-10-05 15:39:40 | INFO | services.connectors.risk3_connector | [1855/3192] CNPJ 31864869000108 -> CACHE (SUCESSO, 124d/365d)
2026-10-05 15:39:40 | INFO | services.connectors.risk3_connector | [1856/3192] CNPJ 31893778000109 -> CACHE (NAO_ENCONTRADO, 14d/30d)
2026-10-05 15:39:40 | INFO | services.connectors.risk3_connector | [1857/3192] CNPJ 31897236000104 -> CACHE (NAO_ENCONTRADO, 19d/30d)
2026-10-05 15:39:40 | INFO | services.connectors.risk3_connector | [1858/3192] CNPJ 31932088000103 -> CACHE (SUCESSO, 97d/365d)
2026-10-05 15:39:40 | INFO | services.connectors.risk3_connector | [1859/3192] CNPJ 31985283000100 -> CACHE (NAO_ENCONTRADO, 14d/30d)
2026-10-05 15:39:40 | INFO | services.connectors.risk3_connector | [1860/3192] CNPJ 31998807000199 -> CACHE (SUCESSO, 213d/365d)
2026-10-05 15:39:40 | INFO | services.connectors.risk3_connector | [1861/3192] CNPJ 32023463000165 -> CACHE (SUCESSO, 102d/365d)
2026-10-05 15:39:40 | INFO | services.connectors.risk3_connector | [1862/3192] CNPJ 32039151000140 -> CACHE (SUCESSO, 102d/365d)
2026-10-05 15:39:40 | INFO | services.connectors.risk3_connector | [1863/3192] CNPJ 32112142000137 -> CACHE (SUCESSO, 209d/365d)
2026-10-05 15:39:40 | INFO | services.connectors.risk3_connector | [1864/3192] CNPJ 32116582000162 -> CACHE (NAO_ENCONTRADO, 14d/30d)
2026-10-05 15:39:40 | INFO | services.connectors.risk3_connector | [1865/3192] CNPJ 32122715000103 -> CACHE (NAO_ENCONTRADO, 14d/30d)
2026-10-05 15:39:40 | INFO | services.connectors.risk3_connector | [1866/3192] CNPJ 32124546000140 -> CACHE (NAO_ENCONTRADO, 19d/30d)
2026-10-05 15:39:40 | INFO | services.connectors.risk3_connector | [1867/3192] CNPJ 32135034000180 -> CACHE (SUCESSO, 103d/365d)
2026-10-05 15:39:40 | INFO | services.connectors.risk3_connector | [1868/3192] CNPJ 32135359000162 -> CACHE (NAO_ENCONTRADO, 6d/30d)
2026-10-05 15:39:40 | INFO | services.connectors.risk3_connector | [1869/3192] CNPJ 32135359000910 -> CACHE (SUCESSO, 103d/365d)
2026-10-05 15:39:40 | INFO | services.connectors.risk3_connector | [1870/3192] CNPJ 32140332000168 -> CACHE (SUCESSO, 69d/365d)
2026-10-05 15:39:40 | INFO | services.connectors.risk3_connector | [1871/3192] CNPJ 32168500000123 -> CACHE (NAO_ENCONTRADO, 19d/30d)
2026-10-05 15:39:40 | INFO | services.connectors.risk3_connector | [1872/3192] CNPJ 32184195000163 -> CACHE (NAO_ENCONTRADO, 19d/30d)
2026-10-05 15:39:40 | INFO | services.connectors.risk3_connector | [1873/3192] CNPJ 32185360000100 -> CACHE (NAO_ENCONTRADO, 19d/30d)
2026-10-05 15:39:40 | INFO | services.connectors.risk3_connector | [1874/3192] CNPJ 32223414000176 -> CACHE (NAO_ENCONTRADO, 14d/30d)
2026-10-05 15:39:40 | INFO | services.connectors.risk3_connector | [1875/3192] CNPJ 32234363000188 -> CACHE (SUCESSO, 124d/365d)
2026-10-05 15:39:40 | INFO | services.connectors.risk3_connector | [1876/3192] CNPJ 32235159000181 -> CACHE (NAO_ENCONTRADO, 19d/30d)
2026-10-05 15:39:40 | INFO | services.connectors.risk3_connector | [1877/3192] CNPJ 32267722000101 -> CACHE (NAO_ENCONTRADO, 6d/30d)
2026-10-05 15:39:40 | INFO | services.connectors.risk3_connector | [1878/3192] CNPJ 32267722000284 -> CACHE (NAO_ENCONTRADO, 14d/30d)
2026-10-05 15:39:40 | INFO | services.connectors.risk3_connector | [1879/3192] CNPJ 32312466000119 -> CACHE (SUCESSO, 102d/365d)
2026-10-05 15:39:40 | INFO | services.connectors.risk3_connector | [1880/3192] CNPJ 32314495000110 -> CACHE (SUCESSO, 110d/365d)
2026-10-05 15:39:40 | INFO | services.connectors.risk3_connector | [1881/3192] CNPJ 32367504000130 -> CACHE (SUCESSO, 165d/365d)
2026-10-05 15:39:40 | INFO | services.connectors.risk3_connector | [1882/3192] CNPJ 32460679000198 -> CACHE (SUCESSO, 34d/365d)
2026-10-05 15:39:40 | INFO | services.connectors.risk3_connector | [1883/3192] CNPJ 32473076000120 -> CACHE (SUCESSO, 265d/365d)
2026-10-05 15:39:40 | INFO | services.connectors.risk3_connector | [1884/3192] CNPJ 32493370000102 -> CACHE (NAO_ENCONTRADO, 6d/30d)
2026-10-05 15:39:40 | INFO | services.connectors.risk3_connector | [1885/3192] CNPJ 32493370000285 -> CACHE (SUCESSO, 102d/365d)
2026-10-05 15:39:40 | INFO | services.connectors.risk3_connector | [1886/3192] CNPJ 32576121000172 -> CACHE (SUCESSO, 103d/365d)
2026-10-05 15:39:40 | INFO | services.connectors.risk3_connector | [1887/3192] CNPJ 32593445000119 -> CACHE (SUCESSO, 165d/365d)
2026-10-05 15:39:40 | INFO | services.connectors.risk3_connector | [1888/3192] CNPJ 32618447000115 -> CACHE (SUCESSO, 108d/365d)
2026-10-05 15:39:40 | INFO | services.connectors.risk3_connector | [1889/3192] CNPJ 32618447000620 -> CACHE (NAO_ENCONTRADO, 19d/30d)
2026-10-05 15:39:40 | INFO | services.connectors.risk3_connector | [1890/3192] CNPJ 32633074000151 -> CACHE (SUCESSO, 206d/365d)
2026-10-05 15:39:40 | INFO | services.connectors.risk3_connector | [1891/3192] CNPJ 32756560000167 -> CACHE (SUCESSO, 103d/365d)
2026-10-05 15:39:40 | INFO | services.connectors.risk3_connector | [1892/3192] CNPJ 32783106000103 -> CACHE (NAO_ENCONTRADO, 19d/30d)
2026-10-05 15:39:40 | INFO | services.connectors.risk3_connector | [1893/3192] CNPJ 32873282000128 -> CACHE (SUCESSO, 131d/365d)
2026-10-05 15:39:40 | INFO | services.connectors.risk3_connector | [1894/3192] CNPJ 32931696000166 -> CACHE (NAO_ENCONTRADO, 14d/30d)
2026-10-05 15:39:40 | INFO | services.connectors.risk3_connector | [1895/3192] CNPJ 32957892000100 -> CACHE (NAO_ENCONTRADO, 6d/30d)
2026-10-05 15:39:40 | INFO | services.connectors.risk3_connector | [1896/3192] CNPJ 32957892000452 -> CACHE (SUCESSO, 265d/365d)
2026-10-05 15:39:40 | INFO | services.connectors.risk3_connector | [1897/3192] CNPJ 32965868000112 -> CACHE (SUCESSO, 102d/365d)
2026-10-05 15:39:40 | INFO | services.connectors.risk3_connector | [1898/3192] CNPJ 33000167000101 -> CACHE (SUCESSO, 124d/365d)
2026-10-05 15:39:40 | INFO | services.connectors.risk3_connector | [1899/3192] CNPJ 33000167011650 -> CACHE (NAO_ENCONTRADO, 14d/30d)
2026-10-05 15:39:40 | INFO | services.connectors.risk3_connector | [1900/3192] CNPJ 33009911000139 -> CACHE (SUCESSO, 216d/365d)
2026-10-05 15:39:40 | INFO | services.connectors.risk3_connector | [1901/3192] CNPJ 33010786000187 -> CACHE (SUCESSO, 146d/365d)
2026-10-05 15:39:40 | INFO | services.connectors.risk3_connector | [1902/3192] CNPJ 33016338000190 -> CACHE (NAO_ENCONTRADO, 6d/30d)
2026-10-05 15:39:40 | INFO | services.connectors.risk3_connector | [1903/3192] CNPJ 33016338000271 -> CACHE (SUCESSO, 315d/365d)
2026-10-05 15:39:40 | INFO | services.connectors.risk3_connector | [1904/3192] CNPJ 33016338001405 -> CACHE (SUCESSO, 315d/365d)
2026-10-05 15:39:40 | INFO | services.connectors.risk3_connector | [1905/3192] CNPJ 33024632000144 -> CACHE (SUCESSO, 306d/365d)
2026-10-05 15:39:40 | INFO | services.connectors.risk3_connector | [1906/3192] CNPJ 33033556000133 -> CACHE (SUCESSO, 215d/365d)
2026-10-05 15:39:40 | INFO | services.connectors.risk3_connector | [1907/3192] CNPJ 33042730000104 -> CACHE (SUCESSO, 109d/365d)
2026-10-05 15:39:40 | INFO | services.connectors.risk3_connector | [1908/3192] CNPJ 33050071000158 -> CACHE (NAO_ENCONTRADO, 0d/30d)
2026-10-05 15:39:40 | INFO | services.connectors.risk3_connector | [1909/3192] CNPJ 33051624000197 -> CACHE (SUCESSO, 103d/365d)
2026-10-05 15:39:40 | INFO | services.connectors.risk3_connector | [1910/3192] CNPJ 33052515000194 -> CACHE (NAO_ENCONTRADO, 6d/30d)
2026-10-05 15:39:40 | INFO | services.connectors.risk3_connector | [1911/3192] CNPJ 33052515000356 -> CACHE (NAO_ENCONTRADO, 14d/30d)
2026-10-05 15:39:40 | INFO | services.connectors.risk3_connector | [1912/3192] CNPJ 33055732000138 -> CACHE (NAO_ENCONTRADO, 14d/30d)
2026-10-05 15:39:40 | INFO | services.connectors.risk3_connector | [1913/3192] CNPJ 33059528000195 -> CACHE (SUCESSO, 102d/365d)
2026-10-05 15:39:40 | INFO | services.connectors.risk3_connector | [1914/3192] CNPJ 33059528000357 -> CACHE (NAO_ENCONTRADO, 14d/30d)
2026-10-05 15:39:40 | INFO | services.connectors.risk3_connector | [1915/3192] CNPJ 33060716000133 -> CACHE (NAO_ENCONTRADO, 6d/30d)
2026-10-05 15:39:40 | INFO | services.connectors.risk3_connector | [1916/3192] CNPJ 33060716000214 -> CACHE (SUCESSO, 189d/365d)
2026-10-05 15:39:40 | INFO | services.connectors.risk3_connector | [1917/3192] CNPJ 33083466000157 -> CACHE (SUCESSO, 124d/365d)
2026-10-05 15:39:40 | INFO | services.connectors.risk3_connector | [1918/3192] CNPJ 33127947000117 -> CACHE (NAO_ENCONTRADO, 19d/30d)
2026-10-05 15:39:40 | INFO | services.connectors.risk3_connector | [1919/3192] CNPJ 33200056000149 -> CACHE (NAO_ENCONTRADO, 19d/30d)
2026-10-05 15:39:40 | INFO | services.connectors.risk3_connector | [1920/3192] CNPJ 33352394000104 -> CACHE (NAO_ENCONTRADO, 19d/30d)
2026-10-05 15:39:40 | INFO | services.connectors.risk3_connector | [1921/3192] CNPJ 33390170000189 -> CACHE (SUCESSO, 84d/365d)
2026-10-05 15:39:40 | INFO | services.connectors.risk3_connector | [1922/3192] CNPJ 33401635000150 -> CACHE (SUCESSO, 67d/365d)
2026-10-05 15:39:40 | INFO | services.connectors.risk3_connector | [1923/3192] CNPJ 33443024000174 -> CACHE (SUCESSO, 76d/365d)
2026-10-05 15:39:40 | INFO | services.connectors.risk3_connector | [1924/3192] CNPJ 33457932000117 -> CACHE (SUCESSO, 192d/365d)
2026-10-05 15:39:40 | INFO | services.connectors.risk3_connector | [1925/3192] CNPJ 33488348000129 -> CACHE (SUCESSO, 265d/365d)
2026-10-05 15:39:40 | INFO | services.connectors.risk3_connector | [1926/3192] CNPJ 33524912000111 -> CACHE (SUCESSO, 55d/365d)
2026-10-05 15:39:40 | INFO | services.connectors.risk3_connector | [1927/3192] CNPJ 33592510000154 -> CACHE (SUCESSO, 82d/365d)
2026-10-05 15:39:40 | INFO | services.connectors.risk3_connector | [1928/3192] CNPJ 33611500000119 -> CACHE (SUCESSO, 138d/365d)
2026-10-05 15:39:40 | INFO | services.connectors.risk3_connector | [1929/3192] CNPJ 33664228000135 -> CACHE (SUCESSO, 97d/365d)
2026-10-05 15:39:40 | INFO | services.connectors.risk3_connector | [1930/3192] CNPJ 33667336000161 -> CACHE (SUCESSO, 102d/365d)
2026-10-05 15:39:40 | INFO | services.connectors.risk3_connector | [1931/3192] CNPJ 33834418000153 -> CACHE (SUCESSO, 102d/365d)
2026-10-05 15:39:40 | INFO | services.connectors.risk3_connector | [1932/3192] CNPJ 33839828000197 -> CACHE (SUCESSO, 103d/365d)
2026-10-05 15:39:40 | INFO | services.connectors.risk3_connector | [1933/3192] CNPJ 33856394000133 -> CACHE (SUCESSO, 102d/365d)
2026-10-05 15:39:40 | INFO | services.connectors.risk3_connector | [1934/3192] CNPJ 33897820000187 -> CACHE (SUCESSO, 103d/365d)
2026-10-05 15:39:40 | INFO | services.connectors.risk3_connector | [1935/3192] CNPJ 33919741000120 -> CACHE (NAO_ENCONTRADO, 19d/30d)
2026-10-05 15:39:40 | INFO | services.connectors.risk3_connector | [1936/3192] CNPJ 33931478000194 -> CACHE (SUCESSO, 55d/365d)
2026-10-05 15:39:40 | INFO | services.connectors.risk3_connector | [1937/3192] CNPJ 33931753000170 -> CACHE (NAO_ENCONTRADO, 19d/30d)
2026-10-05 15:39:40 | INFO | services.connectors.risk3_connector | [1938/3192] CNPJ 33933760000100 -> CACHE (SUCESSO, 97d/365d)
2026-10-05 15:39:40 | INFO | services.connectors.risk3_connector | [1939/3192] CNPJ 33933760000291 -> CACHE (NAO_ENCONTRADO, 14d/30d)
2026-10-05 15:39:40 | INFO | services.connectors.risk3_connector | [1940/3192] CNPJ 33958695000178 -> CACHE (SUCESSO, 139d/365d)
2026-10-05 15:39:40 | INFO | services.connectors.risk3_connector | [1941/3192] CNPJ 33981438000157 -> CACHE (NAO_ENCONTRADO, 14d/30d)
2026-10-05 15:39:40 | INFO | services.connectors.risk3_connector | [1942/3192] CNPJ 34002904000178 -> CACHE (NAO_ENCONTRADO, 14d/30d)
2026-10-05 15:39:40 | INFO | services.connectors.risk3_connector | [1943/3192] CNPJ 34108922000139 -> CACHE (SUCESSO, 104d/365d)
2026-10-05 15:39:40 | INFO | services.connectors.risk3_connector | [1944/3192] CNPJ 34109229000180 -> CACHE (SUCESSO, 102d/365d)
2026-10-05 15:39:40 | INFO | services.connectors.risk3_connector | [1945/3192] CNPJ 34150762000196 -> CACHE (SUCESSO, 94d/365d)
2026-10-05 15:39:40 | INFO | services.connectors.risk3_connector | [1946/3192] CNPJ 34162415000183 -> CACHE (SUCESSO, 175d/365d)
2026-10-05 15:39:40 | INFO | services.connectors.risk3_connector | [1947/3192] CNPJ 34178263000107 -> CACHE (SUCESSO, 209d/365d)
2026-10-05 15:39:40 | INFO | services.connectors.risk3_connector | [1948/3192] CNPJ 34475373000130 -> CACHE (SUCESSO, 140d/365d)
2026-10-05 15:39:40 | INFO | services.connectors.risk3_connector | [1949/3192] CNPJ 34497145000161 -> CACHE (SUCESSO, 59d/365d)
2026-10-05 15:39:40 | INFO | services.connectors.risk3_connector | [1950/3192] CNPJ 34562112000158 -> CACHE (SUCESSO, 74d/365d)
2026-10-05 15:39:40 | INFO | services.connectors.risk3_connector | [1951/3192] CNPJ 34573948000158 -> CACHE (SUCESSO, 347d/365d)
2026-10-05 15:39:40 | INFO | services.connectors.risk3_connector | [1952/3192] CNPJ 34781808000175 -> CACHE (SUCESSO, 84d/365d)
2026-10-05 15:39:40 | INFO | services.connectors.risk3_connector | [1953/3192] CNPJ 34801306000169 -> CACHE (NAO_ENCONTRADO, 0d/30d)
2026-10-05 15:39:40 | INFO | services.connectors.risk3_connector | [1954/3192] CNPJ 34805807000113 -> CACHE (NAO_ENCONTRADO, 0d/30d)
2026-10-05 15:39:40 | INFO | services.connectors.risk3_connector | [1955/3192] CNPJ 34806971000145 -> CACHE (SUCESSO, 55d/365d)
2026-10-05 15:39:40 | INFO | services.connectors.risk3_connector | [1956/3192] CNPJ 34818458000174 -> CACHE (NAO_ENCONTRADO, 0d/30d)
2026-10-05 15:39:40 | INFO | services.connectors.risk3_connector | [1957/3192] CNPJ 34818597000106 -> CACHE (NAO_ENCONTRADO, 0d/30d)
2026-10-05 15:39:40 | INFO | services.connectors.risk3_connector | [1958/3192] CNPJ 34841996000180 -> CACHE (NAO_ENCONTRADO, 0d/30d)
2026-10-05 15:39:40 | INFO | services.connectors.risk3_connector | [1959/3192] CNPJ 34847870000112 -> CACHE (SUCESSO, 102d/365d)
2026-10-05 15:39:40 | INFO | services.connectors.risk3_connector | [1960/3192] CNPJ 34867956000107 -> CACHE (NAO_ENCONTRADO, 19d/30d)
2026-10-05 15:39:40 | INFO | services.connectors.risk3_connector | [1961/3192] CNPJ 34954956000144 -> CACHE (SUCESSO, 248d/365d)
2026-10-05 15:39:40 | INFO | services.connectors.risk3_connector | [1962/3192] CNPJ 34980728000149 -> CACHE (NAO_ENCONTRADO, 19d/30d)
2026-10-05 15:39:40 | INFO | services.connectors.risk3_connector | [1963/3192] CNPJ 35180857000115 -> CACHE (SUCESSO, 195d/365d)
2026-10-05 15:39:40 | INFO | services.connectors.risk3_connector | [1964/3192] CNPJ 35224835000100 -> CACHE (SUCESSO, 116d/365d)
2026-10-05 15:39:40 | INFO | services.connectors.risk3_connector | [1965/3192] CNPJ 35224835000290 -> CACHE (SUCESSO, 75d/365d)
2026-10-05 15:39:40 | INFO | services.connectors.risk3_connector | [1966/3192] CNPJ 35306327000170 -> CACHE (SUCESSO, 137d/365d)
2026-10-05 15:39:40 | INFO | services.connectors.risk3_connector | [1967/3192] CNPJ 35322362000183 -> CACHE (SUCESSO, 102d/365d)
2026-10-05 15:39:40 | INFO | services.connectors.risk3_connector | [1968/3192] CNPJ 35357719000169 -> CACHE (SUCESSO, 192d/365d)
2026-10-05 15:39:40 | INFO | services.connectors.risk3_connector | [1969/3192] CNPJ 35357729000102 -> CACHE (SUCESSO, 192d/365d)
2026-10-05 15:39:40 | INFO | services.connectors.risk3_connector | [1970/3192] CNPJ 35360212000164 -> CACHE (SUCESSO, 264d/365d)
2026-10-05 15:39:40 | INFO | services.connectors.risk3_connector | [1971/3192] CNPJ 35382136000198 -> CACHE (SUCESSO, 245d/365d)
2026-10-05 15:39:40 | INFO | services.connectors.risk3_connector | [1972/3192] CNPJ 35402521000150 -> CACHE (NAO_ENCONTRADO, 14d/30d)
2026-10-05 15:39:40 | INFO | services.connectors.risk3_connector | [1973/3192] CNPJ 35402759000185 -> CACHE (NAO_ENCONTRADO, 19d/30d)
2026-10-05 15:39:40 | INFO | services.connectors.risk3_connector | [1974/3192] CNPJ 35403949000117 -> CACHE (SUCESSO, 160d/365d)
2026-10-05 15:39:40 | INFO | services.connectors.risk3_connector | [1975/3192] CNPJ 35403949000389 -> CACHE (SUCESSO, 175d/365d)
2026-10-05 15:39:40 | INFO | services.connectors.risk3_connector | [1976/3192] CNPJ 35416995000150 -> CACHE (SUCESSO, 103d/365d)
2026-10-05 15:39:40 | INFO | services.connectors.risk3_connector | [1977/3192] CNPJ 35458657000181 -> CACHE (NAO_ENCONTRADO, 19d/30d)
2026-10-05 15:39:40 | INFO | services.connectors.risk3_connector | [1978/3192] CNPJ 35474405000146 -> CACHE (NAO_ENCONTRADO, 0d/30d)
2026-10-05 15:39:40 | INFO | services.connectors.risk3_connector | [1979/3192] CNPJ 35487170000127 -> CACHE (SUCESSO, 102d/365d)
2026-10-05 15:39:40 | INFO | services.connectors.risk3_connector | [1980/3192] CNPJ 35540155000103 -> Consultando API (Endpoint detalhado por CNPJ)...
2026-10-05 15:39:40 | INFO | services.connectors.risk3_connector | SUCESSO na extração dos detalhes do Bureau!
2026-10-05 15:39:41 | INFO | services.connectors.risk3_connector | [1981/3192] CNPJ 35691397000190 -> CACHE (SUCESSO, 101d/365d)
2026-10-05 15:39:41 | INFO | services.connectors.risk3_connector | [1982/3192] CNPJ 35742218000104 -> CACHE (NAO_ENCONTRADO, 0d/30d)
2026-10-05 15:39:41 | INFO | services.connectors.risk3_connector | [1983/3192] CNPJ 35749859000182 -> CACHE (SUCESSO, 102d/365d)
2026-10-05 15:39:41 | INFO | services.connectors.risk3_connector | [1984/3192] CNPJ 35774326000150 -> CACHE (NAO_ENCONTRADO, 14d/30d)
2026-10-05 15:39:41 | INFO | services.connectors.risk3_connector | [1985/3192] CNPJ 35774326000231 -> CACHE (SUCESSO, 102d/365d)
2026-10-05 15:39:41 | INFO | services.connectors.risk3_connector | [1986/3192] CNPJ 35820448000136 -> CACHE (SUCESSO, 68d/365d)
2026-10-05 15:39:41 | INFO | services.connectors.risk3_connector | [1987/3192] CNPJ 35823536000191 -> CACHE (SUCESSO, 102d/365d)
2026-10-05 15:39:41 | INFO | services.connectors.risk3_connector | [1988/3192] CNPJ 35823536000272 -> CACHE (SUCESSO, 102d/365d)
2026-10-05 15:39:41 | INFO | services.connectors.risk3_connector | [1989/3192] CNPJ 35823538000180 -> CACHE (SUCESSO, 102d/365d)
2026-10-05 15:39:41 | INFO | services.connectors.risk3_connector | [1990/3192] CNPJ 35823538000261 -> CACHE (SUCESSO, 102d/365d)
2026-10-05 15:39:41 | INFO | services.connectors.risk3_connector | [1991/3192] CNPJ 35823577000188 -> CACHE (SUCESSO, 102d/365d)
2026-10-05 15:39:41 | INFO | services.connectors.risk3_connector | [1992/3192] CNPJ 35823577000269 -> CACHE (SUCESSO, 102d/365d)
2026-10-05 15:39:41 | INFO | services.connectors.risk3_connector | [1993/3192] CNPJ 35824347000133 -> CACHE (SUCESSO, 102d/365d)
2026-10-05 15:39:41 | INFO | services.connectors.risk3_connector | [1994/3192] CNPJ 35824347000214 -> CACHE (SUCESSO, 102d/365d)
2026-10-05 15:39:41 | INFO | services.connectors.risk3_connector | [1995/3192] CNPJ 35835571000120 -> CACHE (SUCESSO, 192d/365d)
2026-10-05 15:39:41 | INFO | services.connectors.risk3_connector | [1996/3192] CNPJ 35835582000100 -> CACHE (SUCESSO, 192d/365d)
2026-10-05 15:39:41 | INFO | services.connectors.risk3_connector | [1997/3192] CNPJ 35842703000141 -> CACHE (SUCESSO, 81d/365d)
2026-10-05 15:39:41 | INFO | services.connectors.risk3_connector | [1998/3192] CNPJ 35842711000198 -> CACHE (SUCESSO, 81d/365d)
2026-10-05 15:39:41 | INFO | services.connectors.risk3_connector | [1999/3192] CNPJ 35859013000103 -> CACHE (SUCESSO, 192d/365d)
2026-10-05 15:39:41 | INFO | services.connectors.risk3_connector | [2000/3192] CNPJ 35859036000100 -> CACHE (NAO_ENCONTRADO, 19d/30d)
2026-10-05 15:39:41 | INFO | services.connectors.risk3_connector | [2001/3192] CNPJ 35865623000101 -> CACHE (SUCESSO, 192d/365d)
2026-10-05 15:39:41 | INFO | services.connectors.risk3_connector | [2002/3192] CNPJ 35865635000136 -> CACHE (NAO_ENCONTRADO, 0d/30d)
2026-10-05 15:39:41 | INFO | services.connectors.risk3_connector | [2003/3192] CNPJ 35865638000170 -> CACHE (SUCESSO, 192d/365d)
2026-10-05 15:39:41 | INFO | services.connectors.risk3_connector | [2004/3192] CNPJ 35865640000149 -> CACHE (NAO_ENCONTRADO, 19d/30d)
2026-10-05 15:39:41 | INFO | services.connectors.risk3_connector | [2005/3192] CNPJ 35865651000129 -> CACHE (NAO_ENCONTRADO, 0d/30d)
2026-10-05 15:39:41 | INFO | services.connectors.risk3_connector | [2006/3192] CNPJ 35874343000160 -> CACHE (NAO_ENCONTRADO, 19d/30d)
2026-10-05 15:39:41 | INFO | services.connectors.risk3_connector | [2007/3192] CNPJ 35880201000105 -> CACHE (NAO_ENCONTRADO, 14d/30d)
2026-10-05 15:39:41 | INFO | services.connectors.risk3_connector | [2008/3192] CNPJ 35881121000174 -> CACHE (SUCESSO, 112d/365d)
2026-10-05 15:39:41 | INFO | services.connectors.risk3_connector | [2009/3192] CNPJ 35896824000176 -> CACHE (NAO_ENCONTRADO, 0d/30d)
2026-10-05 15:39:41 | INFO | services.connectors.risk3_connector | [2010/3192] CNPJ 35911730000129 -> CACHE (SUCESSO, 192d/365d)
2026-10-05 15:39:41 | INFO | services.connectors.risk3_connector | [2011/3192] CNPJ 35911733000162 -> CACHE (SUCESSO, 192d/365d)
2026-10-05 15:39:41 | INFO | services.connectors.risk3_connector | [2012/3192] CNPJ 35912298000190 -> CACHE (SUCESSO, 192d/365d)
2026-10-05 15:39:41 | INFO | services.connectors.risk3_connector | [2013/3192] CNPJ 35984409000174 -> CACHE (SUCESSO, 102d/365d)
2026-10-05 15:39:41 | INFO | services.connectors.risk3_connector | [2014/3192] CNPJ 35989467000190 -> CACHE (NAO_ENCONTRADO, 0d/30d)
2026-10-05 15:39:41 | INFO | services.connectors.risk3_connector | [2015/3192] CNPJ 36012033000107 -> CACHE (SUCESSO, 102d/365d)
2026-10-05 15:39:41 | INFO | services.connectors.risk3_connector | [2016/3192] CNPJ 36044373000101 -> CACHE (SUCESSO, 124d/365d)
2026-10-05 15:39:41 | INFO | services.connectors.risk3_connector | [2017/3192] CNPJ 36159672000191 -> CACHE (SUCESSO, 192d/365d)
2026-10-05 15:39:41 | INFO | services.connectors.risk3_connector | [2018/3192] CNPJ 36205095000127 -> CACHE (SUCESSO, 192d/365d)
2026-10-05 15:39:41 | INFO | services.connectors.risk3_connector | [2019/3192] CNPJ 36537518000106 -> CACHE (NAO_ENCONTRADO, 19d/30d)
2026-10-05 15:39:41 | INFO | services.connectors.risk3_connector | [2020/3192] CNPJ 36704785000120 -> CACHE (SUCESSO, 102d/365d)
2026-10-05 15:39:41 | INFO | services.connectors.risk3_connector | [2021/3192] CNPJ 36718307000170 -> CACHE (SUCESSO, 110d/365d)
2026-10-05 15:39:41 | INFO | services.connectors.risk3_connector | [2022/3192] CNPJ 36754731000170 -> CACHE (NAO_ENCONTRADO, 14d/30d)
2026-10-05 15:39:41 | INFO | services.connectors.risk3_connector | [2023/3192] CNPJ 36808117000143 -> CACHE (NAO_ENCONTRADO, 14d/30d)
2026-10-05 15:39:41 | INFO | services.connectors.risk3_connector | [2024/3192] CNPJ 36932917000171 -> CACHE (SUCESSO, 102d/365d)
2026-10-05 15:39:41 | INFO | services.connectors.risk3_connector | [2025/3192] CNPJ 37020260000139 -> CACHE (NAO_ENCONTRADO, 14d/30d)
2026-10-05 15:39:41 | INFO | services.connectors.risk3_connector | [2026/3192] CNPJ 37028928000194 -> CACHE (NAO_ENCONTRADO, 19d/30d)
2026-10-05 15:39:41 | INFO | services.connectors.risk3_connector | [2027/3192] CNPJ 37096663000161 -> CACHE (SUCESSO, 102d/365d)
2026-10-05 15:39:41 | INFO | services.connectors.risk3_connector | [2028/3192] CNPJ 37108388000159 -> CACHE (NAO_ENCONTRADO, 14d/30d)
2026-10-05 15:39:41 | INFO | services.connectors.risk3_connector | [2029/3192] CNPJ 37145968000116 -> CACHE (SUCESSO, 182d/365d)
2026-10-05 15:39:41 | INFO | services.connectors.risk3_connector | [2030/3192] CNPJ 37275625000176 -> CACHE (SUCESSO, 101d/365d)
2026-10-05 15:39:41 | INFO | services.connectors.risk3_connector | [2031/3192] CNPJ 37275625000419 -> CACHE (SUCESSO, 102d/365d)
2026-10-05 15:39:41 | INFO | services.connectors.risk3_connector | [2032/3192] CNPJ 37354699000106 -> CACHE (SUCESSO, 241d/365d)
2026-10-05 15:39:41 | INFO | services.connectors.risk3_connector | [2033/3192] CNPJ 37427691000114 -> CACHE (NAO_ENCONTRADO, 0d/30d)
2026-10-05 15:39:41 | INFO | services.connectors.risk3_connector | [2034/3192] CNPJ 37427693000103 -> CACHE (NAO_ENCONTRADO, 0d/30d)
2026-10-05 15:39:41 | INFO | services.connectors.risk3_connector | [2035/3192] CNPJ 37427699000180 -> CACHE (NAO_ENCONTRADO, 0d/30d)
2026-10-05 15:39:41 | INFO | services.connectors.risk3_connector | [2036/3192] CNPJ 37538262000114 -> CACHE (SUCESSO, 103d/365d)
2026-10-05 15:39:41 | INFO | services.connectors.risk3_connector | [2037/3192] CNPJ 37543498000149 -> CACHE (SUCESSO, 115d/365d)
2026-10-05 15:39:41 | INFO | services.connectors.risk3_connector | [2038/3192] CNPJ 37589182000198 -> CACHE (NAO_ENCONTRADO, 19d/30d)
2026-10-05 15:39:41 | INFO | services.connectors.risk3_connector | [2039/3192] CNPJ 37640312000170 -> CACHE (NAO_ENCONTRADO, 19d/30d)
2026-10-05 15:39:41 | INFO | services.connectors.risk3_connector | [2040/3192] CNPJ 38126813000103 -> CACHE (SUCESSO, 124d/365d)
2026-10-05 15:39:41 | INFO | services.connectors.risk3_connector | [2041/3192] CNPJ 38154005000141 -> CACHE (SUCESSO, 42d/365d)
2026-10-05 15:39:41 | INFO | services.connectors.risk3_connector | [2042/3192] CNPJ 38183972000131 -> CACHE (NAO_ENCONTRADO, 19d/30d)
2026-10-05 15:39:41 | INFO | services.connectors.risk3_connector | [2043/3192] CNPJ 38246958000130 -> CACHE (NAO_ENCONTRADO, 19d/30d)
2026-10-05 15:39:41 | INFO | services.connectors.risk3_connector | [2044/3192] CNPJ 38350307000195 -> CACHE (SUCESSO, 56d/365d)
2026-10-05 15:39:41 | INFO | services.connectors.risk3_connector | [2045/3192] CNPJ 38441355000199 -> CACHE (NAO_ENCONTRADO, 14d/30d)
2026-10-05 15:39:41 | INFO | services.connectors.risk3_connector | [2046/3192] CNPJ 38908778000176 -> CACHE (SUCESSO, 103d/365d)
2026-10-05 15:39:41 | INFO | services.connectors.risk3_connector | [2047/3192] CNPJ 39237248000106 -> CACHE (NAO_ENCONTRADO, 19d/30d)
2026-10-05 15:39:41 | INFO | services.connectors.risk3_connector | [2048/3192] CNPJ 39266459000177 -> CACHE (SUCESSO, 265d/365d)
2026-10-05 15:39:41 | INFO | services.connectors.risk3_connector | [2049/3192] CNPJ 39335973000117 -> CACHE (SUCESSO, 152d/365d)
2026-10-05 15:39:41 | INFO | services.connectors.risk3_connector | [2050/3192] CNPJ 39335973000206 -> CACHE (SUCESSO, 102d/365d)
2026-10-05 15:39:41 | INFO | services.connectors.risk3_connector | [2051/3192] CNPJ 39372527000182 -> CACHE (SUCESSO, 102d/365d)
2026-10-05 15:39:41 | INFO | services.connectors.risk3_connector | [2052/3192] CNPJ 39449320000169 -> CACHE (NAO_ENCONTRADO, 19d/30d)
2026-10-05 15:39:41 | INFO | services.connectors.risk3_connector | [2053/3192] CNPJ 39553144000100 -> CACHE (SUCESSO, 103d/365d)
2026-10-05 15:39:41 | INFO | services.connectors.risk3_connector | [2054/3192] CNPJ 39608949000104 -> CACHE (SUCESSO, 269d/365d)
2026-10-05 15:39:41 | INFO | services.connectors.risk3_connector | [2055/3192] CNPJ 39630440000168 -> CACHE (SUCESSO, 103d/365d)
2026-10-05 15:39:41 | INFO | services.connectors.risk3_connector | [2056/3192] CNPJ 39657225000150 -> CACHE (SUCESSO, 102d/365d)
2026-10-05 15:39:41 | INFO | services.connectors.risk3_connector | [2057/3192] CNPJ 39702802000189 -> CACHE (SUCESSO, 192d/365d)
2026-10-05 15:39:41 | INFO | services.connectors.risk3_connector | [2058/3192] CNPJ 39702815000158 -> CACHE (SUCESSO, 192d/365d)
2026-10-05 15:39:41 | INFO | services.connectors.risk3_connector | [2059/3192] CNPJ 39702823000102 -> CACHE (SUCESSO, 192d/365d)
2026-10-05 15:39:41 | INFO | services.connectors.risk3_connector | [2060/3192] CNPJ 39702834000184 -> CACHE (SUCESSO, 192d/365d)
2026-10-05 15:39:41 | INFO | services.connectors.risk3_connector | [2061/3192] CNPJ 39881421000104 -> CACHE (SUCESSO, 243d/365d)
2026-10-05 15:39:41 | INFO | services.connectors.risk3_connector | [2062/3192] CNPJ 39904195000130 -> CACHE (SUCESSO, 208d/365d)
2026-10-05 15:39:41 | INFO | services.connectors.risk3_connector | [2063/3192] CNPJ 39913479000192 -> CACHE (NAO_ENCONTRADO, 19d/30d)
2026-10-05 15:39:41 | INFO | services.connectors.risk3_connector | [2064/3192] CNPJ 39916142000139 -> CACHE (SUCESSO, 75d/365d)
2026-10-05 15:39:41 | INFO | services.connectors.risk3_connector | [2065/3192] CNPJ 39953546000100 -> CACHE (NAO_ENCONTRADO, 19d/30d)
2026-10-05 15:39:41 | INFO | services.connectors.risk3_connector | [2066/3192] CNPJ 40006524000104 -> CACHE (SUCESSO, 102d/365d)
2026-10-05 15:39:41 | INFO | services.connectors.risk3_connector | [2067/3192] CNPJ 40009403000116 -> CACHE (SUCESSO, 102d/365d)
2026-10-05 15:39:41 | INFO | services.connectors.risk3_connector | [2068/3192] CNPJ 40100543000103 -> CACHE (SUCESSO, 364d/365d)
2026-10-05 15:39:41 | INFO | services.connectors.risk3_connector | [2069/3192] CNPJ 40172765000123 -> CACHE (SUCESSO, 356d/365d)
2026-10-05 15:39:41 | INFO | services.connectors.risk3_connector | [2070/3192] CNPJ 40212058000113 -> CACHE (SUCESSO, 103d/365d)
2026-10-05 15:39:41 | INFO | services.connectors.risk3_connector | [2071/3192] CNPJ 40254927000172 -> CACHE (SUCESSO, 68d/365d)
2026-10-05 15:39:41 | INFO | services.connectors.risk3_connector | [2072/3192] CNPJ 40263170000183 -> CACHE (SUCESSO, 196d/365d)
2026-10-05 15:39:41 | INFO | services.connectors.risk3_connector | [2073/3192] CNPJ 40283901000152 -> CACHE (SUCESSO, 111d/365d)
2026-10-05 15:39:41 | INFO | services.connectors.risk3_connector | [2074/3192] CNPJ 40382949000118 -> CACHE (SUCESSO, 115d/365d)
2026-10-05 15:39:41 | INFO | services.connectors.risk3_connector | [2075/3192] CNPJ 40623898000179 -> CACHE (SUCESSO, 111d/365d)
2026-10-05 15:39:41 | INFO | services.connectors.risk3_connector | [2076/3192] CNPJ 40692476000155 -> CACHE (SUCESSO, 109d/365d)
2026-10-05 15:39:41 | INFO | services.connectors.risk3_connector | [2077/3192] CNPJ 40727874000160 -> CACHE (SUCESSO, 363d/365d)
2026-10-05 15:39:41 | INFO | services.connectors.risk3_connector | [2078/3192] CNPJ 40772936000155 -> CACHE (SUCESSO, 112d/365d)
2026-10-05 15:39:41 | INFO | services.connectors.risk3_connector | [2079/3192] CNPJ 40797554000186 -> CACHE (SUCESSO, 90d/365d)
2026-10-05 15:39:41 | INFO | services.connectors.risk3_connector | [2080/3192] CNPJ 41052420000107 -> CACHE (NAO_ENCONTRADO, 19d/30d)
2026-10-05 15:39:41 | INFO | services.connectors.risk3_connector | [2081/3192] CNPJ 41174976000168 -> CACHE (SUCESSO, 102d/365d)
2026-10-05 15:39:41 | INFO | services.connectors.risk3_connector | [2082/3192] CNPJ 41221516000143 -> CACHE (NAO_ENCONTRADO, 14d/30d)
2026-10-05 15:39:41 | INFO | services.connectors.risk3_connector | [2083/3192] CNPJ 41284969000119 -> CACHE (SUCESSO, 180d/365d)
2026-10-05 15:39:41 | INFO | services.connectors.risk3_connector | [2084/3192] CNPJ 41324703000152 -> CACHE (SUCESSO, 102d/365d)
2026-10-05 15:39:41 | INFO | services.connectors.risk3_connector | [2085/3192] CNPJ 41501877000143 -> CACHE (SUCESSO, 136d/365d)
2026-10-05 15:39:41 | INFO | services.connectors.risk3_connector | [2086/3192] CNPJ 41513132000102 -> CACHE (NAO_ENCONTRADO, 14d/30d)
2026-10-05 15:39:41 | INFO | services.connectors.risk3_connector | [2087/3192] CNPJ 41638308000144 -> CACHE (SUCESSO, 102d/365d)
2026-10-05 15:39:41 | INFO | services.connectors.risk3_connector | [2088/3192] CNPJ 41675130000101 -> CACHE (SUCESSO, 129d/365d)
2026-10-05 15:39:41 | INFO | services.connectors.risk3_connector | [2089/3192] CNPJ 41684120000132 -> CACHE (SUCESSO, 342d/365d)
2026-10-05 15:39:41 | INFO | services.connectors.risk3_connector | [2090/3192] CNPJ 41725168000141 -> CACHE (SUCESSO, 63d/365d)
2026-10-05 15:39:41 | INFO | services.connectors.risk3_connector | [2091/3192] CNPJ 41760884000160 -> CACHE (SUCESSO, 63d/365d)
2026-10-05 15:39:41 | INFO | services.connectors.risk3_connector | [2092/3192] CNPJ 41760915000182 -> CACHE (SUCESSO, 63d/365d)
2026-10-05 15:39:41 | INFO | services.connectors.risk3_connector | [2093/3192] CNPJ 41777706000141 -> CACHE (SUCESSO, 60d/365d)
2026-10-05 15:39:41 | INFO | services.connectors.risk3_connector | [2094/3192] CNPJ 41806999000148 -> CACHE (NAO_ENCONTRADO, 19d/30d)
2026-10-05 15:39:41 | INFO | services.connectors.risk3_connector | [2095/3192] CNPJ 41808680000151 -> CACHE (SUCESSO, 102d/365d)
2026-10-05 15:39:41 | INFO | services.connectors.risk3_connector | [2096/3192] CNPJ 42008546000139 -> CACHE (SUCESSO, 265d/365d)
2026-10-05 15:39:41 | INFO | services.connectors.risk3_connector | [2097/3192] CNPJ 42066811000135 -> CACHE (SUCESSO, 103d/365d)
2026-10-05 15:39:41 | INFO | services.connectors.risk3_connector | [2098/3192] CNPJ 42102025000146 -> CACHE (SUCESSO, 109d/365d)
2026-10-05 15:39:41 | INFO | services.connectors.risk3_connector | [2099/3192] CNPJ 42105890000146 -> CACHE (SUCESSO, 56d/365d)
2026-10-05 15:39:41 | INFO | services.connectors.risk3_connector | [2100/3192] CNPJ 42126753000198 -> CACHE (NAO_ENCONTRADO, 19d/30d)
2026-10-05 15:39:41 | INFO | services.connectors.risk3_connector | [2101/3192] CNPJ 42150391000170 -> CACHE (SUCESSO, 138d/365d)
2026-10-05 15:39:41 | INFO | services.connectors.risk3_connector | [2102/3192] CNPJ 42150391003862 -> CACHE (NAO_ENCONTRADO, 14d/30d)
2026-10-05 15:39:41 | INFO | services.connectors.risk3_connector | [2103/3192] CNPJ 42184226000130 -> CACHE (SUCESSO, 94d/365d)
2026-10-05 15:39:41 | INFO | services.connectors.risk3_connector | [2104/3192] CNPJ 42184226001969 -> CACHE (NAO_ENCONTRADO, 19d/30d)
2026-10-05 15:39:41 | INFO | services.connectors.risk3_connector | [2105/3192] CNPJ 42288184000187 -> CACHE (SUCESSO, 97d/365d)
2026-10-05 15:39:41 | INFO | services.connectors.risk3_connector | [2106/3192] CNPJ 42311687000126 -> CACHE (SUCESSO, 103d/365d)
2026-10-05 15:39:41 | INFO | services.connectors.risk3_connector | [2107/3192] CNPJ 42355428000105 -> CACHE (SUCESSO, 264d/365d)
2026-10-05 15:39:41 | INFO | services.connectors.risk3_connector | [2108/3192] CNPJ 42416651000107 -> CACHE (SUCESSO, 111d/365d)
2026-10-05 15:39:41 | INFO | services.connectors.risk3_connector | [2109/3192] CNPJ 42419150000184 -> CACHE (SUCESSO, 132d/365d)
2026-10-05 15:39:41 | INFO | services.connectors.risk3_connector | [2110/3192] CNPJ 42422048000138 -> CACHE (NAO_ENCONTRADO, 19d/30d)
2026-10-05 15:39:41 | INFO | services.connectors.risk3_connector | [2111/3192] CNPJ 42422048000219 -> CACHE (NAO_ENCONTRADO, 19d/30d)
2026-10-05 15:39:41 | INFO | services.connectors.risk3_connector | [2112/3192] CNPJ 42463174000130 -> CACHE (NAO_ENCONTRADO, 19d/30d)
2026-10-05 15:39:41 | INFO | services.connectors.risk3_connector | [2113/3192] CNPJ 42566752000164 -> CACHE (SUCESSO, 95d/365d)
2026-10-05 15:39:41 | INFO | services.connectors.risk3_connector | [2114/3192] CNPJ 42599019000146 -> CACHE (SUCESSO, 357d/365d)
2026-10-05 15:39:41 | INFO | services.connectors.risk3_connector | [2115/3192] CNPJ 42599019000308 -> CACHE (SUCESSO, 357d/365d)
2026-10-05 15:39:41 | INFO | services.connectors.risk3_connector | [2116/3192] CNPJ 42632288000167 -> CACHE (SUCESSO, 76d/365d)
2026-10-05 15:39:41 | INFO | services.connectors.risk3_connector | [2117/3192] CNPJ 42644220000106 -> CACHE (SUCESSO, 110d/365d)
2026-10-05 15:39:41 | INFO | services.connectors.risk3_connector | [2118/3192] CNPJ 42823087000147 -> CACHE (NAO_ENCONTRADO, 19d/30d)
2026-10-05 15:39:41 | INFO | services.connectors.risk3_connector | [2119/3192] CNPJ 42902392000124 -> CACHE (SUCESSO, 84d/365d)
2026-10-05 15:39:41 | INFO | services.connectors.risk3_connector | [2120/3192] CNPJ 42956441000101 -> CACHE (SUCESSO, 173d/365d)
2026-10-05 15:39:41 | INFO | services.connectors.risk3_connector | [2121/3192] CNPJ 43014521000100 -> Consultando API (Endpoint detalhado por CNPJ)...
2026-10-05 15:39:41 | INFO | services.connectors.risk3_connector | SUCESSO na extração dos detalhes do Bureau!
2026-10-05 15:39:41 | INFO | services.connectors.risk3_connector | [2122/3192] CNPJ 43014521000704 -> CACHE (NAO_ENCONTRADO, 14d/30d)
2026-10-05 15:39:41 | INFO | services.connectors.risk3_connector | [2123/3192] CNPJ 43121086000113 -> CACHE (SUCESSO, 105d/365d)
2026-10-05 15:39:41 | INFO | services.connectors.risk3_connector | [2124/3192] CNPJ 43123272000191 -> CACHE (NAO_ENCONTRADO, 6d/30d)
2026-10-05 15:39:41 | INFO | services.connectors.risk3_connector | [2125/3192] CNPJ 43123272000272 -> CACHE (SUCESSO, 147d/365d)
2026-10-05 15:39:41 | INFO | services.connectors.risk3_connector | [2126/3192] CNPJ 43204350000182 -> CACHE (NAO_ENCONTRADO, 14d/30d)
2026-10-05 15:39:41 | INFO | services.connectors.risk3_connector | [2127/3192] CNPJ 43206069000189 -> CACHE (SUCESSO, 203d/365d)
2026-10-05 15:39:41 | INFO | services.connectors.risk3_connector | [2128/3192] CNPJ 43248129000126 -> CACHE (SUCESSO, 103d/365d)
2026-10-05 15:39:41 | INFO | services.connectors.risk3_connector | [2129/3192] CNPJ 43308969000137 -> CACHE (SUCESSO, 146d/365d)
2026-10-05 15:39:41 | INFO | services.connectors.risk3_connector | [2130/3192] CNPJ 43344428000164 -> CACHE (SUCESSO, 166d/365d)
2026-10-05 15:39:41 | INFO | services.connectors.risk3_connector | [2131/3192] CNPJ 43412008000178 -> CACHE (NAO_ENCONTRADO, 19d/30d)
2026-10-05 15:39:41 | INFO | services.connectors.risk3_connector | [2132/3192] CNPJ 43443043000154 -> CACHE (SUCESSO, 34d/365d)
2026-10-05 15:39:41 | INFO | services.connectors.risk3_connector | [2133/3192] CNPJ 43461789000190 -> CACHE (NAO_ENCONTRADO, 19d/30d)
2026-10-05 15:39:41 | INFO | services.connectors.risk3_connector | [2134/3192] CNPJ 43468701000162 -> CACHE (SUCESSO, 250d/365d)
2026-10-05 15:39:41 | INFO | services.connectors.risk3_connector | [2135/3192] CNPJ 43474212000113 -> CACHE (NAO_ENCONTRADO, 14d/30d)
2026-10-05 15:39:41 | INFO | services.connectors.risk3_connector | [2136/3192] CNPJ 43545284000104 -> CACHE (SUCESSO, 160d/365d)
2026-10-05 15:39:41 | INFO | services.connectors.risk3_connector | [2137/3192] CNPJ 43553668000179 -> CACHE (NAO_ENCONTRADO, 14d/30d)
2026-10-05 15:39:41 | INFO | services.connectors.risk3_connector | [2138/3192] CNPJ 43559079000106 -> CACHE (SUCESSO, 103d/365d)
2026-10-05 15:39:41 | INFO | services.connectors.risk3_connector | [2139/3192] CNPJ 43594977000197 -> CACHE (SUCESSO, 116d/365d)
2026-10-05 15:39:41 | INFO | services.connectors.risk3_connector | [2140/3192] CNPJ 43619832001760 -> CACHE (SUCESSO, 158d/365d)
2026-10-05 15:39:41 | INFO | services.connectors.risk3_connector | [2141/3192] CNPJ 43672716000148 -> CACHE (SUCESSO, 103d/365d)
2026-10-05 15:39:41 | INFO | services.connectors.risk3_connector | [2142/3192] CNPJ 43736610000160 -> CACHE (NAO_ENCONTRADO, 6d/30d)
2026-10-05 15:39:41 | INFO | services.connectors.risk3_connector | [2143/3192] CNPJ 43736610000241 -> CACHE (SUCESSO, 102d/365d)
2026-10-05 15:39:41 | INFO | services.connectors.risk3_connector | [2144/3192] CNPJ 43807239000180 -> CACHE (NAO_ENCONTRADO, 14d/30d)
2026-10-05 15:39:41 | INFO | services.connectors.risk3_connector | [2145/3192] CNPJ 43829282000147 -> CACHE (SUCESSO, 353d/365d)
2026-10-05 15:39:41 | INFO | services.connectors.risk3_connector | [2146/3192] CNPJ 43843358000199 -> CACHE (NAO_ENCONTRADO, 14d/30d)
2026-10-05 15:39:41 | INFO | services.connectors.risk3_connector | [2147/3192] CNPJ 43843358000865 -> CACHE (NAO_ENCONTRADO, 14d/30d)
2026-10-05 15:39:41 | INFO | services.connectors.risk3_connector | [2148/3192] CNPJ 43948561000120 -> CACHE (NAO_ENCONTRADO, 14d/30d)
2026-10-05 15:39:41 | INFO | services.connectors.risk3_connector | [2149/3192] CNPJ 43993591000158 -> CACHE (NAO_ENCONTRADO, 6d/30d)
2026-10-05 15:39:41 | INFO | services.connectors.risk3_connector | [2150/3192] CNPJ 43993591000409 -> CACHE (NAO_ENCONTRADO, 14d/30d)
2026-10-05 15:39:41 | INFO | services.connectors.risk3_connector | [2151/3192] CNPJ 44003911000148 -> CACHE (SUCESSO, 265d/365d)
2026-10-05 15:39:41 | INFO | services.connectors.risk3_connector | [2152/3192] CNPJ 44010502000179 -> CACHE (SUCESSO, 102d/365d)
2026-10-05 15:39:41 | INFO | services.connectors.risk3_connector | [2153/3192] CNPJ 44039210000169 -> CACHE (SUCESSO, 102d/365d)
2026-10-05 15:39:41 | INFO | services.connectors.risk3_connector | [2154/3192] CNPJ 44094894000100 -> CACHE (SUCESSO, 217d/365d)
2026-10-05 15:39:41 | INFO | services.connectors.risk3_connector | [2155/3192] CNPJ 44145845000140 -> CACHE (SUCESSO, 334d/365d)
2026-10-05 15:39:41 | INFO | services.connectors.risk3_connector | [2156/3192] CNPJ 44145845001112 -> CACHE (NAO_ENCONTRADO, 14d/30d)
2026-10-05 15:39:41 | INFO | services.connectors.risk3_connector | [2157/3192] CNPJ 44145845003409 -> CACHE (NAO_ENCONTRADO, 14d/30d)
2026-10-05 15:39:41 | INFO | services.connectors.risk3_connector | [2158/3192] CNPJ 44248862000103 -> CACHE (NAO_ENCONTRADO, 14d/30d)
2026-10-05 15:39:41 | INFO | services.connectors.risk3_connector | [2159/3192] CNPJ 44336946000107 -> CACHE (NAO_ENCONTRADO, 14d/30d)
2026-10-05 15:39:41 | INFO | services.connectors.risk3_connector | [2160/3192] CNPJ 44355306000136 -> CACHE (SUCESSO, 208d/365d)
2026-10-05 15:39:41 | INFO | services.connectors.risk3_connector | [2161/3192] CNPJ 44358067000178 -> CACHE (SUCESSO, 95d/365d)
2026-10-05 15:39:41 | INFO | services.connectors.risk3_connector | [2162/3192] CNPJ 44394990000165 -> CACHE (SUCESSO, 189d/365d)
2026-10-05 15:39:41 | INFO | services.connectors.risk3_connector | [2163/3192] CNPJ 44572744000156 -> CACHE (NAO_ENCONTRADO, 14d/30d)
2026-10-05 15:39:41 | INFO | services.connectors.risk3_connector | [2164/3192] CNPJ 44589885000181 -> CACHE (NAO_ENCONTRADO, 14d/30d)
2026-10-05 15:39:41 | INFO | services.connectors.risk3_connector | [2165/3192] CNPJ 44630044000170 -> CACHE (SUCESSO, 307d/365d)
2026-10-05 15:39:41 | INFO | services.connectors.risk3_connector | [2166/3192] CNPJ 44701688000102 -> CACHE (SUCESSO, 342d/365d)
2026-10-05 15:39:41 | INFO | services.connectors.risk3_connector | [2167/3192] CNPJ 44930204000105 -> CACHE (NAO_ENCONTRADO, 6d/30d)
2026-10-05 15:39:41 | INFO | services.connectors.risk3_connector | [2168/3192] CNPJ 44930204000954 -> CACHE (SUCESSO, 80d/365d)
2026-10-05 15:39:41 | INFO | services.connectors.risk3_connector | [2169/3192] CNPJ 44944668000162 -> CACHE (SUCESSO, 103d/365d)
2026-10-05 15:39:41 | INFO | services.connectors.risk3_connector | [2170/3192] CNPJ 45236791000191 -> CACHE (SUCESSO, 297d/365d)
2026-10-05 15:39:41 | INFO | services.connectors.risk3_connector | [2171/3192] CNPJ 45321225000188 -> CACHE (NAO_ENCONTRADO, 6d/30d)
2026-10-05 15:39:41 | INFO | services.connectors.risk3_connector | [2172/3192] CNPJ 45321225000269 -> CACHE (SUCESSO, 213d/365d)
2026-10-05 15:39:41 | INFO | services.connectors.risk3_connector | [2173/3192] CNPJ 45365541000151 -> CACHE (SUCESSO, 103d/365d)
2026-10-05 15:39:41 | INFO | services.connectors.risk3_connector | [2174/3192] CNPJ 45365558000109 -> CACHE (NAO_ENCONTRADO, 6d/30d)
2026-10-05 15:39:41 | INFO | services.connectors.risk3_connector | [2175/3192] CNPJ 45365558000613 -> CACHE (SUCESSO, 103d/365d)
2026-10-05 15:39:41 | INFO | services.connectors.risk3_connector | [2176/3192] CNPJ 45399961000159 -> CACHE (SUCESSO, 112d/365d)
2026-10-05 15:39:41 | INFO | services.connectors.risk3_connector | [2177/3192] CNPJ 45399961000230 -> CACHE (SUCESSO, 102d/365d)
2026-10-05 15:39:41 | INFO | services.connectors.risk3_connector | [2178/3192] CNPJ 45420726000111 -> CACHE (SUCESSO, 245d/365d)
2026-10-05 15:39:41 | INFO | services.connectors.risk3_connector | [2179/3192] CNPJ 45542453000188 -> CACHE (SUCESSO, 25d/365d)
2026-10-05 15:39:41 | INFO | services.connectors.risk3_connector | [2180/3192] CNPJ 45829681000133 -> CACHE (SUCESSO, 102d/365d)
2026-10-05 15:39:41 | INFO | services.connectors.risk3_connector | [2181/3192] CNPJ 45836050000141 -> CACHE (NAO_ENCONTRADO, 19d/30d)
2026-10-05 15:39:41 | INFO | services.connectors.risk3_connector | [2182/3192] CNPJ 45866316000107 -> CACHE (SUCESSO, 102d/365d)
2026-10-05 15:39:41 | INFO | services.connectors.risk3_connector | [2183/3192] CNPJ 45931904000179 -> CACHE (SUCESSO, 180d/365d)
2026-10-05 15:39:41 | INFO | services.connectors.risk3_connector | [2184/3192] CNPJ 46025722000100 -> CACHE (NAO_ENCONTRADO, 14d/30d)
2026-10-05 15:39:41 | INFO | services.connectors.risk3_connector | [2185/3192] CNPJ 46025722002730 -> CACHE (NAO_ENCONTRADO, 14d/30d)
2026-10-05 15:39:41 | INFO | services.connectors.risk3_connector | [2186/3192] CNPJ 46082624000104 -> CACHE (SUCESSO, 265d/365d)
2026-10-05 15:39:41 | INFO | services.connectors.risk3_connector | [2187/3192] CNPJ 46199337000170 -> CACHE (NAO_ENCONTRADO, 14d/30d)
2026-10-05 15:39:41 | INFO | services.connectors.risk3_connector | [2188/3192] CNPJ 46241741000165 -> CACHE (SUCESSO, 103d/365d)
2026-10-05 15:39:41 | INFO | services.connectors.risk3_connector | [2189/3192] CNPJ 46242558000184 -> CACHE (SUCESSO, 69d/365d)
2026-10-05 15:39:41 | INFO | services.connectors.risk3_connector | [2190/3192] CNPJ 46243234000160 -> CACHE (NAO_ENCONTRADO, 14d/30d)
2026-10-05 15:39:41 | INFO | services.connectors.risk3_connector | [2191/3192] CNPJ 46373655000106 -> CACHE (SUCESSO, 115d/365d)
2026-10-05 15:39:41 | INFO | services.connectors.risk3_connector | [2192/3192] CNPJ 46409975000179 -> CACHE (NAO_ENCONTRADO, 14d/30d)
2026-10-05 15:39:41 | INFO | services.connectors.risk3_connector | [2193/3192] CNPJ 46494301000110 -> CACHE (SUCESSO, 89d/365d)
2026-10-05 15:39:41 | INFO | services.connectors.risk3_connector | [2194/3192] CNPJ 46587879000110 -> CACHE (NAO_ENCONTRADO, 14d/30d)
2026-10-05 15:39:41 | INFO | services.connectors.risk3_connector | [2195/3192] CNPJ 46664330000182 -> CACHE (SUCESSO, 175d/365d)
2026-10-05 15:39:41 | INFO | services.connectors.risk3_connector | [2196/3192] CNPJ 46766812000143 -> CACHE (SUCESSO, 255d/365d)
2026-10-05 15:39:41 | INFO | services.connectors.risk3_connector | [2197/3192] CNPJ 46889424000150 -> CACHE (NAO_ENCONTRADO, 14d/30d)
2026-10-05 15:39:41 | INFO | services.connectors.risk3_connector | [2198/3192] CNPJ 46986451000140 -> CACHE (SUCESSO, 102d/365d)
2026-10-05 15:39:41 | INFO | services.connectors.risk3_connector | [2199/3192] CNPJ 47034509000119 -> CACHE (SUCESSO, 103d/365d)
2026-10-05 15:39:41 | INFO | services.connectors.risk3_connector | [2200/3192] CNPJ 47055959000198 -> CACHE (SUCESSO, 103d/365d)
2026-10-05 15:39:41 | INFO | services.connectors.risk3_connector | [2201/3192] CNPJ 47067525000108 -> CACHE (SUCESSO, 153d/365d)
2026-10-05 15:39:41 | INFO | services.connectors.risk3_connector | [2202/3192] CNPJ 47080619000117 -> CACHE (SUCESSO, 131d/365d)
2026-10-05 15:39:41 | INFO | services.connectors.risk3_connector | [2203/3192] CNPJ 47080619001199 -> CACHE (NAO_ENCONTRADO, 0d/30d)
2026-10-05 15:39:41 | INFO | services.connectors.risk3_connector | [2204/3192] CNPJ 47115803000155 -> CACHE (NAO_ENCONTRADO, 14d/30d)
2026-10-05 15:39:41 | INFO | services.connectors.risk3_connector | [2205/3192] CNPJ 47155252000153 -> CACHE (SUCESSO, 355d/365d)
2026-10-05 15:39:41 | INFO | services.connectors.risk3_connector | [2206/3192] CNPJ 47187794000108 -> CACHE (SUCESSO, 265d/365d)
2026-10-05 15:39:41 | INFO | services.connectors.risk3_connector | [2207/3192] CNPJ 47234844000160 -> CACHE (SUCESSO, 48d/365d)
2026-10-05 15:39:41 | INFO | services.connectors.risk3_connector | [2208/3192] CNPJ 47366273000118 -> CACHE (NAO_ENCONTRADO, 6d/30d)
2026-10-05 15:39:41 | INFO | services.connectors.risk3_connector | [2209/3192] CNPJ 47366273001270 -> CACHE (SUCESSO, 180d/365d)
2026-10-05 15:39:41 | INFO | services.connectors.risk3_connector | [2210/3192] CNPJ 47488077000116 -> CACHE (SUCESSO, 322d/365d)
2026-10-05 15:39:41 | INFO | services.connectors.risk3_connector | [2211/3192] CNPJ 47508411000156 -> CACHE (SUCESSO, 210d/365d)
2026-10-05 15:39:41 | INFO | services.connectors.risk3_connector | [2212/3192] CNPJ 47595863000112 -> CACHE (NAO_ENCONTRADO, 19d/30d)
2026-10-05 15:39:41 | INFO | services.connectors.risk3_connector | [2213/3192] CNPJ 47634450000108 -> CACHE (SUCESSO, 102d/365d)
2026-10-05 15:39:41 | INFO | services.connectors.risk3_connector | [2214/3192] CNPJ 47658073000139 -> CACHE (NAO_ENCONTRADO, 19d/30d)
2026-10-05 15:39:41 | INFO | services.connectors.risk3_connector | [2215/3192] CNPJ 47673906000130 -> CACHE (SUCESSO, 102d/365d)
2026-10-05 15:39:41 | INFO | services.connectors.risk3_connector | [2216/3192] CNPJ 47725835000172 -> CACHE (SUCESSO, 96d/365d)
2026-10-05 15:39:41 | INFO | services.connectors.risk3_connector | [2217/3192] CNPJ 47799028000102 -> CACHE (NAO_ENCONTRADO, 6d/30d)
2026-10-05 15:39:41 | INFO | services.connectors.risk3_connector | [2218/3192] CNPJ 47799028000285 -> CACHE (NAO_ENCONTRADO, 14d/30d)
2026-10-05 15:39:41 | INFO | services.connectors.risk3_connector | [2219/3192] CNPJ 47856544000113 -> CACHE (SUCESSO, 32d/365d)
2026-10-05 15:39:41 | INFO | services.connectors.risk3_connector | [2220/3192] CNPJ 47865800000139 -> CACHE (NAO_ENCONTRADO, 6d/30d)
2026-10-05 15:39:41 | INFO | services.connectors.risk3_connector | [2221/3192] CNPJ 47865800000210 -> CACHE (SUCESSO, 39d/365d)
2026-10-05 15:39:41 | INFO | services.connectors.risk3_connector | [2222/3192] CNPJ 47866165000104 -> CACHE (SUCESSO, 103d/365d)
2026-10-05 15:39:41 | INFO | services.connectors.risk3_connector | [2223/3192] CNPJ 47881602000169 -> CACHE (NAO_ENCONTRADO, 14d/30d)
2026-10-05 15:39:41 | INFO | services.connectors.risk3_connector | [2224/3192] CNPJ 47902283000120 -> CACHE (SUCESSO, 47d/365d)
2026-10-05 15:39:41 | INFO | services.connectors.risk3_connector | [2225/3192] CNPJ 47938840000163 -> CACHE (SUCESSO, 347d/365d)
2026-10-05 15:39:41 | INFO | services.connectors.risk3_connector | [2226/3192] CNPJ 47964911000100 -> CACHE (SUCESSO, 146d/365d)
2026-10-05 15:39:41 | INFO | services.connectors.risk3_connector | [2227/3192] CNPJ 47988423000125 -> CACHE (NAO_ENCONTRADO, 14d/30d)
2026-10-05 15:39:41 | INFO | services.connectors.risk3_connector | [2228/3192] CNPJ 48063416000185 -> CACHE (NAO_ENCONTRADO, 14d/30d)
2026-10-05 15:39:41 | INFO | services.connectors.risk3_connector | [2229/3192] CNPJ 48251703000119 -> CACHE (SUCESSO, 129d/365d)
2026-10-05 15:39:41 | INFO | services.connectors.risk3_connector | [2230/3192] CNPJ 48256824000153 -> CACHE (SUCESSO, 60d/365d)
2026-10-05 15:39:41 | INFO | services.connectors.risk3_connector | [2231/3192] CNPJ 48344725000123 -> CACHE (SUCESSO, 84d/365d)
2026-10-05 15:39:41 | INFO | services.connectors.risk3_connector | [2232/3192] CNPJ 48344725000719 -> CACHE (SUCESSO, 165d/365d)
2026-10-05 15:39:41 | INFO | services.connectors.risk3_connector | [2233/3192] CNPJ 48400908000119 -> CACHE (NAO_ENCONTRADO, 19d/30d)
2026-10-05 15:39:41 | INFO | services.connectors.risk3_connector | [2234/3192] CNPJ 48510937000133 -> CACHE (NAO_ENCONTRADO, 14d/30d)
2026-10-05 15:39:41 | INFO | services.connectors.risk3_connector | [2235/3192] CNPJ 48539407000118 -> CACHE (SUCESSO, 109d/365d)
2026-10-05 15:39:41 | INFO | services.connectors.risk3_connector | [2236/3192] CNPJ 48539407007392 -> CACHE (NAO_ENCONTRADO, 19d/30d)
2026-10-05 15:39:41 | INFO | services.connectors.risk3_connector | [2237/3192] CNPJ 48540421000131 -> CACHE (SUCESSO, 56d/365d)
2026-10-05 15:39:41 | INFO | services.connectors.risk3_connector | [2238/3192] CNPJ 48563988000123 -> CACHE (SUCESSO, 140d/365d)
2026-10-05 15:39:41 | INFO | services.connectors.risk3_connector | [2239/3192] CNPJ 48591179000125 -> CACHE (SUCESSO, 125d/365d)
2026-10-05 15:39:41 | INFO | services.connectors.risk3_connector | [2240/3192] CNPJ 48708267000164 -> CACHE (SUCESSO, 40d/365d)
2026-10-05 15:39:41 | INFO | services.connectors.risk3_connector | [2241/3192] CNPJ 48725956000187 -> CACHE (SUCESSO, 102d/365d)
2026-10-05 15:39:41 | INFO | services.connectors.risk3_connector | [2242/3192] CNPJ 48740849000128 -> CACHE (SUCESSO, 175d/365d)
2026-10-05 15:39:41 | INFO | services.connectors.risk3_connector | [2243/3192] CNPJ 48845556000105 -> CACHE (SUCESSO, 245d/365d)
2026-10-05 15:39:41 | INFO | services.connectors.risk3_connector | [2244/3192] CNPJ 48907504000116 -> CACHE (NAO_ENCONTRADO, 14d/30d)
2026-10-05 15:39:41 | INFO | services.connectors.risk3_connector | [2245/3192] CNPJ 48978448000100 -> CACHE (NAO_ENCONTRADO, 14d/30d)
2026-10-05 15:39:41 | INFO | services.connectors.risk3_connector | [2246/3192] CNPJ 48992518000185 -> CACHE (SUCESSO, 102d/365d)
2026-10-05 15:39:41 | INFO | services.connectors.risk3_connector | [2247/3192] CNPJ 49021009000178 -> CACHE (SUCESSO, 103d/365d)
2026-10-05 15:39:41 | INFO | services.connectors.risk3_connector | [2248/3192] CNPJ 49155744000174 -> CACHE (NAO_ENCONTRADO, 14d/30d)
2026-10-05 15:39:41 | INFO | services.connectors.risk3_connector | [2249/3192] CNPJ 49211717000171 -> CACHE (NAO_ENCONTRADO, 14d/30d)
2026-10-05 15:39:41 | INFO | services.connectors.risk3_connector | [2250/3192] CNPJ 49351786000180 -> CACHE (NAO_ENCONTRADO, 6d/30d)
2026-10-05 15:39:41 | INFO | services.connectors.risk3_connector | [2251/3192] CNPJ 49351786000261 -> CACHE (SUCESSO, 17d/365d)
2026-10-05 15:39:41 | INFO | services.connectors.risk3_connector | [2252/3192] CNPJ 49392982000101 -> CACHE (SUCESSO, 103d/365d)
2026-10-05 15:39:41 | INFO | services.connectors.risk3_connector | [2253/3192] CNPJ 49396591000157 -> CACHE (SUCESSO, 200d/365d)
2026-10-05 15:39:41 | INFO | services.connectors.risk3_connector | [2254/3192] CNPJ 49446255000171 -> CACHE (NAO_ENCONTRADO, 14d/30d)
2026-10-05 15:39:41 | INFO | services.connectors.risk3_connector | [2255/3192] CNPJ 49502032000184 -> CACHE (SUCESSO, 174d/365d)
2026-10-05 15:39:41 | INFO | services.connectors.risk3_connector | [2256/3192] CNPJ 49601255000107 -> CACHE (NAO_ENCONTRADO, 14d/30d)
2026-10-05 15:39:41 | INFO | services.connectors.risk3_connector | [2257/3192] CNPJ 49637127000105 -> CACHE (NAO_ENCONTRADO, 6d/30d)
2026-10-05 15:39:41 | INFO | services.connectors.risk3_connector | [2258/3192] CNPJ 49637127000709 -> CACHE (SUCESSO, 102d/365d)
2026-10-05 15:39:41 | INFO | services.connectors.risk3_connector | [2259/3192] CNPJ 49729718000102 -> CACHE (SUCESSO, 140d/365d)
2026-10-05 15:39:41 | INFO | services.connectors.risk3_connector | [2260/3192] CNPJ 49884937000166 -> CACHE (SUCESSO, 301d/365d)
2026-10-05 15:39:41 | INFO | services.connectors.risk3_connector | [2261/3192] CNPJ 49983274000137 -> CACHE (NAO_ENCONTRADO, 19d/30d)
2026-10-05 15:39:41 | INFO | services.connectors.risk3_connector | [2262/3192] CNPJ 50153054000165 -> CACHE (NAO_ENCONTRADO, 6d/30d)
2026-10-05 15:39:41 | INFO | services.connectors.risk3_connector | [2263/3192] CNPJ 50153054000246 -> CACHE (SUCESSO, 63d/365d)
2026-10-05 15:39:41 | INFO | services.connectors.risk3_connector | [2264/3192] CNPJ 50185891000176 -> CACHE (SUCESSO, 14d/365d)
2026-10-05 15:39:41 | INFO | services.connectors.risk3_connector | [2265/3192] CNPJ 50359850000159 -> CACHE (SUCESSO, 213d/365d)
2026-10-05 15:39:41 | INFO | services.connectors.risk3_connector | [2266/3192] CNPJ 50475875000118 -> CACHE (SUCESSO, 200d/365d)
2026-10-05 15:39:41 | INFO | services.connectors.risk3_connector | [2267/3192] CNPJ 50524289000116 -> CACHE (NAO_ENCONTRADO, 14d/30d)
2026-10-05 15:39:41 | INFO | services.connectors.risk3_connector | [2268/3192] CNPJ 50564053000103 -> CACHE (SUCESSO, 175d/365d)
2026-10-05 15:39:41 | INFO | services.connectors.risk3_connector | [2269/3192] CNPJ 50564053000537 -> CACHE (NAO_ENCONTRADO, 14d/30d)
2026-10-05 15:39:41 | INFO | services.connectors.risk3_connector | [2270/3192] CNPJ 50647214000122 -> CACHE (SUCESSO, 102d/365d)
2026-10-05 15:39:41 | INFO | services.connectors.risk3_connector | [2271/3192] CNPJ 50729198000117 -> CACHE (SUCESSO, 193d/365d)
2026-10-05 15:39:41 | INFO | services.connectors.risk3_connector | [2272/3192] CNPJ 50955707000120 -> CACHE (NAO_ENCONTRADO, 19d/30d)
2026-10-05 15:39:41 | INFO | services.connectors.risk3_connector | [2273/3192] CNPJ 50955707001100 -> CACHE (NAO_ENCONTRADO, 19d/30d)
2026-10-05 15:39:41 | INFO | services.connectors.risk3_connector | [2274/3192] CNPJ 50957247000179 -> CACHE (SUCESSO, 175d/365d)
2026-10-05 15:39:41 | INFO | services.connectors.risk3_connector | [2275/3192] CNPJ 50974732000150 -> CACHE (NAO_ENCONTRADO, 14d/30d)
2026-10-05 15:39:41 | INFO | services.connectors.risk3_connector | [2276/3192] CNPJ 51093193000103 -> CACHE (NAO_ENCONTRADO, 6d/30d)
2026-10-05 15:39:41 | INFO | services.connectors.risk3_connector | [2277/3192] CNPJ 51093193000456 -> CACHE (SUCESSO, 103d/365d)
2026-10-05 15:39:41 | INFO | services.connectors.risk3_connector | [2278/3192] CNPJ 51135705000157 -> CACHE (SUCESSO, 19d/365d)
2026-10-05 15:39:41 | INFO | services.connectors.risk3_connector | [2279/3192] CNPJ 51171783000107 -> CACHE (NAO_ENCONTRADO, 14d/30d)
2026-10-05 15:39:41 | INFO | services.connectors.risk3_connector | [2280/3192] CNPJ 51354314000123 -> CACHE (NAO_ENCONTRADO, 14d/30d)
2026-10-05 15:39:41 | INFO | services.connectors.risk3_connector | [2281/3192] CNPJ 51372423000173 -> CACHE (SUCESSO, 102d/365d)
2026-10-05 15:39:41 | INFO | services.connectors.risk3_connector | [2282/3192] CNPJ 51378321000165 -> CACHE (SUCESSO, 165d/365d)
2026-10-05 15:39:41 | INFO | services.connectors.risk3_connector | [2283/3192] CNPJ 51399400000152 -> CACHE (NAO_ENCONTRADO, 6d/30d)
2026-10-05 15:39:41 | INFO | services.connectors.risk3_connector | [2284/3192] CNPJ 51399400000314 -> CACHE (SUCESSO, 102d/365d)
2026-10-05 15:39:41 | INFO | services.connectors.risk3_connector | [2285/3192] CNPJ 51413924000150 -> CACHE (SUCESSO, 262d/365d)
2026-10-05 15:39:41 | INFO | services.connectors.risk3_connector | [2286/3192] CNPJ 51466860000156 -> CACHE (SUCESSO, 129d/365d)
2026-10-05 15:39:41 | INFO | services.connectors.risk3_connector | [2287/3192] CNPJ 51466860002957 -> CACHE (SUCESSO, 102d/365d)
2026-10-05 15:39:41 | INFO | services.connectors.risk3_connector | [2288/3192] CNPJ 51466860006278 -> CACHE (SUCESSO, 102d/365d)
2026-10-05 15:39:41 | INFO | services.connectors.risk3_connector | [2289/3192] CNPJ 51482776000126 -> CACHE (SUCESSO, 102d/365d)
2026-10-05 15:39:41 | INFO | services.connectors.risk3_connector | [2290/3192] CNPJ 51665073000133 -> CACHE (NAO_ENCONTRADO, 14d/30d)
2026-10-05 15:39:41 | INFO | services.connectors.risk3_connector | [2291/3192] CNPJ 51685667000106 -> CACHE (SUCESSO, 165d/365d)
2026-10-05 15:39:41 | INFO | services.connectors.risk3_connector | [2292/3192] CNPJ 51735503000146 -> CACHE (SUCESSO, 145d/365d)
2026-10-05 15:39:41 | INFO | services.connectors.risk3_connector | [2293/3192] CNPJ 51775690000191 -> CACHE (SUCESSO, 132d/365d)
2026-10-05 15:39:41 | INFO | services.connectors.risk3_connector | [2294/3192] CNPJ 51784262000125 -> CACHE (SUCESSO, 342d/365d)
2026-10-05 15:39:41 | INFO | services.connectors.risk3_connector | [2295/3192] CNPJ 51832046000108 -> CACHE (NAO_ENCONTRADO, 14d/30d)
2026-10-05 15:39:41 | INFO | services.connectors.risk3_connector | [2296/3192] CNPJ 52044676000180 -> CACHE (SUCESSO, 103d/365d)
2026-10-05 15:39:41 | INFO | services.connectors.risk3_connector | [2297/3192] CNPJ 52107364000179 -> CACHE (SUCESSO, 161d/365d)
2026-10-05 15:39:41 | INFO | services.connectors.risk3_connector | [2298/3192] CNPJ 52123916000132 -> CACHE (SUCESSO, 165d/365d)
2026-10-05 15:39:41 | INFO | services.connectors.risk3_connector | [2299/3192] CNPJ 52123916000213 -> CACHE (SUCESSO, 103d/365d)
2026-10-05 15:39:41 | INFO | services.connectors.risk3_connector | [2300/3192] CNPJ 52123916001023 -> CACHE (SUCESSO, 103d/365d)
2026-10-05 15:39:41 | INFO | services.connectors.risk3_connector | [2301/3192] CNPJ 52177777000120 -> CACHE (NAO_ENCONTRADO, 19d/30d)
2026-10-05 15:39:41 | INFO | services.connectors.risk3_connector | [2302/3192] CNPJ 52287497000174 -> CACHE (SUCESSO, 165d/365d)
2026-10-05 15:39:41 | INFO | services.connectors.risk3_connector | [2303/3192] CNPJ 52311289000163 -> CACHE (SUCESSO, 242d/365d)
2026-10-05 15:39:41 | INFO | services.connectors.risk3_connector | [2304/3192] CNPJ 52326527000104 -> CACHE (SUCESSO, 102d/365d)
2026-10-05 15:39:41 | INFO | services.connectors.risk3_connector | [2305/3192] CNPJ 52440971000156 -> CACHE (NAO_ENCONTRADO, 14d/30d)
2026-10-05 15:39:41 | INFO | services.connectors.risk3_connector | [2306/3192] CNPJ 52548435000179 -> CACHE (SUCESSO, 111d/365d)
2026-10-05 15:39:41 | INFO | services.connectors.risk3_connector | [2307/3192] CNPJ 52618139000105 -> CACHE (NAO_ENCONTRADO, 6d/30d)
2026-10-05 15:39:41 | INFO | services.connectors.risk3_connector | [2308/3192] CNPJ 52618139002221 -> CACHE (SUCESSO, 133d/365d)
2026-10-05 15:39:41 | INFO | services.connectors.risk3_connector | [2309/3192] CNPJ 52645009000153 -> CACHE (SUCESSO, 272d/365d)
2026-10-05 15:39:41 | INFO | services.connectors.risk3_connector | [2310/3192] CNPJ 52736949000158 -> CACHE (NAO_ENCONTRADO, 19d/30d)
2026-10-05 15:39:41 | INFO | services.connectors.risk3_connector | [2311/3192] CNPJ 53012414000105 -> CACHE (SUCESSO, 115d/365d)
2026-10-05 15:39:41 | INFO | services.connectors.risk3_connector | [2312/3192] CNPJ 53031654000149 -> CACHE (SUCESSO, 103d/365d)
2026-10-05 15:39:41 | INFO | services.connectors.risk3_connector | [2313/3192] CNPJ 53054965000123 -> CACHE (SUCESSO, 42d/365d)
2026-10-05 15:39:41 | INFO | services.connectors.risk3_connector | [2314/3192] CNPJ 53056853000101 -> CACHE (SUCESSO, 89d/365d)
2026-10-05 15:39:41 | INFO | services.connectors.risk3_connector | [2315/3192] CNPJ 53135232000113 -> CACHE (NAO_ENCONTRADO, 14d/30d)
2026-10-05 15:39:41 | INFO | services.connectors.risk3_connector | [2316/3192] CNPJ 53162783000176 -> CACHE (SUCESSO, 84d/365d)
2026-10-05 15:39:41 | INFO | services.connectors.risk3_connector | [2317/3192] CNPJ 53224085000158 -> CACHE (SUCESSO, 102d/365d)
2026-10-05 15:39:41 | INFO | services.connectors.risk3_connector | [2318/3192] CNPJ 53266498000103 -> CACHE (SUCESSO, 102d/365d)
2026-10-05 15:39:41 | INFO | services.connectors.risk3_connector | [2319/3192] CNPJ 53309845000120 -> CACHE (NAO_ENCONTRADO, 14d/30d)
2026-10-05 15:39:41 | INFO | services.connectors.risk3_connector | [2320/3192] CNPJ 53350047000141 -> CACHE (SUCESSO, 103d/365d)
2026-10-05 15:39:41 | INFO | services.connectors.risk3_connector | [2321/3192] CNPJ 53355004000159 -> CACHE (NAO_ENCONTRADO, 14d/30d)
2026-10-05 15:39:41 | INFO | services.connectors.risk3_connector | [2322/3192] CNPJ 53650775000179 -> CACHE (NAO_ENCONTRADO, 14d/30d)
2026-10-05 15:39:41 | INFO | services.connectors.risk3_connector | [2323/3192] CNPJ 53804305000112 -> CACHE (SUCESSO, 102d/365d)
2026-10-05 15:39:41 | INFO | services.connectors.risk3_connector | [2324/3192] CNPJ 53859112000169 -> CACHE (NAO_ENCONTRADO, 0d/30d)
2026-10-05 15:39:41 | INFO | services.connectors.risk3_connector | [2325/3192] CNPJ 53865531000103 -> CACHE (SUCESSO, 249d/365d)
2026-10-05 15:39:41 | INFO | services.connectors.risk3_connector | [2326/3192] CNPJ 53910899000146 -> CACHE (SUCESSO, 244d/365d)
2026-10-05 15:39:41 | INFO | services.connectors.risk3_connector | [2327/3192] CNPJ 53915849000151 -> CACHE (NAO_ENCONTRADO, 14d/30d)
2026-10-05 15:39:41 | INFO | services.connectors.risk3_connector | [2328/3192] CNPJ 53918116000170 -> CACHE (SUCESSO, 146d/365d)
2026-10-05 15:39:41 | INFO | services.connectors.risk3_connector | [2329/3192] CNPJ 53943098000187 -> Consultando API (Endpoint detalhado por CNPJ)...
2026-10-05 15:39:42 | INFO | services.connectors.risk3_connector | SUCESSO na extração dos detalhes do Bureau!
2026-10-05 15:39:42 | INFO | services.connectors.risk3_connector | [2330/3192] CNPJ 54105671000146 -> CACHE (SUCESSO, 24d/365d)
2026-10-05 15:39:42 | INFO | services.connectors.risk3_connector | [2331/3192] CNPJ 54111737000100 -> CACHE (SUCESSO, 84d/365d)
2026-10-05 15:39:42 | INFO | services.connectors.risk3_connector | [2332/3192] CNPJ 54113683000112 -> CACHE (SUCESSO, 102d/365d)
2026-10-05 15:39:42 | INFO | services.connectors.risk3_connector | [2333/3192] CNPJ 54218054000157 -> CACHE (SUCESSO, 55d/365d)
2026-10-05 15:39:42 | INFO | services.connectors.risk3_connector | [2334/3192] CNPJ 54252354000152 -> CACHE (SUCESSO, 83d/365d)
2026-10-05 15:39:42 | INFO | services.connectors.risk3_connector | [2335/3192] CNPJ 54304431000170 -> CACHE (NAO_ENCONTRADO, 14d/30d)
2026-10-05 15:39:42 | INFO | services.connectors.risk3_connector | [2336/3192] CNPJ 54363072000122 -> CACHE (NAO_ENCONTRADO, 14d/30d)
2026-10-05 15:39:42 | INFO | services.connectors.risk3_connector | [2337/3192] CNPJ 54371133000101 -> CACHE (NAO_ENCONTRADO, 14d/30d)
2026-10-05 15:39:42 | INFO | services.connectors.risk3_connector | [2338/3192] CNPJ 54406566000147 -> CACHE (SUCESSO, 103d/365d)
2026-10-05 15:39:42 | INFO | services.connectors.risk3_connector | [2339/3192] CNPJ 54625819000173 -> CACHE (SUCESSO, 312d/365d)
2026-10-05 15:39:42 | INFO | services.connectors.risk3_connector | [2340/3192] CNPJ 54625819003784 -> CACHE (SUCESSO, 102d/365d)
2026-10-05 15:39:42 | INFO | services.connectors.risk3_connector | [2341/3192] CNPJ 54672449000125 -> CACHE (NAO_ENCONTRADO, 19d/30d)
2026-10-05 15:39:42 | INFO | services.connectors.risk3_connector | [2342/3192] CNPJ 54809502000197 -> CACHE (SUCESSO, 63d/365d)
2026-10-05 15:39:42 | INFO | services.connectors.risk3_connector | [2343/3192] CNPJ 54876131000166 -> CACHE (NAO_ENCONTRADO, 14d/30d)
2026-10-05 15:39:42 | INFO | services.connectors.risk3_connector | [2344/3192] CNPJ 54898614000161 -> CACHE (SUCESSO, 175d/365d)
2026-10-05 15:39:42 | INFO | services.connectors.risk3_connector | [2345/3192] CNPJ 54900010000102 -> CACHE (SUCESSO, 215d/365d)
2026-10-05 15:39:42 | INFO | services.connectors.risk3_connector | [2346/3192] CNPJ 55116131000120 -> CACHE (SUCESSO, 102d/365d)
2026-10-05 15:39:42 | INFO | services.connectors.risk3_connector | [2347/3192] CNPJ 55223127000161 -> CACHE (NAO_ENCONTRADO, 6d/30d)
2026-10-05 15:39:42 | INFO | services.connectors.risk3_connector | [2348/3192] CNPJ 55223127000242 -> CACHE (SUCESSO, 165d/365d)
2026-10-05 15:39:42 | INFO | services.connectors.risk3_connector | [2349/3192] CNPJ 55257059000151 -> CACHE (SUCESSO, 103d/365d)
2026-10-05 15:39:42 | INFO | services.connectors.risk3_connector | [2350/3192] CNPJ 55277495000192 -> CACHE (NAO_ENCONTRADO, 14d/30d)
2026-10-05 15:39:42 | INFO | services.connectors.risk3_connector | [2351/3192] CNPJ 55407134000113 -> CACHE (SUCESSO, 18d/365d)
2026-10-05 15:39:42 | INFO | services.connectors.risk3_connector | [2352/3192] CNPJ 55624498000155 -> CACHE (SUCESSO, 110d/365d)
2026-10-05 15:39:42 | INFO | services.connectors.risk3_connector | [2353/3192] CNPJ 55685369000177 -> CACHE (SUCESSO, 102d/365d)
2026-10-05 15:39:42 | INFO | services.connectors.risk3_connector | [2354/3192] CNPJ 55773964000164 -> CACHE (SUCESSO, 265d/365d)
2026-10-05 15:39:42 | INFO | services.connectors.risk3_connector | [2355/3192] CNPJ 55895031000140 -> CACHE (NAO_ENCONTRADO, 14d/30d)
2026-10-05 15:39:42 | INFO | services.connectors.risk3_connector | [2356/3192] CNPJ 55924836000174 -> CACHE (SUCESSO, 297d/365d)
2026-10-05 15:39:42 | INFO | services.connectors.risk3_connector | [2357/3192] CNPJ 55935046000194 -> CACHE (SUCESSO, 152d/365d)
2026-10-05 15:39:42 | INFO | services.connectors.risk3_connector | [2358/3192] CNPJ 55973762000166 -> CACHE (NAO_ENCONTRADO, 6d/30d)
2026-10-05 15:39:42 | INFO | services.connectors.risk3_connector | [2359/3192] CNPJ 55973762000328 -> CACHE (SUCESSO, 103d/365d)
2026-10-05 15:39:42 | INFO | services.connectors.risk3_connector | [2360/3192] CNPJ 55979736000145 -> CACHE (SUCESSO, 150d/365d)
2026-10-05 15:39:42 | INFO | services.connectors.risk3_connector | [2361/3192] CNPJ 55980684000127 -> CACHE (SUCESSO, 110d/365d)
2026-10-05 15:39:42 | INFO | services.connectors.risk3_connector | [2362/3192] CNPJ 55983670000167 -> CACHE (SUCESSO, 103d/365d)
2026-10-05 15:39:42 | INFO | services.connectors.risk3_connector | [2363/3192] CNPJ 55999932000181 -> CACHE (SUCESSO, 194d/365d)
2026-10-05 15:39:42 | INFO | services.connectors.risk3_connector | [2364/3192] CNPJ 56023443000152 -> CACHE (SUCESSO, 45d/365d)
2026-10-05 15:39:42 | INFO | services.connectors.risk3_connector | [2365/3192] CNPJ 56139066000111 -> CACHE (NAO_ENCONTRADO, 6d/30d)
2026-10-05 15:39:42 | INFO | services.connectors.risk3_connector | [2366/3192] CNPJ 56139066000626 -> CACHE (SUCESSO, 180d/365d)
2026-10-05 15:39:42 | INFO | services.connectors.risk3_connector | [2367/3192] CNPJ 56384183000140 -> CACHE (NAO_ENCONTRADO, 19d/30d)
2026-10-05 15:39:42 | INFO | services.connectors.risk3_connector | [2368/3192] CNPJ 56431364000180 -> CACHE (NAO_ENCONTRADO, 6d/30d)
2026-10-05 15:39:42 | INFO | services.connectors.risk3_connector | [2369/3192] CNPJ 56431364000776 -> CACHE (NAO_ENCONTRADO, 14d/30d)
2026-10-05 15:39:42 | INFO | services.connectors.risk3_connector | [2370/3192] CNPJ 56548753000190 -> CACHE (SUCESSO, 245d/365d)
2026-10-05 15:39:42 | INFO | services.connectors.risk3_connector | [2371/3192] CNPJ 56720287000189 -> CACHE (SUCESSO, 103d/365d)
2026-10-05 15:39:42 | INFO | services.connectors.risk3_connector | [2372/3192] CNPJ 56720428001488 -> CACHE (NAO_ENCONTRADO, 19d/30d)
2026-10-05 15:39:42 | INFO | services.connectors.risk3_connector | [2373/3192] CNPJ 56816085000135 -> CACHE (NAO_ENCONTRADO, 14d/30d)
2026-10-05 15:39:42 | INFO | services.connectors.risk3_connector | [2374/3192] CNPJ 56912124000106 -> CACHE (SUCESSO, 165d/365d)
2026-10-05 15:39:42 | INFO | services.connectors.risk3_connector | [2375/3192] CNPJ 56959422000143 -> CACHE (NAO_ENCONTRADO, 14d/30d)
2026-10-05 15:39:42 | INFO | services.connectors.risk3_connector | [2376/3192] CNPJ 57006983000190 -> CACHE (NAO_ENCONTRADO, 6d/30d)
2026-10-05 15:39:42 | INFO | services.connectors.risk3_connector | [2377/3192] CNPJ 57006983000433 -> CACHE (SUCESSO, 161d/365d)
2026-10-05 15:39:42 | INFO | services.connectors.risk3_connector | [2378/3192] CNPJ 57010480000199 -> CACHE (NAO_ENCONTRADO, 6d/30d)
2026-10-05 15:39:42 | INFO | services.connectors.risk3_connector | [2379/3192] CNPJ 57010480000431 -> CACHE (SUCESSO, 165d/365d)
2026-10-05 15:39:42 | INFO | services.connectors.risk3_connector | [2380/3192] CNPJ 57031061000133 -> CACHE (NAO_ENCONTRADO, 14d/30d)
2026-10-05 15:39:42 | INFO | services.connectors.risk3_connector | [2381/3192] CNPJ 57075400000183 -> CACHE (NAO_ENCONTRADO, 14d/30d)
2026-10-05 15:39:42 | INFO | services.connectors.risk3_connector | [2382/3192] CNPJ 57107609000181 -> CACHE (NAO_ENCONTRADO, 6d/30d)
2026-10-05 15:39:42 | INFO | services.connectors.risk3_connector | [2383/3192] CNPJ 57107609000343 -> CACHE (SUCESSO, 173d/365d)
2026-10-05 15:39:42 | INFO | services.connectors.risk3_connector | [2384/3192] CNPJ 57159923000108 -> CACHE (NAO_ENCONTRADO, 14d/30d)
2026-10-05 15:39:42 | INFO | services.connectors.risk3_connector | [2385/3192] CNPJ 57227134000167 -> CACHE (SUCESSO, 103d/365d)
2026-10-05 15:39:42 | INFO | services.connectors.risk3_connector | [2386/3192] CNPJ 57417453000135 -> CACHE (SUCESSO, 102d/365d)
2026-10-05 15:39:42 | INFO | services.connectors.risk3_connector | [2387/3192] CNPJ 57486326000198 -> CACHE (NAO_ENCONTRADO, 14d/30d)
2026-10-05 15:39:42 | INFO | services.connectors.risk3_connector | [2388/3192] CNPJ 57497539000700 -> CACHE (NAO_ENCONTRADO, 19d/30d)
2026-10-05 15:39:42 | INFO | services.connectors.risk3_connector | [2389/3192] CNPJ 57497539001359 -> CACHE (NAO_ENCONTRADO, 19d/30d)
2026-10-05 15:39:42 | INFO | services.connectors.risk3_connector | [2390/3192] CNPJ 57497539001600 -> CACHE (NAO_ENCONTRADO, 19d/30d)
2026-10-05 15:39:42 | INFO | services.connectors.risk3_connector | [2391/3192] CNPJ 57507378000365 -> CACHE (SUCESSO, 264d/365d)
2026-10-05 15:39:42 | INFO | services.connectors.risk3_connector | [2392/3192] CNPJ 57507626000106 -> CACHE (SUCESSO, 132d/365d)
2026-10-05 15:39:42 | INFO | services.connectors.risk3_connector | [2393/3192] CNPJ 57582793000111 -> CACHE (NAO_ENCONTRADO, 14d/30d)
2026-10-05 15:39:42 | INFO | services.connectors.risk3_connector | [2394/3192] CNPJ 57633414000175 -> CACHE (SUCESSO, 140d/365d)
2026-10-05 15:39:42 | INFO | services.connectors.risk3_connector | [2395/3192] CNPJ 57879827000134 -> CACHE (NAO_ENCONTRADO, 6d/30d)
2026-10-05 15:39:42 | INFO | services.connectors.risk3_connector | [2396/3192] CNPJ 57879827000304 -> CACHE (SUCESSO, 165d/365d)
2026-10-05 15:39:42 | INFO | services.connectors.risk3_connector | [2397/3192] CNPJ 57918155000129 -> CACHE (SUCESSO, 21d/365d)
2026-10-05 15:39:42 | INFO | services.connectors.risk3_connector | [2398/3192] CNPJ 57940546000220 -> CACHE (SUCESSO, 91d/365d)
2026-10-05 15:39:42 | INFO | services.connectors.risk3_connector | [2399/3192] CNPJ 58059643000190 -> CACHE (SUCESSO, 83d/365d)
2026-10-05 15:39:42 | INFO | services.connectors.risk3_connector | [2400/3192] CNPJ 58177643000195 -> CACHE (NAO_ENCONTRADO, 19d/30d)
2026-10-05 15:39:42 | INFO | services.connectors.risk3_connector | [2401/3192] CNPJ 58275042000115 -> CACHE (SUCESSO, 102d/365d)
2026-10-05 15:39:42 | INFO | services.connectors.risk3_connector | [2402/3192] CNPJ 58290545000160 -> CACHE (SUCESSO, 209d/365d)
2026-10-05 15:39:42 | INFO | services.connectors.risk3_connector | [2403/3192] CNPJ 58322512000154 -> CACHE (SUCESSO, 102d/365d)
2026-10-05 15:39:42 | INFO | services.connectors.risk3_connector | [2404/3192] CNPJ 58512310000175 -> CACHE (SUCESSO, 265d/365d)
2026-10-05 15:39:42 | INFO | services.connectors.risk3_connector | [2405/3192] CNPJ 58901991000163 -> CACHE (SUCESSO, 150d/365d)
2026-10-05 15:39:42 | INFO | services.connectors.risk3_connector | [2406/3192] CNPJ 59104422000150 -> CACHE (SUCESSO, 307d/365d)
2026-10-05 15:39:42 | INFO | services.connectors.risk3_connector | [2407/3192] CNPJ 59105171000128 -> CACHE (NAO_ENCONTRADO, 6d/30d)
2026-10-05 15:39:42 | INFO | services.connectors.risk3_connector | [2408/3192] CNPJ 59105171000390 -> CACHE (SUCESSO, 102d/365d)
2026-10-05 15:39:42 | INFO | services.connectors.risk3_connector | [2409/3192] CNPJ 59105635000104 -> CACHE (NAO_ENCONTRADO, 6d/30d)
2026-10-05 15:39:42 | INFO | services.connectors.risk3_connector | [2410/3192] CNPJ 59105635000287 -> CACHE (SUCESSO, 245d/365d)
2026-10-05 15:39:42 | INFO | services.connectors.risk3_connector | [2411/3192] CNPJ 59105999000186 -> CACHE (NAO_ENCONTRADO, 19d/30d)
2026-10-05 15:39:42 | INFO | services.connectors.risk3_connector | [2412/3192] CNPJ 59106666000171 -> CACHE (NAO_ENCONTRADO, 19d/30d)
2026-10-05 15:39:42 | INFO | services.connectors.risk3_connector | [2413/3192] CNPJ 59114777000120 -> CACHE (NAO_ENCONTRADO, 14d/30d)
2026-10-05 15:39:42 | INFO | services.connectors.risk3_connector | [2414/3192] CNPJ 59221316000156 -> CACHE (SUCESSO, 84d/365d)
2026-10-05 15:39:42 | INFO | services.connectors.risk3_connector | [2415/3192] CNPJ 59247502000164 -> CACHE (SUCESSO, 94d/365d)
2026-10-05 15:39:42 | INFO | services.connectors.risk3_connector | [2416/3192] CNPJ 59275792000150 -> CACHE (SUCESSO, 312d/365d)
2026-10-05 15:39:42 | INFO | services.connectors.risk3_connector | [2417/3192] CNPJ 59283671000150 -> CACHE (NAO_ENCONTRADO, 14d/30d)
2026-10-05 15:39:42 | INFO | services.connectors.risk3_connector | [2418/3192] CNPJ 59546606000170 -> CACHE (NAO_ENCONTRADO, 14d/30d)
2026-10-05 15:39:42 | INFO | services.connectors.risk3_connector | [2419/3192] CNPJ 59650366000159 -> CACHE (NAO_ENCONTRADO, 6d/30d)
2026-10-05 15:39:42 | INFO | services.connectors.risk3_connector | [2420/3192] CNPJ 59650366000400 -> CACHE (SUCESSO, 130d/365d)
2026-10-05 15:39:42 | INFO | services.connectors.risk3_connector | [2421/3192] CNPJ 59723874000110 -> CACHE (SUCESSO, 143d/365d)
2026-10-05 15:39:42 | INFO | services.connectors.risk3_connector | [2422/3192] CNPJ 59762831000143 -> CACHE (SUCESSO, 103d/365d)
2026-10-05 15:39:42 | INFO | services.connectors.risk3_connector | [2423/3192] CNPJ 59895385000145 -> CACHE (SUCESSO, 102d/365d)
2026-10-05 15:39:42 | INFO | services.connectors.risk3_connector | [2424/3192] CNPJ 59904482000157 -> CACHE (SUCESSO, 339d/365d)
2026-10-05 15:39:42 | INFO | services.connectors.risk3_connector | [2425/3192] CNPJ 59970947000178 -> CACHE (NAO_ENCONTRADO, 19d/30d)
2026-10-05 15:39:42 | INFO | services.connectors.risk3_connector | [2426/3192] CNPJ 60136249000150 -> CACHE (SUCESSO, 165d/365d)
2026-10-05 15:39:42 | INFO | services.connectors.risk3_connector | [2427/3192] CNPJ 60177862000116 -> CACHE (SUCESSO, 265d/365d)
2026-10-05 15:39:42 | INFO | services.connectors.risk3_connector | [2428/3192] CNPJ 60211893000146 -> CACHE (SUCESSO, 339d/365d)
2026-10-05 15:39:42 | INFO | services.connectors.risk3_connector | [2429/3192] CNPJ 60394723000144 -> CACHE (SUCESSO, 152d/365d)
2026-10-05 15:39:42 | INFO | services.connectors.risk3_connector | [2430/3192] CNPJ 60444437000146 -> CACHE (NAO_ENCONTRADO, 0d/30d)
2026-10-05 15:39:42 | INFO | services.connectors.risk3_connector | [2431/3192] CNPJ 60453024000128 -> CACHE (NAO_ENCONTRADO, 14d/30d)
2026-10-05 15:39:42 | INFO | services.connectors.risk3_connector | [2432/3192] CNPJ 60464237000155 -> CACHE (SUCESSO, 91d/365d)
2026-10-05 15:39:42 | INFO | services.connectors.risk3_connector | [2433/3192] CNPJ 60476884000187 -> CACHE (SUCESSO, 60d/365d)
2026-10-05 15:39:42 | INFO | services.connectors.risk3_connector | [2434/3192] CNPJ 60479680000108 -> CACHE (SUCESSO, 172d/365d)
2026-10-05 15:39:42 | INFO | services.connectors.risk3_connector | [2435/3192] CNPJ 60498706000157 -> CACHE (SUCESSO, 118d/365d)
2026-10-05 15:39:42 | INFO | services.connectors.risk3_connector | [2436/3192] CNPJ 60500246000154 -> CACHE (NAO_ENCONTRADO, 19d/30d)
2026-10-05 15:39:42 | INFO | services.connectors.risk3_connector | [2437/3192] CNPJ 60561800000103 -> CACHE (SUCESSO, 150d/365d)
2026-10-05 15:39:42 | INFO | services.connectors.risk3_connector | [2438/3192] CNPJ 60608866000101 -> CACHE (SUCESSO, 103d/365d)
2026-10-05 15:39:42 | INFO | services.connectors.risk3_connector | [2439/3192] CNPJ 60619202000148 -> CACHE (SUCESSO, 77d/365d)
2026-10-05 15:39:42 | INFO | services.connectors.risk3_connector | [2440/3192] CNPJ 60619202003325 -> CACHE (NAO_ENCONTRADO, 19d/30d)
2026-10-05 15:39:42 | INFO | services.connectors.risk3_connector | [2441/3192] CNPJ 60619202006693 -> CACHE (NAO_ENCONTRADO, 14d/30d)
2026-10-05 15:39:42 | INFO | services.connectors.risk3_connector | [2442/3192] CNPJ 60620606000151 -> CACHE (SUCESSO, 203d/365d)
2026-10-05 15:39:42 | INFO | services.connectors.risk3_connector | [2443/3192] CNPJ 60659166000146 -> CACHE (NAO_ENCONTRADO, 14d/30d)
2026-10-05 15:39:42 | INFO | services.connectors.risk3_connector | [2444/3192] CNPJ 60659463000191 -> CACHE (NAO_ENCONTRADO, 6d/30d)
2026-10-05 15:39:42 | INFO | services.connectors.risk3_connector | [2445/3192] CNPJ 60659463002992 -> CACHE (NAO_ENCONTRADO, 14d/30d)
2026-10-05 15:39:42 | INFO | services.connectors.risk3_connector | [2446/3192] CNPJ 60664745000187 -> CACHE (SUCESSO, 103d/365d)
2026-10-05 15:39:42 | INFO | services.connectors.risk3_connector | [2447/3192] CNPJ 60665981000118 -> CACHE (NAO_ENCONTRADO, 19d/30d)
2026-10-05 15:39:42 | INFO | services.connectors.risk3_connector | [2448/3192] CNPJ 60745411000138 -> CACHE (NAO_ENCONTRADO, 6d/30d)
2026-10-05 15:39:42 | INFO | services.connectors.risk3_connector | [2449/3192] CNPJ 60745411000642 -> CACHE (NAO_ENCONTRADO, 14d/30d)
2026-10-05 15:39:42 | INFO | services.connectors.risk3_connector | [2450/3192] CNPJ 60745411001290 -> CACHE (SUCESSO, 103d/365d)
2026-10-05 15:39:42 | INFO | services.connectors.risk3_connector | [2451/3192] CNPJ 60746948000112 -> CACHE (NAO_ENCONTRADO, 19d/30d)
2026-10-05 15:39:42 | INFO | services.connectors.risk3_connector | [2452/3192] CNPJ 60820198000181 -> CACHE (NAO_ENCONTRADO, 6d/30d)
2026-10-05 15:39:42 | INFO | services.connectors.risk3_connector | [2453/3192] CNPJ 60820198000262 -> CACHE (SUCESSO, 89d/365d)
2026-10-05 15:39:42 | INFO | services.connectors.risk3_connector | [2454/3192] CNPJ 60853942000144 -> CACHE (NAO_ENCONTRADO, 19d/30d)
2026-10-05 15:39:42 | INFO | services.connectors.risk3_connector | [2455/3192] CNPJ 60854833000141 -> CACHE (SUCESSO, 69d/365d)
2026-10-05 15:39:42 | INFO | services.connectors.risk3_connector | [2456/3192] CNPJ 60855574000173 -> CACHE (SUCESSO, 131d/365d)
2026-10-05 15:39:42 | INFO | services.connectors.risk3_connector | [2457/3192] CNPJ 60856077000947 -> CACHE (SUCESSO, 222d/365d)
2026-10-05 15:39:42 | INFO | services.connectors.risk3_connector | [2458/3192] CNPJ 60857349000176 -> CACHE (NAO_ENCONTRADO, 14d/30d)
2026-10-05 15:39:42 | INFO | services.connectors.risk3_connector | [2459/3192] CNPJ 60860277000116 -> CACHE (SUCESSO, 102d/365d)
2026-10-05 15:39:42 | INFO | services.connectors.risk3_connector | [2460/3192] CNPJ 60869336000117 -> CACHE (SUCESSO, 348d/365d)
2026-10-05 15:39:42 | INFO | services.connectors.risk3_connector | [2461/3192] CNPJ 60872306000160 -> CACHE (SUCESSO, 14d/365d)
2026-10-05 15:39:42 | INFO | services.connectors.risk3_connector | [2462/3192] CNPJ 60872306016244 -> CACHE (SUCESSO, 102d/365d)
2026-10-05 15:39:42 | INFO | services.connectors.risk3_connector | [2463/3192] CNPJ 60879848000164 -> CACHE (SUCESSO, 103d/365d)
2026-10-05 15:39:42 | INFO | services.connectors.risk3_connector | [2464/3192] CNPJ 60881992000135 -> CACHE (NAO_ENCONTRADO, 14d/30d)
2026-10-05 15:39:42 | INFO | services.connectors.risk3_connector | [2465/3192] CNPJ 60882313000142 -> CACHE (SUCESSO, 265d/365d)
2026-10-05 15:39:42 | INFO | services.connectors.risk3_connector | [2466/3192] CNPJ 60894730000105 -> CACHE (SUCESSO, 102d/365d)
2026-10-05 15:39:42 | INFO | services.connectors.risk3_connector | [2467/3192] CNPJ 60975737000151 -> CACHE (NAO_ENCONTRADO, 19d/30d)
2026-10-05 15:39:42 | INFO | services.connectors.risk3_connector | [2468/3192] CNPJ 61008173000140 -> CACHE (NAO_ENCONTRADO, 14d/30d)
2026-10-05 15:39:42 | INFO | services.connectors.risk3_connector | [2469/3192] CNPJ 61036141000159 -> CACHE (SUCESSO, 118d/365d)
2026-10-05 15:39:42 | INFO | services.connectors.risk3_connector | [2470/3192] CNPJ 61036141000310 -> CACHE (SUCESSO, 118d/365d)
2026-10-05 15:39:42 | INFO | services.connectors.risk3_connector | [2471/3192] CNPJ 61064929000179 -> CACHE (NAO_ENCONTRADO, 19d/30d)
2026-10-05 15:39:42 | INFO | services.connectors.risk3_connector | [2472/3192] CNPJ 61065298000102 -> CACHE (SUCESSO, 238d/365d)
2026-10-05 15:39:42 | INFO | services.connectors.risk3_connector | [2473/3192] CNPJ 61067161000197 -> CACHE (SUCESSO, 82d/365d)
2026-10-05 15:39:42 | INFO | services.connectors.risk3_connector | [2474/3192] CNPJ 61067930000157 -> CACHE (NAO_ENCONTRADO, 6d/30d)
2026-10-05 15:39:42 | INFO | services.connectors.risk3_connector | [2475/3192] CNPJ 61067930000319 -> CACHE (SUCESSO, 102d/365d)
2026-10-05 15:39:42 | INFO | services.connectors.risk3_connector | [2476/3192] CNPJ 61082988000170 -> CACHE (SUCESSO, 111d/365d)
2026-10-05 15:39:42 | INFO | services.connectors.risk3_connector | [2477/3192] CNPJ 61082988000250 -> CACHE (NAO_ENCONTRADO, 14d/30d)
2026-10-05 15:39:42 | INFO | services.connectors.risk3_connector | [2478/3192] CNPJ 61092037000181 -> CACHE (SUCESSO, 42d/365d)
2026-10-05 15:39:42 | INFO | services.connectors.risk3_connector | [2479/3192] CNPJ 61093001000112 -> CACHE (NAO_ENCONTRADO, 14d/30d)
2026-10-05 15:39:42 | INFO | services.connectors.risk3_connector | [2480/3192] CNPJ 61101895000145 -> CACHE (NAO_ENCONTRADO, 19d/30d)
2026-10-05 15:39:42 | INFO | services.connectors.risk3_connector | [2481/3192] CNPJ 61101895003918 -> CACHE (NAO_ENCONTRADO, 19d/30d)
2026-10-05 15:39:42 | INFO | services.connectors.risk3_connector | [2482/3192] CNPJ 61139192000106 -> CACHE (NAO_ENCONTRADO, 6d/30d)
2026-10-05 15:39:42 | INFO | services.connectors.risk3_connector | [2483/3192] CNPJ 61139192000459 -> CACHE (SUCESSO, 103d/365d)
2026-10-05 15:39:42 | INFO | services.connectors.risk3_connector | [2484/3192] CNPJ 61144150000163 -> CACHE (NAO_ENCONTRADO, 6d/30d)
2026-10-05 15:39:42 | INFO | services.connectors.risk3_connector | [2485/3192] CNPJ 61144150000678 -> CACHE (SUCESSO, 264d/365d)
2026-10-05 15:39:42 | INFO | services.connectors.risk3_connector | [2486/3192] CNPJ 61186888000193 -> CACHE (SUCESSO, 194d/365d)
2026-10-05 15:39:42 | INFO | services.connectors.risk3_connector | [2487/3192] CNPJ 61190096000192 -> CACHE (NAO_ENCONTRADO, 6d/30d)
2026-10-05 15:39:42 | INFO | services.connectors.risk3_connector | [2488/3192] CNPJ 61190096000869 -> CACHE (NAO_ENCONTRADO, 14d/30d)
2026-10-05 15:39:42 | INFO | services.connectors.risk3_connector | [2489/3192] CNPJ 61190096002136 -> CACHE (NAO_ENCONTRADO, 19d/30d)
2026-10-05 15:39:42 | INFO | services.connectors.risk3_connector | [2490/3192] CNPJ 61246245000198 -> CACHE (SUCESSO, 196d/365d)
2026-10-05 15:39:42 | INFO | services.connectors.risk3_connector | [2491/3192] CNPJ 61252540000157 -> CACHE (NAO_ENCONTRADO, 14d/30d)
2026-10-05 15:39:42 | INFO | services.connectors.risk3_connector | [2492/3192] CNPJ 61274247000190 -> CACHE (SUCESSO, 249d/365d)
2026-10-05 15:39:42 | INFO | services.connectors.risk3_connector | [2493/3192] CNPJ 61299178000170 -> CACHE (SUCESSO, 91d/365d)
2026-10-05 15:39:42 | INFO | services.connectors.risk3_connector | [2494/3192] CNPJ 61310256000190 -> CACHE (SUCESSO, 203d/365d)
2026-10-05 15:39:42 | INFO | services.connectors.risk3_connector | [2495/3192] CNPJ 61316600000158 -> CACHE (NAO_ENCONTRADO, 14d/30d)
2026-10-05 15:39:42 | INFO | services.connectors.risk3_connector | [2496/3192] CNPJ 61352050000122 -> CACHE (SUCESSO, 102d/365d)
2026-10-05 15:39:42 | INFO | services.connectors.risk3_connector | [2497/3192] CNPJ 61407078000110 -> CACHE (NAO_ENCONTRADO, 14d/30d)
2026-10-05 15:39:42 | INFO | services.connectors.risk3_connector | [2498/3192] CNPJ 61409892000173 -> CACHE (SUCESSO, 108d/365d)
2026-10-05 15:39:42 | INFO | services.connectors.risk3_connector | [2499/3192] CNPJ 61409892000920 -> CACHE (NAO_ENCONTRADO, 19d/30d)
2026-10-05 15:39:42 | INFO | services.connectors.risk3_connector | [2500/3192] CNPJ 61451027000195 -> CACHE (SUCESSO, 41d/365d)
2026-10-05 15:39:42 | INFO | services.connectors.risk3_connector | [2501/3192] CNPJ 61456463000157 -> CACHE (SUCESSO, 349d/365d)
2026-10-05 15:39:42 | INFO | services.connectors.risk3_connector | [2502/3192] CNPJ 61460325000141 -> CACHE (SUCESSO, 139d/365d)
2026-10-05 15:39:42 | INFO | services.connectors.risk3_connector | [2503/3192] CNPJ 61479002000108 -> CACHE (SUCESSO, 195d/365d)
2026-10-05 15:39:42 | INFO | services.connectors.risk3_connector | [2504/3192] CNPJ 61486650000183 -> CACHE (NAO_ENCONTRADO, 19d/30d)
2026-10-05 15:39:42 | INFO | services.connectors.risk3_connector | [2505/3192] CNPJ 61526398000199 -> CACHE (SUCESSO, 103d/365d)
2026-10-05 15:39:42 | INFO | services.connectors.risk3_connector | [2506/3192] CNPJ 61528030000160 -> CACHE (SUCESSO, 83d/365d)
2026-10-05 15:39:42 | INFO | services.connectors.risk3_connector | [2507/3192] CNPJ 61533949000141 -> CACHE (SUCESSO, 175d/365d)
2026-10-05 15:39:42 | INFO | services.connectors.risk3_connector | [2508/3192] CNPJ 61585865000151 -> CACHE (SUCESSO, 264d/365d)
2026-10-05 15:39:42 | INFO | services.connectors.risk3_connector | [2509/3192] CNPJ 61597407000132 -> CACHE (SUCESSO, 102d/365d)
2026-10-05 15:39:42 | INFO | services.connectors.risk3_connector | [2510/3192] CNPJ 61603288000183 -> CACHE (SUCESSO, 26d/365d)
2026-10-05 15:39:42 | INFO | services.connectors.risk3_connector | [2511/3192] CNPJ 61620753000194 -> CACHE (NAO_ENCONTRADO, 6d/30d)
2026-10-05 15:39:42 | INFO | services.connectors.risk3_connector | [2512/3192] CNPJ 61620753001670 -> CACHE (SUCESSO, 179d/365d)
2026-10-05 15:39:42 | INFO | services.connectors.risk3_connector | [2513/3192] CNPJ 61649810000168 -> CACHE (SUCESSO, 21d/365d)
2026-10-05 15:39:42 | INFO | services.connectors.risk3_connector | [2514/3192] CNPJ 61695227000193 -> CACHE (NAO_ENCONTRADO, 0d/30d)
2026-10-05 15:39:42 | INFO | services.connectors.risk3_connector | [2515/3192] CNPJ 61728804000104 -> CACHE (SUCESSO, 103d/365d)
2026-10-05 15:39:42 | INFO | services.connectors.risk3_connector | [2516/3192] CNPJ 61741690000124 -> CACHE (SUCESSO, 67d/365d)
2026-10-05 15:39:42 | INFO | services.connectors.risk3_connector | [2517/3192] CNPJ 61887899000109 -> CACHE (SUCESSO, 196d/365d)
2026-10-05 15:39:42 | INFO | services.connectors.risk3_connector | [2518/3192] CNPJ 62014352000153 -> CACHE (SUCESSO, 102d/365d)
2026-10-05 15:39:42 | INFO | services.connectors.risk3_connector | [2519/3192] CNPJ 62070362000106 -> CACHE (SUCESSO, 108d/365d)
2026-10-05 15:39:42 | INFO | services.connectors.risk3_connector | [2520/3192] CNPJ 62100581000190 -> CACHE (SUCESSO, 25d/365d)
2026-10-05 15:39:42 | INFO | services.connectors.risk3_connector | [2521/3192] CNPJ 62125836000170 -> CACHE (SUCESSO, 103d/365d)
2026-10-05 15:39:42 | INFO | services.connectors.risk3_connector | [2522/3192] CNPJ 62258884000136 -> CACHE (SUCESSO, 201d/365d)
2026-10-05 15:39:42 | INFO | services.connectors.risk3_connector | [2523/3192] CNPJ 62375191000123 -> CACHE (NAO_ENCONTRADO, 14d/30d)
2026-10-05 15:39:42 | INFO | services.connectors.risk3_connector | [2524/3192] CNPJ 62440235000151 -> CACHE (SUCESSO, 131d/365d)
2026-10-05 15:39:42 | INFO | services.connectors.risk3_connector | [2525/3192] CNPJ 62473004000144 -> CACHE (SUCESSO, 103d/365d)
2026-10-05 15:39:42 | INFO | services.connectors.risk3_connector | [2526/3192] CNPJ 62545686000153 -> CACHE (SUCESSO, 111d/365d)
2026-10-05 15:39:42 | INFO | services.connectors.risk3_connector | [2527/3192] CNPJ 62576327000163 -> CACHE (NAO_ENCONTRADO, 6d/30d)
2026-10-05 15:39:42 | INFO | services.connectors.risk3_connector | [2528/3192] CNPJ 62576327000830 -> CACHE (SUCESSO, 161d/365d)
2026-10-05 15:39:42 | INFO | services.connectors.risk3_connector | [2529/3192] CNPJ 62644505000146 -> CACHE (NAO_ENCONTRADO, 6d/30d)
2026-10-05 15:39:42 | INFO | services.connectors.risk3_connector | [2530/3192] CNPJ 62644505000570 -> CACHE (NAO_ENCONTRADO, 14d/30d)
2026-10-05 15:39:42 | INFO | services.connectors.risk3_connector | [2531/3192] CNPJ 62695036000194 -> CACHE (SUCESSO, 130d/365d)
2026-10-05 15:39:42 | INFO | services.connectors.risk3_connector | [2532/3192] CNPJ 62695036004009 -> CACHE (SUCESSO, 130d/365d)
2026-10-05 15:39:42 | INFO | services.connectors.risk3_connector | [2533/3192] CNPJ 62695036004858 -> CACHE (SUCESSO, 130d/365d)
2026-10-05 15:39:42 | INFO | services.connectors.risk3_connector | [2534/3192] CNPJ 62695036005404 -> CACHE (SUCESSO, 130d/365d)
2026-10-05 15:39:42 | INFO | services.connectors.risk3_connector | [2535/3192] CNPJ 62757224000108 -> CACHE (SUCESSO, 200d/365d)
2026-10-05 15:39:42 | INFO | services.connectors.risk3_connector | [2536/3192] CNPJ 62801576000105 -> CACHE (SUCESSO, 103d/365d)
2026-10-05 15:39:42 | INFO | services.connectors.risk3_connector | [2537/3192] CNPJ 62829510000123 -> CACHE (NAO_ENCONTRADO, 14d/30d)
2026-10-05 15:39:42 | INFO | services.connectors.risk3_connector | [2538/3192] CNPJ 62955505000167 -> CACHE (NAO_ENCONTRADO, 6d/30d)
2026-10-05 15:39:42 | INFO | services.connectors.risk3_connector | [2539/3192] CNPJ 62955505006874 -> CACHE (SUCESSO, 102d/365d)
2026-10-05 15:39:42 | INFO | services.connectors.risk3_connector | [2540/3192] CNPJ 62979232000190 -> CACHE (SUCESSO, 102d/365d)
2026-10-05 15:39:42 | INFO | services.connectors.risk3_connector | [2541/3192] CNPJ 62988365000123 -> CACHE (SUCESSO, 103d/365d)
2026-10-05 15:39:42 | INFO | services.connectors.risk3_connector | [2542/3192] CNPJ 63014377000110 -> CACHE (SUCESSO, 223d/365d)
2026-10-05 15:39:42 | INFO | services.connectors.risk3_connector | [2543/3192] CNPJ 63967640000195 -> CACHE (SUCESSO, 175d/365d)
2026-10-05 15:39:42 | INFO | services.connectors.risk3_connector | [2544/3192] CNPJ 64080021000147 -> CACHE (NAO_ENCONTRADO, 14d/30d)
2026-10-05 15:39:42 | INFO | services.connectors.risk3_connector | [2545/3192] CNPJ 64119865000154 -> CACHE (SUCESSO, 252d/365d)
2026-10-05 15:39:42 | INFO | services.connectors.risk3_connector | [2546/3192] CNPJ 64151160000114 -> CACHE (NAO_ENCONTRADO, 14d/30d)
2026-10-05 15:39:42 | INFO | services.connectors.risk3_connector | [2547/3192] CNPJ 64762107000150 -> CACHE (NAO_ENCONTRADO, 14d/30d)
2026-10-05 15:39:42 | INFO | services.connectors.risk3_connector | [2548/3192] CNPJ 64812373000140 -> CACHE (SUCESSO, 206d/365d)
2026-10-05 15:39:42 | INFO | services.connectors.risk3_connector | [2549/3192] CNPJ 64822810000106 -> CACHE (NAO_ENCONTRADO, 14d/30d)
2026-10-05 15:39:42 | INFO | services.connectors.risk3_connector | [2550/3192] CNPJ 65820649000102 -> CACHE (NAO_ENCONTRADO, 14d/30d)
2026-10-05 15:39:42 | INFO | services.connectors.risk3_connector | [2551/3192] CNPJ 65882680000160 -> CACHE (SUCESSO, 312d/365d)
2026-10-05 15:39:42 | INFO | services.connectors.risk3_connector | [2552/3192] CNPJ 65894297000121 -> CACHE (SUCESSO, 103d/365d)
2026-10-05 15:39:42 | INFO | services.connectors.risk3_connector | [2553/3192] CNPJ 66081894000108 -> CACHE (NAO_ENCONTRADO, 14d/30d)
2026-10-05 15:39:42 | INFO | services.connectors.risk3_connector | [2554/3192] CNPJ 66693326000150 -> CACHE (SUCESSO, 109d/365d)
2026-10-05 15:39:42 | INFO | services.connectors.risk3_connector | [2555/3192] CNPJ 66830332000101 -> CACHE (SUCESSO, 328d/365d)
2026-10-05 15:39:42 | INFO | services.connectors.risk3_connector | [2556/3192] CNPJ 66832825000180 -> CACHE (NAO_ENCONTRADO, 14d/30d)
2026-10-05 15:39:42 | INFO | services.connectors.risk3_connector | [2557/3192] CNPJ 66979659000140 -> CACHE (SUCESSO, 103d/365d)
2026-10-05 15:39:42 | INFO | services.connectors.risk3_connector | [2558/3192] CNPJ 67051136000100 -> CACHE (NAO_ENCONTRADO, 6d/30d)
2026-10-05 15:39:42 | INFO | services.connectors.risk3_connector | [2559/3192] CNPJ 67051136000363 -> CACHE (SUCESSO, 102d/365d)
2026-10-05 15:39:42 | INFO | services.connectors.risk3_connector | [2560/3192] CNPJ 67185694000150 -> CACHE (SUCESSO, 103d/365d)
2026-10-05 15:39:42 | INFO | services.connectors.risk3_connector | [2561/3192] CNPJ 67218263000142 -> CACHE (NAO_ENCONTRADO, 14d/30d)
2026-10-05 15:39:42 | INFO | services.connectors.risk3_connector | [2562/3192] CNPJ 67290858000109 -> CACHE (SUCESSO, 101d/365d)
2026-10-05 15:39:42 | INFO | services.connectors.risk3_connector | [2563/3192] CNPJ 67375782000114 -> CACHE (NAO_ENCONTRADO, 6d/30d)
2026-10-05 15:39:42 | INFO | services.connectors.risk3_connector | [2564/3192] CNPJ 67375782000386 -> CACHE (NAO_ENCONTRADO, 14d/30d)
2026-10-05 15:39:42 | INFO | services.connectors.risk3_connector | [2565/3192] CNPJ 67552869000110 -> CACHE (SUCESSO, 103d/365d)
2026-10-05 15:39:42 | INFO | services.connectors.risk3_connector | [2566/3192] CNPJ 67620377000114 -> CACHE (NAO_ENCONTRADO, 19d/30d)
2026-10-05 15:39:42 | INFO | services.connectors.risk3_connector | [2567/3192] CNPJ 67649269000174 -> CACHE (NAO_ENCONTRADO, 14d/30d)
2026-10-05 15:39:42 | INFO | services.connectors.risk3_connector | [2568/3192] CNPJ 67718726000135 -> CACHE (NAO_ENCONTRADO, 14d/30d)
2026-10-05 15:39:42 | INFO | services.connectors.risk3_connector | [2569/3192] CNPJ 67848002000106 -> CACHE (SUCESSO, 175d/365d)
2026-10-05 15:39:42 | INFO | services.connectors.risk3_connector | [2570/3192] CNPJ 67848002000459 -> CACHE (NAO_ENCONTRADO, 14d/30d)
2026-10-05 15:39:42 | INFO | services.connectors.risk3_connector | [2571/3192] CNPJ 67969964000113 -> CACHE (SUCESSO, 103d/365d)
2026-10-05 15:39:42 | INFO | services.connectors.risk3_connector | [2572/3192] CNPJ 68265834000162 -> CACHE (NAO_ENCONTRADO, 14d/30d)
2026-10-05 15:39:42 | INFO | services.connectors.risk3_connector | [2573/3192] CNPJ 68457727000136 -> CACHE (NAO_ENCONTRADO, 10d/30d)
2026-10-05 15:39:42 | INFO | services.connectors.risk3_connector | [2574/3192] CNPJ 68737857000122 -> CACHE (SUCESSO, 301d/365d)
2026-10-05 15:39:42 | INFO | services.connectors.risk3_connector | [2575/3192] CNPJ 68776277000144 -> CACHE (SUCESSO, 102d/365d)
2026-10-05 15:39:42 | INFO | services.connectors.risk3_connector | [2576/3192] CNPJ 71320915000122 -> CACHE (SUCESSO, 84d/365d)
2026-10-05 15:39:42 | INFO | services.connectors.risk3_connector | [2577/3192] CNPJ 71322150000160 -> CACHE (SUCESSO, 297d/365d)
2026-10-05 15:39:42 | INFO | services.connectors.risk3_connector | [2578/3192] CNPJ 71447049000135 -> CACHE (SUCESSO, 245d/365d)
2026-10-05 15:39:42 | INFO | services.connectors.risk3_connector | [2579/3192] CNPJ 71779813000170 -> CACHE (SUCESSO, 175d/365d)
2026-10-05 15:39:42 | INFO | services.connectors.risk3_connector | [2580/3192] CNPJ 71788301000170 -> CACHE (SUCESSO, 209d/365d)
2026-10-05 15:39:42 | INFO | services.connectors.risk3_connector | [2581/3192] CNPJ 71805063000163 -> CACHE (SUCESSO, 83d/365d)
2026-10-05 15:39:42 | INFO | services.connectors.risk3_connector | [2582/3192] CNPJ 71815161000181 -> CACHE (SUCESSO, 96d/365d)
2026-10-05 15:39:42 | INFO | services.connectors.risk3_connector | [2583/3192] CNPJ 71815161000262 -> CACHE (SUCESSO, 102d/365d)
2026-10-05 15:39:42 | INFO | services.connectors.risk3_connector | [2584/3192] CNPJ 71832679000123 -> CACHE (SUCESSO, 104d/365d)
2026-10-05 15:39:42 | INFO | services.connectors.risk3_connector | [2585/3192] CNPJ 72058241000100 -> CACHE (NAO_ENCONTRADO, 6d/30d)
2026-10-05 15:39:42 | INFO | services.connectors.risk3_connector | [2586/3192] CNPJ 72058241000364 -> CACHE (SUCESSO, 166d/365d)
2026-10-05 15:39:42 | INFO | services.connectors.risk3_connector | [2587/3192] CNPJ 72147440000187 -> CACHE (SUCESSO, 102d/365d)
2026-10-05 15:39:42 | INFO | services.connectors.risk3_connector | [2588/3192] CNPJ 72182777000125 -> CACHE (SUCESSO, 74d/365d)
2026-10-05 15:39:42 | INFO | services.connectors.risk3_connector | [2589/3192] CNPJ 72202773000161 -> CACHE (SUCESSO, 210d/365d)
2026-10-05 15:39:42 | INFO | services.connectors.risk3_connector | [2590/3192] CNPJ 72225683000196 -> CACHE (SUCESSO, 150d/365d)
2026-10-05 15:39:42 | INFO | services.connectors.risk3_connector | [2591/3192] CNPJ 72230071000191 -> CACHE (NAO_ENCONTRADO, 14d/30d)
2026-10-05 15:39:42 | INFO | services.connectors.risk3_connector | [2592/3192] CNPJ 72366818000133 -> CACHE (SUCESSO, 264d/365d)
2026-10-05 15:39:42 | INFO | services.connectors.risk3_connector | [2593/3192] CNPJ 72393002000107 -> CACHE (SUCESSO, 103d/365d)
2026-10-05 15:39:42 | INFO | services.connectors.risk3_connector | [2594/3192] CNPJ 72451917000113 -> CACHE (SUCESSO, 47d/365d)
2026-10-05 15:39:42 | INFO | services.connectors.risk3_connector | [2595/3192] CNPJ 72459373000136 -> CACHE (SUCESSO, 103d/365d)
2026-10-05 15:39:42 | INFO | services.connectors.risk3_connector | [2596/3192] CNPJ 72535370000134 -> CACHE (SUCESSO, 40d/365d)
2026-10-05 15:39:42 | INFO | services.connectors.risk3_connector | [2597/3192] CNPJ 72899016000199 -> CACHE (SUCESSO, 77d/365d)
2026-10-05 15:39:42 | INFO | services.connectors.risk3_connector | [2598/3192] CNPJ 72899016000512 -> CACHE (NAO_ENCONTRADO, 14d/30d)
2026-10-05 15:39:42 | INFO | services.connectors.risk3_connector | [2599/3192] CNPJ 72909146000165 -> CACHE (SUCESSO, 103d/365d)
2026-10-05 15:39:42 | INFO | services.connectors.risk3_connector | [2600/3192] CNPJ 72954308000187 -> CACHE (SUCESSO, 195d/365d)
2026-10-05 15:39:42 | INFO | services.connectors.risk3_connector | [2601/3192] CNPJ 73008112000162 -> CACHE (SUCESSO, 105d/365d)
2026-10-05 15:39:42 | INFO | services.connectors.risk3_connector | [2602/3192] CNPJ 73056731000122 -> CACHE (SUCESSO, 189d/365d)
2026-10-05 15:39:42 | INFO | services.connectors.risk3_connector | [2603/3192] CNPJ 73113367000195 -> CACHE (SUCESSO, 165d/365d)
2026-10-05 15:39:42 | INFO | services.connectors.risk3_connector | [2604/3192] CNPJ 73217028000159 -> CACHE (SUCESSO, 103d/365d)
2026-10-05 15:39:42 | INFO | services.connectors.risk3_connector | [2605/3192] CNPJ 73262826000100 -> CACHE (SUCESSO, 339d/365d)
2026-10-05 15:39:42 | INFO | services.connectors.risk3_connector | [2606/3192] CNPJ 73338824000140 -> CACHE (SUCESSO, 103d/365d)
2026-10-05 15:39:42 | INFO | services.connectors.risk3_connector | [2607/3192] CNPJ 73379380000190 -> CACHE (SUCESSO, 264d/365d)
2026-10-05 15:39:42 | INFO | services.connectors.risk3_connector | [2608/3192] CNPJ 73403446000130 -> CACHE (NAO_ENCONTRADO, 14d/30d)
2026-10-05 15:39:42 | INFO | services.connectors.risk3_connector | [2609/3192] CNPJ 73500480000123 -> CACHE (SUCESSO, 68d/365d)
2026-10-05 15:39:42 | INFO | services.connectors.risk3_connector | [2610/3192] CNPJ 73586976000161 -> CACHE (SUCESSO, 103d/365d)
2026-10-05 15:39:42 | INFO | services.connectors.risk3_connector | [2611/3192] CNPJ 73694119000185 -> CACHE (NAO_ENCONTRADO, 14d/30d)
2026-10-05 15:39:42 | INFO | services.connectors.risk3_connector | [2612/3192] CNPJ 73695595000110 -> CACHE (SUCESSO, 175d/365d)
2026-10-05 15:39:42 | INFO | services.connectors.risk3_connector | [2613/3192] CNPJ 73847782000172 -> CACHE (SUCESSO, 265d/365d)
2026-10-05 15:39:42 | INFO | services.connectors.risk3_connector | [2614/3192] CNPJ 73856593000166 -> CACHE (SUCESSO, 88d/365d)
2026-10-05 15:39:42 | INFO | services.connectors.risk3_connector | [2615/3192] CNPJ 73954489000104 -> CACHE (SUCESSO, 264d/365d)
2026-10-05 15:39:42 | INFO | services.connectors.risk3_connector | [2616/3192] CNPJ 73973059000130 -> CACHE (SUCESSO, 103d/365d)
2026-10-05 15:39:42 | INFO | services.connectors.risk3_connector | [2617/3192] CNPJ 74068552000178 -> CACHE (SUCESSO, 103d/365d)
2026-10-05 15:39:42 | INFO | services.connectors.risk3_connector | [2618/3192] CNPJ 74175159000183 -> CACHE (SUCESSO, 206d/365d)
2026-10-05 15:39:42 | INFO | services.connectors.risk3_connector | [2619/3192] CNPJ 74175159000264 -> CACHE (SUCESSO, 102d/365d)
2026-10-05 15:39:42 | INFO | services.connectors.risk3_connector | [2620/3192] CNPJ 74526278000133 -> CACHE (SUCESSO, 215d/365d)
2026-10-05 15:39:42 | INFO | services.connectors.risk3_connector | [2621/3192] CNPJ 74531997000142 -> CACHE (SUCESSO, 195d/365d)
2026-10-05 15:39:42 | INFO | services.connectors.risk3_connector | [2622/3192] CNPJ 74657784000161 -> CACHE (SUCESSO, 103d/365d)
2026-10-05 15:39:42 | INFO | services.connectors.risk3_connector | [2623/3192] CNPJ 75025734000124 -> CACHE (SUCESSO, 188d/365d)
2026-10-05 15:39:42 | INFO | services.connectors.risk3_connector | [2624/3192] CNPJ 75029595000107 -> CACHE (SUCESSO, 342d/365d)
2026-10-05 15:39:42 | INFO | services.connectors.risk3_connector | [2625/3192] CNPJ 75031278000125 -> CACHE (SUCESSO, 175d/365d)
2026-10-05 15:39:42 | INFO | services.connectors.risk3_connector | [2626/3192] CNPJ 75034645000144 -> CACHE (SUCESSO, 102d/365d)
2026-10-05 15:39:42 | INFO | services.connectors.risk3_connector | [2627/3192] CNPJ 75045591000112 -> CACHE (SUCESSO, 102d/365d)
2026-10-05 15:39:42 | INFO | services.connectors.risk3_connector | [2628/3192] CNPJ 75047498000147 -> CACHE (SUCESSO, 103d/365d)
2026-10-05 15:39:42 | INFO | services.connectors.risk3_connector | [2629/3192] CNPJ 75048165000132 -> CACHE (SUCESSO, 34d/365d)
2026-10-05 15:39:42 | INFO | services.connectors.risk3_connector | [2630/3192] CNPJ 75051458000179 -> CACHE (SUCESSO, 265d/365d)
2026-10-05 15:39:42 | INFO | services.connectors.risk3_connector | [2631/3192] CNPJ 75084871000130 -> CACHE (SUCESSO, 103d/365d)
2026-10-05 15:39:42 | INFO | services.connectors.risk3_connector | [2632/3192] CNPJ 75104422000106 -> CACHE (SUCESSO, 102d/365d)
2026-10-05 15:39:42 | INFO | services.connectors.risk3_connector | [2633/3192] CNPJ 75182048000167 -> CACHE (SUCESSO, 14d/365d)
2026-10-05 15:39:42 | INFO | services.connectors.risk3_connector | [2634/3192] CNPJ 75205831000107 -> CACHE (SUCESSO, 103d/365d)
2026-10-05 15:39:42 | INFO | services.connectors.risk3_connector | [2635/3192] CNPJ 75221028000158 -> CACHE (SUCESSO, 52d/365d)
2026-10-05 15:39:42 | INFO | services.connectors.risk3_connector | [2636/3192] CNPJ 75222224000147 -> CACHE (SUCESSO, 70d/365d)
2026-10-05 15:39:42 | INFO | services.connectors.risk3_connector | [2637/3192] CNPJ 75222224002433 -> CACHE (NAO_ENCONTRADO, 0d/30d)
2026-10-05 15:39:42 | INFO | services.connectors.risk3_connector | [2638/3192] CNPJ 75227801000193 -> CACHE (SUCESSO, 354d/365d)
2026-10-05 15:39:42 | INFO | services.connectors.risk3_connector | [2639/3192] CNPJ 75263921000146 -> CACHE (SUCESSO, 103d/365d)
2026-10-05 15:39:42 | INFO | services.connectors.risk3_connector | [2640/3192] CNPJ 75263921001037 -> CACHE (SUCESSO, 101d/365d)
2026-10-05 15:39:42 | INFO | services.connectors.risk3_connector | [2641/3192] CNPJ 75272013000119 -> CACHE (SUCESSO, 103d/365d)
2026-10-05 15:39:42 | INFO | services.connectors.risk3_connector | [2642/3192] CNPJ 75293662000104 -> CACHE (NAO_ENCONTRADO, 14d/30d)
2026-10-05 15:39:42 | INFO | services.connectors.risk3_connector | [2643/3192] CNPJ 75294801000106 -> CACHE (SUCESSO, 175d/365d)
2026-10-05 15:39:42 | INFO | services.connectors.risk3_connector | [2644/3192] CNPJ 75364455000195 -> CACHE (SUCESSO, 103d/365d)
2026-10-05 15:39:42 | INFO | services.connectors.risk3_connector | [2645/3192] CNPJ 75400218000132 -> CACHE (SUCESSO, 192d/365d)
2026-10-05 15:39:42 | INFO | services.connectors.risk3_connector | [2646/3192] CNPJ 75483040000130 -> CACHE (NAO_ENCONTRADO, 6d/30d)
2026-10-05 15:39:42 | INFO | services.connectors.risk3_connector | [2647/3192] CNPJ 75483040000211 -> CACHE (SUCESSO, 103d/365d)
2026-10-05 15:39:42 | INFO | services.connectors.risk3_connector | [2648/3192] CNPJ 75517151000110 -> CACHE (SUCESSO, 194d/365d)
2026-10-05 15:39:42 | INFO | services.connectors.risk3_connector | [2649/3192] CNPJ 75556431000138 -> CACHE (NAO_ENCONTRADO, 6d/30d)
2026-10-05 15:39:42 | INFO | services.connectors.risk3_connector | [2650/3192] CNPJ 75556431000219 -> CACHE (SUCESSO, 102d/365d)
2026-10-05 15:39:42 | INFO | services.connectors.risk3_connector | [2651/3192] CNPJ 75556431000561 -> CACHE (SUCESSO, 103d/365d)
2026-10-05 15:39:42 | INFO | services.connectors.risk3_connector | [2652/3192] CNPJ 75584193000174 -> CACHE (SUCESSO, 102d/365d)
2026-10-05 15:39:42 | INFO | services.connectors.risk3_connector | [2653/3192] CNPJ 75635144000113 -> CACHE (NAO_ENCONTRADO, 14d/30d)
2026-10-05 15:39:42 | INFO | services.connectors.risk3_connector | [2654/3192] CNPJ 75655720000194 -> CACHE (SUCESSO, 103d/365d)
2026-10-05 15:39:42 | INFO | services.connectors.risk3_connector | [2655/3192] CNPJ 75674424000130 -> CACHE (SUCESSO, 102d/365d)
2026-10-05 15:39:42 | INFO | services.connectors.risk3_connector | [2656/3192] CNPJ 75723056000173 -> CACHE (SUCESSO, 265d/365d)
2026-10-05 15:39:42 | INFO | services.connectors.risk3_connector | [2657/3192] CNPJ 75784140000105 -> CACHE (SUCESSO, 101d/365d)
2026-10-05 15:39:42 | INFO | services.connectors.risk3_connector | [2658/3192] CNPJ 75784140000873 -> CACHE (SUCESSO, 165d/365d)
2026-10-05 15:39:42 | INFO | services.connectors.risk3_connector | [2659/3192] CNPJ 75801936000110 -> CACHE (SUCESSO, 264d/365d)
2026-10-05 15:39:42 | INFO | services.connectors.risk3_connector | [2660/3192] CNPJ 75802041000109 -> CACHE (SUCESSO, 180d/365d)
2026-10-05 15:39:42 | INFO | services.connectors.risk3_connector | [2661/3192] CNPJ 75802041001415 -> CACHE (NAO_ENCONTRADO, 14d/30d)
2026-10-05 15:39:42 | INFO | services.connectors.risk3_connector | [2662/3192] CNPJ 75805895000130 -> CACHE (NAO_ENCONTRADO, 0d/30d)
2026-10-05 15:39:42 | INFO | services.connectors.risk3_connector | [2663/3192] CNPJ 75864728000160 -> CACHE (SUCESSO, 103d/365d)
2026-10-05 15:39:42 | INFO | services.connectors.risk3_connector | [2664/3192] CNPJ 75875773000110 -> CACHE (SUCESSO, 341d/365d)
2026-10-05 15:39:42 | INFO | services.connectors.risk3_connector | [2665/3192] CNPJ 75904383000121 -> CACHE (SUCESSO, 63d/365d)
2026-10-05 15:39:42 | INFO | services.connectors.risk3_connector | [2666/3192] CNPJ 75915975000149 -> CACHE (SUCESSO, 102d/365d)
2026-10-05 15:39:42 | INFO | services.connectors.risk3_connector | [2667/3192] CNPJ 75962886000153 -> CACHE (NAO_ENCONTRADO, 6d/30d)
2026-10-05 15:39:42 | INFO | services.connectors.risk3_connector | [2668/3192] CNPJ 75962886000315 -> CACHE (SUCESSO, 137d/365d)
2026-10-05 15:39:42 | INFO | services.connectors.risk3_connector | [2669/3192] CNPJ 75962886000900 -> CACHE (SUCESSO, 137d/365d)
2026-10-05 15:39:42 | INFO | services.connectors.risk3_connector | [2670/3192] CNPJ 76004209000195 -> CACHE (SUCESSO, 102d/365d)
2026-10-05 15:39:42 | INFO | services.connectors.risk3_connector | [2671/3192] CNPJ 76013440000145 -> CACHE (SUCESSO, 147d/365d)
2026-10-05 15:39:42 | INFO | services.connectors.risk3_connector | [2672/3192] CNPJ 76047638000140 -> CACHE (SUCESSO, 131d/365d)
2026-10-05 15:39:42 | INFO | services.connectors.risk3_connector | [2673/3192] CNPJ 76061480000162 -> CACHE (SUCESSO, 116d/365d)
2026-10-05 15:39:42 | INFO | services.connectors.risk3_connector | [2674/3192] CNPJ 76071950000179 -> CACHE (SUCESSO, 102d/365d)
2026-10-05 15:39:42 | INFO | services.connectors.risk3_connector | [2675/3192] CNPJ 76081892000164 -> CACHE (NAO_ENCONTRADO, 19d/30d)
2026-10-05 15:39:42 | INFO | services.connectors.risk3_connector | [2676/3192] CNPJ 76089523000118 -> CACHE (SUCESSO, 125d/365d)
2026-10-05 15:39:42 | INFO | services.connectors.risk3_connector | [2677/3192] CNPJ 76091768000180 -> CACHE (SUCESSO, 265d/365d)
2026-10-05 15:39:42 | INFO | services.connectors.risk3_connector | [2678/3192] CNPJ 76093731000190 -> CACHE (SUCESSO, 159d/365d)
2026-10-05 15:39:42 | INFO | services.connectors.risk3_connector | [2679/3192] CNPJ 76093731008256 -> CACHE (NAO_ENCONTRADO, 19d/30d)
2026-10-05 15:39:42 | INFO | services.connectors.risk3_connector | [2680/3192] CNPJ 76097989000165 -> CACHE (SUCESSO, 265d/365d)
2026-10-05 15:39:42 | INFO | services.connectors.risk3_connector | [2681/3192] CNPJ 76098219000137 -> CACHE (SUCESSO, 59d/365d)
2026-10-05 15:39:42 | INFO | services.connectors.risk3_connector | [2682/3192] CNPJ 76105436000107 -> CACHE (SUCESSO, 265d/365d)
2026-10-05 15:39:42 | INFO | services.connectors.risk3_connector | [2683/3192] CNPJ 76107770000108 -> CACHE (SUCESSO, 165d/365d)
2026-10-05 15:39:42 | INFO | services.connectors.risk3_connector | [2684/3192] CNPJ 76107770004600 -> CACHE (SUCESSO, 4d/365d)
2026-10-05 15:39:42 | INFO | services.connectors.risk3_connector | [2685/3192] CNPJ 76108349000103 -> CACHE (NAO_ENCONTRADO, 6d/30d)
2026-10-05 15:39:42 | INFO | services.connectors.risk3_connector | [2686/3192] CNPJ 76108349003200 -> CACHE (SUCESSO, 293d/365d)
2026-10-05 15:39:42 | INFO | services.connectors.risk3_connector | [2687/3192] CNPJ 76109594000135 -> CACHE (SUCESSO, 103d/365d)
2026-10-05 15:39:42 | INFO | services.connectors.risk3_connector | [2688/3192] CNPJ 76176643000152 -> CACHE (SUCESSO, 103d/365d)
2026-10-05 15:39:42 | INFO | services.connectors.risk3_connector | [2689/3192] CNPJ 76189406000126 -> CACHE (SUCESSO, 91d/365d)
2026-10-05 15:39:42 | INFO | services.connectors.risk3_connector | [2690/3192] CNPJ 76189406006833 -> CACHE (NAO_ENCONTRADO, 14d/30d)
2026-10-05 15:39:42 | INFO | services.connectors.risk3_connector | [2691/3192] CNPJ 76189406006914 -> CACHE (NAO_ENCONTRADO, 14d/30d)
2026-10-05 15:39:42 | INFO | services.connectors.risk3_connector | [2692/3192] CNPJ 76189406007058 -> CACHE (NAO_ENCONTRADO, 14d/30d)
2026-10-05 15:39:42 | INFO | services.connectors.risk3_connector | [2693/3192] CNPJ 76189406007210 -> CACHE (NAO_ENCONTRADO, 14d/30d)
2026-10-05 15:39:42 | INFO | services.connectors.risk3_connector | [2694/3192] CNPJ 76189406007309 -> CACHE (NAO_ENCONTRADO, 14d/30d)
2026-10-05 15:39:42 | INFO | services.connectors.risk3_connector | [2695/3192] CNPJ 76189406007481 -> CACHE (NAO_ENCONTRADO, 14d/30d)
2026-10-05 15:39:42 | INFO | services.connectors.risk3_connector | [2696/3192] CNPJ 76189406007562 -> CACHE (NAO_ENCONTRADO, 14d/30d)
2026-10-05 15:39:42 | INFO | services.connectors.risk3_connector | [2697/3192] CNPJ 76189406007643 -> CACHE (NAO_ENCONTRADO, 14d/30d)
2026-10-05 15:39:42 | INFO | services.connectors.risk3_connector | [2698/3192] CNPJ 76194091000105 -> CACHE (NAO_ENCONTRADO, 14d/30d)
2026-10-05 15:39:42 | INFO | services.connectors.risk3_connector | [2699/3192] CNPJ 76208867000107 -> CACHE (SUCESSO, 364d/365d)
2026-10-05 15:39:42 | INFO | services.connectors.risk3_connector | [2700/3192] CNPJ 76214022000116 -> CACHE (SUCESSO, 264d/365d)
2026-10-05 15:39:42 | INFO | services.connectors.risk3_connector | [2701/3192] CNPJ 76214022000388 -> CACHE (SUCESSO, 102d/365d)
2026-10-05 15:39:42 | INFO | services.connectors.risk3_connector | [2702/3192] CNPJ 76255926000190 -> CACHE (SUCESSO, 348d/365d)
2026-10-05 15:39:42 | INFO | services.connectors.risk3_connector | [2703/3192] CNPJ 76260017000140 -> CACHE (SUCESSO, 103d/365d)
2026-10-05 15:39:42 | INFO | services.connectors.risk3_connector | [2704/3192] CNPJ 76291251000134 -> CACHE (SUCESSO, 143d/365d)
2026-10-05 15:39:42 | INFO | services.connectors.risk3_connector | [2705/3192] CNPJ 76396159000139 -> CACHE (SUCESSO, 102d/365d)
2026-10-05 15:39:42 | INFO | services.connectors.risk3_connector | [2706/3192] CNPJ 76430438000171 -> CACHE (SUCESSO, 34d/365d)
2026-10-05 15:39:42 | INFO | services.connectors.risk3_connector | [2707/3192] CNPJ 76430438012420 -> CACHE (SUCESSO, 102d/365d)
2026-10-05 15:39:42 | INFO | services.connectors.risk3_connector | [2708/3192] CNPJ 76484013000145 -> CACHE (SUCESSO, 138d/365d)
2026-10-05 15:39:42 | INFO | services.connectors.risk3_connector | [2709/3192] CNPJ 76490572000168 -> CACHE (SUCESSO, 129d/365d)
2026-10-05 15:39:42 | INFO | services.connectors.risk3_connector | [2710/3192] CNPJ 76491836000106 -> CACHE (NAO_ENCONTRADO, 6d/30d)
2026-10-05 15:39:42 | INFO | services.connectors.risk3_connector | [2711/3192] CNPJ 76491836001250 -> CACHE (NAO_ENCONTRADO, 14d/30d)
2026-10-05 15:39:42 | INFO | services.connectors.risk3_connector | [2712/3192] CNPJ 76491950000128 -> CACHE (SUCESSO, 103d/365d)
2026-10-05 15:39:42 | INFO | services.connectors.risk3_connector | [2713/3192] CNPJ 76492065000163 -> CACHE (SUCESSO, 102d/365d)
2026-10-05 15:39:42 | INFO | services.connectors.risk3_connector | [2714/3192] CNPJ 76492305000120 -> CACHE (SUCESSO, 175d/365d)
2026-10-05 15:39:42 | INFO | services.connectors.risk3_connector | [2715/3192] CNPJ 76492305000553 -> CACHE (NAO_ENCONTRADO, 14d/30d)
2026-10-05 15:39:42 | INFO | services.connectors.risk3_connector | [2716/3192] CNPJ 76492701000157 -> CACHE (SUCESSO, 144d/365d)
2026-10-05 15:39:42 | INFO | services.connectors.risk3_connector | [2717/3192] CNPJ 76492701001129 -> CACHE (SUCESSO, 143d/365d)
2026-10-05 15:39:42 | INFO | services.connectors.risk3_connector | [2718/3192] CNPJ 76492701001803 -> CACHE (SUCESSO, 102d/365d)
2026-10-05 15:39:42 | INFO | services.connectors.risk3_connector | [2719/3192] CNPJ 76493626000149 -> CACHE (SUCESSO, 175d/365d)
2026-10-05 15:39:42 | INFO | services.connectors.risk3_connector | [2720/3192] CNPJ 76494806000145 -> CACHE (SUCESSO, 175d/365d)
2026-10-05 15:39:42 | INFO | services.connectors.risk3_connector | [2721/3192] CNPJ 76495779000125 -> CACHE (SUCESSO, 118d/365d)
2026-10-05 15:39:42 | INFO | services.connectors.risk3_connector | [2722/3192] CNPJ 76498179000110 -> CACHE (SUCESSO, 103d/365d)
2026-10-05 15:39:42 | INFO | services.connectors.risk3_connector | [2723/3192] CNPJ 76518356000183 -> CACHE (SUCESSO, 103d/365d)
2026-10-05 15:39:42 | INFO | services.connectors.risk3_connector | [2724/3192] CNPJ 76518836000144 -> CACHE (NAO_ENCONTRADO, 19d/30d)
2026-10-05 15:39:42 | INFO | services.connectors.risk3_connector | [2725/3192] CNPJ 76527951000185 -> CACHE (NAO_ENCONTRADO, 6d/30d)
2026-10-05 15:39:42 | INFO | services.connectors.risk3_connector | [2726/3192] CNPJ 76527951000509 -> CACHE (SUCESSO, 102d/365d)
2026-10-05 15:39:42 | INFO | services.connectors.risk3_connector | [2727/3192] CNPJ 76545011000119 -> CACHE (SUCESSO, 103d/365d)
2026-10-05 15:39:42 | INFO | services.connectors.risk3_connector | [2728/3192] CNPJ 76554559000125 -> CACHE (SUCESSO, 101d/365d)
2026-10-05 15:39:42 | INFO | services.connectors.risk3_connector | [2729/3192] CNPJ 76561406000105 -> CACHE (SUCESSO, 194d/365d)
2026-10-05 15:39:42 | INFO | services.connectors.risk3_connector | [2730/3192] CNPJ 76564624000101 -> CACHE (SUCESSO, 265d/365d)
2026-10-05 15:39:42 | INFO | services.connectors.risk3_connector | [2731/3192] CNPJ 76591569000130 -> CACHE (SUCESSO, 109d/365d)
2026-10-05 15:39:42 | INFO | services.connectors.risk3_connector | [2732/3192] CNPJ 76610062000187 -> CACHE (SUCESSO, 115d/365d)
2026-10-05 15:39:42 | INFO | services.connectors.risk3_connector | [2733/3192] CNPJ 76630573000160 -> CACHE (SUCESSO, 88d/365d)
2026-10-05 15:39:42 | INFO | services.connectors.risk3_connector | [2734/3192] CNPJ 76657030000137 -> CACHE (SUCESSO, 189d/365d)
2026-10-05 15:39:42 | INFO | services.connectors.risk3_connector | [2735/3192] CNPJ 76678697000116 -> CACHE (SUCESSO, 111d/365d)
2026-10-05 15:39:42 | INFO | services.connectors.risk3_connector | [2736/3192] CNPJ 76681550000185 -> CACHE (SUCESSO, 102d/365d)
2026-10-05 15:39:42 | INFO | services.connectors.risk3_connector | [2737/3192] CNPJ 76695709000110 -> CACHE (SUCESSO, 102d/365d)
2026-10-05 15:39:42 | INFO | services.connectors.risk3_connector | [2738/3192] CNPJ 76695923000177 -> CACHE (SUCESSO, 102d/365d)
2026-10-05 15:39:42 | INFO | services.connectors.risk3_connector | [2739/3192] CNPJ 76743012000178 -> CACHE (SUCESSO, 264d/365d)
2026-10-05 15:39:42 | INFO | services.connectors.risk3_connector | [2740/3192] CNPJ 76745850000180 -> CACHE (SUCESSO, 265d/365d)
2026-10-05 15:39:42 | INFO | services.connectors.risk3_connector | [2741/3192] CNPJ 76827344000130 -> CACHE (NAO_ENCONTRADO, 19d/30d)
2026-10-05 15:39:42 | INFO | services.connectors.risk3_connector | [2742/3192] CNPJ 76848506000117 -> CACHE (SUCESSO, 264d/365d)
2026-10-05 15:39:42 | INFO | services.connectors.risk3_connector | [2743/3192] CNPJ 76857747000122 -> CACHE (SUCESSO, 95d/365d)
2026-10-05 15:39:42 | INFO | services.connectors.risk3_connector | [2744/3192] CNPJ 76868678000152 -> CACHE (SUCESSO, 103d/365d)
2026-10-05 15:39:42 | INFO | services.connectors.risk3_connector | [2745/3192] CNPJ 76879295000180 -> CACHE (SUCESSO, 49d/365d)
2026-10-05 15:39:42 | INFO | services.connectors.risk3_connector | [2746/3192] CNPJ 76881093000172 -> CACHE (SUCESSO, 82d/365d)
2026-10-05 15:39:42 | INFO | services.connectors.risk3_connector | [2747/3192] CNPJ 76888767000160 -> CACHE (SUCESSO, 103d/365d)
2026-10-05 15:39:42 | INFO | services.connectors.risk3_connector | [2748/3192] CNPJ 76897297000100 -> CACHE (NAO_ENCONTRADO, 6d/30d)
2026-10-05 15:39:42 | INFO | services.connectors.risk3_connector | [2749/3192] CNPJ 76897297000282 -> CACHE (NAO_ENCONTRADO, 14d/30d)
2026-10-05 15:39:42 | INFO | services.connectors.risk3_connector | [2750/3192] CNPJ 76900463000171 -> CACHE (SUCESSO, 82d/365d)
2026-10-05 15:39:42 | INFO | services.connectors.risk3_connector | [2751/3192] CNPJ 76902204000180 -> CACHE (SUCESSO, 112d/365d)
2026-10-05 15:39:42 | INFO | services.connectors.risk3_connector | [2752/3192] CNPJ 76915123000114 -> CACHE (SUCESSO, 88d/365d)
2026-10-05 15:39:42 | INFO | services.connectors.risk3_connector | [2753/3192] CNPJ 76929660000113 -> CACHE (SUCESSO, 102d/365d)
2026-10-05 15:39:42 | INFO | services.connectors.risk3_connector | [2754/3192] CNPJ 76947126000130 -> CACHE (SUCESSO, 102d/365d)
2026-10-05 15:39:42 | INFO | services.connectors.risk3_connector | [2755/3192] CNPJ 77044618000188 -> CACHE (SUCESSO, 264d/365d)
2026-10-05 15:39:42 | INFO | services.connectors.risk3_connector | [2756/3192] CNPJ 77116770000129 -> CACHE (SUCESSO, 264d/365d)
2026-10-05 15:39:42 | INFO | services.connectors.risk3_connector | [2757/3192] CNPJ 77118131000100 -> CACHE (SUCESSO, 206d/365d)
2026-10-05 15:39:42 | INFO | services.connectors.risk3_connector | [2758/3192] CNPJ 77152338000193 -> CACHE (SUCESSO, 102d/365d)
2026-10-05 15:39:42 | INFO | services.connectors.risk3_connector | [2759/3192] CNPJ 77163749000184 -> CACHE (SUCESSO, 217d/365d)
2026-10-05 15:39:42 | INFO | services.connectors.risk3_connector | [2760/3192] CNPJ 77172161000197 -> CACHE (SUCESSO, 34d/365d)
2026-10-05 15:39:42 | INFO | services.connectors.risk3_connector | [2761/3192] CNPJ 77172161000510 -> CACHE (SUCESSO, 102d/365d)
2026-10-05 15:39:42 | INFO | services.connectors.risk3_connector | [2762/3192] CNPJ 77172161000600 -> CACHE (SUCESSO, 102d/365d)
2026-10-05 15:39:42 | INFO | services.connectors.risk3_connector | [2763/3192] CNPJ 77198794000174 -> CACHE (SUCESSO, 165d/365d)
2026-10-05 15:39:42 | INFO | services.connectors.risk3_connector | [2764/3192] CNPJ 77215606000179 -> CACHE (SUCESSO, 103d/365d)
2026-10-05 15:39:42 | INFO | services.connectors.risk3_connector | [2765/3192] CNPJ 77307387000158 -> CACHE (SUCESSO, 103d/365d)
2026-10-05 15:39:42 | INFO | services.connectors.risk3_connector | [2766/3192] CNPJ 77366664000101 -> CACHE (SUCESSO, 363d/365d)
2026-10-05 15:39:42 | INFO | services.connectors.risk3_connector | [2767/3192] CNPJ 77381259000154 -> CACHE (SUCESSO, 103d/365d)
2026-10-05 15:39:42 | INFO | services.connectors.risk3_connector | [2768/3192] CNPJ 77388874000192 -> CACHE (SUCESSO, 103d/365d)
2026-10-05 15:39:42 | INFO | services.connectors.risk3_connector | [2769/3192] CNPJ 77388874000354 -> CACHE (NAO_ENCONTRADO, 14d/30d)
2026-10-05 15:39:42 | INFO | services.connectors.risk3_connector | [2770/3192] CNPJ 77396810000133 -> CACHE (SUCESSO, 49d/365d)
2026-10-05 15:39:42 | INFO | services.connectors.risk3_connector | [2771/3192] CNPJ 77424992000109 -> CACHE (SUCESSO, 103d/365d)
2026-10-05 15:39:42 | INFO | services.connectors.risk3_connector | [2772/3192] CNPJ 77424992000290 -> CACHE (NAO_ENCONTRADO, 14d/30d)
2026-10-05 15:39:42 | INFO | services.connectors.risk3_connector | [2773/3192] CNPJ 77595395000147 -> CACHE (SUCESSO, 306d/365d)
2026-10-05 15:39:42 | INFO | services.connectors.risk3_connector | [2774/3192] CNPJ 77595395004487 -> CACHE (SUCESSO, 103d/365d)
2026-10-05 15:39:42 | INFO | services.connectors.risk3_connector | [2775/3192] CNPJ 77595395005106 -> CACHE (SUCESSO, 89d/365d)
2026-10-05 15:39:42 | INFO | services.connectors.risk3_connector | [2776/3192] CNPJ 77606911000191 -> CACHE (SUCESSO, 363d/365d)
2026-10-05 15:39:42 | INFO | services.connectors.risk3_connector | [2777/3192] CNPJ 77716249000122 -> CACHE (SUCESSO, 265d/365d)
2026-10-05 15:39:42 | INFO | services.connectors.risk3_connector | [2778/3192] CNPJ 77718815000135 -> CACHE (SUCESSO, 102d/365d)
2026-10-05 15:39:42 | INFO | services.connectors.risk3_connector | [2779/3192] CNPJ 77728988000134 -> CACHE (SUCESSO, 363d/365d)
2026-10-05 15:39:42 | INFO | services.connectors.risk3_connector | [2780/3192] CNPJ 77752038000145 -> CACHE (SUCESSO, 328d/365d)
2026-10-05 15:39:42 | INFO | services.connectors.risk3_connector | [2781/3192] CNPJ 77752038000226 -> CACHE (SUCESSO, 150d/365d)
2026-10-05 15:39:42 | INFO | services.connectors.risk3_connector | [2782/3192] CNPJ 77752293000198 -> CACHE (SUCESSO, 32d/365d)
2026-10-05 15:39:42 | INFO | services.connectors.risk3_connector | [2783/3192] CNPJ 77752293006048 -> CACHE (NAO_ENCONTRADO, 14d/30d)
2026-10-05 15:39:42 | INFO | services.connectors.risk3_connector | [2784/3192] CNPJ 77758324000118 -> CACHE (SUCESSO, 103d/365d)
2026-10-05 15:39:42 | INFO | services.connectors.risk3_connector | [2785/3192] CNPJ 77768943000193 -> CACHE (SUCESSO, 165d/365d)
2026-10-05 15:39:42 | INFO | services.connectors.risk3_connector | [2786/3192] CNPJ 77768943000436 -> CACHE (SUCESSO, 103d/365d)
2026-10-05 15:39:42 | INFO | services.connectors.risk3_connector | [2787/3192] CNPJ 77781706000162 -> CACHE (NAO_ENCONTRADO, 6d/30d)
2026-10-05 15:39:42 | INFO | services.connectors.risk3_connector | [2788/3192] CNPJ 77781706000243 -> CACHE (SUCESSO, 84d/365d)
2026-10-05 15:39:42 | INFO | services.connectors.risk3_connector | [2789/3192] CNPJ 77799542000109 -> CACHE (SUCESSO, 188d/365d)
2026-10-05 15:39:42 | INFO | services.connectors.risk3_connector | [2790/3192] CNPJ 77804599000140 -> CACHE (SUCESSO, 103d/365d)
2026-10-05 15:39:42 | INFO | services.connectors.risk3_connector | [2791/3192] CNPJ 77808640000157 -> CACHE (NAO_ENCONTRADO, 6d/30d)
2026-10-05 15:39:42 | INFO | services.connectors.risk3_connector | [2792/3192] CNPJ 77808640000238 -> CACHE (NAO_ENCONTRADO, 14d/30d)
2026-10-05 15:39:42 | INFO | services.connectors.risk3_connector | [2793/3192] CNPJ 77837979000181 -> CACHE (SUCESSO, 181d/365d)
2026-10-05 15:39:42 | INFO | services.connectors.risk3_connector | [2794/3192] CNPJ 77837979001404 -> CACHE (SUCESSO, 329d/365d)
2026-10-05 15:39:42 | INFO | services.connectors.risk3_connector | [2795/3192] CNPJ 77850568000126 -> CACHE (SUCESSO, 173d/365d)
2026-10-05 15:39:42 | INFO | services.connectors.risk3_connector | [2796/3192] CNPJ 77863223000107 -> Consultando API (Endpoint detalhado por CNPJ)...
2026-10-05 15:39:43 | INFO | services.connectors.risk3_connector | SUCESSO na extração dos detalhes do Bureau!
2026-10-05 15:39:43 | INFO | services.connectors.risk3_connector | [2797/3192] CNPJ 77863223004366 -> CACHE (SUCESSO, 348d/365d)
2026-10-05 15:39:43 | INFO | services.connectors.risk3_connector | [2798/3192] CNPJ 77863223017930 -> CACHE (SUCESSO, 133d/365d)
2026-10-05 15:39:43 | INFO | services.connectors.risk3_connector | [2799/3192] CNPJ 77867984000137 -> CACHE (SUCESSO, 102d/365d)
2026-10-05 15:39:43 | INFO | services.connectors.risk3_connector | [2800/3192] CNPJ 77883189000132 -> CACHE (SUCESSO, 103d/365d)
2026-10-05 15:39:43 | INFO | services.connectors.risk3_connector | [2801/3192] CNPJ 77887917000184 -> CACHE (NAO_ENCONTRADO, 19d/30d)
2026-10-05 15:39:43 | INFO | services.connectors.risk3_connector | [2802/3192] CNPJ 77890846000179 -> CACHE (SUCESSO, 175d/365d)
2026-10-05 15:39:43 | INFO | services.connectors.risk3_connector | [2803/3192] CNPJ 77912053000103 -> CACHE (SUCESSO, 307d/365d)
2026-10-05 15:39:43 | INFO | services.connectors.risk3_connector | [2804/3192] CNPJ 77917680000137 -> CACHE (SUCESSO, 132d/365d)
2026-10-05 15:39:43 | INFO | services.connectors.risk3_connector | [2805/3192] CNPJ 77917680005104 -> CACHE (SUCESSO, 125d/365d)
2026-10-05 15:39:43 | INFO | services.connectors.risk3_connector | [2806/3192] CNPJ 77948750000114 -> CACHE (SUCESSO, 74d/365d)
2026-10-05 15:39:43 | INFO | services.connectors.risk3_connector | [2807/3192] CNPJ 77964393000188 -> CACHE (SUCESSO, 102d/365d)
2026-10-05 15:39:43 | INFO | services.connectors.risk3_connector | [2808/3192] CNPJ 77968980000145 -> CACHE (SUCESSO, 103d/365d)
2026-10-05 15:39:43 | INFO | services.connectors.risk3_connector | [2809/3192] CNPJ 77975654000165 -> CACHE (SUCESSO, 102d/365d)
2026-10-05 15:39:43 | INFO | services.connectors.risk3_connector | [2810/3192] CNPJ 78016003000100 -> CACHE (SUCESSO, 103d/365d)
2026-10-05 15:39:43 | INFO | services.connectors.risk3_connector | [2811/3192] CNPJ 78016003002820 -> CACHE (SUCESSO, 102d/365d)
2026-10-05 15:39:43 | INFO | services.connectors.risk3_connector | [2812/3192] CNPJ 78095023000114 -> CACHE (SUCESSO, 103d/365d)
2026-10-05 15:39:43 | INFO | services.connectors.risk3_connector | [2813/3192] CNPJ 78116670000165 -> CACHE (SUCESSO, 102d/365d)
2026-10-05 15:39:43 | INFO | services.connectors.risk3_connector | [2814/3192] CNPJ 78116670003261 -> CACHE (NAO_ENCONTRADO, 14d/30d)
2026-10-05 15:39:43 | INFO | services.connectors.risk3_connector | [2815/3192] CNPJ 78141926000194 -> CACHE (SUCESSO, 165d/365d)
2026-10-05 15:39:43 | INFO | services.connectors.risk3_connector | [2816/3192] CNPJ 78147105000165 -> CACHE (NAO_ENCONTRADO, 6d/30d)
2026-10-05 15:39:43 | INFO | services.connectors.risk3_connector | [2817/3192] CNPJ 78147105001641 -> CACHE (SUCESSO, 363d/365d)
2026-10-05 15:39:43 | INFO | services.connectors.risk3_connector | [2818/3192] CNPJ 78156247000199 -> CACHE (SUCESSO, 363d/365d)
2026-10-05 15:39:43 | INFO | services.connectors.risk3_connector | [2819/3192] CNPJ 78160934000188 -> CACHE (SUCESSO, 214d/365d)
2026-10-05 15:39:43 | INFO | services.connectors.risk3_connector | [2820/3192] CNPJ 78232485000136 -> CACHE (SUCESSO, 265d/365d)
2026-10-05 15:39:43 | INFO | services.connectors.risk3_connector | [2821/3192] CNPJ 78282084000190 -> CACHE (SUCESSO, 265d/365d)
2026-10-05 15:39:43 | INFO | services.connectors.risk3_connector | [2822/3192] CNPJ 78296027000160 -> CACHE (SUCESSO, 102d/365d)
2026-10-05 15:39:43 | INFO | services.connectors.risk3_connector | [2823/3192] CNPJ 78331899000112 -> CACHE (SUCESSO, 116d/365d)
2026-10-05 15:39:43 | INFO | services.connectors.risk3_connector | [2824/3192] CNPJ 78373305000136 -> CACHE (SUCESSO, 325d/365d)
2026-10-05 15:39:43 | INFO | services.connectors.risk3_connector | [2825/3192] CNPJ 78381613000103 -> CACHE (SUCESSO, 175d/365d)
2026-10-05 15:39:43 | INFO | services.connectors.risk3_connector | [2826/3192] CNPJ 78413325000193 -> CACHE (NAO_ENCONTRADO, 14d/30d)
2026-10-05 15:39:43 | INFO | services.connectors.risk3_connector | [2827/3192] CNPJ 78455607000153 -> CACHE (SUCESSO, 48d/365d)
2026-10-05 15:39:43 | INFO | services.connectors.risk3_connector | [2828/3192] CNPJ 78473360000106 -> CACHE (SUCESSO, 182d/365d)
2026-10-05 15:39:43 | INFO | services.connectors.risk3_connector | [2829/3192] CNPJ 78567328000181 -> CACHE (SUCESSO, 102d/365d)
2026-10-05 15:39:43 | INFO | services.connectors.risk3_connector | [2830/3192] CNPJ 78588431000108 -> CACHE (SUCESSO, 103d/365d)
2026-10-05 15:39:43 | INFO | services.connectors.risk3_connector | [2831/3192] CNPJ 78594926000140 -> CACHE (SUCESSO, 103d/365d)
2026-10-05 15:39:43 | INFO | services.connectors.risk3_connector | [2832/3192] CNPJ 78613841000161 -> CACHE (SUCESSO, 88d/365d)
2026-10-05 15:39:43 | INFO | services.connectors.risk3_connector | [2833/3192] CNPJ 78624202000100 -> CACHE (SUCESSO, 103d/365d)
2026-10-05 15:39:43 | INFO | services.connectors.risk3_connector | [2834/3192] CNPJ 78643319000122 -> CACHE (SUCESSO, 102d/365d)
2026-10-05 15:39:43 | INFO | services.connectors.risk3_connector | [2835/3192] CNPJ 78696499000100 -> CACHE (SUCESSO, 101d/365d)
2026-10-05 15:39:43 | INFO | services.connectors.risk3_connector | [2836/3192] CNPJ 78701232000164 -> CACHE (SUCESSO, 55d/365d)
2026-10-05 15:39:43 | INFO | services.connectors.risk3_connector | [2837/3192] CNPJ 78712288000114 -> CACHE (SUCESSO, 103d/365d)
2026-10-05 15:39:43 | INFO | services.connectors.risk3_connector | [2838/3192] CNPJ 78724135000197 -> Consultando API (Endpoint detalhado por CNPJ)...
2026-10-05 15:39:44 | INFO | services.connectors.risk3_connector | SUCESSO na extração dos detalhes do Bureau!
2026-10-05 15:39:44 | INFO | services.connectors.risk3_connector | [2839/3192] CNPJ 78897600000191 -> CACHE (SUCESSO, 342d/365d)
2026-10-05 15:39:44 | INFO | services.connectors.risk3_connector | [2840/3192] CNPJ 78897600000272 -> CACHE (SUCESSO, 209d/365d)
2026-10-05 15:39:44 | INFO | services.connectors.risk3_connector | [2841/3192] CNPJ 78908266000124 -> CACHE (SUCESSO, 102d/365d)
2026-10-05 15:39:44 | INFO | services.connectors.risk3_connector | [2842/3192] CNPJ 78908266000205 -> CACHE (SUCESSO, 77d/365d)
2026-10-05 15:39:44 | INFO | services.connectors.risk3_connector | [2843/3192] CNPJ 78943321000117 -> CACHE (SUCESSO, 356d/365d)
2026-10-05 15:39:44 | INFO | services.connectors.risk3_connector | [2844/3192] CNPJ 78956968000183 -> CACHE (SUCESSO, 104d/365d)
2026-10-05 15:39:44 | INFO | services.connectors.risk3_connector | [2845/3192] CNPJ 78956968001589 -> CACHE (SUCESSO, 103d/365d)
2026-10-05 15:39:44 | INFO | services.connectors.risk3_connector | [2846/3192] CNPJ 78956968001740 -> CACHE (SUCESSO, 63d/365d)
2026-10-05 15:39:44 | INFO | services.connectors.risk3_connector | [2847/3192] CNPJ 78958717000138 -> CACHE (SUCESSO, 46d/365d)
2026-10-05 15:39:44 | INFO | services.connectors.risk3_connector | [2848/3192] CNPJ 78958717001614 -> CACHE (NAO_ENCONTRADO, 14d/30d)
2026-10-05 15:39:44 | INFO | services.connectors.risk3_connector | [2849/3192] CNPJ 78969466000197 -> CACHE (SUCESSO, 265d/365d)
2026-10-05 15:39:44 | INFO | services.connectors.risk3_connector | [2850/3192] CNPJ 79077343000104 -> CACHE (SUCESSO, 264d/365d)
2026-10-05 15:39:44 | INFO | services.connectors.risk3_connector | [2851/3192] CNPJ 79085221000160 -> CACHE (SUCESSO, 102d/365d)
2026-10-05 15:39:44 | INFO | services.connectors.risk3_connector | [2852/3192] CNPJ 79109237000165 -> CACHE (NAO_ENCONTRADO, 19d/30d)
2026-10-05 15:39:44 | INFO | services.connectors.risk3_connector | [2853/3192] CNPJ 79114450000165 -> CACHE (SUCESSO, 56d/365d)
2026-10-05 15:39:44 | INFO | services.connectors.risk3_connector | [2854/3192] CNPJ 79114450001480 -> CACHE (NAO_ENCONTRADO, 19d/30d)
2026-10-05 15:39:44 | INFO | services.connectors.risk3_connector | [2855/3192] CNPJ 79142139000120 -> CACHE (SUCESSO, 103d/365d)
2026-10-05 15:39:44 | INFO | services.connectors.risk3_connector | [2856/3192] CNPJ 79233672000105 -> CACHE (SUCESSO, 178d/365d)
2026-10-05 15:39:44 | INFO | services.connectors.risk3_connector | [2857/3192] CNPJ 79235917000125 -> CACHE (NAO_ENCONTRADO, 14d/30d)
2026-10-05 15:39:44 | INFO | services.connectors.risk3_connector | [2858/3192] CNPJ 79264628000154 -> CACHE (SUCESSO, 206d/365d)
2026-10-05 15:39:44 | INFO | services.connectors.risk3_connector | [2859/3192] CNPJ 79302519000184 -> CACHE (NAO_ENCONTRADO, 14d/30d)
2026-10-05 15:39:44 | INFO | services.connectors.risk3_connector | [2860/3192] CNPJ 79379491000183 -> CACHE (SUCESSO, 320d/365d)
2026-10-05 15:39:44 | INFO | services.connectors.risk3_connector | [2861/3192] CNPJ 79381497000195 -> CACHE (NAO_ENCONTRADO, 14d/30d)
2026-10-05 15:39:44 | INFO | services.connectors.risk3_connector | [2862/3192] CNPJ 79386678000104 -> CACHE (SUCESSO, 165d/365d)
2026-10-05 15:39:44 | INFO | services.connectors.risk3_connector | [2863/3192] CNPJ 79390530000143 -> CACHE (SUCESSO, 14d/365d)
2026-10-05 15:39:44 | INFO | services.connectors.risk3_connector | [2864/3192] CNPJ 79390530000305 -> CACHE (SUCESSO, 131d/365d)
2026-10-05 15:39:44 | INFO | services.connectors.risk3_connector | [2865/3192] CNPJ 79416459000120 -> CACHE (SUCESSO, 96d/365d)
2026-10-05 15:39:44 | INFO | services.connectors.risk3_connector | [2866/3192] CNPJ 79435020000145 -> CACHE (SUCESSO, 131d/365d)
2026-10-05 15:39:44 | INFO | services.connectors.risk3_connector | [2867/3192] CNPJ 79458485000111 -> CACHE (SUCESSO, 102d/365d)
2026-10-05 15:39:44 | INFO | services.connectors.risk3_connector | [2868/3192] CNPJ 79571659000158 -> CACHE (SUCESSO, 102d/365d)
2026-10-05 15:39:44 | INFO | services.connectors.risk3_connector | [2869/3192] CNPJ 79578068000102 -> CACHE (SUCESSO, 172d/365d)
2026-10-05 15:39:44 | INFO | services.connectors.risk3_connector | [2870/3192] CNPJ 79578266000176 -> CACHE (SUCESSO, 133d/365d)
2026-10-05 15:39:44 | INFO | services.connectors.risk3_connector | [2871/3192] CNPJ 79599411000103 -> CACHE (SUCESSO, 224d/365d)
2026-10-05 15:39:44 | INFO | services.connectors.risk3_connector | [2872/3192] CNPJ 79613030000123 -> CACHE (SUCESSO, 102d/365d)
2026-10-05 15:39:44 | INFO | services.connectors.risk3_connector | [2873/3192] CNPJ 79621439000191 -> CACHE (NAO_ENCONTRADO, 14d/30d)
2026-10-05 15:39:44 | INFO | services.connectors.risk3_connector | [2874/3192] CNPJ 79638524000162 -> CACHE (SUCESSO, 209d/365d)
2026-10-05 15:39:44 | INFO | services.connectors.risk3_connector | [2875/3192] CNPJ 79638524001800 -> CACHE (SUCESSO, 202d/365d)
2026-10-05 15:39:44 | INFO | services.connectors.risk3_connector | [2876/3192] CNPJ 79687588000153 -> CACHE (SUCESSO, 196d/365d)
2026-10-05 15:39:44 | INFO | services.connectors.risk3_connector | [2877/3192] CNPJ 79704961000137 -> CACHE (SUCESSO, 209d/365d)
2026-10-05 15:39:44 | INFO | services.connectors.risk3_connector | [2878/3192] CNPJ 79763884000196 -> CACHE (SUCESSO, 146d/365d)
2026-10-05 15:39:44 | INFO | services.connectors.risk3_connector | [2879/3192] CNPJ 79837688000119 -> CACHE (SUCESSO, 152d/365d)
2026-10-05 15:39:44 | INFO | services.connectors.risk3_connector | [2880/3192] CNPJ 79846341000132 -> CACHE (SUCESSO, 160d/365d)
2026-10-05 15:39:44 | INFO | services.connectors.risk3_connector | [2881/3192] CNPJ 79863569000130 -> CACHE (SUCESSO, 341d/365d)
2026-10-05 15:39:44 | INFO | services.connectors.risk3_connector | [2882/3192] CNPJ 79863569005876 -> CACHE (SUCESSO, 102d/365d)
2026-10-05 15:39:44 | INFO | services.connectors.risk3_connector | [2883/3192] CNPJ 79863890000115 -> CACHE (NAO_ENCONTRADO, 14d/30d)
2026-10-05 15:39:44 | INFO | services.connectors.risk3_connector | [2884/3192] CNPJ 79865366000183 -> CACHE (SUCESSO, 175d/365d)
2026-10-05 15:39:44 | INFO | services.connectors.risk3_connector | [2885/3192] CNPJ 79875183000149 -> CACHE (SUCESSO, 103d/365d)
2026-10-05 15:39:44 | INFO | services.connectors.risk3_connector | [2886/3192] CNPJ 79939450000102 -> CACHE (SUCESSO, 362d/365d)
2026-10-05 15:39:44 | INFO | services.connectors.risk3_connector | [2887/3192] CNPJ 80020761000144 -> CACHE (SUCESSO, 265d/365d)
2026-10-05 15:39:44 | INFO | services.connectors.risk3_connector | [2888/3192] CNPJ 80026115000194 -> CACHE (NAO_ENCONTRADO, 14d/30d)
2026-10-05 15:39:44 | INFO | services.connectors.risk3_connector | [2889/3192] CNPJ 80028194000172 -> CACHE (SUCESSO, 101d/365d)
2026-10-05 15:39:44 | INFO | services.connectors.risk3_connector | [2890/3192] CNPJ 80051824000120 -> CACHE (SUCESSO, 102d/365d)
2026-10-05 15:39:44 | INFO | services.connectors.risk3_connector | [2891/3192] CNPJ 80213705000126 -> CACHE (SUCESSO, 264d/365d)
2026-10-05 15:39:44 | INFO | services.connectors.risk3_connector | [2892/3192] CNPJ 80215213000170 -> CACHE (SUCESSO, 102d/365d)
2026-10-05 15:39:44 | INFO | services.connectors.risk3_connector | [2893/3192] CNPJ 80223324000128 -> CACHE (SUCESSO, 160d/365d)
2026-10-05 15:39:44 | INFO | services.connectors.risk3_connector | [2894/3192] CNPJ 80232952000170 -> CACHE (SUCESSO, 216d/365d)
2026-10-05 15:39:44 | INFO | services.connectors.risk3_connector | [2895/3192] CNPJ 80233380000143 -> CACHE (SUCESSO, 102d/365d)
2026-10-05 15:39:44 | INFO | services.connectors.risk3_connector | [2896/3192] CNPJ 80238926000159 -> CACHE (SUCESSO, 103d/365d)
2026-10-05 15:39:44 | INFO | services.connectors.risk3_connector | [2897/3192] CNPJ 80255060000194 -> CACHE (SUCESSO, 102d/365d)
2026-10-05 15:39:44 | INFO | services.connectors.risk3_connector | [2898/3192] CNPJ 80337306000177 -> Consultando API (Endpoint detalhado por CNPJ)...
2026-10-05 15:39:45 | INFO | services.connectors.risk3_connector | SUCESSO na extração dos detalhes do Bureau!
2026-10-05 15:39:45 | INFO | services.connectors.risk3_connector | [2899/3192] CNPJ 80339427000158 -> CACHE (SUCESSO, 192d/365d)
2026-10-05 15:39:45 | INFO | services.connectors.risk3_connector | [2900/3192] CNPJ 80349020000101 -> CACHE (SUCESSO, 102d/365d)
2026-10-05 15:39:45 | INFO | services.connectors.risk3_connector | [2901/3192] CNPJ 80358401000157 -> CACHE (SUCESSO, 132d/365d)
2026-10-05 15:39:45 | INFO | services.connectors.risk3_connector | [2902/3192] CNPJ 80362601000183 -> CACHE (NAO_ENCONTRADO, 14d/30d)
2026-10-05 15:39:45 | INFO | services.connectors.risk3_connector | [2903/3192] CNPJ 80400633000126 -> CACHE (NAO_ENCONTRADO, 14d/30d)
2026-10-05 15:39:45 | INFO | services.connectors.risk3_connector | [2904/3192] CNPJ 80418205000120 -> CACHE (SUCESSO, 140d/365d)
2026-10-05 15:39:45 | INFO | services.connectors.risk3_connector | [2905/3192] CNPJ 80452733000104 -> CACHE (NAO_ENCONTRADO, 14d/30d)
2026-10-05 15:39:45 | INFO | services.connectors.risk3_connector | [2906/3192] CNPJ 80474042000101 -> CACHE (SUCESSO, 250d/365d)
2026-10-05 15:39:45 | INFO | services.connectors.risk3_connector | [2907/3192] CNPJ 80513021000140 -> CACHE (SUCESSO, 102d/365d)
2026-10-05 15:39:45 | INFO | services.connectors.risk3_connector | [2908/3192] CNPJ 80524051000151 -> CACHE (SUCESSO, 87d/365d)
2026-10-05 15:39:45 | INFO | services.connectors.risk3_connector | [2909/3192] CNPJ 80565161000161 -> CACHE (SUCESSO, 103d/365d)
2026-10-05 15:39:45 | INFO | services.connectors.risk3_connector | [2910/3192] CNPJ 80605298000100 -> CACHE (SUCESSO, 265d/365d)
2026-10-05 15:39:45 | INFO | services.connectors.risk3_connector | [2911/3192] CNPJ 80638661000186 -> CACHE (SUCESSO, 33d/365d)
2026-10-05 15:39:45 | INFO | services.connectors.risk3_connector | [2912/3192] CNPJ 80646755000105 -> CACHE (SUCESSO, 103d/365d)
2026-10-05 15:39:45 | INFO | services.connectors.risk3_connector | [2913/3192] CNPJ 80666324000100 -> CACHE (NAO_ENCONTRADO, 14d/30d)
2026-10-05 15:39:45 | INFO | services.connectors.risk3_connector | [2914/3192] CNPJ 80718984000180 -> CACHE (NAO_ENCONTRADO, 14d/30d)
2026-10-05 15:39:45 | INFO | services.connectors.risk3_connector | [2915/3192] CNPJ 80730054000141 -> CACHE (NAO_ENCONTRADO, 14d/30d)
2026-10-05 15:39:45 | INFO | services.connectors.risk3_connector | [2916/3192] CNPJ 80732928000108 -> CACHE (SUCESSO, 102d/365d)
2026-10-05 15:39:45 | INFO | services.connectors.risk3_connector | [2917/3192] CNPJ 80732928006645 -> CACHE (NAO_ENCONTRADO, 14d/30d)
2026-10-05 15:39:45 | INFO | services.connectors.risk3_connector | [2918/3192] CNPJ 80742307000105 -> CACHE (SUCESSO, 265d/365d)
2026-10-05 15:39:45 | INFO | services.connectors.risk3_connector | [2919/3192] CNPJ 80813710000170 -> CACHE (SUCESSO, 103d/365d)
2026-10-05 15:39:45 | INFO | services.connectors.risk3_connector | [2920/3192] CNPJ 80830334000121 -> CACHE (NAO_ENCONTRADO, 6d/30d)
2026-10-05 15:39:45 | INFO | services.connectors.risk3_connector | [2921/3192] CNPJ 80830334000202 -> CACHE (SUCESSO, 130d/365d)
2026-10-05 15:39:45 | INFO | services.connectors.risk3_connector | [2922/3192] CNPJ 80840861000117 -> CACHE (SUCESSO, 103d/365d)
2026-10-05 15:39:45 | INFO | services.connectors.risk3_connector | [2923/3192] CNPJ 80844269000193 -> CACHE (SUCESSO, 208d/365d)
2026-10-05 15:39:45 | INFO | services.connectors.risk3_connector | [2924/3192] CNPJ 80851439000167 -> CACHE (SUCESSO, 88d/365d)
2026-10-05 15:39:45 | INFO | services.connectors.risk3_connector | [2925/3192] CNPJ 80929532000147 -> CACHE (SUCESSO, 102d/365d)
2026-10-05 15:39:45 | INFO | services.connectors.risk3_connector | [2926/3192] CNPJ 80938434000176 -> CACHE (SUCESSO, 175d/365d)
2026-10-05 15:39:45 | INFO | services.connectors.risk3_connector | [2927/3192] CNPJ 80939234000138 -> CACHE (SUCESSO, 102d/365d)
2026-10-05 15:39:45 | INFO | services.connectors.risk3_connector | [2928/3192] CNPJ 80959513000163 -> CACHE (NAO_ENCONTRADO, 14d/30d)
2026-10-05 15:39:45 | INFO | services.connectors.risk3_connector | [2929/3192] CNPJ 81066938000106 -> CACHE (NAO_ENCONTRADO, 14d/30d)
2026-10-05 15:39:45 | INFO | services.connectors.risk3_connector | [2930/3192] CNPJ 81072399000118 -> CACHE (NAO_ENCONTRADO, 6d/30d)
2026-10-05 15:39:45 | INFO | services.connectors.risk3_connector | [2931/3192] CNPJ 81072399000207 -> CACHE (SUCESSO, 206d/365d)
2026-10-05 15:39:45 | INFO | services.connectors.risk3_connector | [2932/3192] CNPJ 81174138000109 -> CACHE (SUCESSO, 103d/365d)
2026-10-05 15:39:45 | INFO | services.connectors.risk3_connector | [2933/3192] CNPJ 81205619000134 -> CACHE (SUCESSO, 129d/365d)
2026-10-05 15:39:45 | INFO | services.connectors.risk3_connector | [2934/3192] CNPJ 81229932000102 -> CACHE (SUCESSO, 102d/365d)
2026-10-05 15:39:45 | INFO | services.connectors.risk3_connector | [2935/3192] CNPJ 81270548000153 -> CACHE (SUCESSO, 138d/365d)
2026-10-05 15:39:45 | INFO | services.connectors.risk3_connector | [2936/3192] CNPJ 81300709000104 -> CACHE (SUCESSO, 48d/365d)
2026-10-05 15:39:45 | INFO | services.connectors.risk3_connector | [2937/3192] CNPJ 81304552000195 -> CACHE (SUCESSO, 63d/365d)
2026-10-05 15:39:45 | INFO | services.connectors.risk3_connector | [2938/3192] CNPJ 81321549000180 -> CACHE (SUCESSO, 55d/365d)
2026-10-05 15:39:45 | INFO | services.connectors.risk3_connector | [2939/3192] CNPJ 81402026000168 -> CACHE (NAO_ENCONTRADO, 14d/30d)
2026-10-05 15:39:45 | INFO | services.connectors.risk3_connector | [2940/3192] CNPJ 81433765000117 -> CACHE (SUCESSO, 103d/365d)
2026-10-05 15:39:45 | INFO | services.connectors.risk3_connector | [2941/3192] CNPJ 81482895000140 -> CACHE (SUCESSO, 102d/365d)
2026-10-05 15:39:45 | INFO | services.connectors.risk3_connector | [2942/3192] CNPJ 81490500000150 -> CACHE (SUCESSO, 96d/365d)
2026-10-05 15:39:45 | INFO | services.connectors.risk3_connector | [2943/3192] CNPJ 81584278000155 -> CACHE (NAO_ENCONTRADO, 14d/30d)
2026-10-05 15:39:45 | INFO | services.connectors.risk3_connector | [2944/3192] CNPJ 81599359000129 -> CACHE (SUCESSO, 89d/365d)
2026-10-05 15:39:45 | INFO | services.connectors.risk3_connector | [2945/3192] CNPJ 81611931000128 -> CACHE (SUCESSO, 264d/365d)
2026-10-05 15:39:45 | INFO | services.connectors.risk3_connector | [2946/3192] CNPJ 81616807000155 -> CACHE (SUCESSO, 103d/365d)
2026-10-05 15:39:45 | INFO | services.connectors.risk3_connector | [2947/3192] CNPJ 81642308000132 -> CACHE (NAO_ENCONTRADO, 6d/30d)
2026-10-05 15:39:45 | INFO | services.connectors.risk3_connector | [2948/3192] CNPJ 81642308000213 -> CACHE (SUCESSO, 102d/365d)
2026-10-05 15:39:45 | INFO | services.connectors.risk3_connector | [2949/3192] CNPJ 81662462000176 -> CACHE (SUCESSO, 103d/365d)
2026-10-05 15:39:45 | INFO | services.connectors.risk3_connector | [2950/3192] CNPJ 81671125000145 -> CACHE (SUCESSO, 103d/365d)
2026-10-05 15:39:45 | INFO | services.connectors.risk3_connector | [2951/3192] CNPJ 81672099000170 -> CACHE (SUCESSO, 161d/365d)
2026-10-05 15:39:45 | INFO | services.connectors.risk3_connector | [2952/3192] CNPJ 81676124000193 -> CACHE (SUCESSO, 110d/365d)
2026-10-05 15:39:45 | INFO | services.connectors.risk3_connector | [2953/3192] CNPJ 81716144000140 -> CACHE (SUCESSO, 102d/365d)
2026-10-05 15:39:45 | INFO | services.connectors.risk3_connector | [2954/3192] CNPJ 81716144000493 -> CACHE (SUCESSO, 102d/365d)
2026-10-05 15:39:45 | INFO | services.connectors.risk3_connector | [2955/3192] CNPJ 81716144000574 -> CACHE (SUCESSO, 102d/365d)
2026-10-05 15:39:45 | INFO | services.connectors.risk3_connector | [2956/3192] CNPJ 81716144000736 -> CACHE (NAO_ENCONTRADO, 14d/30d)
2026-10-05 15:39:45 | INFO | services.connectors.risk3_connector | [2957/3192] CNPJ 81716144001031 -> CACHE (SUCESSO, 102d/365d)
2026-10-05 15:39:45 | INFO | services.connectors.risk3_connector | [2958/3192] CNPJ 81716144001546 -> CACHE (SUCESSO, 102d/365d)
2026-10-05 15:39:45 | INFO | services.connectors.risk3_connector | [2959/3192] CNPJ 81716144002437 -> CACHE (SUCESSO, 102d/365d)
2026-10-05 15:39:45 | INFO | services.connectors.risk3_connector | [2960/3192] CNPJ 81716144003085 -> CACHE (SUCESSO, 102d/365d)
2026-10-05 15:39:45 | INFO | services.connectors.risk3_connector | [2961/3192] CNPJ 81716219000193 -> CACHE (SUCESSO, 103d/365d)
2026-10-05 15:39:45 | INFO | services.connectors.risk3_connector | [2962/3192] CNPJ 81727414000119 -> CACHE (NAO_ENCONTRADO, 6d/30d)
2026-10-05 15:39:45 | INFO | services.connectors.risk3_connector | [2963/3192] CNPJ 81727414000895 -> CACHE (SUCESSO, 34d/365d)
2026-10-05 15:39:45 | INFO | services.connectors.risk3_connector | [2964/3192] CNPJ 81760159000106 -> CACHE (SUCESSO, 102d/365d)
2026-10-05 15:39:45 | INFO | services.connectors.risk3_connector | [2965/3192] CNPJ 81905176000194 -> CACHE (SUCESSO, 102d/365d)
2026-10-05 15:39:45 | INFO | services.connectors.risk3_connector | [2966/3192] CNPJ 81905176000518 -> CACHE (NAO_ENCONTRADO, 14d/30d)
2026-10-05 15:39:45 | INFO | services.connectors.risk3_connector | [2967/3192] CNPJ 82036641000160 -> CACHE (NAO_ENCONTRADO, 6d/30d)
2026-10-05 15:39:45 | INFO | services.connectors.risk3_connector | [2968/3192] CNPJ 82036641000594 -> CACHE (SUCESSO, 102d/365d)
2026-10-05 15:39:45 | INFO | services.connectors.risk3_connector | [2969/3192] CNPJ 82050170000145 -> CACHE (NAO_ENCONTRADO, 6d/30d)
2026-10-05 15:39:45 | INFO | services.connectors.risk3_connector | [2970/3192] CNPJ 82050170000498 -> CACHE (NAO_ENCONTRADO, 14d/30d)
2026-10-05 15:39:45 | INFO | services.connectors.risk3_connector | [2971/3192] CNPJ 82052788000144 -> CACHE (SUCESSO, 154d/365d)
2026-10-05 15:39:45 | INFO | services.connectors.risk3_connector | [2972/3192] CNPJ 82056185000110 -> CACHE (SUCESSO, 103d/365d)
2026-10-05 15:39:45 | INFO | services.connectors.risk3_connector | [2973/3192] CNPJ 82096124000187 -> CACHE (NAO_ENCONTRADO, 14d/30d)
2026-10-05 15:39:45 | INFO | services.connectors.risk3_connector | [2974/3192] CNPJ 82130956000172 -> CACHE (SUCESSO, 264d/365d)
2026-10-05 15:39:45 | INFO | services.connectors.risk3_connector | [2975/3192] CNPJ 82183716000136 -> CACHE (NAO_ENCONTRADO, 14d/30d)
2026-10-05 15:39:45 | INFO | services.connectors.risk3_connector | [2976/3192] CNPJ 82196510000140 -> CACHE (NAO_ENCONTRADO, 19d/30d)
2026-10-05 15:39:45 | INFO | services.connectors.risk3_connector | [2977/3192] CNPJ 82270281000167 -> CACHE (SUCESSO, 82d/365d)
2026-10-05 15:39:45 | INFO | services.connectors.risk3_connector | [2978/3192] CNPJ 82292053000198 -> CACHE (SUCESSO, 103d/365d)
2026-10-05 15:39:45 | INFO | services.connectors.risk3_connector | [2979/3192] CNPJ 82295817000107 -> CACHE (SUCESSO, 166d/365d)
2026-10-05 15:39:45 | INFO | services.connectors.risk3_connector | [2980/3192] CNPJ 82310046000171 -> CACHE (SUCESSO, 94d/365d)
2026-10-05 15:39:45 | INFO | services.connectors.risk3_connector | [2981/3192] CNPJ 82368028000140 -> CACHE (SUCESSO, 102d/365d)
2026-10-05 15:39:45 | INFO | services.connectors.risk3_connector | [2982/3192] CNPJ 82370743000118 -> CACHE (SUCESSO, 42d/365d)
2026-10-05 15:39:45 | INFO | services.connectors.risk3_connector | [2983/3192] CNPJ 82381815000122 -> CACHE (SUCESSO, 265d/365d)
2026-10-05 15:39:45 | INFO | services.connectors.risk3_connector | [2984/3192] CNPJ 82381815000807 -> CACHE (SUCESSO, 265d/365d)
2026-10-05 15:39:45 | INFO | services.connectors.risk3_connector | [2985/3192] CNPJ 82382458000117 -> CACHE (SUCESSO, 102d/365d)
2026-10-05 15:39:45 | INFO | services.connectors.risk3_connector | [2986/3192] CNPJ 82423310000183 -> CACHE (SUCESSO, 34d/365d)
2026-10-05 15:39:45 | INFO | services.connectors.risk3_connector | [2987/3192] CNPJ 82439134000178 -> CACHE (SUCESSO, 20d/365d)
2026-10-05 15:39:45 | INFO | services.connectors.risk3_connector | [2988/3192] CNPJ 82472481000100 -> CACHE (NAO_ENCONTRADO, 14d/30d)
2026-10-05 15:39:45 | INFO | services.connectors.risk3_connector | [2989/3192] CNPJ 82589540000117 -> CACHE (SUCESSO, 102d/365d)
2026-10-05 15:39:45 | INFO | services.connectors.risk3_connector | [2990/3192] CNPJ 82598863000177 -> CACHE (SUCESSO, 102d/365d)
2026-10-05 15:39:45 | INFO | services.connectors.risk3_connector | [2991/3192] CNPJ 82637109000107 -> CACHE (SUCESSO, 89d/365d)
2026-10-05 15:39:45 | INFO | services.connectors.risk3_connector | [2992/3192] CNPJ 82639477000186 -> CACHE (NAO_ENCONTRADO, 14d/30d)
2026-10-05 15:39:45 | INFO | services.connectors.risk3_connector | [2993/3192] CNPJ 82640558000104 -> CACHE (SUCESSO, 362d/365d)
2026-10-05 15:39:45 | INFO | services.connectors.risk3_connector | [2994/3192] CNPJ 82641606000170 -> Consultando API (Endpoint detalhado por CNPJ)...
2026-10-05 15:39:46 | INFO | services.connectors.risk3_connector | SUCESSO na extração dos detalhes do Bureau!
2026-10-05 15:39:46 | INFO | services.connectors.risk3_connector | [2995/3192] CNPJ 82658840000100 -> CACHE (SUCESSO, 102d/365d)
2026-10-05 15:39:46 | INFO | services.connectors.risk3_connector | [2996/3192] CNPJ 82666330000185 -> CACHE (SUCESSO, 102d/365d)
2026-10-05 15:39:46 | INFO | services.connectors.risk3_connector | [2997/3192] CNPJ 82719956000102 -> CACHE (SUCESSO, 109d/365d)
2026-10-05 15:39:46 | INFO | services.connectors.risk3_connector | [2998/3192] CNPJ 82757907000164 -> CACHE (SUCESSO, 265d/365d)
2026-10-05 15:39:46 | INFO | services.connectors.risk3_connector | [2999/3192] CNPJ 82827007000146 -> CACHE (SUCESSO, 175d/365d)
2026-10-05 15:39:46 | INFO | services.connectors.risk3_connector | [3000/3192] CNPJ 82956160000173 -> CACHE (SUCESSO, 305d/365d)
2026-10-05 15:39:46 | INFO | services.connectors.risk3_connector | [3001/3192] CNPJ 82956889000140 -> CACHE (NAO_ENCONTRADO, 14d/30d)
2026-10-05 15:39:46 | INFO | services.connectors.risk3_connector | [3002/3192] CNPJ 82984287000104 -> CACHE (SUCESSO, 103d/365d)
2026-10-05 15:39:46 | INFO | services.connectors.risk3_connector | [3003/3192] CNPJ 83011247000130 -> CACHE (SUCESSO, 89d/365d)
2026-10-05 15:39:46 | INFO | services.connectors.risk3_connector | [3004/3192] CNPJ 83053660000168 -> CACHE (SUCESSO, 175d/365d)
2026-10-05 15:39:46 | INFO | services.connectors.risk3_connector | [3005/3192] CNPJ 83062174000106 -> CACHE (NAO_ENCONTRADO, 14d/30d)
2026-10-05 15:39:46 | INFO | services.connectors.risk3_connector | [3006/3192] CNPJ 83096123000103 -> CACHE (SUCESSO, 103d/365d)
2026-10-05 15:39:46 | INFO | services.connectors.risk3_connector | [3007/3192] CNPJ 83151704000192 -> CACHE (NAO_ENCONTRADO, 14d/30d)
2026-10-05 15:39:46 | INFO | services.connectors.risk3_connector | [3008/3192] CNPJ 83175661000185 -> CACHE (SUCESSO, 102d/365d)
2026-10-05 15:39:46 | INFO | services.connectors.risk3_connector | [3009/3192] CNPJ 83177170000173 -> CACHE (SUCESSO, 136d/365d)
2026-10-05 15:39:46 | INFO | services.connectors.risk3_connector | [3010/3192] CNPJ 83305235000119 -> CACHE (SUCESSO, 132d/365d)
2026-10-05 15:39:46 | INFO | services.connectors.risk3_connector | [3011/3192] CNPJ 83305235002324 -> CACHE (SUCESSO, 102d/365d)
2026-10-05 15:39:46 | INFO | services.connectors.risk3_connector | [3012/3192] CNPJ 83305235012044 -> CACHE (SUCESSO, 132d/365d)
2026-10-05 15:39:46 | INFO | services.connectors.risk3_connector | [3013/3192] CNPJ 83305235013016 -> CACHE (SUCESSO, 125d/365d)
2026-10-05 15:39:46 | INFO | services.connectors.risk3_connector | [3014/3192] CNPJ 83305235014098 -> CACHE (SUCESSO, 102d/365d)
2026-10-05 15:39:46 | INFO | services.connectors.risk3_connector | [3015/3192] CNPJ 83305235023402 -> CACHE (SUCESSO, 103d/365d)
2026-10-05 15:39:46 | INFO | services.connectors.risk3_connector | [3016/3192] CNPJ 83307926000151 -> CACHE (NAO_ENCONTRADO, 14d/30d)
2026-10-05 15:39:46 | INFO | services.connectors.risk3_connector | [3017/3192] CNPJ 83310441000117 -> CACHE (SUCESSO, 82d/365d)
2026-10-05 15:39:46 | INFO | services.connectors.risk3_connector | [3018/3192] CNPJ 83310441002756 -> CACHE (NAO_ENCONTRADO, 14d/30d)
2026-10-05 15:39:46 | INFO | services.connectors.risk3_connector | [3019/3192] CNPJ 83495085000153 -> CACHE (SUCESSO, 102d/365d)
2026-10-05 15:39:46 | INFO | services.connectors.risk3_connector | [3020/3192] CNPJ 83631051000149 -> CACHE (SUCESSO, 103d/365d)
2026-10-05 15:39:46 | INFO | services.connectors.risk3_connector | [3021/3192] CNPJ 83647990000181 -> CACHE (SUCESSO, 116d/365d)
2026-10-05 15:39:46 | INFO | services.connectors.risk3_connector | [3022/3192] CNPJ 83680033000157 -> CACHE (SUCESSO, 102d/365d)
2026-10-05 15:39:46 | INFO | services.connectors.risk3_connector | [3023/3192] CNPJ 83731927000129 -> CACHE (SUCESSO, 207d/365d)
2026-10-05 15:39:46 | INFO | services.connectors.risk3_connector | [3024/3192] CNPJ 83731927000986 -> CACHE (SUCESSO, 102d/365d)
2026-10-05 15:39:46 | INFO | services.connectors.risk3_connector | [3025/3192] CNPJ 83731927004116 -> CACHE (SUCESSO, 102d/365d)
2026-10-05 15:39:46 | INFO | services.connectors.risk3_connector | [3026/3192] CNPJ 83731927005511 -> CACHE (SUCESSO, 102d/365d)
2026-10-05 15:39:46 | INFO | services.connectors.risk3_connector | [3027/3192] CNPJ 83731927005945 -> CACHE (SUCESSO, 102d/365d)
2026-10-05 15:39:46 | INFO | services.connectors.risk3_connector | [3028/3192] CNPJ 83731927006593 -> CACHE (SUCESSO, 102d/365d)
2026-10-05 15:39:46 | INFO | services.connectors.risk3_connector | [3029/3192] CNPJ 83743138000108 -> CACHE (NAO_ENCONTRADO, 14d/30d)
2026-10-05 15:39:46 | INFO | services.connectors.risk3_connector | [3030/3192] CNPJ 83781641000158 -> CACHE (SUCESSO, 102d/365d)
2026-10-05 15:39:46 | INFO | services.connectors.risk3_connector | [3031/3192] CNPJ 83816694000167 -> CACHE (SUCESSO, 103d/365d)
2026-10-05 15:39:46 | INFO | services.connectors.risk3_connector | [3032/3192] CNPJ 84043009000170 -> CACHE (SUCESSO, 209d/365d)
2026-10-05 15:39:46 | INFO | services.connectors.risk3_connector | [3033/3192] CNPJ 84046101000193 -> CACHE (SUCESSO, 21d/365d)
2026-10-05 15:39:46 | INFO | services.connectors.risk3_connector | [3034/3192] CNPJ 84046101028446 -> CACHE (SUCESSO, 102d/365d)
2026-10-05 15:39:46 | INFO | services.connectors.risk3_connector | [3035/3192] CNPJ 84148485000155 -> CACHE (NAO_ENCONTRADO, 14d/30d)
2026-10-05 15:39:46 | INFO | services.connectors.risk3_connector | [3036/3192] CNPJ 84151000000182 -> CACHE (SUCESSO, 175d/365d)
2026-10-05 15:39:46 | INFO | services.connectors.risk3_connector | [3037/3192] CNPJ 84229624000175 -> CACHE (SUCESSO, 82d/365d)
2026-10-05 15:39:46 | INFO | services.connectors.risk3_connector | [3038/3192] CNPJ 84229889000173 -> CACHE (SUCESSO, 53d/365d)
2026-10-05 15:39:46 | INFO | services.connectors.risk3_connector | [3039/3192] CNPJ 84298926000103 -> CACHE (SUCESSO, 214d/365d)
2026-10-05 15:39:46 | INFO | services.connectors.risk3_connector | [3040/3192] CNPJ 84429737000114 -> CACHE (NAO_ENCONTRADO, 14d/30d)
2026-10-05 15:39:46 | INFO | services.connectors.risk3_connector | [3041/3192] CNPJ 84683374000149 -> CACHE (SUCESSO, 320d/365d)
2026-10-05 15:39:46 | INFO | services.connectors.risk3_connector | [3042/3192] CNPJ 84684455000163 -> CACHE (NAO_ENCONTRADO, 19d/30d)
2026-10-05 15:39:46 | INFO | services.connectors.risk3_connector | [3043/3192] CNPJ 84692268000121 -> CACHE (NAO_ENCONTRADO, 14d/30d)
2026-10-05 15:39:46 | INFO | services.connectors.risk3_connector | [3044/3192] CNPJ 84693183000168 -> CACHE (SUCESSO, 48d/365d)
2026-10-05 15:39:46 | INFO | services.connectors.risk3_connector | [3045/3192] CNPJ 84709955000102 -> CACHE (SUCESSO, 320d/365d)
2026-10-05 15:39:46 | INFO | services.connectors.risk3_connector | [3046/3192] CNPJ 84821347000195 -> CACHE (SUCESSO, 35d/365d)
2026-10-05 15:39:46 | INFO | services.connectors.risk3_connector | [3047/3192] CNPJ 84831478000153 -> CACHE (SUCESSO, 265d/365d)
2026-10-05 15:39:46 | INFO | services.connectors.risk3_connector | [3048/3192] CNPJ 84894138000171 -> CACHE (SUCESSO, 265d/365d)
2026-10-05 15:39:46 | INFO | services.connectors.risk3_connector | [3049/3192] CNPJ 84897313000184 -> CACHE (SUCESSO, 175d/365d)
2026-10-05 15:39:46 | INFO | services.connectors.risk3_connector | [3050/3192] CNPJ 84900091000101 -> CACHE (SUCESSO, 102d/365d)
2026-10-05 15:39:46 | INFO | services.connectors.risk3_connector | [3051/3192] CNPJ 84963370000114 -> CACHE (SUCESSO, 117d/365d)
2026-10-05 15:39:46 | INFO | services.connectors.risk3_connector | [3052/3192] CNPJ 85070068000108 -> CACHE (SUCESSO, 83d/365d)
2026-10-05 15:39:46 | INFO | services.connectors.risk3_connector | [3053/3192] CNPJ 85090033000122 -> CACHE (NAO_ENCONTRADO, 19d/30d)
2026-10-05 15:39:46 | INFO | services.connectors.risk3_connector | [3054/3192] CNPJ 85140739000151 -> CACHE (SUCESSO, 13d/365d)
2026-10-05 15:39:46 | INFO | services.connectors.risk3_connector | [3055/3192] CNPJ 85235430000145 -> CACHE (SUCESSO, 41d/365d)
2026-10-05 15:39:46 | INFO | services.connectors.risk3_connector | [3056/3192] CNPJ 85285963000131 -> CACHE (SUCESSO, 308d/365d)
2026-10-05 15:39:46 | INFO | services.connectors.risk3_connector | [3057/3192] CNPJ 85307098000187 -> CACHE (SUCESSO, 161d/365d)
2026-10-05 15:39:46 | INFO | services.connectors.risk3_connector | [3058/3192] CNPJ 85462471000174 -> CACHE (SUCESSO, 103d/365d)
2026-10-05 15:39:46 | INFO | services.connectors.risk3_connector | [3059/3192] CNPJ 85462927000104 -> CACHE (SUCESSO, 102d/365d)
2026-10-05 15:39:46 | INFO | services.connectors.risk3_connector | [3060/3192] CNPJ 85494201000145 -> CACHE (SUCESSO, 103d/365d)
2026-10-05 15:39:46 | INFO | services.connectors.risk3_connector | [3061/3192] CNPJ 85937316000167 -> CACHE (SUCESSO, 68d/365d)
2026-10-05 15:39:46 | INFO | services.connectors.risk3_connector | [3062/3192] CNPJ 86046414000177 -> CACHE (SUCESSO, 63d/365d)
2026-10-05 15:39:46 | INFO | services.connectors.risk3_connector | [3063/3192] CNPJ 86046448000161 -> CACHE (SUCESSO, 327d/365d)
2026-10-05 15:39:46 | INFO | services.connectors.risk3_connector | [3064/3192] CNPJ 86046612000130 -> CACHE (SUCESSO, 165d/365d)
2026-10-05 15:39:46 | INFO | services.connectors.risk3_connector | [3065/3192] CNPJ 86047362000153 -> CACHE (NAO_ENCONTRADO, 14d/30d)
2026-10-05 15:39:46 | INFO | services.connectors.risk3_connector | [3066/3192] CNPJ 86375078000106 -> CACHE (SUCESSO, 110d/365d)
2026-10-05 15:39:46 | INFO | services.connectors.risk3_connector | [3067/3192] CNPJ 86375912000163 -> CACHE (SUCESSO, 42d/365d)
2026-10-05 15:39:46 | INFO | services.connectors.risk3_connector | [3068/3192] CNPJ 86378189000176 -> CACHE (SUCESSO, 160d/365d)
2026-10-05 15:39:46 | INFO | services.connectors.risk3_connector | [3069/3192] CNPJ 86378866000156 -> CACHE (SUCESSO, 264d/365d)
2026-10-05 15:39:46 | INFO | services.connectors.risk3_connector | [3070/3192] CNPJ 86530318000108 -> CACHE (NAO_ENCONTRADO, 14d/30d)
2026-10-05 15:39:46 | INFO | services.connectors.risk3_connector | [3071/3192] CNPJ 86981966000172 -> CACHE (NAO_ENCONTRADO, 14d/30d)
2026-10-05 15:39:46 | INFO | services.connectors.risk3_connector | [3072/3192] CNPJ 87007910000184 -> CACHE (NAO_ENCONTRADO, 14d/30d)
2026-10-05 15:39:46 | INFO | services.connectors.risk3_connector | [3073/3192] CNPJ 87096616000196 -> CACHE (NAO_ENCONTRADO, 14d/30d)
2026-10-05 15:39:46 | INFO | services.connectors.risk3_connector | [3074/3192] CNPJ 87203121000119 -> CACHE (SUCESSO, 102d/365d)
2026-10-05 15:39:46 | INFO | services.connectors.risk3_connector | [3075/3192] CNPJ 87215281000188 -> CACHE (NAO_ENCONTRADO, 14d/30d)
2026-10-05 15:39:46 | INFO | services.connectors.risk3_connector | [3076/3192] CNPJ 87248522000195 -> CACHE (SUCESSO, 102d/365d)
2026-10-05 15:39:46 | INFO | services.connectors.risk3_connector | [3077/3192] CNPJ 87288940000106 -> CACHE (NAO_ENCONTRADO, 6d/30d)
2026-10-05 15:39:46 | INFO | services.connectors.risk3_connector | [3078/3192] CNPJ 87288940000297 -> CACHE (NAO_ENCONTRADO, 14d/30d)
2026-10-05 15:39:46 | INFO | services.connectors.risk3_connector | [3079/3192] CNPJ 87288940003121 -> CACHE (NAO_ENCONTRADO, 14d/30d)
2026-10-05 15:39:46 | INFO | services.connectors.risk3_connector | [3080/3192] CNPJ 87345021000127 -> CACHE (SUCESSO, 271d/365d)
2026-10-05 15:39:46 | INFO | services.connectors.risk3_connector | [3081/3192] CNPJ 87442430000141 -> CACHE (SUCESSO, 192d/365d)
2026-10-05 15:39:46 | INFO | services.connectors.risk3_connector | [3082/3192] CNPJ 87547170000179 -> CACHE (SUCESSO, 82d/365d)
2026-10-05 15:39:46 | INFO | services.connectors.risk3_connector | [3083/3192] CNPJ 87606372000144 -> CACHE (NAO_ENCONTRADO, 14d/30d)
2026-10-05 15:39:46 | INFO | services.connectors.risk3_connector | [3084/3192] CNPJ 87755799000104 -> CACHE (SUCESSO, 265d/365d)
2026-10-05 15:39:46 | INFO | services.connectors.risk3_connector | [3085/3192] CNPJ 87776043000141 -> CACHE (SUCESSO, 90d/365d)
2026-10-05 15:39:46 | INFO | services.connectors.risk3_connector | [3086/3192] CNPJ 87870952000144 -> CACHE (SUCESSO, 40d/365d)
2026-10-05 15:39:46 | INFO | services.connectors.risk3_connector | [3087/3192] CNPJ 87904843000109 -> CACHE (NAO_ENCONTRADO, 14d/30d)
2026-10-05 15:39:46 | INFO | services.connectors.risk3_connector | [3088/3192] CNPJ 88031539000159 -> CACHE (NAO_ENCONTRADO, 14d/30d)
2026-10-05 15:39:46 | INFO | services.connectors.risk3_connector | [3089/3192] CNPJ 88065321000115 -> CACHE (SUCESSO, 175d/365d)
2026-10-05 15:39:46 | INFO | services.connectors.risk3_connector | [3090/3192] CNPJ 88112313000182 -> CACHE (SUCESSO, 264d/365d)
2026-10-05 15:39:46 | INFO | services.connectors.risk3_connector | [3091/3192] CNPJ 88304001000170 -> CACHE (NAO_ENCONTRADO, 6d/30d)
2026-10-05 15:39:46 | INFO | services.connectors.risk3_connector | [3092/3192] CNPJ 88304001000251 -> CACHE (NAO_ENCONTRADO, 14d/30d)
2026-10-05 15:39:46 | INFO | services.connectors.risk3_connector | [3093/3192] CNPJ 88325592000162 -> CACHE (NAO_ENCONTRADO, 6d/30d)
2026-10-05 15:39:46 | INFO | services.connectors.risk3_connector | [3094/3192] CNPJ 88325592000243 -> CACHE (NAO_ENCONTRADO, 14d/30d)
2026-10-05 15:39:46 | INFO | services.connectors.risk3_connector | [3095/3192] CNPJ 88369889000120 -> CACHE (NAO_ENCONTRADO, 14d/30d)
2026-10-05 15:39:46 | INFO | services.connectors.risk3_connector | [3096/3192] CNPJ 88371075000120 -> CACHE (SUCESSO, 103d/365d)
2026-10-05 15:39:46 | INFO | services.connectors.risk3_connector | [3097/3192] CNPJ 88418686000186 -> CACHE (SUCESSO, 103d/365d)
2026-10-05 15:39:46 | INFO | services.connectors.risk3_connector | [3098/3192] CNPJ 88446034000155 -> CACHE (NAO_ENCONTRADO, 0d/30d)
2026-10-05 15:39:46 | INFO | services.connectors.risk3_connector | [3099/3192] CNPJ 88582291000114 -> CACHE (NAO_ENCONTRADO, 14d/30d)
2026-10-05 15:39:46 | INFO | services.connectors.risk3_connector | [3100/3192] CNPJ 88598230000145 -> CACHE (SUCESSO, 40d/365d)
2026-10-05 15:39:46 | INFO | services.connectors.risk3_connector | [3101/3192] CNPJ 88612486000160 -> CACHE (SUCESSO, 264d/365d)
2026-10-05 15:39:46 | INFO | services.connectors.risk3_connector | [3102/3192] CNPJ 88614078000147 -> CACHE (NAO_ENCONTRADO, 14d/30d)
2026-10-05 15:39:46 | INFO | services.connectors.risk3_connector | [3103/3192] CNPJ 88628805000125 -> CACHE (SUCESSO, 175d/365d)
2026-10-05 15:39:46 | INFO | services.connectors.risk3_connector | [3104/3192] CNPJ 88695366000173 -> CACHE (SUCESSO, 112d/365d)
2026-10-05 15:39:46 | INFO | services.connectors.risk3_connector | [3105/3192] CNPJ 88887021000111 -> CACHE (SUCESSO, 265d/365d)
2026-10-05 15:39:46 | INFO | services.connectors.risk3_connector | [3106/3192] CNPJ 88910294000130 -> CACHE (NAO_ENCONTRADO, 14d/30d)
2026-10-05 15:39:46 | INFO | services.connectors.risk3_connector | [3107/3192] CNPJ 89086144001198 -> CACHE (SUCESSO, 77d/365d)
2026-10-05 15:39:46 | INFO | services.connectors.risk3_connector | [3108/3192] CNPJ 89086672000175 -> CACHE (NAO_ENCONTRADO, 14d/30d)
2026-10-05 15:39:46 | INFO | services.connectors.risk3_connector | [3109/3192] CNPJ 89096457000155 -> CACHE (SUCESSO, 363d/365d)
2026-10-05 15:39:46 | INFO | services.connectors.risk3_connector | [3110/3192] CNPJ 89435598000155 -> CACHE (SUCESSO, 46d/365d)
2026-10-05 15:39:46 | INFO | services.connectors.risk3_connector | [3111/3192] CNPJ 89637490000145 -> CACHE (SUCESSO, 130d/365d)
2026-10-05 15:39:46 | INFO | services.connectors.risk3_connector | [3112/3192] CNPJ 89637490016572 -> CACHE (SUCESSO, 102d/365d)
2026-10-05 15:39:46 | INFO | services.connectors.risk3_connector | [3113/3192] CNPJ 89822530000129 -> CACHE (NAO_ENCONTRADO, 14d/30d)
2026-10-05 15:39:46 | INFO | services.connectors.risk3_connector | [3114/3192] CNPJ 89843015000125 -> CACHE (NAO_ENCONTRADO, 14d/30d)
2026-10-05 15:39:46 | INFO | services.connectors.risk3_connector | [3115/3192] CNPJ 89850341000160 -> CACHE (NAO_ENCONTRADO, 19d/30d)
2026-10-05 15:39:46 | INFO | services.connectors.risk3_connector | [3116/3192] CNPJ 89963102000116 -> CACHE (SUCESSO, 140d/365d)
2026-10-05 15:39:46 | INFO | services.connectors.risk3_connector | [3117/3192] CNPJ 90049792000181 -> CACHE (SUCESSO, 35d/365d)
2026-10-05 15:39:46 | INFO | services.connectors.risk3_connector | [3118/3192] CNPJ 90108184000109 -> CACHE (SUCESSO, 103d/365d)
2026-10-05 15:39:46 | INFO | services.connectors.risk3_connector | [3119/3192] CNPJ 90260985000187 -> CACHE (SUCESSO, 132d/365d)
2026-10-05 15:39:46 | INFO | services.connectors.risk3_connector | [3120/3192] CNPJ 90260985000691 -> CACHE (SUCESSO, 102d/365d)
2026-10-05 15:39:46 | INFO | services.connectors.risk3_connector | [3121/3192] CNPJ 90329178000173 -> CACHE (SUCESSO, 301d/365d)
2026-10-05 15:39:46 | INFO | services.connectors.risk3_connector | [3122/3192] CNPJ 90400888000142 -> CACHE (SUCESSO, 290d/365d)
2026-10-05 15:39:46 | INFO | services.connectors.risk3_connector | [3123/3192] CNPJ 90406117000162 -> CACHE (SUCESSO, 103d/365d)
2026-10-05 15:39:46 | INFO | services.connectors.risk3_connector | [3124/3192] CNPJ 90660754000160 -> CACHE (SUCESSO, 68d/365d)
2026-10-05 15:39:46 | INFO | services.connectors.risk3_connector | [3125/3192] CNPJ 90737933000159 -> CACHE (SUCESSO, 20d/365d)
2026-10-05 15:39:46 | INFO | services.connectors.risk3_connector | [3126/3192] CNPJ 90771833000149 -> CACHE (SUCESSO, 328d/365d)
2026-10-05 15:39:46 | INFO | services.connectors.risk3_connector | [3127/3192] CNPJ 90848052000105 -> CACHE (SUCESSO, 103d/365d)
2026-10-05 15:39:46 | INFO | services.connectors.risk3_connector | [3128/3192] CNPJ 91143784000162 -> CACHE (SUCESSO, 339d/365d)
2026-10-05 15:39:46 | INFO | services.connectors.risk3_connector | [3129/3192] CNPJ 91362590000158 -> CACHE (SUCESSO, 103d/365d)
2026-10-05 15:39:46 | INFO | services.connectors.risk3_connector | [3130/3192] CNPJ 91362590004811 -> CACHE (SUCESSO, 245d/365d)
2026-10-05 15:39:46 | INFO | services.connectors.risk3_connector | [3131/3192] CNPJ 91495499000100 -> CACHE (NAO_ENCONTRADO, 19d/30d)
2026-10-05 15:39:46 | INFO | services.connectors.risk3_connector | [3132/3192] CNPJ 91506246000195 -> CACHE (NAO_ENCONTRADO, 14d/30d)
2026-10-05 15:39:46 | INFO | services.connectors.risk3_connector | [3133/3192] CNPJ 91903443000148 -> CACHE (NAO_ENCONTRADO, 14d/30d)
2026-10-05 15:39:46 | INFO | services.connectors.risk3_connector | [3134/3192] CNPJ 91950261000128 -> CACHE (SUCESSO, 116d/365d)
2026-10-05 15:39:46 | INFO | services.connectors.risk3_connector | [3135/3192] CNPJ 91982496000100 -> CACHE (NAO_ENCONTRADO, 14d/30d)
2026-10-05 15:39:46 | INFO | services.connectors.risk3_connector | [3136/3192] CNPJ 92016757000191 -> CACHE (NAO_ENCONTRADO, 14d/30d)
2026-10-05 15:39:46 | INFO | services.connectors.risk3_connector | [3137/3192] CNPJ 92030543000170 -> CACHE (SUCESSO, 175d/365d)
2026-10-05 15:39:46 | INFO | services.connectors.risk3_connector | [3138/3192] CNPJ 92156777000168 -> CACHE (SUCESSO, 103d/365d)
2026-10-05 15:39:46 | INFO | services.connectors.risk3_connector | [3139/3192] CNPJ 92175892000180 -> CACHE (NAO_ENCONTRADO, 14d/30d)
2026-10-05 15:39:46 | INFO | services.connectors.risk3_connector | [3140/3192] CNPJ 92226026000170 -> CACHE (NAO_ENCONTRADO, 14d/30d)
2026-10-05 15:39:46 | INFO | services.connectors.risk3_connector | [3141/3192] CNPJ 92262203000174 -> CACHE (NAO_ENCONTRADO, 14d/30d)
2026-10-05 15:39:46 | INFO | services.connectors.risk3_connector | [3142/3192] CNPJ 92475250000104 -> CACHE (SUCESSO, 220d/365d)
2026-10-05 15:39:46 | INFO | services.connectors.risk3_connector | [3143/3192] CNPJ 92632512000199 -> CACHE (SUCESSO, 103d/365d)
2026-10-05 15:39:46 | INFO | services.connectors.risk3_connector | [3144/3192] CNPJ 92660604000182 -> CACHE (SUCESSO, 95d/365d)
2026-10-05 15:39:46 | INFO | services.connectors.risk3_connector | [3145/3192] CNPJ 92660604001316 -> CACHE (NAO_ENCONTRADO, 14d/30d)
2026-10-05 15:39:46 | INFO | services.connectors.risk3_connector | [3146/3192] CNPJ 92660604016933 -> CACHE (SUCESSO, 347d/365d)
2026-10-05 15:39:46 | INFO | services.connectors.risk3_connector | [3147/3192] CNPJ 92678432000174 -> CACHE (SUCESSO, 45d/365d)
2026-10-05 15:39:46 | INFO | services.connectors.risk3_connector | [3148/3192] CNPJ 92685833000151 -> CACHE (NAO_ENCONTRADO, 19d/30d)
2026-10-05 15:39:46 | INFO | services.connectors.risk3_connector | [3149/3192] CNPJ 92690700000173 -> CACHE (NAO_ENCONTRADO, 6d/30d)
2026-10-05 15:39:46 | INFO | services.connectors.risk3_connector | [3150/3192] CNPJ 92690700000254 -> CACHE (NAO_ENCONTRADO, 14d/30d)
2026-10-05 15:39:46 | INFO | services.connectors.risk3_connector | [3151/3192] CNPJ 92726785000100 -> CACHE (SUCESSO, 102d/365d)
2026-10-05 15:39:46 | INFO | services.connectors.risk3_connector | [3152/3192] CNPJ 92750629000177 -> CACHE (NAO_ENCONTRADO, 14d/30d)
2026-10-05 15:39:46 | INFO | services.connectors.risk3_connector | [3153/3192] CNPJ 92791243000103 -> CACHE (SUCESSO, 159d/365d)
2026-10-05 15:39:46 | INFO | services.connectors.risk3_connector | [3154/3192] CNPJ 92794437000162 -> CACHE (SUCESSO, 116d/365d)
2026-10-05 15:39:46 | INFO | services.connectors.risk3_connector | [3155/3192] CNPJ 92794437000243 -> CACHE (SUCESSO, 165d/365d)
2026-10-05 15:39:46 | INFO | services.connectors.risk3_connector | [3156/3192] CNPJ 92802784000190 -> CACHE (SUCESSO, 104d/365d)
2026-10-05 15:39:46 | INFO | services.connectors.risk3_connector | [3157/3192] CNPJ 92913607000180 -> CACHE (NAO_ENCONTRADO, 14d/30d)
2026-10-05 15:39:46 | INFO | services.connectors.risk3_connector | [3158/3192] CNPJ 93028173000107 -> CACHE (SUCESSO, 110d/365d)
2026-10-05 15:39:46 | INFO | services.connectors.risk3_connector | [3159/3192] CNPJ 93384311000182 -> CACHE (SUCESSO, 159d/365d)
2026-10-05 15:39:46 | INFO | services.connectors.risk3_connector | [3160/3192] CNPJ 93586303000119 -> CACHE (SUCESSO, 82d/365d)
2026-10-05 15:39:46 | INFO | services.connectors.risk3_connector | [3161/3192] CNPJ 93640506000146 -> CACHE (SUCESSO, 101d/365d)
2026-10-05 15:39:46 | INFO | services.connectors.risk3_connector | [3162/3192] CNPJ 93651958000123 -> CACHE (NAO_ENCONTRADO, 14d/30d)
2026-10-05 15:39:46 | INFO | services.connectors.risk3_connector | [3163/3192] CNPJ 93866531000142 -> CACHE (SUCESSO, 194d/365d)
2026-10-05 15:39:46 | INFO | services.connectors.risk3_connector | [3164/3192] CNPJ 94328580000194 -> CACHE (SUCESSO, 291d/365d)
2026-10-05 15:39:46 | INFO | services.connectors.risk3_connector | [3165/3192] CNPJ 94375995000119 -> CACHE (NAO_ENCONTRADO, 14d/30d)
2026-10-05 15:39:46 | INFO | services.connectors.risk3_connector | [3166/3192] CNPJ 94784543000190 -> CACHE (SUCESSO, 103d/365d)
2026-10-05 15:39:46 | INFO | services.connectors.risk3_connector | [3167/3192] CNPJ 94813490000199 -> CACHE (SUCESSO, 21d/365d)
2026-10-05 15:39:46 | INFO | services.connectors.risk3_connector | [3168/3192] CNPJ 94819729000138 -> CACHE (SUCESSO, 262d/365d)
2026-10-05 15:39:46 | INFO | services.connectors.risk3_connector | [3169/3192] CNPJ 94846599000122 -> CACHE (SUCESSO, 193d/365d)
2026-10-05 15:39:46 | INFO | services.connectors.risk3_connector | [3170/3192] CNPJ 94902509000173 -> CACHE (SUCESSO, 103d/365d)
2026-10-05 15:39:46 | INFO | services.connectors.risk3_connector | [3171/3192] CNPJ 94985421000162 -> CACHE (SUCESSO, 203d/365d)
2026-10-05 15:39:46 | INFO | services.connectors.risk3_connector | [3172/3192] CNPJ 95370078000104 -> CACHE (SUCESSO, 88d/365d)
2026-10-05 15:39:46 | INFO | services.connectors.risk3_connector | [3173/3192] CNPJ 95448486000131 -> CACHE (NAO_ENCONTRADO, 6d/30d)
2026-10-05 15:39:46 | INFO | services.connectors.risk3_connector | [3174/3192] CNPJ 95448486000212 -> CACHE (SUCESSO, 271d/365d)
2026-10-05 15:39:46 | INFO | services.connectors.risk3_connector | [3175/3192] CNPJ 95818399000129 -> CACHE (SUCESSO, 103d/365d)
2026-10-05 15:39:46 | INFO | services.connectors.risk3_connector | [3176/3192] CNPJ 95837316000149 -> CACHE (SUCESSO, 265d/365d)
2026-10-05 15:39:46 | INFO | services.connectors.risk3_connector | [3177/3192] CNPJ 95851390000110 -> CACHE (SUCESSO, 175d/365d)
2026-10-05 15:39:46 | INFO | services.connectors.risk3_connector | [3178/3192] CNPJ 96203393000100 -> CACHE (SUCESSO, 175d/365d)
2026-10-05 15:39:46 | INFO | services.connectors.risk3_connector | [3179/3192] CNPJ 97164834000174 -> CACHE (NAO_ENCONTRADO, 14d/30d)
2026-10-05 15:39:46 | INFO | services.connectors.risk3_connector | [3180/3192] CNPJ 97192256000180 -> CACHE (SUCESSO, 222d/365d)
2026-10-05 15:39:46 | INFO | services.connectors.risk3_connector | [3181/3192] CNPJ 97201362000182 -> CACHE (NAO_ENCONTRADO, 6d/30d)
2026-10-05 15:39:46 | INFO | services.connectors.risk3_connector | [3182/3192] CNPJ 97201362002550 -> CACHE (SUCESSO, 270d/365d)
2026-10-05 15:39:46 | INFO | services.connectors.risk3_connector | [3183/3192] CNPJ 97458749000119 -> CACHE (NAO_ENCONTRADO, 14d/30d)
2026-10-05 15:39:46 | INFO | services.connectors.risk3_connector | [3184/3192] CNPJ 97505838000179 -> CACHE (NAO_ENCONTRADO, 0d/30d)
2026-10-05 15:39:46 | INFO | services.connectors.risk3_connector | [3185/3192] CNPJ 97544269000170 -> CACHE (SUCESSO, 188d/365d)
2026-10-05 15:39:46 | INFO | services.connectors.risk3_connector | [3186/3192] CNPJ 97549778000196 -> CACHE (SUCESSO, 207d/365d)
2026-10-05 15:39:46 | INFO | services.connectors.risk3_connector | [3187/3192] CNPJ 97748958000105 -> CACHE (SUCESSO, 103d/365d)
2026-10-05 15:39:46 | INFO | services.connectors.risk3_connector | [3188/3192] CNPJ 97837181000147 -> CACHE (SUCESSO, 109d/365d)
2026-10-05 15:39:46 | INFO | services.connectors.risk3_connector | [3189/3192] CNPJ 97837181001895 -> CACHE (NAO_ENCONTRADO, 14d/30d)
2026-10-05 15:39:46 | INFO | services.connectors.risk3_connector | [3190/3192] CNPJ 97837181002948 -> CACHE (NAO_ENCONTRADO, 14d/30d)
2026-10-05 15:39:46 | INFO | services.connectors.risk3_connector | [3191/3192] CNPJ 97839922000129 -> CACHE (SUCESSO, 68d/365d)
2026-10-05 15:39:46 | INFO | services.connectors.risk3_connector | [3192/3192] CNPJ 98042963000152 -> CACHE (SUCESSO, 68d/365d)
