2026-09-16 13:38:46 | INFO | services.connectors.risk3_connector | --- INICIANDO CONSULTA RISK3 BUREAU (1863 CNPJs) ---
2026-09-16 13:38:46 | INFO | services.connectors.risk3_connector | [1/1863] CNPJ 00000569605903 -> CACHE (SUCESSO, 83d/365d)
2026-09-16 13:38:46 | INFO | services.connectors.risk3_connector | [2/1863] CNPJ 00001180000126 -> CACHE (SUCESSO, 29d/365d)
2026-09-16 13:38:46 | INFO | services.connectors.risk3_connector | [3/1863] CNPJ 00001180000207 -> CACHE (NAO_ENCONTRADO, 0d/30d)
2026-09-16 13:38:46 | INFO | services.connectors.risk3_connector | [4/1863] CNPJ 00007750000195 -> CACHE (SUCESSO, 84d/365d)
2026-09-16 13:38:46 | INFO | services.connectors.risk3_connector | [5/1863] CNPJ 00021096000417 -> CACHE (NAO_ENCONTRADO, 0d/30d)
2026-09-16 13:38:46 | INFO | services.connectors.risk3_connector | [6/1863] CNPJ 00056633000111 -> CACHE (SUCESSO, 245d/365d)
2026-09-16 13:38:46 | INFO | services.connectors.risk3_connector | [7/1863] CNPJ 00064742000180 -> CACHE (SUCESSO, 83d/365d)
2026-09-16 13:38:46 | INFO | services.connectors.risk3_connector | [8/1863] CNPJ 00071815000161 -> CACHE (SUCESSO, 78d/365d)
2026-09-16 13:38:46 | INFO | services.connectors.risk3_connector | [9/1863] CNPJ 00074569000100 -> CACHE (SUCESSO, 222d/365d)
2026-09-16 13:38:46 | INFO | services.connectors.risk3_connector | [10/1863] CNPJ 00080671000100 -> CACHE (SUCESSO, 245d/365d)
2026-09-16 13:38:46 | INFO | services.connectors.risk3_connector | [11/1863] CNPJ 00082024000137 -> CACHE (SUCESSO, 239d/365d)
2026-09-16 13:38:46 | INFO | services.connectors.risk3_connector | [12/1863] CNPJ 00111960000129 -> CACHE (SUCESSO, 284d/365d)
2026-09-16 13:38:46 | INFO | services.connectors.risk3_connector | [13/1863] CNPJ 00178840000149 -> CACHE (SUCESSO, 83d/365d)
2026-09-16 13:38:46 | INFO | services.connectors.risk3_connector | [14/1863] CNPJ 00194724000113 -> CACHE (NAO_ENCONTRADO, 14d/30d)
2026-09-16 13:38:46 | INFO | services.connectors.risk3_connector | [15/1863] CNPJ 00212305000167 -> CACHE (SUCESSO, 83d/365d)
2026-09-16 13:38:46 | INFO | services.connectors.risk3_connector | [16/1863] CNPJ 00246872000134 -> CACHE (SUCESSO, 84d/365d)
2026-09-16 13:38:46 | INFO | services.connectors.risk3_connector | [17/1863] CNPJ 00257348000169 -> CACHE (SUCESSO, 112d/365d)
2026-09-16 13:38:46 | INFO | services.connectors.risk3_connector | [18/1863] CNPJ 00262371000575 -> CACHE (SUCESSO, 146d/365d)
2026-09-16 13:38:46 | INFO | services.connectors.risk3_connector | [19/1863] CNPJ 00291633000104 -> CACHE (NAO_ENCONTRADO, 0d/30d)
2026-09-16 13:38:46 | INFO | services.connectors.risk3_connector | [20/1863] CNPJ 00298749000167 -> CACHE (SUCESSO, 246d/365d)
2026-09-16 13:38:46 | INFO | services.connectors.risk3_connector | [21/1863] CNPJ 00301560000186 -> CACHE (SUCESSO, 203d/365d)
2026-09-16 13:38:46 | INFO | services.connectors.risk3_connector | [22/1863] CNPJ 00314794000168 -> CACHE (SUCESSO, 84d/365d)
2026-09-16 13:38:46 | INFO | services.connectors.risk3_connector | [23/1863] CNPJ 00336754000117 -> CACHE (SUCESSO, 203d/365d)
2026-09-16 13:38:46 | INFO | services.connectors.risk3_connector | [24/1863] CNPJ 00339244000101 -> CACHE (SUCESSO, 83d/365d)
2026-09-16 13:38:46 | INFO | services.connectors.risk3_connector | [25/1863] CNPJ 00350242000105 -> CACHE (SUCESSO, 120d/365d)
2026-09-16 13:38:46 | INFO | services.connectors.risk3_connector | [26/1863] CNPJ 00350763000162 -> CACHE (SUCESSO, 237d/365d)
2026-09-16 13:38:46 | INFO | services.connectors.risk3_connector | [27/1863] CNPJ 00350763002297 -> CACHE (SUCESSO, 110d/365d)
2026-09-16 13:38:46 | INFO | services.connectors.risk3_connector | [28/1863] CNPJ 00359256000190 -> CACHE (SUCESSO, 182d/365d)
2026-09-16 13:38:46 | INFO | services.connectors.risk3_connector | [29/1863] CNPJ 00366257000161 -> CACHE (SUCESSO, 161d/365d)
2026-09-16 13:38:46 | INFO | services.connectors.risk3_connector | [30/1863] CNPJ 00374121000101 -> CACHE (SUCESSO, 309d/365d)
2026-09-16 13:38:46 | INFO | services.connectors.risk3_connector | [31/1863] CNPJ 00395490000172 -> CACHE (SUCESSO, 112d/365d)
2026-09-16 13:38:46 | INFO | services.connectors.risk3_connector | [32/1863] CNPJ 00412182000108 -> CACHE (SUCESSO, 84d/365d)
2026-09-16 13:38:46 | INFO | services.connectors.risk3_connector | [33/1863] CNPJ 00457993000125 -> CACHE (SUCESSO, 84d/365d)
2026-09-16 13:38:46 | INFO | services.connectors.risk3_connector | [34/1863] CNPJ 00464830000684 -> CACHE (SUCESSO, 84d/365d)
2026-09-16 13:38:46 | INFO | services.connectors.risk3_connector | [35/1863] CNPJ 00465813000408 -> CACHE (SUCESSO, 84d/365d)
2026-09-16 13:38:46 | INFO | services.connectors.risk3_connector | [36/1863] CNPJ 00495545000116 -> CACHE (SUCESSO, 83d/365d)
2026-09-16 13:38:46 | INFO | services.connectors.risk3_connector | [37/1863] CNPJ 00496586000127 -> CACHE (SUCESSO, 246d/365d)
2026-09-16 13:38:46 | INFO | services.connectors.risk3_connector | [38/1863] CNPJ 00508070000155 -> CACHE (SUCESSO, 189d/365d)
2026-09-16 13:38:46 | INFO | services.connectors.risk3_connector | [39/1863] CNPJ 00514820000100 -> CACHE (SUCESSO, 156d/365d)
2026-09-16 13:38:46 | INFO | services.connectors.risk3_connector | [40/1863] CNPJ 00529188000160 -> CACHE (SUCESSO, 343d/365d)
2026-09-16 13:38:46 | INFO | services.connectors.risk3_connector | [41/1863] CNPJ 00552646000181 -> CACHE (SUCESSO, 117d/365d)
2026-09-16 13:38:46 | INFO | services.connectors.risk3_connector | [42/1863] CNPJ 00568480000191 -> CACHE (SUCESSO, 246d/365d)
2026-09-16 13:38:46 | INFO | services.connectors.risk3_connector | [43/1863] CNPJ 00573283000160 -> CACHE (SUCESSO, 84d/365d)
2026-09-16 13:38:46 | INFO | services.connectors.risk3_connector | [44/1863] CNPJ 00583224000173 -> CACHE (SUCESSO, 83d/365d)
2026-09-16 13:38:46 | INFO | services.connectors.risk3_connector | [45/1863] CNPJ 00601731000192 -> CACHE (SUCESSO, 84d/365d)
2026-09-16 13:38:46 | INFO | services.connectors.risk3_connector | [46/1863] CNPJ 00605582000130 -> CACHE (SUCESSO, 246d/365d)
2026-09-16 13:38:46 | INFO | services.connectors.risk3_connector | [47/1863] CNPJ 00662514000102 -> CACHE (SUCESSO, 84d/365d)
2026-09-16 13:38:46 | INFO | services.connectors.risk3_connector | [48/1863] CNPJ 00668630000139 -> CACHE (SUCESSO, 181d/365d)
2026-09-16 13:38:46 | INFO | services.connectors.risk3_connector | [49/1863] CNPJ 00671047000187 -> CACHE (SUCESSO, 344d/365d)
2026-09-16 13:38:46 | INFO | services.connectors.risk3_connector | [50/1863] CNPJ 00717453000133 -> CACHE (SUCESSO, 77d/365d)
2026-09-16 13:38:46 | INFO | services.connectors.risk3_connector | [51/1863] CNPJ 00727465000149 -> CACHE (SUCESSO, 83d/365d)
2026-09-16 13:38:46 | INFO | services.connectors.risk3_connector | [52/1863] CNPJ 00729422000100 -> CACHE (SUCESSO, 97d/365d)
2026-09-16 13:38:46 | INFO | services.connectors.risk3_connector | [53/1863] CNPJ 00750846000149 -> CACHE (SUCESSO, 146d/365d)
2026-09-16 13:38:46 | INFO | services.connectors.risk3_connector | [54/1863] CNPJ 00767659000178 -> CACHE (SUCESSO, 239d/365d)
2026-09-16 13:38:46 | INFO | services.connectors.risk3_connector | [55/1863] CNPJ 00771979000100 -> CACHE (NAO_ENCONTRADO, 0d/30d)
2026-09-16 13:38:46 | INFO | services.connectors.risk3_connector | [56/1863] CNPJ 00776574000660 -> CACHE (SUCESSO, 170d/365d)
2026-09-16 13:38:46 | INFO | services.connectors.risk3_connector | [57/1863] CNPJ 00807422000173 -> CACHE (SUCESSO, 70d/365d)
2026-09-16 13:38:46 | INFO | services.connectors.risk3_connector | [58/1863] CNPJ 00822488000132 -> CACHE (SUCESSO, 245d/365d)
2026-09-16 13:38:46 | INFO | services.connectors.risk3_connector | [59/1863] CNPJ 00829352000154 -> CACHE (SUCESSO, 84d/365d)
2026-09-16 13:38:46 | INFO | services.connectors.risk3_connector | [60/1863] CNPJ 00831245000160 -> CACHE (SUCESSO, 83d/365d)
2026-09-16 13:38:46 | INFO | services.connectors.risk3_connector | [61/1863] CNPJ 00831373000104 -> CACHE (SUCESSO, 134d/365d)
2026-09-16 13:38:46 | INFO | services.connectors.risk3_connector | [62/1863] CNPJ 00863529000139 -> CACHE (SUCESSO, 84d/365d)
2026-09-16 13:38:46 | INFO | services.connectors.risk3_connector | [63/1863] CNPJ 00868626000114 -> CACHE (SUCESSO, 232d/365d)
2026-09-16 13:38:46 | INFO | services.connectors.risk3_connector | [64/1863] CNPJ 00869496000134 -> CACHE (SUCESSO, 246d/365d)
2026-09-16 13:38:46 | INFO | services.connectors.risk3_connector | [65/1863] CNPJ 00890837000153 -> CACHE (SUCESSO, 344d/365d)
2026-09-16 13:38:46 | INFO | services.connectors.risk3_connector | [66/1863] CNPJ 00893913000265 -> CACHE (SUCESSO, 84d/365d)
2026-09-16 13:38:46 | INFO | services.connectors.risk3_connector | [67/1863] CNPJ 00899825000190 -> CACHE (SUCESSO, 84d/365d)
2026-09-16 13:38:46 | INFO | services.connectors.risk3_connector | [68/1863] CNPJ 00931787000105 -> CACHE (SUCESSO, 246d/365d)
2026-09-16 13:38:46 | INFO | services.connectors.risk3_connector | [69/1863] CNPJ 00979768000159 -> CACHE (SUCESSO, 84d/365d)
2026-09-16 13:38:46 | INFO | services.connectors.risk3_connector | [70/1863] CNPJ 00990842000138 -> CACHE (SUCESSO, 14d/365d)
2026-09-16 13:38:46 | INFO | services.connectors.risk3_connector | [71/1863] CNPJ 00993264000193 -> CACHE (SUCESSO, 49d/365d)
2026-09-16 13:38:46 | INFO | services.connectors.risk3_connector | [72/1863] CNPJ 00993264008097 -> CACHE (SUCESSO, 110d/365d)
2026-09-16 13:38:46 | INFO | services.connectors.risk3_connector | [73/1863] CNPJ 01015553000180 -> CACHE (SUCESSO, 344d/365d)
2026-09-16 13:38:46 | INFO | services.connectors.risk3_connector | [74/1863] CNPJ 01019449000164 -> CACHE (SUCESSO, 180d/365d)
2026-09-16 13:38:46 | INFO | services.connectors.risk3_connector | [75/1863] CNPJ 01069573000134 -> CACHE (SUCESSO, 83d/365d)
2026-09-16 13:38:46 | INFO | services.connectors.risk3_connector | [76/1863] CNPJ 01105236000155 -> CACHE (SUCESSO, 83d/365d)
2026-09-16 13:38:46 | INFO | services.connectors.risk3_connector | [77/1863] CNPJ 01105558000102 -> CACHE (SUCESSO, 119d/365d)
2026-09-16 13:38:46 | INFO | services.connectors.risk3_connector | [78/1863] CNPJ 01125487000100 -> CACHE (SUCESSO, 83d/365d)
2026-09-16 13:38:46 | INFO | services.connectors.risk3_connector | [79/1863] CNPJ 01144673000188 -> CACHE (SUCESSO, 156d/365d)
2026-09-16 13:38:46 | INFO | services.connectors.risk3_connector | [80/1863] CNPJ 01152790000193 -> CACHE (SUCESSO, 83d/365d)
2026-09-16 13:38:46 | INFO | services.connectors.risk3_connector | [81/1863] CNPJ 01191198000109 -> CACHE (SUCESSO, 83d/365d)
2026-09-16 13:38:46 | INFO | services.connectors.risk3_connector | [82/1863] CNPJ 01198813000109 -> CACHE (SUCESSO, 90d/365d)
2026-09-16 13:38:46 | INFO | services.connectors.risk3_connector | [83/1863] CNPJ 01203549000227 -> CACHE (SUCESSO, 84d/365d)
2026-09-16 13:38:46 | INFO | services.connectors.risk3_connector | [84/1863] CNPJ 01225953000110 -> CACHE (SUCESSO, 245d/365d)
2026-09-16 13:38:46 | INFO | services.connectors.risk3_connector | [85/1863] CNPJ 01257995000133 -> CACHE (SUCESSO, 36d/365d)
2026-09-16 13:38:46 | INFO | services.connectors.risk3_connector | [86/1863] CNPJ 01261681000104 -> CACHE (SUCESSO, 15d/365d)
2026-09-16 13:38:46 | INFO | services.connectors.risk3_connector | [87/1863] CNPJ 01274980000183 -> CACHE (SUCESSO, 173d/365d)
2026-09-16 13:38:46 | INFO | services.connectors.risk3_connector | [88/1863] CNPJ 01304124000123 -> CACHE (SUCESSO, 127d/365d)
2026-09-16 13:38:46 | INFO | services.connectors.risk3_connector | [89/1863] CNPJ 01304124001790 -> CACHE (SUCESSO, 84d/365d)
2026-09-16 13:38:46 | INFO | services.connectors.risk3_connector | [90/1863] CNPJ 01304136000158 -> CACHE (SUCESSO, 279d/365d)
2026-09-16 13:38:46 | INFO | services.connectors.risk3_connector | [91/1863] CNPJ 01317277000105 -> CACHE (SUCESSO, 239d/365d)
2026-09-16 13:38:46 | INFO | services.connectors.risk3_connector | [92/1863] CNPJ 01325023000139 -> CACHE (NAO_ENCONTRADO, 0d/30d)
2026-09-16 13:38:46 | INFO | services.connectors.risk3_connector | [93/1863] CNPJ 01333984000195 -> CACHE (SUCESSO, 202d/365d)
2026-09-16 13:38:46 | INFO | services.connectors.risk3_connector | [94/1863] CNPJ 01354988000150 -> CACHE (SUCESSO, 83d/365d)
2026-09-16 13:38:46 | INFO | services.connectors.risk3_connector | [95/1863] CNPJ 01377961000182 -> CACHE (SUCESSO, 181d/365d)
2026-09-16 13:38:46 | INFO | services.connectors.risk3_connector | [96/1863] CNPJ 01397555000181 -> CACHE (SUCESSO, 83d/365d)
2026-09-16 13:38:46 | INFO | services.connectors.risk3_connector | [97/1863] CNPJ 01417701000193 -> CACHE (SUCESSO, 322d/365d)
2026-09-16 13:38:46 | INFO | services.connectors.risk3_connector | [98/1863] CNPJ 01445875000160 -> CACHE (SUCESSO, 78d/365d)
2026-09-16 13:38:46 | INFO | services.connectors.risk3_connector | [99/1863] CNPJ 01485633000108 -> CACHE (SUCESSO, 84d/365d)
2026-09-16 13:38:46 | INFO | services.connectors.risk3_connector | [100/1863] CNPJ 01525323000161 -> CACHE (SUCESSO, 246d/365d)
2026-09-16 13:38:46 | INFO | services.connectors.risk3_connector | [101/1863] CNPJ 01581464000100 -> CACHE (SUCESSO, 155d/365d)
2026-09-16 13:38:46 | INFO | services.connectors.risk3_connector | [102/1863] CNPJ 01594992000195 -> CACHE (SUCESSO, 105d/365d)
2026-09-16 13:38:46 | INFO | services.connectors.risk3_connector | [103/1863] CNPJ 01599436000101 -> CACHE (SUCESSO, 86d/365d)
2026-09-16 13:38:46 | INFO | services.connectors.risk3_connector | [104/1863] CNPJ 01615814000101 -> Consultando API (Endpoint detalhado por CNPJ)...
2026-09-16 13:38:47 | INFO | services.connectors.risk3_connector | SUCESSO na extração dos detalhes!
2026-09-16 13:38:47 | INFO | services.connectors.risk3_connector | [105/1863] CNPJ 01616929000102 -> CACHE (NAO_ENCONTRADO, 0d/30d)
2026-09-16 13:38:47 | INFO | services.connectors.risk3_connector | [106/1863] CNPJ 01618551000267 -> CACHE (SUCESSO, 84d/365d)
2026-09-16 13:38:47 | INFO | services.connectors.risk3_connector | [107/1863] CNPJ 01621399000190 -> CACHE (SUCESSO, 83d/365d)
2026-09-16 13:38:47 | INFO | services.connectors.risk3_connector | [108/1863] CNPJ 01637895000132 -> CACHE (SUCESSO, 128d/365d)
2026-09-16 13:38:47 | INFO | services.connectors.risk3_connector | [109/1863] CNPJ 01682147000171 -> CACHE (SUCESSO, 177d/365d)
2026-09-16 13:38:47 | INFO | services.connectors.risk3_connector | [110/1863] CNPJ 01691944000204 -> CACHE (SUCESSO, 84d/365d)
2026-09-16 13:38:47 | INFO | services.connectors.risk3_connector | [111/1863] CNPJ 01693497000133 -> CACHE (SUCESSO, 246d/365d)
2026-09-16 13:38:47 | INFO | services.connectors.risk3_connector | [112/1863] CNPJ 01712320000137 -> CACHE (SUCESSO, 229d/365d)
2026-09-16 13:38:47 | INFO | services.connectors.risk3_connector | [113/1863] CNPJ 01715975000169 -> CACHE (SUCESSO, 83d/365d)
2026-09-16 13:38:47 | INFO | services.connectors.risk3_connector | [114/1863] CNPJ 01785345000160 -> CACHE (SUCESSO, 112d/365d)
2026-09-16 13:38:47 | INFO | services.connectors.risk3_connector | [115/1863] CNPJ 01794540000157 -> CACHE (SUCESSO, 83d/365d)
2026-09-16 13:38:47 | INFO | services.connectors.risk3_connector | [116/1863] CNPJ 01831188000182 -> CACHE (SUCESSO, 246d/365d)
2026-09-16 13:38:47 | INFO | services.connectors.risk3_connector | [117/1863] CNPJ 01832301000144 -> CACHE (SUCESSO, 50d/365d)
2026-09-16 13:38:47 | INFO | services.connectors.risk3_connector | [118/1863] CNPJ 01838723000127 -> CACHE (SUCESSO, 6d/365d)
2026-09-16 13:38:47 | INFO | services.connectors.risk3_connector | [119/1863] CNPJ 01886356000137 -> CACHE (SUCESSO, 84d/365d)
2026-09-16 13:38:47 | INFO | services.connectors.risk3_connector | [120/1863] CNPJ 01912239000109 -> CACHE (SUCESSO, 20d/365d)
2026-09-16 13:38:47 | INFO | services.connectors.risk3_connector | [121/1863] CNPJ 01947943000199 -> CACHE (SUCESSO, 16d/365d)
2026-09-16 13:38:47 | INFO | services.connectors.risk3_connector | [122/1863] CNPJ 01961898000127 -> CACHE (SUCESSO, 55d/365d)
2026-09-16 13:38:47 | INFO | services.connectors.risk3_connector | [123/1863] CNPJ 01966329000174 -> CACHE (SUCESSO, 153d/365d)
2026-09-16 13:38:47 | INFO | services.connectors.risk3_connector | [124/1863] CNPJ 01974675000102 -> CACHE (SUCESSO, 155d/365d)
2026-09-16 13:38:47 | INFO | services.connectors.risk3_connector | [125/1863] CNPJ 02036483000614 -> CACHE (NAO_ENCONTRADO, 0d/30d)
2026-09-16 13:38:47 | INFO | services.connectors.risk3_connector | [126/1863] CNPJ 02041460000193 -> CACHE (SUCESSO, 20d/365d)
2026-09-16 13:38:47 | INFO | services.connectors.risk3_connector | [127/1863] CNPJ 02081239000169 -> CACHE (SUCESSO, 84d/365d)
2026-09-16 13:38:47 | INFO | services.connectors.risk3_connector | [128/1863] CNPJ 02103847000127 -> CACHE (SUCESSO, 190d/365d)
2026-09-16 13:38:47 | INFO | services.connectors.risk3_connector | [129/1863] CNPJ 02122913000106 -> CACHE (SUCESSO, 245d/365d)
2026-09-16 13:38:47 | INFO | services.connectors.risk3_connector | [130/1863] CNPJ 02135888000103 -> CACHE (SUCESSO, 246d/365d)
2026-09-16 13:38:47 | INFO | services.connectors.risk3_connector | [131/1863] CNPJ 02163440000195 -> CACHE (SUCESSO, 85d/365d)
2026-09-16 13:38:47 | INFO | services.connectors.risk3_connector | [132/1863] CNPJ 02179949000126 -> CACHE (SUCESSO, 83d/365d)
2026-09-16 13:38:47 | INFO | services.connectors.risk3_connector | [133/1863] CNPJ 02202020000170 -> CACHE (SUCESSO, 246d/365d)
2026-09-16 13:38:47 | INFO | services.connectors.risk3_connector | [134/1863] CNPJ 02224840000163 -> CACHE (SUCESSO, 79d/365d)
2026-09-16 13:38:47 | INFO | services.connectors.risk3_connector | [135/1863] CNPJ 02227579000155 -> CACHE (SUCESSO, 156d/365d)
2026-09-16 13:38:47 | INFO | services.connectors.risk3_connector | [136/1863] CNPJ 02248827000144 -> CACHE (SUCESSO, 84d/365d)
2026-09-16 13:38:47 | INFO | services.connectors.risk3_connector | [137/1863] CNPJ 02266644000151 -> CACHE (SUCESSO, 83d/365d)
2026-09-16 13:38:47 | INFO | services.connectors.risk3_connector | [138/1863] CNPJ 02279324000136 -> CACHE (SUCESSO, 77d/365d)
2026-09-16 13:38:47 | INFO | services.connectors.risk3_connector | [139/1863] CNPJ 02302100000106 -> CACHE (NAO_ENCONTRADO, 14d/30d)
2026-09-16 13:38:47 | INFO | services.connectors.risk3_connector | [140/1863] CNPJ 02305606000160 -> CACHE (SUCESSO, 84d/365d)
2026-09-16 13:38:47 | INFO | services.connectors.risk3_connector | [141/1863] CNPJ 02326750000183 -> CACHE (SUCESSO, 195d/365d)
2026-09-16 13:38:47 | INFO | services.connectors.risk3_connector | [142/1863] CNPJ 02332686000143 -> CACHE (SUCESSO, 184d/365d)
2026-09-16 13:38:47 | INFO | services.connectors.risk3_connector | [143/1863] CNPJ 02335262000132 -> CACHE (SUCESSO, 194d/365d)
2026-09-16 13:38:47 | INFO | services.connectors.risk3_connector | [144/1863] CNPJ 02341467000120 -> CACHE (NAO_ENCONTRADO, 14d/30d)
2026-09-16 13:38:47 | INFO | services.connectors.risk3_connector | [145/1863] CNPJ 02341494000101 -> CACHE (SUCESSO, 146d/365d)
2026-09-16 13:38:47 | INFO | services.connectors.risk3_connector | [146/1863] CNPJ 02343359000197 -> CACHE (SUCESSO, 92d/365d)
2026-09-16 13:38:47 | INFO | services.connectors.risk3_connector | [147/1863] CNPJ 02357251000153 -> CACHE (SUCESSO, 274d/365d)
2026-09-16 13:38:47 | INFO | services.connectors.risk3_connector | [148/1863] CNPJ 02357659000125 -> CACHE (NAO_ENCONTRADO, 0d/30d)
2026-09-16 13:38:47 | INFO | services.connectors.risk3_connector | [149/1863] CNPJ 02359572000430 -> CACHE (SUCESSO, 65d/365d)
2026-09-16 13:38:47 | INFO | services.connectors.risk3_connector | [150/1863] CNPJ 02370462000126 -> CACHE (SUCESSO, 83d/365d)
2026-09-16 13:38:47 | INFO | services.connectors.risk3_connector | [151/1863] CNPJ 02421421000111 -> CACHE (NAO_ENCONTRADO, 0d/30d)
2026-09-16 13:38:47 | INFO | services.connectors.risk3_connector | [152/1863] CNPJ 02429732000127 -> CACHE (SUCESSO, 229d/365d)
2026-09-16 13:38:47 | INFO | services.connectors.risk3_connector | [153/1863] CNPJ 02446766000120 -> CACHE (SUCESSO, 246d/365d)
2026-09-16 13:38:47 | INFO | services.connectors.risk3_connector | [154/1863] CNPJ 02459413000164 -> CACHE (SUCESSO, 83d/365d)
2026-09-16 13:38:47 | INFO | services.connectors.risk3_connector | [155/1863] CNPJ 02460752000160 -> CACHE (SUCESSO, 321d/365d)
2026-09-16 13:38:47 | INFO | services.connectors.risk3_connector | [156/1863] CNPJ 02468496000158 -> CACHE (SUCESSO, 84d/365d)
2026-09-16 13:38:47 | INFO | services.connectors.risk3_connector | [157/1863] CNPJ 02476067000122 -> CACHE (SUCESSO, 84d/365d)
2026-09-16 13:38:47 | INFO | services.connectors.risk3_connector | [158/1863] CNPJ 02476790000101 -> CACHE (SUCESSO, 90d/365d)
2026-09-16 13:38:47 | INFO | services.connectors.risk3_connector | [159/1863] CNPJ 02497408000146 -> CACHE (SUCESSO, 245d/365d)
2026-09-16 13:38:47 | INFO | services.connectors.risk3_connector | [160/1863] CNPJ 02501470000164 -> CACHE (SUCESSO, 76d/365d)
2026-09-16 13:38:47 | INFO | services.connectors.risk3_connector | [161/1863] CNPJ 02513991000131 -> CACHE (SUCESSO, 142d/365d)
2026-09-16 13:38:47 | INFO | services.connectors.risk3_connector | [162/1863] CNPJ 02529745000178 -> CACHE (SUCESSO, 125d/365d)
2026-09-16 13:38:47 | INFO | services.connectors.risk3_connector | [163/1863] CNPJ 02529745000259 -> CACHE (SUCESSO, 303d/365d)
2026-09-16 13:38:47 | INFO | services.connectors.risk3_connector | [164/1863] CNPJ 02560932000114 -> CACHE (SUCESSO, 336d/365d)
2026-09-16 13:38:47 | INFO | services.connectors.risk3_connector | [165/1863] CNPJ 02561851000139 -> CACHE (SUCESSO, 69d/365d)
2026-09-16 13:38:47 | INFO | services.connectors.risk3_connector | [166/1863] CNPJ 02562006000188 -> CACHE (SUCESSO, 92d/365d)
2026-09-16 13:38:47 | INFO | services.connectors.risk3_connector | [167/1863] CNPJ 02583678000170 -> CACHE (SUCESSO, 187d/365d)
2026-09-16 13:38:47 | INFO | services.connectors.risk3_connector | [168/1863] CNPJ 02591442000185 -> CACHE (SUCESSO, 84d/365d)
2026-09-16 13:38:47 | INFO | services.connectors.risk3_connector | [169/1863] CNPJ 02634644000167 -> CACHE (SUCESSO, 83d/365d)
2026-09-16 13:38:47 | INFO | services.connectors.risk3_connector | [170/1863] CNPJ 02679497000141 -> CACHE (SUCESSO, 246d/365d)
2026-09-16 13:38:47 | INFO | services.connectors.risk3_connector | [171/1863] CNPJ 02691745000170 -> CACHE (SUCESSO, 96d/365d)
2026-09-16 13:38:47 | INFO | services.connectors.risk3_connector | [172/1863] CNPJ 02709449000159 -> CACHE (SUCESSO, 105d/365d)
2026-09-16 13:38:47 | INFO | services.connectors.risk3_connector | [173/1863] CNPJ 02725300000163 -> CACHE (SUCESSO, 84d/365d)
2026-09-16 13:38:47 | INFO | services.connectors.risk3_connector | [174/1863] CNPJ 02739182000304 -> CACHE (NAO_ENCONTRADO, 14d/30d)
2026-09-16 13:38:47 | INFO | services.connectors.risk3_connector | [175/1863] CNPJ 02740399000172 -> CACHE (SUCESSO, 93d/365d)
2026-09-16 13:38:47 | INFO | services.connectors.risk3_connector | [176/1863] CNPJ 02740510000120 -> CACHE (NAO_ENCONTRADO, 0d/30d)
2026-09-16 13:38:47 | INFO | services.connectors.risk3_connector | [177/1863] CNPJ 02744832000148 -> CACHE (SUCESSO, 83d/365d)
2026-09-16 13:38:47 | INFO | services.connectors.risk3_connector | [178/1863] CNPJ 02749435000169 -> CACHE (SUCESSO, 140d/365d)
2026-09-16 13:38:47 | INFO | services.connectors.risk3_connector | [179/1863] CNPJ 02788151000181 -> CACHE (SUCESSO, 15d/365d)
2026-09-16 13:38:47 | INFO | services.connectors.risk3_connector | [180/1863] CNPJ 02794165000108 -> CACHE (SUCESSO, 163d/365d)
2026-09-16 13:38:47 | INFO | services.connectors.risk3_connector | [181/1863] CNPJ 02795010000196 -> CACHE (SUCESSO, 83d/365d)
2026-09-16 13:38:47 | INFO | services.connectors.risk3_connector | [182/1863] CNPJ 02831172000132 -> CACHE (SUCESSO, 84d/365d)
2026-09-16 13:38:47 | INFO | services.connectors.risk3_connector | [183/1863] CNPJ 02845645000150 -> CACHE (SUCESSO, 245d/365d)
2026-09-16 13:38:47 | INFO | services.connectors.risk3_connector | [184/1863] CNPJ 02846056000197 -> CACHE (SUCESSO, 91d/365d)
2026-09-16 13:38:47 | INFO | services.connectors.risk3_connector | [185/1863] CNPJ 02850990000182 -> CACHE (NAO_ENCONTRADO, 0d/30d)
2026-09-16 13:38:47 | INFO | services.connectors.risk3_connector | [186/1863] CNPJ 02876495000142 -> CACHE (SUCESSO, 288d/365d)
2026-09-16 13:38:47 | INFO | services.connectors.risk3_connector | [187/1863] CNPJ 02883512000179 -> CACHE (SUCESSO, 84d/365d)
2026-09-16 13:38:47 | INFO | services.connectors.risk3_connector | [188/1863] CNPJ 02886685000140 -> CACHE (SUCESSO, 344d/365d)
2026-09-16 13:38:47 | INFO | services.connectors.risk3_connector | [189/1863] CNPJ 02898246000158 -> CACHE (SUCESSO, 23d/365d)
2026-09-16 13:38:47 | INFO | services.connectors.risk3_connector | [190/1863] CNPJ 02916265000160 -> CACHE (SUCESSO, 127d/365d)
2026-09-16 13:38:47 | INFO | services.connectors.risk3_connector | [191/1863] CNPJ 02916265037322 -> CACHE (SUCESSO, 83d/365d)
2026-09-16 13:38:47 | INFO | services.connectors.risk3_connector | [192/1863] CNPJ 02916265037837 -> CACHE (NAO_ENCONTRADO, 0d/30d)
2026-09-16 13:38:47 | INFO | services.connectors.risk3_connector | [193/1863] CNPJ 02917571000110 -> CACHE (SUCESSO, 313d/365d)
2026-09-16 13:38:47 | INFO | services.connectors.risk3_connector | [194/1863] CNPJ 02921346000158 -> CACHE (SUCESSO, 84d/365d)
2026-09-16 13:38:47 | INFO | services.connectors.risk3_connector | [195/1863] CNPJ 02929563000194 -> CACHE (SUCESSO, 84d/365d)
2026-09-16 13:38:47 | INFO | services.connectors.risk3_connector | [196/1863] CNPJ 02937632000101 -> CACHE (SUCESSO, 84d/365d)
2026-09-16 13:38:47 | INFO | services.connectors.risk3_connector | [197/1863] CNPJ 02948278000110 -> CACHE (SUCESSO, 84d/365d)
2026-09-16 13:38:47 | INFO | services.connectors.risk3_connector | [198/1863] CNPJ 02995367000118 -> CACHE (SUCESSO, 187d/365d)
2026-09-16 13:38:47 | INFO | services.connectors.risk3_connector | [199/1863] CNPJ 02995385000108 -> CACHE (SUCESSO, 83d/365d)
2026-09-16 13:38:47 | INFO | services.connectors.risk3_connector | [200/1863] CNPJ 02998301000181 -> CACHE (SUCESSO, 83d/365d)
2026-09-16 13:38:47 | INFO | services.connectors.risk3_connector | [201/1863] CNPJ 03004238000183 -> CACHE (SUCESSO, 83d/365d)
2026-09-16 13:38:47 | INFO | services.connectors.risk3_connector | [202/1863] CNPJ 03034433000156 -> CACHE (NAO_ENCONTRADO, 14d/30d)
2026-09-16 13:38:47 | INFO | services.connectors.risk3_connector | [203/1863] CNPJ 03058653000110 -> CACHE (SUCESSO, 83d/365d)
2026-09-16 13:38:47 | INFO | services.connectors.risk3_connector | [204/1863] CNPJ 03058852000128 -> CACHE (SUCESSO, 330d/365d)
2026-09-16 13:38:47 | INFO | services.connectors.risk3_connector | [205/1863] CNPJ 03061685000174 -> CACHE (SUCESSO, 301d/365d)
2026-09-16 13:38:47 | INFO | services.connectors.risk3_connector | [206/1863] CNPJ 03084476000146 -> CACHE (SUCESSO, 90d/365d)
2026-09-16 13:38:47 | INFO | services.connectors.risk3_connector | [207/1863] CNPJ 03109168000128 -> CACHE (SUCESSO, 84d/365d)
2026-09-16 13:38:47 | INFO | services.connectors.risk3_connector | [208/1863] CNPJ 03121295000142 -> CACHE (SUCESSO, 169d/365d)
2026-09-16 13:38:47 | INFO | services.connectors.risk3_connector | [209/1863] CNPJ 03135376000100 -> CACHE (SUCESSO, 83d/365d)
2026-09-16 13:38:47 | INFO | services.connectors.risk3_connector | [210/1863] CNPJ 03156784000130 -> CACHE (SUCESSO, 84d/365d)
2026-09-16 13:38:47 | INFO | services.connectors.risk3_connector | [211/1863] CNPJ 03206039000158 -> CACHE (SUCESSO, 229d/365d)
2026-09-16 13:38:47 | INFO | services.connectors.risk3_connector | [212/1863] CNPJ 03270248000160 -> CACHE (SUCESSO, 83d/365d)
2026-09-16 13:38:47 | INFO | services.connectors.risk3_connector | [213/1863] CNPJ 03282398000194 -> CACHE (SUCESSO, 153d/365d)
2026-09-16 13:38:47 | INFO | services.connectors.risk3_connector | [214/1863] CNPJ 03298956000100 -> CACHE (SUCESSO, 245d/365d)
2026-09-16 13:38:47 | INFO | services.connectors.risk3_connector | [215/1863] CNPJ 03304180000193 -> CACHE (SUCESSO, 83d/365d)
2026-09-16 13:38:47 | INFO | services.connectors.risk3_connector | [216/1863] CNPJ 03315918000541 -> CACHE (SUCESSO, 309d/365d)
2026-09-16 13:38:47 | INFO | services.connectors.risk3_connector | [217/1863] CNPJ 03327149000178 -> CACHE (NAO_ENCONTRADO, 0d/30d)
2026-09-16 13:38:47 | INFO | services.connectors.risk3_connector | [218/1863] CNPJ 03327988000196 -> CACHE (SUCESSO, 232d/365d)
2026-09-16 13:38:47 | INFO | services.connectors.risk3_connector | [219/1863] CNPJ 03342704000130 -> CACHE (SUCESSO, 131d/365d)
2026-09-16 13:38:47 | INFO | services.connectors.risk3_connector | [220/1863] CNPJ 03358698000100 -> CACHE (NAO_ENCONTRADO, 0d/30d)
2026-09-16 13:38:47 | INFO | services.connectors.risk3_connector | [221/1863] CNPJ 03391986000166 -> CACHE (SUCESSO, 245d/365d)
2026-09-16 13:38:47 | INFO | services.connectors.risk3_connector | [222/1863] CNPJ 03400446000100 -> CACHE (SUCESSO, 44d/365d)
2026-09-16 13:38:47 | INFO | services.connectors.risk3_connector | [223/1863] CNPJ 03402181000170 -> CACHE (SUCESSO, 127d/365d)
2026-09-16 13:38:47 | INFO | services.connectors.risk3_connector | [224/1863] CNPJ 03407049000151 -> CACHE (SUCESSO, 78d/365d)
2026-09-16 13:38:47 | INFO | services.connectors.risk3_connector | [225/1863] CNPJ 03428728000107 -> CACHE (SUCESSO, 83d/365d)
2026-09-16 13:38:47 | INFO | services.connectors.risk3_connector | [226/1863] CNPJ 03432310000173 -> CACHE (SUCESSO, 245d/365d)
2026-09-16 13:38:47 | INFO | services.connectors.risk3_connector | [227/1863] CNPJ 03468598000136 -> CACHE (SUCESSO, 83d/365d)
2026-09-16 13:38:47 | INFO | services.connectors.risk3_connector | [228/1863] CNPJ 03469014000147 -> CACHE (SUCESSO, 84d/365d)
2026-09-16 13:38:47 | INFO | services.connectors.risk3_connector | [229/1863] CNPJ 03493431000125 -> CACHE (SUCESSO, 84d/365d)
2026-09-16 13:38:47 | INFO | services.connectors.risk3_connector | [230/1863] CNPJ 03499903000157 -> CACHE (SUCESSO, 84d/365d)
2026-09-16 13:38:47 | INFO | services.connectors.risk3_connector | [231/1863] CNPJ 03500636000190 -> CACHE (SUCESSO, 246d/365d)
2026-09-16 13:38:47 | INFO | services.connectors.risk3_connector | [232/1863] CNPJ 03503798000182 -> CACHE (SUCESSO, 198d/365d)
2026-09-16 13:38:47 | INFO | services.connectors.risk3_connector | [233/1863] CNPJ 03504139000160 -> CACHE (SUCESSO, 83d/365d)
2026-09-16 13:38:47 | INFO | services.connectors.risk3_connector | [234/1863] CNPJ 03505376000146 -> CACHE (SUCESSO, 344d/365d)
2026-09-16 13:38:47 | INFO | services.connectors.risk3_connector | [235/1863] CNPJ 03509978000171 -> CACHE (SUCESSO, 268d/365d)
2026-09-16 13:38:47 | INFO | services.connectors.risk3_connector | [236/1863] CNPJ 03538572000117 -> CACHE (NAO_ENCONTRADO, 0d/30d)
2026-09-16 13:38:47 | INFO | services.connectors.risk3_connector | [237/1863] CNPJ 03580981000181 -> CACHE (SUCESSO, 84d/365d)
2026-09-16 13:38:47 | INFO | services.connectors.risk3_connector | [238/1863] CNPJ 03582243000173 -> CACHE (SUCESSO, 71d/365d)
2026-09-16 13:38:47 | INFO | services.connectors.risk3_connector | [239/1863] CNPJ 03593705000158 -> CACHE (SUCESSO, 84d/365d)
2026-09-16 13:38:47 | INFO | services.connectors.risk3_connector | [240/1863] CNPJ 03631957000124 -> CACHE (NAO_ENCONTRADO, 0d/30d)
2026-09-16 13:38:47 | INFO | services.connectors.risk3_connector | [241/1863] CNPJ 03632307000101 -> CACHE (SUCESSO, 84d/365d)
2026-09-16 13:38:47 | INFO | services.connectors.risk3_connector | [242/1863] CNPJ 03649445000438 -> CACHE (SUCESSO, 83d/365d)
2026-09-16 13:38:47 | INFO | services.connectors.risk3_connector | [243/1863] CNPJ 03650060000148 -> CACHE (NAO_ENCONTRADO, 0d/30d)
2026-09-16 13:38:47 | INFO | services.connectors.risk3_connector | [244/1863] CNPJ 03691432000184 -> CACHE (SUCESSO, 84d/365d)
2026-09-16 13:38:47 | INFO | services.connectors.risk3_connector | [245/1863] CNPJ 03714230000100 -> CACHE (SUCESSO, 83d/365d)
2026-09-16 13:38:47 | INFO | services.connectors.risk3_connector | [246/1863] CNPJ 03722755000198 -> CACHE (SUCESSO, 78d/365d)
2026-09-16 13:38:47 | INFO | services.connectors.risk3_connector | [247/1863] CNPJ 03758625000105 -> CACHE (SUCESSO, 83d/365d)
2026-09-16 13:38:47 | INFO | services.connectors.risk3_connector | [248/1863] CNPJ 03761066000192 -> CACHE (SUCESSO, 83d/365d)
2026-09-16 13:38:47 | INFO | services.connectors.risk3_connector | [249/1863] CNPJ 03770521001279 -> CACHE (SUCESSO, 83d/365d)
2026-09-16 13:38:47 | INFO | services.connectors.risk3_connector | [250/1863] CNPJ 03773419000174 -> CACHE (SUCESSO, 84d/365d)
2026-09-16 13:38:47 | INFO | services.connectors.risk3_connector | [251/1863] CNPJ 03780401000108 -> CACHE (SUCESSO, 78d/365d)
2026-09-16 13:38:47 | INFO | services.connectors.risk3_connector | [252/1863] CNPJ 03786032000152 -> CACHE (SUCESSO, 246d/365d)
2026-09-16 13:38:47 | INFO | services.connectors.risk3_connector | [253/1863] CNPJ 03787133000148 -> CACHE (SUCESSO, 246d/365d)
2026-09-16 13:38:47 | INFO | services.connectors.risk3_connector | [254/1863] CNPJ 03802018002068 -> CACHE (SUCESSO, 83d/365d)
2026-09-16 13:38:47 | INFO | services.connectors.risk3_connector | [255/1863] CNPJ 03816532000190 -> CACHE (NAO_ENCONTRADO, 0d/30d)
2026-09-16 13:38:47 | INFO | services.connectors.risk3_connector | [256/1863] CNPJ 03825323000102 -> CACHE (SUCESSO, 83d/365d)
2026-09-16 13:38:47 | INFO | services.connectors.risk3_connector | [257/1863] CNPJ 03833260000136 -> CACHE (SUCESSO, 83d/365d)
2026-09-16 13:38:47 | INFO | services.connectors.risk3_connector | [258/1863] CNPJ 03839383000184 -> CACHE (SUCESSO, 245d/365d)
2026-09-16 13:38:47 | INFO | services.connectors.risk3_connector | [259/1863] CNPJ 03839633000186 -> CACHE (SUCESSO, 246d/365d)
2026-09-16 13:38:47 | INFO | services.connectors.risk3_connector | [260/1863] CNPJ 03850692000155 -> CACHE (SUCESSO, 83d/365d)
2026-09-16 13:38:47 | INFO | services.connectors.risk3_connector | [261/1863] CNPJ 03852972000100 -> CACHE (SUCESSO, 160d/365d)
2026-09-16 13:38:47 | INFO | services.connectors.risk3_connector | [262/1863] CNPJ 03853896000140 -> CACHE (SUCESSO, 114d/365d)
2026-09-16 13:38:47 | INFO | services.connectors.risk3_connector | [263/1863] CNPJ 03855214000138 -> CACHE (SUCESSO, 97d/365d)
2026-09-16 13:38:47 | INFO | services.connectors.risk3_connector | [264/1863] CNPJ 03883369000188 -> CACHE (SUCESSO, 280d/365d)
2026-09-16 13:38:47 | INFO | services.connectors.risk3_connector | [265/1863] CNPJ 03913786000126 -> CACHE (SUCESSO, 112d/365d)
2026-09-16 13:38:47 | INFO | services.connectors.risk3_connector | [266/1863] CNPJ 03926572000194 -> CACHE (SUCESSO, 69d/365d)
2026-09-16 13:38:47 | INFO | services.connectors.risk3_connector | [267/1863] CNPJ 03935003000105 -> CACHE (SUCESSO, 84d/365d)
2026-09-16 13:38:47 | INFO | services.connectors.risk3_connector | [268/1863] CNPJ 03953509000147 -> CACHE (NAO_ENCONTRADO, 0d/30d)
2026-09-16 13:38:47 | INFO | services.connectors.risk3_connector | [269/1863] CNPJ 03959982000131 -> CACHE (SUCESSO, 282d/365d)
2026-09-16 13:38:47 | INFO | services.connectors.risk3_connector | [270/1863] CNPJ 03961305000158 -> CACHE (SUCESSO, 83d/365d)
2026-09-16 13:38:47 | INFO | services.connectors.risk3_connector | [271/1863] CNPJ 03973903000147 -> CACHE (SUCESSO, 83d/365d)
2026-09-16 13:38:47 | INFO | services.connectors.risk3_connector | [272/1863] CNPJ 03979210000161 -> CACHE (SUCESSO, 187d/365d)
2026-09-16 13:38:47 | INFO | services.connectors.risk3_connector | [273/1863] CNPJ 03984862000194 -> CACHE (SUCESSO, 93d/365d)
2026-09-16 13:38:47 | INFO | services.connectors.risk3_connector | [274/1863] CNPJ 04008938000109 -> CACHE (SUCESSO, 246d/365d)
2026-09-16 13:38:47 | INFO | services.connectors.risk3_connector | [275/1863] CNPJ 04011349000180 -> CACHE (SUCESSO, 245d/365d)
2026-09-16 13:38:47 | INFO | services.connectors.risk3_connector | [276/1863] CNPJ 04023261000188 -> CACHE (SUCESSO, 163d/365d)
2026-09-16 13:38:47 | INFO | services.connectors.risk3_connector | [277/1863] CNPJ 04023387000152 -> CACHE (SUCESSO, 83d/365d)
2026-09-16 13:38:47 | INFO | services.connectors.risk3_connector | [278/1863] CNPJ 04027894000164 -> CACHE (SUCESSO, 114d/365d)
2026-09-16 13:38:47 | INFO | services.connectors.risk3_connector | [279/1863] CNPJ 04029601000188 -> CACHE (SUCESSO, 135d/365d)
2026-09-16 13:38:47 | INFO | services.connectors.risk3_connector | [280/1863] CNPJ 04037273000161 -> CACHE (SUCESSO, 85d/365d)
2026-09-16 13:38:47 | INFO | services.connectors.risk3_connector | [281/1863] CNPJ 04085803000147 -> CACHE (SUCESSO, 83d/365d)
2026-09-16 13:38:47 | INFO | services.connectors.risk3_connector | [282/1863] CNPJ 04100556000100 -> CACHE (SUCESSO, 127d/365d)
2026-09-16 13:38:47 | INFO | services.connectors.risk3_connector | [283/1863] CNPJ 04137003000122 -> CACHE (SUCESSO, 84d/365d)
2026-09-16 13:38:47 | INFO | services.connectors.risk3_connector | [284/1863] CNPJ 04143008000168 -> CACHE (SUCESSO, 135d/365d)
2026-09-16 13:38:47 | INFO | services.connectors.risk3_connector | [285/1863] CNPJ 04149295000113 -> CACHE (SUCESSO, 121d/365d)
2026-09-16 13:38:47 | INFO | services.connectors.risk3_connector | [286/1863] CNPJ 04170860000124 -> CACHE (SUCESSO, 343d/365d)
2026-09-16 13:38:47 | INFO | services.connectors.risk3_connector | [287/1863] CNPJ 04176249000103 -> CACHE (SUCESSO, 84d/365d)
2026-09-16 13:38:47 | INFO | services.connectors.risk3_connector | [288/1863] CNPJ 04176791000247 -> CACHE (SUCESSO, 337d/365d)
2026-09-16 13:38:47 | INFO | services.connectors.risk3_connector | [289/1863] CNPJ 04183032000120 -> CACHE (SUCESSO, 245d/365d)
2026-09-16 13:38:47 | INFO | services.connectors.risk3_connector | [290/1863] CNPJ 04200198000108 -> CACHE (SUCESSO, 315d/365d)
2026-09-16 13:38:47 | INFO | services.connectors.risk3_connector | [291/1863] CNPJ 04200198000299 -> CACHE (SUCESSO, 315d/365d)
2026-09-16 13:38:47 | INFO | services.connectors.risk3_connector | [292/1863] CNPJ 04201168000116 -> CACHE (SUCESSO, 141d/365d)
2026-09-16 13:38:47 | INFO | services.connectors.risk3_connector | [293/1863] CNPJ 04207872000186 -> CACHE (SUCESSO, 84d/365d)
2026-09-16 13:38:47 | INFO | services.connectors.risk3_connector | [294/1863] CNPJ 04208296000191 -> CACHE (SUCESSO, 246d/365d)
2026-09-16 13:38:47 | INFO | services.connectors.risk3_connector | [295/1863] CNPJ 04270778000171 -> CACHE (SUCESSO, 23d/365d)
2026-09-16 13:38:47 | INFO | services.connectors.risk3_connector | [296/1863] CNPJ 04309085000145 -> CACHE (SUCESSO, 84d/365d)
2026-09-16 13:38:47 | INFO | services.connectors.risk3_connector | [297/1863] CNPJ 04319855000130 -> CACHE (SUCESSO, 173d/365d)
2026-09-16 13:38:47 | INFO | services.connectors.risk3_connector | [298/1863] CNPJ 04326452000119 -> CACHE (SUCESSO, 83d/365d)
2026-09-16 13:38:47 | INFO | services.connectors.risk3_connector | [299/1863] CNPJ 04346278000176 -> CACHE (SUCESSO, 188d/365d)
2026-09-16 13:38:47 | INFO | services.connectors.risk3_connector | [300/1863] CNPJ 04370282000170 -> CACHE (NAO_ENCONTRADO, 14d/30d)
2026-09-16 13:38:47 | INFO | services.connectors.risk3_connector | [301/1863] CNPJ 04423567000121 -> CACHE (SUCESSO, 55d/365d)
2026-09-16 13:38:47 | INFO | services.connectors.risk3_connector | [302/1863] CNPJ 04426411000102 -> CACHE (SUCESSO, 27d/365d)
2026-09-16 13:38:47 | INFO | services.connectors.risk3_connector | [303/1863] CNPJ 04429377000111 -> CACHE (SUCESSO, 146d/365d)
2026-09-16 13:38:47 | INFO | services.connectors.risk3_connector | [304/1863] CNPJ 04450403000193 -> CACHE (SUCESSO, 83d/365d)
2026-09-16 13:38:47 | INFO | services.connectors.risk3_connector | [305/1863] CNPJ 04462976000137 -> CACHE (SUCESSO, 219d/365d)
2026-09-16 13:38:47 | INFO | services.connectors.risk3_connector | [306/1863] CNPJ 04463344000198 -> CACHE (SUCESSO, 84d/365d)
2026-09-16 13:38:47 | INFO | services.connectors.risk3_connector | [307/1863] CNPJ 04475667000100 -> CACHE (SUCESSO, 84d/365d)
2026-09-16 13:38:47 | INFO | services.connectors.risk3_connector | [308/1863] CNPJ 04518259000180 -> CACHE (SUCESSO, 96d/365d)
2026-09-16 13:38:47 | INFO | services.connectors.risk3_connector | [309/1863] CNPJ 04533831000180 -> CACHE (SUCESSO, 124d/365d)
2026-09-16 13:38:47 | INFO | services.connectors.risk3_connector | [310/1863] CNPJ 04557530000196 -> CACHE (SUCESSO, 246d/365d)
2026-09-16 13:38:47 | INFO | services.connectors.risk3_connector | [311/1863] CNPJ 04558449000392 -> CACHE (NAO_ENCONTRADO, 0d/30d)
2026-09-16 13:38:47 | INFO | services.connectors.risk3_connector | [312/1863] CNPJ 04565361000136 -> CACHE (SUCESSO, 84d/365d)
2026-09-16 13:38:47 | INFO | services.connectors.risk3_connector | [313/1863] CNPJ 04591168000170 -> CACHE (NAO_ENCONTRADO, 14d/30d)
2026-09-16 13:38:47 | INFO | services.connectors.risk3_connector | [314/1863] CNPJ 04592014000100 -> CACHE (SUCESSO, 219d/365d)
2026-09-16 13:38:47 | INFO | services.connectors.risk3_connector | [315/1863] CNPJ 04602461000195 -> CACHE (SUCESSO, 84d/365d)
2026-09-16 13:38:47 | INFO | services.connectors.risk3_connector | [316/1863] CNPJ 04613547000113 -> CACHE (SUCESSO, 84d/365d)
2026-09-16 13:38:47 | INFO | services.connectors.risk3_connector | [317/1863] CNPJ 04626426004608 -> CACHE (SUCESSO, 162d/365d)
2026-09-16 13:38:47 | INFO | services.connectors.risk3_connector | [318/1863] CNPJ 04630268000168 -> CACHE (SUCESSO, 190d/365d)
2026-09-16 13:38:47 | INFO | services.connectors.risk3_connector | [319/1863] CNPJ 04647226000130 -> CACHE (SUCESSO, 112d/365d)
2026-09-16 13:38:47 | INFO | services.connectors.risk3_connector | [320/1863] CNPJ 04656253000179 -> CACHE (SUCESSO, 70d/365d)
2026-09-16 13:38:47 | INFO | services.connectors.risk3_connector | [321/1863] CNPJ 04694319000115 -> CACHE (SUCESSO, 246d/365d)
2026-09-16 13:38:47 | INFO | services.connectors.risk3_connector | [322/1863] CNPJ 04695131000191 -> CACHE (SUCESSO, 84d/365d)
2026-09-16 13:38:47 | INFO | services.connectors.risk3_connector | [323/1863] CNPJ 04706606000106 -> CACHE (SUCESSO, 84d/365d)
2026-09-16 13:38:47 | INFO | services.connectors.risk3_connector | [324/1863] CNPJ 04708093000164 -> CACHE (SUCESSO, 226d/365d)
2026-09-16 13:38:47 | INFO | services.connectors.risk3_connector | [325/1863] CNPJ 04721465000192 -> CACHE (SUCESSO, 146d/365d)
2026-09-16 13:38:47 | INFO | services.connectors.risk3_connector | [326/1863] CNPJ 04741986000101 -> CACHE (SUCESSO, 156d/365d)
2026-09-16 13:38:47 | INFO | services.connectors.risk3_connector | [327/1863] CNPJ 04753947000124 -> CACHE (SUCESSO, 84d/365d)
2026-09-16 13:38:47 | INFO | services.connectors.risk3_connector | [328/1863] CNPJ 04755710000182 -> CACHE (SUCESSO, 106d/365d)
2026-09-16 13:38:47 | INFO | services.connectors.risk3_connector | [329/1863] CNPJ 04772922000178 -> CACHE (SUCESSO, 84d/365d)
2026-09-16 13:38:47 | INFO | services.connectors.risk3_connector | [330/1863] CNPJ 04774215000110 -> CACHE (SUCESSO, 84d/365d)
2026-09-16 13:38:47 | INFO | services.connectors.risk3_connector | [331/1863] CNPJ 04802543000183 -> CACHE (SUCESSO, 131d/365d)
2026-09-16 13:38:47 | INFO | services.connectors.risk3_connector | [332/1863] CNPJ 04810290000190 -> CACHE (NAO_ENCONTRADO, 0d/30d)
2026-09-16 13:38:47 | INFO | services.connectors.risk3_connector | [333/1863] CNPJ 04817933000127 -> CACHE (SUCESSO, 246d/365d)
2026-09-16 13:38:47 | INFO | services.connectors.risk3_connector | [334/1863] CNPJ 04836055000197 -> CACHE (SUCESSO, 62d/365d)
2026-09-16 13:38:47 | INFO | services.connectors.risk3_connector | [335/1863] CNPJ 04846140000136 -> CACHE (SUCESSO, 84d/365d)
2026-09-16 13:38:47 | INFO | services.connectors.risk3_connector | [336/1863] CNPJ 04854278000187 -> CACHE (SUCESSO, 114d/365d)
2026-09-16 13:38:47 | INFO | services.connectors.risk3_connector | [337/1863] CNPJ 04856747000105 -> CACHE (SUCESSO, 345d/365d)
2026-09-16 13:38:47 | INFO | services.connectors.risk3_connector | [338/1863] CNPJ 04865228000103 -> CACHE (SUCESSO, 282d/365d)
2026-09-16 13:38:47 | INFO | services.connectors.risk3_connector | [339/1863] CNPJ 04865359000182 -> CACHE (SUCESSO, 83d/365d)
2026-09-16 13:38:47 | INFO | services.connectors.risk3_connector | [340/1863] CNPJ 04877281000116 -> CACHE (SUCESSO, 90d/365d)
2026-09-16 13:38:47 | INFO | services.connectors.risk3_connector | [341/1863] CNPJ 04895728000180 -> CACHE (NAO_ENCONTRADO, 14d/30d)
2026-09-16 13:38:47 | INFO | services.connectors.risk3_connector | [342/1863] CNPJ 04905537000151 -> CACHE (SUCESSO, 245d/365d)
2026-09-16 13:38:47 | INFO | services.connectors.risk3_connector | [343/1863] CNPJ 04906823000131 -> CACHE (SUCESSO, 97d/365d)
2026-09-16 13:38:47 | INFO | services.connectors.risk3_connector | [344/1863] CNPJ 04908757000139 -> CACHE (SUCESSO, 168d/365d)
2026-09-16 13:38:47 | INFO | services.connectors.risk3_connector | [345/1863] CNPJ 04932216000146 -> CACHE (SUCESSO, 93d/365d)
2026-09-16 13:38:47 | INFO | services.connectors.risk3_connector | [346/1863] CNPJ 04945225000171 -> CACHE (SUCESSO, 112d/365d)
2026-09-16 13:38:47 | INFO | services.connectors.risk3_connector | [347/1863] CNPJ 04955577000108 -> CACHE (SUCESSO, 100d/365d)
2026-09-16 13:38:47 | INFO | services.connectors.risk3_connector | [348/1863] CNPJ 04973790000142 -> CACHE (SUCESSO, 93d/365d)
2026-09-16 13:38:47 | INFO | services.connectors.risk3_connector | [349/1863] CNPJ 04976303000103 -> CACHE (SUCESSO, 83d/365d)
2026-09-16 13:38:47 | INFO | services.connectors.risk3_connector | [350/1863] CNPJ 05007043000112 -> CACHE (SUCESSO, 344d/365d)
2026-09-16 13:38:47 | INFO | services.connectors.risk3_connector | [351/1863] CNPJ 05029991000159 -> CACHE (SUCESSO, 83d/365d)
2026-09-16 13:38:47 | INFO | services.connectors.risk3_connector | [352/1863] CNPJ 05034587000173 -> CACHE (SUCESSO, 245d/365d)
2026-09-16 13:38:47 | INFO | services.connectors.risk3_connector | [353/1863] CNPJ 05039806000107 -> CACHE (SUCESSO, 82d/365d)
2026-09-16 13:38:47 | INFO | services.connectors.risk3_connector | [354/1863] CNPJ 05053020000144 -> CACHE (SUCESSO, 65d/365d)
2026-09-16 13:38:47 | INFO | services.connectors.risk3_connector | [355/1863] CNPJ 05054671000159 -> CACHE (SUCESSO, 281d/365d)
2026-09-16 13:38:47 | INFO | services.connectors.risk3_connector | [356/1863] CNPJ 05065604000210 -> CACHE (SUCESSO, 83d/365d)
2026-09-16 13:38:47 | INFO | services.connectors.risk3_connector | [357/1863] CNPJ 05126928000130 -> CACHE (NAO_ENCONTRADO, 0d/30d)
2026-09-16 13:38:47 | INFO | services.connectors.risk3_connector | [358/1863] CNPJ 05140162000149 -> CACHE (SUCESSO, 84d/365d)
2026-09-16 13:38:47 | INFO | services.connectors.risk3_connector | [359/1863] CNPJ 05147464000149 -> CACHE (SUCESSO, 187d/365d)
2026-09-16 13:38:47 | INFO | services.connectors.risk3_connector | [360/1863] CNPJ 05150338000143 -> CACHE (SUCESSO, 131d/365d)
2026-09-16 13:38:47 | INFO | services.connectors.risk3_connector | [361/1863] CNPJ 05158808000115 -> CACHE (SUCESSO, 119d/365d)
2026-09-16 13:38:47 | INFO | services.connectors.risk3_connector | [362/1863] CNPJ 05162775000187 -> CACHE (SUCESSO, 84d/365d)
2026-09-16 13:38:47 | INFO | services.connectors.risk3_connector | [363/1863] CNPJ 05206031000117 -> CACHE (SUCESSO, 245d/365d)
2026-09-16 13:38:47 | INFO | services.connectors.risk3_connector | [364/1863] CNPJ 05251919000171 -> CACHE (SUCESSO, 98d/365d)
2026-09-16 13:38:47 | INFO | services.connectors.risk3_connector | [365/1863] CNPJ 05263293000113 -> CACHE (SUCESSO, 133d/365d)
2026-09-16 13:38:47 | INFO | services.connectors.risk3_connector | [366/1863] CNPJ 05263973000137 -> CACHE (SUCESSO, 29d/365d)
2026-09-16 13:38:47 | INFO | services.connectors.risk3_connector | [367/1863] CNPJ 05265768000291 -> CACHE (SUCESSO, 84d/365d)
2026-09-16 13:38:47 | INFO | services.connectors.risk3_connector | [368/1863] CNPJ 05288648000129 -> CACHE (SUCESSO, 84d/365d)
2026-09-16 13:38:47 | INFO | services.connectors.risk3_connector | [369/1863] CNPJ 05297665000122 -> CACHE (SUCESSO, 231d/365d)
2026-09-16 13:38:47 | INFO | services.connectors.risk3_connector | [370/1863] CNPJ 05309161000185 -> CACHE (SUCESSO, 246d/365d)
2026-09-16 13:38:47 | INFO | services.connectors.risk3_connector | [371/1863] CNPJ 05311209000190 -> CACHE (SUCESSO, 84d/365d)
2026-09-16 13:38:47 | INFO | services.connectors.risk3_connector | [372/1863] CNPJ 05321589000143 -> CACHE (SUCESSO, 84d/365d)
2026-09-16 13:38:47 | INFO | services.connectors.risk3_connector | [373/1863] CNPJ 05325158000155 -> CACHE (SUCESSO, 29d/365d)
2026-09-16 13:38:47 | INFO | services.connectors.risk3_connector | [374/1863] CNPJ 05350372000161 -> CACHE (SUCESSO, 97d/365d)
2026-09-16 13:38:47 | INFO | services.connectors.risk3_connector | [375/1863] CNPJ 05352237000155 -> CACHE (SUCESSO, 147d/365d)
2026-09-16 13:38:47 | INFO | services.connectors.risk3_connector | [376/1863] CNPJ 05352393000116 -> CACHE (SUCESSO, 83d/365d)
2026-09-16 13:38:47 | INFO | services.connectors.risk3_connector | [377/1863] CNPJ 05355352000183 -> CACHE (SUCESSO, 146d/365d)
2026-09-16 13:38:47 | INFO | services.connectors.risk3_connector | [378/1863] CNPJ 05367948000101 -> CACHE (SUCESSO, 84d/365d)
2026-09-16 13:38:47 | INFO | services.connectors.risk3_connector | [379/1863] CNPJ 05387332000194 -> CACHE (SUCESSO, 121d/365d)
2026-09-16 13:38:47 | INFO | services.connectors.risk3_connector | [380/1863] CNPJ 05408610000142 -> CACHE (SUCESSO, 226d/365d)
2026-09-16 13:38:47 | INFO | services.connectors.risk3_connector | [381/1863] CNPJ 05428961000115 -> CACHE (SUCESSO, 246d/365d)
2026-09-16 13:38:47 | INFO | services.connectors.risk3_connector | [382/1863] CNPJ 05449127000106 -> CACHE (SUCESSO, 83d/365d)
2026-09-16 13:38:47 | INFO | services.connectors.risk3_connector | [383/1863] CNPJ 05509738000100 -> CACHE (SUCESSO, 84d/365d)
2026-09-16 13:38:47 | INFO | services.connectors.risk3_connector | [384/1863] CNPJ 05510471000163 -> CACHE (SUCESSO, 83d/365d)
2026-09-16 13:38:47 | INFO | services.connectors.risk3_connector | [385/1863] CNPJ 05543197000129 -> CACHE (SUCESSO, 86d/365d)
2026-09-16 13:38:47 | INFO | services.connectors.risk3_connector | [386/1863] CNPJ 05545073000263 -> CACHE (SUCESSO, 84d/365d)
2026-09-16 13:38:47 | INFO | services.connectors.risk3_connector | [387/1863] CNPJ 05551562000147 -> CACHE (SUCESSO, 246d/365d)
2026-09-16 13:38:47 | INFO | services.connectors.risk3_connector | [388/1863] CNPJ 05620523000154 -> CACHE (SUCESSO, 57d/365d)
2026-09-16 13:38:47 | INFO | services.connectors.risk3_connector | [389/1863] CNPJ 05643764000119 -> CACHE (SUCESSO, 84d/365d)
2026-09-16 13:38:47 | INFO | services.connectors.risk3_connector | [390/1863] CNPJ 05671160000186 -> CACHE (SUCESSO, 350d/365d)
2026-09-16 13:38:47 | INFO | services.connectors.risk3_connector | [391/1863] CNPJ 05677470000108 -> CACHE (SUCESSO, 78d/365d)
2026-09-16 13:38:47 | INFO | services.connectors.risk3_connector | [392/1863] CNPJ 05738907000176 -> CACHE (SUCESSO, 84d/365d)
2026-09-16 13:38:47 | INFO | services.connectors.risk3_connector | [393/1863] CNPJ 05748063000144 -> CACHE (SUCESSO, 246d/365d)
2026-09-16 13:38:47 | INFO | services.connectors.risk3_connector | [394/1863] CNPJ 05771868000109 -> CACHE (SUCESSO, 83d/365d)
2026-09-16 13:38:47 | INFO | services.connectors.risk3_connector | [395/1863] CNPJ 05787792000100 -> CACHE (SUCESSO, 84d/365d)
2026-09-16 13:38:47 | INFO | services.connectors.risk3_connector | [396/1863] CNPJ 05789622000164 -> CACHE (SUCESSO, 336d/365d)
2026-09-16 13:38:47 | INFO | services.connectors.risk3_connector | [397/1863] CNPJ 05796061000120 -> CACHE (SUCESSO, 83d/365d)
2026-09-16 13:38:47 | INFO | services.connectors.risk3_connector | [398/1863] CNPJ 05798883000140 -> CACHE (NAO_ENCONTRADO, 0d/30d)
2026-09-16 13:38:47 | INFO | services.connectors.risk3_connector | [399/1863] CNPJ 05848387000154 -> CACHE (SUCESSO, 91d/365d)
2026-09-16 13:38:47 | INFO | services.connectors.risk3_connector | [400/1863] CNPJ 05878397000132 -> CACHE (SUCESSO, 134d/365d)
2026-09-16 13:38:47 | INFO | services.connectors.risk3_connector | [401/1863] CNPJ 05883919000194 -> CACHE (SUCESSO, 181d/365d)
2026-09-16 13:38:47 | INFO | services.connectors.risk3_connector | [402/1863] CNPJ 05915146000261 -> CACHE (SUCESSO, 84d/365d)
2026-09-16 13:38:47 | INFO | services.connectors.risk3_connector | [403/1863] CNPJ 05935151000155 -> CACHE (SUCESSO, 99d/365d)
2026-09-16 13:38:47 | INFO | services.connectors.risk3_connector | [404/1863] CNPJ 05938884000143 -> CACHE (NAO_ENCONTRADO, 0d/30d)
2026-09-16 13:38:47 | INFO | services.connectors.risk3_connector | [405/1863] CNPJ 05975865000197 -> CACHE (SUCESSO, 230d/365d)
2026-09-16 13:38:47 | INFO | services.connectors.risk3_connector | [406/1863] CNPJ 06010210000147 -> CACHE (SUCESSO, 83d/365d)
2026-09-16 13:38:47 | INFO | services.connectors.risk3_connector | [407/1863] CNPJ 06034577000362 -> CACHE (NAO_ENCONTRADO, 14d/30d)
2026-09-16 13:38:47 | INFO | services.connectors.risk3_connector | [408/1863] CNPJ 06037638000183 -> CACHE (SUCESSO, 84d/365d)
2026-09-16 13:38:47 | INFO | services.connectors.risk3_connector | [409/1863] CNPJ 06043809000187 -> CACHE (SUCESSO, 57d/365d)
2026-09-16 13:38:47 | INFO | services.connectors.risk3_connector | [410/1863] CNPJ 06047087000139 -> CACHE (NAO_ENCONTRADO, 0d/30d)
2026-09-16 13:38:47 | INFO | services.connectors.risk3_connector | [411/1863] CNPJ 06057223000171 -> CACHE (SUCESSO, 35d/365d)
2026-09-16 13:38:47 | INFO | services.connectors.risk3_connector | [412/1863] CNPJ 06064123000172 -> CACHE (SUCESSO, 128d/365d)
2026-09-16 13:38:47 | INFO | services.connectors.risk3_connector | [413/1863] CNPJ 06075277000160 -> CACHE (SUCESSO, 78d/365d)
2026-09-16 13:38:47 | INFO | services.connectors.risk3_connector | [414/1863] CNPJ 06081827000153 -> CACHE (SUCESSO, 246d/365d)
2026-09-16 13:38:47 | INFO | services.connectors.risk3_connector | [415/1863] CNPJ 06094065000120 -> CACHE (SUCESSO, 245d/365d)
2026-09-16 13:38:47 | INFO | services.connectors.risk3_connector | [416/1863] CNPJ 06113322000123 -> CACHE (SUCESSO, 203d/365d)
2026-09-16 13:38:47 | INFO | services.connectors.risk3_connector | [417/1863] CNPJ 06126316000100 -> CACHE (SUCESSO, 83d/365d)
2026-09-16 13:38:47 | INFO | services.connectors.risk3_connector | [418/1863] CNPJ 06134559000190 -> CACHE (SUCESSO, 83d/365d)
2026-09-16 13:38:47 | INFO | services.connectors.risk3_connector | [419/1863] CNPJ 06138324000177 -> CACHE (SUCESSO, 83d/365d)
2026-09-16 13:38:47 | INFO | services.connectors.risk3_connector | [420/1863] CNPJ 06149288000147 -> CACHE (SUCESSO, 114d/365d)
2026-09-16 13:38:47 | INFO | services.connectors.risk3_connector | [421/1863] CNPJ 06151384000120 -> CACHE (SUCESSO, 83d/365d)
2026-09-16 13:38:47 | INFO | services.connectors.risk3_connector | [422/1863] CNPJ 06164824000183 -> Consultando API (Endpoint detalhado por CNPJ)...
2026-09-16 13:38:48 | INFO | services.connectors.risk3_connector | SUCESSO na extração dos detalhes!
2026-09-16 13:38:48 | INFO | services.connectors.risk3_connector | [423/1863] CNPJ 06268099000193 -> CACHE (SUCESSO, 50d/365d)
2026-09-16 13:38:48 | INFO | services.connectors.risk3_connector | [424/1863] CNPJ 06268413000138 -> CACHE (SUCESSO, 84d/365d)
2026-09-16 13:38:48 | INFO | services.connectors.risk3_connector | [425/1863] CNPJ 06272575000140 -> CACHE (SUCESSO, 84d/365d)
2026-09-16 13:38:48 | INFO | services.connectors.risk3_connector | [426/1863] CNPJ 06272793000184 -> CACHE (SUCESSO, 209d/365d)
2026-09-16 13:38:48 | INFO | services.connectors.risk3_connector | [427/1863] CNPJ 06287157000126 -> CACHE (SUCESSO, 131d/365d)
2026-09-16 13:38:48 | INFO | services.connectors.risk3_connector | [428/1863] CNPJ 06288733000150 -> CACHE (SUCESSO, 246d/365d)
2026-09-16 13:38:48 | INFO | services.connectors.risk3_connector | [429/1863] CNPJ 06293564000146 -> CACHE (SUCESSO, 245d/365d)
2026-09-16 13:38:48 | INFO | services.connectors.risk3_connector | [430/1863] CNPJ 06315338000119 -> CACHE (SUCESSO, 70d/365d)
2026-09-16 13:38:48 | INFO | services.connectors.risk3_connector | [431/1863] CNPJ 06325587000195 -> CACHE (SUCESSO, 84d/365d)
2026-09-16 13:38:48 | INFO | services.connectors.risk3_connector | [432/1863] CNPJ 06342880000160 -> CACHE (SUCESSO, 84d/365d)
2026-09-16 13:38:48 | INFO | services.connectors.risk3_connector | [433/1863] CNPJ 06346534000150 -> CACHE (SUCESSO, 83d/365d)
2026-09-16 13:38:48 | INFO | services.connectors.risk3_connector | [434/1863] CNPJ 06700769000107 -> CACHE (SUCESSO, 84d/365d)
2026-09-16 13:38:48 | INFO | services.connectors.risk3_connector | [435/1863] CNPJ 06840748000189 -> CACHE (NAO_ENCONTRADO, 14d/30d)
2026-09-16 13:38:48 | INFO | services.connectors.risk3_connector | [436/1863] CNPJ 06886749000407 -> CACHE (SUCESSO, 295d/365d)
2026-09-16 13:38:48 | INFO | services.connectors.risk3_connector | [437/1863] CNPJ 06905926000102 -> CACHE (SUCESSO, 86d/365d)
2026-09-16 13:38:48 | INFO | services.connectors.risk3_connector | [438/1863] CNPJ 06922415000107 -> CACHE (SUCESSO, 78d/365d)
2026-09-16 13:38:48 | INFO | services.connectors.risk3_connector | [439/1863] CNPJ 06928712000151 -> CACHE (SUCESSO, 245d/365d)
2026-09-16 13:38:48 | INFO | services.connectors.risk3_connector | [440/1863] CNPJ 06959872000168 -> CACHE (SUCESSO, 246d/365d)
2026-09-16 13:38:48 | INFO | services.connectors.risk3_connector | [441/1863] CNPJ 06968935000142 -> CACHE (SUCESSO, 190d/365d)
2026-09-16 13:38:48 | INFO | services.connectors.risk3_connector | [442/1863] CNPJ 06973355000143 -> CACHE (SUCESSO, 55d/365d)
2026-09-16 13:38:48 | INFO | services.connectors.risk3_connector | [443/1863] CNPJ 07005330000119 -> CACHE (SUCESSO, 113d/365d)
2026-09-16 13:38:48 | INFO | services.connectors.risk3_connector | [444/1863] CNPJ 07009769000209 -> CACHE (SUCESSO, 83d/365d)
2026-09-16 13:38:48 | INFO | services.connectors.risk3_connector | [445/1863] CNPJ 07037123000146 -> CACHE (SUCESSO, 92d/365d)
2026-09-16 13:38:48 | INFO | services.connectors.risk3_connector | [446/1863] CNPJ 07042960000163 -> CACHE (SUCESSO, 84d/365d)
2026-09-16 13:38:48 | INFO | services.connectors.risk3_connector | [447/1863] CNPJ 07047251000170 -> CACHE (NAO_ENCONTRADO, 14d/30d)
2026-09-16 13:38:48 | INFO | services.connectors.risk3_connector | [448/1863] CNPJ 07072783000168 -> CACHE (SUCESSO, 83d/365d)
2026-09-16 13:38:48 | INFO | services.connectors.risk3_connector | [449/1863] CNPJ 07082088000187 -> CACHE (SUCESSO, 177d/365d)
2026-09-16 13:38:48 | INFO | services.connectors.risk3_connector | [450/1863] CNPJ 07086487000116 -> CACHE (SUCESSO, 162d/365d)
2026-09-16 13:38:48 | INFO | services.connectors.risk3_connector | [451/1863] CNPJ 07094315000194 -> CACHE (SUCESSO, 43d/365d)
2026-09-16 13:38:48 | INFO | services.connectors.risk3_connector | [452/1863] CNPJ 07094597000120 -> CACHE (SUCESSO, 37d/365d)
2026-09-16 13:38:48 | INFO | services.connectors.risk3_connector | [453/1863] CNPJ 07116586000101 -> CACHE (SUCESSO, 83d/365d)
2026-09-16 13:38:48 | INFO | services.connectors.risk3_connector | [454/1863] CNPJ 07128323000104 -> CACHE (SUCESSO, 154d/365d)
2026-09-16 13:38:48 | INFO | services.connectors.risk3_connector | [455/1863] CNPJ 07131859000189 -> CACHE (SUCESSO, 83d/365d)
2026-09-16 13:38:48 | INFO | services.connectors.risk3_connector | [456/1863] CNPJ 07133522000100 -> CACHE (NAO_ENCONTRADO, 0d/30d)
2026-09-16 13:38:48 | INFO | services.connectors.risk3_connector | [457/1863] CNPJ 07142188000151 -> CACHE (SUCESSO, 316d/365d)
2026-09-16 13:38:48 | INFO | services.connectors.risk3_connector | [458/1863] CNPJ 07168823000170 -> CACHE (SUCESSO, 84d/365d)
2026-09-16 13:38:48 | INFO | services.connectors.risk3_connector | [459/1863] CNPJ 07175725000160 -> CACHE (SUCESSO, 125d/365d)
2026-09-16 13:38:48 | INFO | services.connectors.risk3_connector | [460/1863] CNPJ 07177083000138 -> CACHE (SUCESSO, 246d/365d)
2026-09-16 13:38:48 | INFO | services.connectors.risk3_connector | [461/1863] CNPJ 07196526000138 -> CACHE (SUCESSO, 84d/365d)
2026-09-16 13:38:48 | INFO | services.connectors.risk3_connector | [462/1863] CNPJ 07202226000114 -> CACHE (SUCESSO, 246d/365d)
2026-09-16 13:38:48 | INFO | services.connectors.risk3_connector | [463/1863] CNPJ 07206816000115 -> CACHE (SUCESSO, 100d/365d)
2026-09-16 13:38:48 | INFO | services.connectors.risk3_connector | [464/1863] CNPJ 07210771000152 -> CACHE (SUCESSO, 84d/365d)
2026-09-16 13:38:48 | INFO | services.connectors.risk3_connector | [465/1863] CNPJ 07226794000155 -> CACHE (SUCESSO, 91d/365d)
2026-09-16 13:38:48 | INFO | services.connectors.risk3_connector | [466/1863] CNPJ 07227026000116 -> CACHE (NAO_ENCONTRADO, 0d/30d)
2026-09-16 13:38:48 | INFO | services.connectors.risk3_connector | [467/1863] CNPJ 07242370000184 -> CACHE (SUCESSO, 84d/365d)
2026-09-16 13:38:48 | INFO | services.connectors.risk3_connector | [468/1863] CNPJ 07255463000143 -> CACHE (SUCESSO, 93d/365d)
2026-09-16 13:38:48 | INFO | services.connectors.risk3_connector | [469/1863] CNPJ 07280328001804 -> CACHE (SUCESSO, 134d/365d)
2026-09-16 13:38:48 | INFO | services.connectors.risk3_connector | [470/1863] CNPJ 07288763000129 -> CACHE (SUCESSO, 83d/365d)
2026-09-16 13:38:48 | INFO | services.connectors.risk3_connector | [471/1863] CNPJ 07298800000180 -> CACHE (SUCESSO, 83d/365d)
2026-09-16 13:38:48 | INFO | services.connectors.risk3_connector | [472/1863] CNPJ 07316858000109 -> CACHE (SUCESSO, 159d/365d)
2026-09-16 13:38:48 | INFO | services.connectors.risk3_connector | [473/1863] CNPJ 07322382000119 -> CACHE (SUCESSO, 314d/365d)
2026-09-16 13:38:48 | INFO | services.connectors.risk3_connector | [474/1863] CNPJ 07322382000461 -> CACHE (SUCESSO, 245d/365d)
2026-09-16 13:38:48 | INFO | services.connectors.risk3_connector | [475/1863] CNPJ 07323566000101 -> CACHE (SUCESSO, 83d/365d)
2026-09-16 13:38:48 | INFO | services.connectors.risk3_connector | [476/1863] CNPJ 07328522000166 -> CACHE (SUCESSO, 84d/365d)
2026-09-16 13:38:48 | INFO | services.connectors.risk3_connector | [477/1863] CNPJ 07357797000128 -> CACHE (SUCESSO, 83d/365d)
2026-09-16 13:38:48 | INFO | services.connectors.risk3_connector | [478/1863] CNPJ 07358761000169 -> CACHE (SUCESSO, 83d/365d)
2026-09-16 13:38:48 | INFO | services.connectors.risk3_connector | [479/1863] CNPJ 07358761005632 -> CACHE (SUCESSO, 125d/365d)
2026-09-16 13:38:48 | INFO | services.connectors.risk3_connector | [480/1863] CNPJ 07364017000177 -> CACHE (SUCESSO, 84d/365d)
2026-09-16 13:38:48 | INFO | services.connectors.risk3_connector | [481/1863] CNPJ 07391922000116 -> CACHE (SUCESSO, 83d/365d)
2026-09-16 13:38:48 | INFO | services.connectors.risk3_connector | [482/1863] CNPJ 07393256000155 -> CACHE (NAO_ENCONTRADO, 0d/30d)
2026-09-16 13:38:48 | INFO | services.connectors.risk3_connector | [483/1863] CNPJ 07404052000172 -> CACHE (SUCESSO, 84d/365d)
2026-09-16 13:38:48 | INFO | services.connectors.risk3_connector | [484/1863] CNPJ 07414848000106 -> CACHE (SUCESSO, 84d/365d)
2026-09-16 13:38:48 | INFO | services.connectors.risk3_connector | [485/1863] CNPJ 07416174000189 -> CACHE (SUCESSO, 224d/365d)
2026-09-16 13:38:48 | INFO | services.connectors.risk3_connector | [486/1863] CNPJ 07432397000130 -> CACHE (SUCESSO, 84d/365d)
2026-09-16 13:38:48 | INFO | services.connectors.risk3_connector | [487/1863] CNPJ 07442711000165 -> CACHE (SUCESSO, 84d/365d)
2026-09-16 13:38:48 | INFO | services.connectors.risk3_connector | [488/1863] CNPJ 07456648000116 -> CACHE (SUCESSO, 83d/365d)
2026-09-16 13:38:48 | INFO | services.connectors.risk3_connector | [489/1863] CNPJ 07461763000189 -> CACHE (SUCESSO, 127d/365d)
2026-09-16 13:38:48 | INFO | services.connectors.risk3_connector | [490/1863] CNPJ 07474363000108 -> CACHE (SUCESSO, 83d/365d)
2026-09-16 13:38:48 | INFO | services.connectors.risk3_connector | [491/1863] CNPJ 07516961000100 -> CACHE (SUCESSO, 15d/365d)
2026-09-16 13:38:48 | INFO | services.connectors.risk3_connector | [492/1863] CNPJ 07520949000161 -> CACHE (SUCESSO, 71d/365d)
2026-09-16 13:38:48 | INFO | services.connectors.risk3_connector | [493/1863] CNPJ 07546158000100 -> CACHE (SUCESSO, 203d/365d)
2026-09-16 13:38:48 | INFO | services.connectors.risk3_connector | [494/1863] CNPJ 07547313000103 -> CACHE (SUCESSO, 246d/365d)
2026-09-16 13:38:48 | INFO | services.connectors.risk3_connector | [495/1863] CNPJ 07571746000102 -> CACHE (SUCESSO, 187d/365d)
2026-09-16 13:38:48 | INFO | services.connectors.risk3_connector | [496/1863] CNPJ 07594978000178 -> CACHE (SUCESSO, 70d/365d)
2026-09-16 13:38:48 | INFO | services.connectors.risk3_connector | [497/1863] CNPJ 07599090000128 -> CACHE (SUCESSO, 177d/365d)
2026-09-16 13:38:48 | INFO | services.connectors.risk3_connector | [498/1863] CNPJ 07623836000191 -> CACHE (SUCESSO, 84d/365d)
2026-09-16 13:38:48 | INFO | services.connectors.risk3_connector | [499/1863] CNPJ 07626763000191 -> CACHE (SUCESSO, 84d/365d)
2026-09-16 13:38:48 | INFO | services.connectors.risk3_connector | [500/1863] CNPJ 07630919000108 -> CACHE (SUCESSO, 83d/365d)
2026-09-16 13:38:48 | INFO | services.connectors.risk3_connector | [501/1863] CNPJ 07632665000167 -> CACHE (SUCESSO, 106d/365d)
2026-09-16 13:38:48 | INFO | services.connectors.risk3_connector | [502/1863] CNPJ 07646232000160 -> CACHE (SUCESSO, 245d/365d)
2026-09-16 13:38:48 | INFO | services.connectors.risk3_connector | [503/1863] CNPJ 07647780000105 -> CACHE (SUCESSO, 43d/365d)
2026-09-16 13:38:48 | INFO | services.connectors.risk3_connector | [504/1863] CNPJ 07647793000184 -> CACHE (SUCESSO, 43d/365d)
2026-09-16 13:38:48 | INFO | services.connectors.risk3_connector | [505/1863] CNPJ 07662985000160 -> CACHE (SUCESSO, 272d/365d)
2026-09-16 13:38:48 | INFO | services.connectors.risk3_connector | [506/1863] CNPJ 07670111000154 -> CACHE (SUCESSO, 84d/365d)
2026-09-16 13:38:48 | INFO | services.connectors.risk3_connector | [507/1863] CNPJ 07675450000123 -> CACHE (SUCESSO, 246d/365d)
2026-09-16 13:38:48 | INFO | services.connectors.risk3_connector | [508/1863] CNPJ 07682638000107 -> CACHE (SUCESSO, 78d/365d)
2026-09-16 13:38:48 | INFO | services.connectors.risk3_connector | [509/1863] CNPJ 07685694000197 -> CACHE (SUCESSO, 128d/365d)
2026-09-16 13:38:48 | INFO | services.connectors.risk3_connector | [510/1863] CNPJ 07685694000510 -> CACHE (NAO_ENCONTRADO, 14d/30d)
2026-09-16 13:38:48 | INFO | services.connectors.risk3_connector | [511/1863] CNPJ 07689002000189 -> CACHE (SUCESSO, 146d/365d)
2026-09-16 13:38:48 | INFO | services.connectors.risk3_connector | [512/1863] CNPJ 07695023000107 -> CACHE (SUCESSO, 84d/365d)
2026-09-16 13:38:48 | INFO | services.connectors.risk3_connector | [513/1863] CNPJ 07700052000110 -> CACHE (SUCESSO, 133d/365d)
2026-09-16 13:38:48 | INFO | services.connectors.risk3_connector | [514/1863] CNPJ 07705880000140 -> CACHE (SUCESSO, 84d/365d)
2026-09-16 13:38:48 | INFO | services.connectors.risk3_connector | [515/1863] CNPJ 07715730000118 -> CACHE (SUCESSO, 83d/365d)
2026-09-16 13:38:48 | INFO | services.connectors.risk3_connector | [516/1863] CNPJ 07718633000189 -> CACHE (SUCESSO, 121d/365d)
2026-09-16 13:38:48 | INFO | services.connectors.risk3_connector | [517/1863] CNPJ 07725608000122 -> Consultando API (Endpoint detalhado por CNPJ)...
2026-09-16 13:38:49 | INFO | services.connectors.risk3_connector | SUCESSO na extração dos detalhes!
2026-09-16 13:38:49 | INFO | services.connectors.risk3_connector | [518/1863] CNPJ 07726782000190 -> CACHE (SUCESSO, 42d/365d)
2026-09-16 13:38:49 | INFO | services.connectors.risk3_connector | [519/1863] CNPJ 07757548000120 -> CACHE (SUCESSO, 84d/365d)
2026-09-16 13:38:49 | INFO | services.connectors.risk3_connector | [520/1863] CNPJ 07760179000124 -> CACHE (NAO_ENCONTRADO, 0d/30d)
2026-09-16 13:38:49 | INFO | services.connectors.risk3_connector | [521/1863] CNPJ 07764255000170 -> CACHE (SUCESSO, 127d/365d)
2026-09-16 13:38:49 | INFO | services.connectors.risk3_connector | [522/1863] CNPJ 07764436000104 -> CACHE (SUCESSO, 83d/365d)
2026-09-16 13:38:49 | INFO | services.connectors.risk3_connector | [523/1863] CNPJ 07794616000120 -> CACHE (SUCESSO, 99d/365d)
2026-09-16 13:38:49 | INFO | services.connectors.risk3_connector | [524/1863] CNPJ 07804938000103 -> CACHE (SUCESSO, 355d/365d)
2026-09-16 13:38:49 | INFO | services.connectors.risk3_connector | [525/1863] CNPJ 07815053000100 -> CACHE (SUCESSO, 84d/365d)
2026-09-16 13:38:49 | INFO | services.connectors.risk3_connector | [526/1863] CNPJ 07820488000142 -> CACHE (SUCESSO, 83d/365d)
2026-09-16 13:38:49 | INFO | services.connectors.risk3_connector | [527/1863] CNPJ 07823304000106 -> CACHE (SUCESSO, 76d/365d)
2026-09-16 13:38:49 | INFO | services.connectors.risk3_connector | [528/1863] CNPJ 07827555000150 -> CACHE (SUCESSO, 83d/365d)
2026-09-16 13:38:49 | INFO | services.connectors.risk3_connector | [529/1863] CNPJ 07829836000142 -> CACHE (SUCESSO, 69d/365d)
2026-09-16 13:38:49 | INFO | services.connectors.risk3_connector | [530/1863] CNPJ 07859910000173 -> CACHE (SUCESSO, 83d/365d)
2026-09-16 13:38:49 | INFO | services.connectors.risk3_connector | [531/1863] CNPJ 07903169000109 -> CACHE (SUCESSO, 125d/365d)
2026-09-16 13:38:49 | INFO | services.connectors.risk3_connector | [532/1863] CNPJ 07933914000154 -> CACHE (SUCESSO, 72d/365d)
2026-09-16 13:38:49 | INFO | services.connectors.risk3_connector | [533/1863] CNPJ 07957149000102 -> CACHE (NAO_ENCONTRADO, 0d/30d)
2026-09-16 13:38:49 | INFO | services.connectors.risk3_connector | [534/1863] CNPJ 07966116000129 -> CACHE (SUCESSO, 71d/365d)
2026-09-16 13:38:49 | INFO | services.connectors.risk3_connector | [535/1863] CNPJ 07982576000140 -> CACHE (SUCESSO, 134d/365d)
2026-09-16 13:38:49 | INFO | services.connectors.risk3_connector | [536/1863] CNPJ 08029323000110 -> CACHE (SUCESSO, 83d/365d)
2026-09-16 13:38:49 | INFO | services.connectors.risk3_connector | [537/1863] CNPJ 08032643000129 -> CACHE (SUCESSO, 50d/365d)
2026-09-16 13:38:49 | INFO | services.connectors.risk3_connector | [538/1863] CNPJ 08070508000178 -> CACHE (NAO_ENCONTRADO, 0d/30d)
2026-09-16 13:38:49 | INFO | services.connectors.risk3_connector | [539/1863] CNPJ 08070566000100 -> CACHE (SUCESSO, 83d/365d)
2026-09-16 13:38:49 | INFO | services.connectors.risk3_connector | [540/1863] CNPJ 08090788000267 -> CACHE (SUCESSO, 89d/365d)
2026-09-16 13:38:49 | INFO | services.connectors.risk3_connector | [541/1863] CNPJ 08093504000105 -> CACHE (SUCESSO, 83d/365d)
2026-09-16 13:38:49 | INFO | services.connectors.risk3_connector | [542/1863] CNPJ 08149559000190 -> CACHE (SUCESSO, 84d/365d)
2026-09-16 13:38:49 | INFO | services.connectors.risk3_connector | [543/1863] CNPJ 08153018000135 -> CACHE (SUCESSO, 245d/365d)
2026-09-16 13:38:49 | INFO | services.connectors.risk3_connector | [544/1863] CNPJ 08174968000146 -> CACHE (SUCESSO, 93d/365d)
2026-09-16 13:38:49 | INFO | services.connectors.risk3_connector | [545/1863] CNPJ 08201770000104 -> CACHE (NAO_ENCONTRADO, 0d/30d)
2026-09-16 13:38:49 | INFO | services.connectors.risk3_connector | [546/1863] CNPJ 08211550000161 -> CACHE (SUCESSO, 127d/365d)
2026-09-16 13:38:49 | INFO | services.connectors.risk3_connector | [547/1863] CNPJ 08244492000172 -> CACHE (SUCESSO, 246d/365d)
2026-09-16 13:38:49 | INFO | services.connectors.risk3_connector | [548/1863] CNPJ 08246483000110 -> CACHE (SUCESSO, 84d/365d)
2026-09-16 13:38:49 | INFO | services.connectors.risk3_connector | [549/1863] CNPJ 08306220000150 -> CACHE (SUCESSO, 84d/365d)
2026-09-16 13:38:49 | INFO | services.connectors.risk3_connector | [550/1863] CNPJ 08323274000123 -> CACHE (SUCESSO, 65d/365d)
2026-09-16 13:38:49 | INFO | services.connectors.risk3_connector | [551/1863] CNPJ 08334385000135 -> CACHE (SUCESSO, 29d/365d)
2026-09-16 13:38:49 | INFO | services.connectors.risk3_connector | [552/1863] CNPJ 08336804000178 -> CACHE (SUCESSO, 131d/365d)
2026-09-16 13:38:49 | INFO | services.connectors.risk3_connector | [553/1863] CNPJ 08364948000138 -> CACHE (SUCESSO, 30d/365d)
2026-09-16 13:38:49 | INFO | services.connectors.risk3_connector | [554/1863] CNPJ 08401841000112 -> CACHE (SUCESSO, 84d/365d)
2026-09-16 13:38:49 | INFO | services.connectors.risk3_connector | [555/1863] CNPJ 08405256000190 -> CACHE (SUCESSO, 50d/365d)
2026-09-16 13:38:49 | INFO | services.connectors.risk3_connector | [556/1863] CNPJ 08438586000182 -> CACHE (SUCESSO, 15d/365d)
2026-09-16 13:38:49 | INFO | services.connectors.risk3_connector | [557/1863] CNPJ 08439659000150 -> CACHE (NAO_ENCONTRADO, 0d/30d)
2026-09-16 13:38:49 | INFO | services.connectors.risk3_connector | [558/1863] CNPJ 08446503000105 -> CACHE (SUCESSO, 83d/365d)
2026-09-16 13:38:49 | INFO | services.connectors.risk3_connector | [559/1863] CNPJ 08467115000100 -> CACHE (NAO_ENCONTRADO, 14d/30d)
2026-09-16 13:38:49 | INFO | services.connectors.risk3_connector | [560/1863] CNPJ 08495998000154 -> CACHE (SUCESSO, 174d/365d)
2026-09-16 13:38:49 | INFO | services.connectors.risk3_connector | [561/1863] CNPJ 08540795000132 -> CACHE (SUCESSO, 127d/365d)
2026-09-16 13:38:49 | INFO | services.connectors.risk3_connector | [562/1863] CNPJ 08540795001104 -> CACHE (SUCESSO, 16d/365d)
2026-09-16 13:38:49 | INFO | services.connectors.risk3_connector | [563/1863] CNPJ 08542795000171 -> CACHE (SUCESSO, 84d/365d)
2026-09-16 13:38:49 | INFO | services.connectors.risk3_connector | [564/1863] CNPJ 08573833000153 -> CACHE (SUCESSO, 43d/365d)
2026-09-16 13:38:49 | INFO | services.connectors.risk3_connector | [565/1863] CNPJ 08578334000159 -> CACHE (SUCESSO, 93d/365d)
2026-09-16 13:38:49 | INFO | services.connectors.risk3_connector | [566/1863] CNPJ 08598391000108 -> CACHE (SUCESSO, 83d/365d)
2026-09-16 13:38:49 | INFO | services.connectors.risk3_connector | [567/1863] CNPJ 08643404000105 -> CACHE (SUCESSO, 320d/365d)
2026-09-16 13:38:49 | INFO | services.connectors.risk3_connector | [568/1863] CNPJ 08666285000106 -> CACHE (NAO_ENCONTRADO, 0d/30d)
2026-09-16 13:38:49 | INFO | services.connectors.risk3_connector | [569/1863] CNPJ 08670308000156 -> CACHE (SUCESSO, 92d/365d)
2026-09-16 13:38:49 | INFO | services.connectors.risk3_connector | [570/1863] CNPJ 08689024000101 -> CACHE (SUCESSO, 251d/365d)
2026-09-16 13:38:49 | INFO | services.connectors.risk3_connector | [571/1863] CNPJ 08709009000188 -> CACHE (SUCESSO, 55d/365d)
2026-09-16 13:38:49 | INFO | services.connectors.risk3_connector | [572/1863] CNPJ 08719943000180 -> CACHE (SUCESSO, 238d/365d)
2026-09-16 13:38:49 | INFO | services.connectors.risk3_connector | [573/1863] CNPJ 08740765000170 -> CACHE (SUCESSO, 219d/365d)
2026-09-16 13:38:49 | INFO | services.connectors.risk3_connector | [574/1863] CNPJ 08773135000100 -> CACHE (NAO_ENCONTRADO, 0d/30d)
2026-09-16 13:38:49 | INFO | services.connectors.risk3_connector | [575/1863] CNPJ 08793343000162 -> CACHE (SUCESSO, 48d/365d)
2026-09-16 13:38:49 | INFO | services.connectors.risk3_connector | [576/1863] CNPJ 08803452000113 -> CACHE (NAO_ENCONTRADO, 0d/30d)
2026-09-16 13:38:49 | INFO | services.connectors.risk3_connector | [577/1863] CNPJ 08811119000822 -> CACHE (SUCESSO, 84d/365d)
2026-09-16 13:38:49 | INFO | services.connectors.risk3_connector | [578/1863] CNPJ 08827501000158 -> CACHE (SUCESSO, 16d/365d)
2026-09-16 13:38:49 | INFO | services.connectors.risk3_connector | [579/1863] CNPJ 08842785000151 -> CACHE (NAO_ENCONTRADO, 0d/30d)
2026-09-16 13:38:49 | INFO | services.connectors.risk3_connector | [580/1863] CNPJ 08876164000199 -> CACHE (SUCESSO, 209d/365d)
2026-09-16 13:38:49 | INFO | services.connectors.risk3_connector | [581/1863] CNPJ 08893112000120 -> CACHE (SUCESSO, 84d/365d)
2026-09-16 13:38:49 | INFO | services.connectors.risk3_connector | [582/1863] CNPJ 08895369000111 -> CACHE (SUCESSO, 113d/365d)
2026-09-16 13:38:49 | INFO | services.connectors.risk3_connector | [583/1863] CNPJ 08902291000115 -> CACHE (SUCESSO, 70d/365d)
2026-09-16 13:38:49 | INFO | services.connectors.risk3_connector | [584/1863] CNPJ 08903942000191 -> CACHE (NAO_ENCONTRADO, 0d/30d)
2026-09-16 13:38:49 | INFO | services.connectors.risk3_connector | [585/1863] CNPJ 08906558000142 -> CACHE (SUCESSO, 55d/365d)
2026-09-16 13:38:49 | INFO | services.connectors.risk3_connector | [586/1863] CNPJ 08916434000148 -> CACHE (SUCESSO, 83d/365d)
2026-09-16 13:38:49 | INFO | services.connectors.risk3_connector | [587/1863] CNPJ 08935629000305 -> CACHE (SUCESSO, 187d/365d)
2026-09-16 13:38:49 | INFO | services.connectors.risk3_connector | [588/1863] CNPJ 08944802000161 -> CACHE (NAO_ENCONTRADO, 0d/30d)
2026-09-16 13:38:49 | INFO | services.connectors.risk3_connector | [589/1863] CNPJ 08965200000190 -> CACHE (SUCESSO, 84d/365d)
2026-09-16 13:38:49 | INFO | services.connectors.risk3_connector | [590/1863] CNPJ 09020211000160 -> CACHE (SUCESSO, 50d/365d)
2026-09-16 13:38:49 | INFO | services.connectors.risk3_connector | [591/1863] CNPJ 09044272000168 -> CACHE (SUCESSO, 245d/365d)
2026-09-16 13:38:49 | INFO | services.connectors.risk3_connector | [592/1863] CNPJ 09053134000145 -> CACHE (SUCESSO, 134d/365d)
2026-09-16 13:38:49 | INFO | services.connectors.risk3_connector | [593/1863] CNPJ 09075317000161 -> CACHE (SUCESSO, 233d/365d)
2026-09-16 13:38:49 | INFO | services.connectors.risk3_connector | [594/1863] CNPJ 09088053000180 -> CACHE (SUCESSO, 83d/365d)
2026-09-16 13:38:49 | INFO | services.connectors.risk3_connector | [595/1863] CNPJ 09091832000135 -> CACHE (SUCESSO, 84d/365d)
2026-09-16 13:38:49 | INFO | services.connectors.risk3_connector | [596/1863] CNPJ 09092458000192 -> CACHE (SUCESSO, 83d/365d)
2026-09-16 13:38:49 | INFO | services.connectors.risk3_connector | [597/1863] CNPJ 09095183000140 -> CACHE (NAO_ENCONTRADO, 14d/30d)
2026-09-16 13:38:49 | INFO | services.connectors.risk3_connector | [598/1863] CNPJ 09149503000106 -> CACHE (SUCESSO, 93d/365d)
2026-09-16 13:38:49 | INFO | services.connectors.risk3_connector | [599/1863] CNPJ 09170802000114 -> CACHE (SUCESSO, 84d/365d)
2026-09-16 13:38:49 | INFO | services.connectors.risk3_connector | [600/1863] CNPJ 09175059000195 -> CACHE (SUCESSO, 83d/365d)
2026-09-16 13:38:49 | INFO | services.connectors.risk3_connector | [601/1863] CNPJ 09185485000100 -> CACHE (NAO_ENCONTRADO, 0d/30d)
2026-09-16 13:38:49 | INFO | services.connectors.risk3_connector | [602/1863] CNPJ 09222477000196 -> CACHE (NAO_ENCONTRADO, 0d/30d)
2026-09-16 13:38:49 | INFO | services.connectors.risk3_connector | [603/1863] CNPJ 09257223000103 -> CACHE (SUCESSO, 83d/365d)
2026-09-16 13:38:49 | INFO | services.connectors.risk3_connector | [604/1863] CNPJ 09258807000101 -> CACHE (SUCESSO, 78d/365d)
2026-09-16 13:38:49 | INFO | services.connectors.risk3_connector | [605/1863] CNPJ 09266129000110 -> CACHE (NAO_ENCONTRADO, 0d/30d)
2026-09-16 13:38:49 | INFO | services.connectors.risk3_connector | [606/1863] CNPJ 09281025000185 -> CACHE (SUCESSO, 84d/365d)
2026-09-16 13:38:49 | INFO | services.connectors.risk3_connector | [607/1863] CNPJ 09295194000174 -> CACHE (SUCESSO, 29d/365d)
2026-09-16 13:38:49 | INFO | services.connectors.risk3_connector | [608/1863] CNPJ 09316105001877 -> CACHE (NAO_ENCONTRADO, 14d/30d)
2026-09-16 13:38:49 | INFO | services.connectors.risk3_connector | [609/1863] CNPJ 09341337000137 -> CACHE (SUCESSO, 238d/365d)
2026-09-16 13:38:49 | INFO | services.connectors.risk3_connector | [610/1863] CNPJ 09375285000110 -> CACHE (SUCESSO, 84d/365d)
2026-09-16 13:38:49 | INFO | services.connectors.risk3_connector | [611/1863] CNPJ 09391823000240 -> CACHE (SUCESSO, 97d/365d)
2026-09-16 13:38:49 | INFO | services.connectors.risk3_connector | [612/1863] CNPJ 09436149000192 -> CACHE (SUCESSO, 83d/365d)
2026-09-16 13:38:49 | INFO | services.connectors.risk3_connector | [613/1863] CNPJ 09454624000153 -> CACHE (SUCESSO, 84d/365d)
2026-09-16 13:38:49 | INFO | services.connectors.risk3_connector | [614/1863] CNPJ 09456668000112 -> CACHE (SUCESSO, 84d/365d)
2026-09-16 13:38:49 | INFO | services.connectors.risk3_connector | [615/1863] CNPJ 09461639000149 -> CACHE (SUCESSO, 84d/365d)
2026-09-16 13:38:49 | INFO | services.connectors.risk3_connector | [616/1863] CNPJ 09467816000102 -> CACHE (SUCESSO, 127d/365d)
2026-09-16 13:38:49 | INFO | services.connectors.risk3_connector | [617/1863] CNPJ 09470851000172 -> CACHE (SUCESSO, 83d/365d)
2026-09-16 13:38:49 | INFO | services.connectors.risk3_connector | [618/1863] CNPJ 09491921000179 -> CACHE (SUCESSO, 167d/365d)
2026-09-16 13:38:49 | INFO | services.connectors.risk3_connector | [619/1863] CNPJ 09495582000107 -> CACHE (SUCESSO, 96d/365d)
2026-09-16 13:38:49 | INFO | services.connectors.risk3_connector | [620/1863] CNPJ 09509535000167 -> CACHE (SUCESSO, 69d/365d)
2026-09-16 13:38:49 | INFO | services.connectors.risk3_connector | [621/1863] CNPJ 09509569000151 -> CACHE (NAO_ENCONTRADO, 0d/30d)
2026-09-16 13:38:49 | INFO | services.connectors.risk3_connector | [622/1863] CNPJ 09548347000148 -> CACHE (SUCESSO, 84d/365d)
2026-09-16 13:38:49 | INFO | services.connectors.risk3_connector | [623/1863] CNPJ 09607810000185 -> CACHE (SUCESSO, 15d/365d)
2026-09-16 13:38:49 | INFO | services.connectors.risk3_connector | [624/1863] CNPJ 09625739000163 -> CACHE (SUCESSO, 135d/365d)
2026-09-16 13:38:49 | INFO | services.connectors.risk3_connector | [625/1863] CNPJ 09967852000127 -> CACHE (SUCESSO, 156d/365d)
2026-09-16 13:38:49 | INFO | services.connectors.risk3_connector | [626/1863] CNPJ 10140938000160 -> CACHE (SUCESSO, 83d/365d)
2026-09-16 13:38:49 | INFO | services.connectors.risk3_connector | [627/1863] CNPJ 10174877000152 -> CACHE (SUCESSO, 82d/365d)
2026-09-16 13:38:49 | INFO | services.connectors.risk3_connector | [628/1863] CNPJ 10202852000115 -> CACHE (SUCESSO, 121d/365d)
2026-09-16 13:38:49 | INFO | services.connectors.risk3_connector | [629/1863] CNPJ 10207856000196 -> CACHE (SUCESSO, 84d/365d)
2026-09-16 13:38:49 | INFO | services.connectors.risk3_connector | [630/1863] CNPJ 10239097000143 -> CACHE (SUCESSO, 127d/365d)
2026-09-16 13:38:49 | INFO | services.connectors.risk3_connector | [631/1863] CNPJ 10241516000181 -> CACHE (SUCESSO, 83d/365d)
2026-09-16 13:38:49 | INFO | services.connectors.risk3_connector | [632/1863] CNPJ 10254617000197 -> CACHE (SUCESSO, 84d/365d)
2026-09-16 13:38:49 | INFO | services.connectors.risk3_connector | [633/1863] CNPJ 10285760000146 -> CACHE (SUCESSO, 83d/365d)
2026-09-16 13:38:49 | INFO | services.connectors.risk3_connector | [634/1863] CNPJ 10324624000118 -> CACHE (SUCESSO, 85d/365d)
2026-09-16 13:38:49 | INFO | services.connectors.risk3_connector | [635/1863] CNPJ 10338369000162 -> CACHE (SUCESSO, 65d/365d)
2026-09-16 13:38:49 | INFO | services.connectors.risk3_connector | [636/1863] CNPJ 10356783000102 -> CACHE (SUCESSO, 83d/365d)
2026-09-16 13:38:49 | INFO | services.connectors.risk3_connector | [637/1863] CNPJ 10366780000141 -> CACHE (NAO_ENCONTRADO, 0d/30d)
2026-09-16 13:38:49 | INFO | services.connectors.risk3_connector | [638/1863] CNPJ 10394422000142 -> CACHE (NAO_ENCONTRADO, 0d/30d)
2026-09-16 13:38:49 | INFO | services.connectors.risk3_connector | [639/1863] CNPJ 10416174000193 -> CACHE (SUCESSO, 15d/365d)
2026-09-16 13:38:49 | INFO | services.connectors.risk3_connector | [640/1863] CNPJ 10452113000181 -> CACHE (SUCESSO, 83d/365d)
2026-09-16 13:38:49 | INFO | services.connectors.risk3_connector | [641/1863] CNPJ 10466806000123 -> CACHE (NAO_ENCONTRADO, 0d/30d)
2026-09-16 13:38:49 | INFO | services.connectors.risk3_connector | [642/1863] CNPJ 10466983000100 -> CACHE (SUCESSO, 84d/365d)
2026-09-16 13:38:49 | INFO | services.connectors.risk3_connector | [643/1863] CNPJ 10472968000174 -> CACHE (SUCESSO, 65d/365d)
2026-09-16 13:38:49 | INFO | services.connectors.risk3_connector | [644/1863] CNPJ 10500221000182 -> CACHE (SUCESSO, 191d/365d)
2026-09-16 13:38:49 | INFO | services.connectors.risk3_connector | [645/1863] CNPJ 10546614000127 -> CACHE (SUCESSO, 351d/365d)
2026-09-16 13:38:49 | INFO | services.connectors.risk3_connector | [646/1863] CNPJ 10614641000190 -> CACHE (SUCESSO, 84d/365d)
2026-09-16 13:38:49 | INFO | services.connectors.risk3_connector | [647/1863] CNPJ 10622118000105 -> CACHE (SUCESSO, 175d/365d)
2026-09-16 13:38:49 | INFO | services.connectors.risk3_connector | [648/1863] CNPJ 10656452000180 -> CACHE (SUCESSO, 128d/365d)
2026-09-16 13:38:49 | INFO | services.connectors.risk3_connector | [649/1863] CNPJ 10671322000116 -> CACHE (SUCESSO, 110d/365d)
2026-09-16 13:38:49 | INFO | services.connectors.risk3_connector | [650/1863] CNPJ 10699948000130 -> CACHE (SUCESSO, 315d/365d)
2026-09-16 13:38:49 | INFO | services.connectors.risk3_connector | [651/1863] CNPJ 10740245000109 -> CACHE (SUCESSO, 83d/365d)
2026-09-16 13:38:49 | INFO | services.connectors.risk3_connector | [652/1863] CNPJ 10763227000142 -> CACHE (SUCESSO, 110d/365d)
2026-09-16 13:38:49 | INFO | services.connectors.risk3_connector | [653/1863] CNPJ 10828619000142 -> CACHE (SUCESSO, 252d/365d)
2026-09-16 13:38:49 | INFO | services.connectors.risk3_connector | [654/1863] CNPJ 10835932000108 -> CACHE (NAO_ENCONTRADO, 14d/30d)
2026-09-16 13:38:49 | INFO | services.connectors.risk3_connector | [655/1863] CNPJ 10842044000112 -> CACHE (SUCESSO, 56d/365d)
2026-09-16 13:38:49 | INFO | services.connectors.risk3_connector | [656/1863] CNPJ 10858291000107 -> CACHE (NAO_ENCONTRADO, 0d/30d)
2026-09-16 13:38:49 | INFO | services.connectors.risk3_connector | [657/1863] CNPJ 10902008000105 -> CACHE (SUCESSO, 321d/365d)
2026-09-16 13:38:49 | INFO | services.connectors.risk3_connector | [658/1863] CNPJ 10902331000170 -> CACHE (SUCESSO, 84d/365d)
2026-09-16 13:38:49 | INFO | services.connectors.risk3_connector | [659/1863] CNPJ 10914514000106 -> CACHE (NAO_ENCONTRADO, 0d/30d)
2026-09-16 13:38:49 | INFO | services.connectors.risk3_connector | [660/1863] CNPJ 10915021000190 -> CACHE (SUCESSO, 84d/365d)
2026-09-16 13:38:49 | INFO | services.connectors.risk3_connector | [661/1863] CNPJ 10931741000140 -> CACHE (SUCESSO, 93d/365d)
2026-09-16 13:38:49 | INFO | services.connectors.risk3_connector | [662/1863] CNPJ 11007902000176 -> CACHE (SUCESSO, 84d/365d)
2026-09-16 13:38:49 | INFO | services.connectors.risk3_connector | [663/1863] CNPJ 11017349000152 -> CACHE (NAO_ENCONTRADO, 0d/30d)
2026-09-16 13:38:49 | INFO | services.connectors.risk3_connector | [664/1863] CNPJ 11032345000143 -> CACHE (SUCESSO, 245d/365d)
2026-09-16 13:38:49 | INFO | services.connectors.risk3_connector | [665/1863] CNPJ 11040403000180 -> CACHE (SUCESSO, 71d/365d)
2026-09-16 13:38:49 | INFO | services.connectors.risk3_connector | [666/1863] CNPJ 11041102000171 -> CACHE (SUCESSO, 84d/365d)
2026-09-16 13:38:49 | INFO | services.connectors.risk3_connector | [667/1863] CNPJ 11085823000183 -> CACHE (NAO_ENCONTRADO, 0d/30d)
2026-09-16 13:38:49 | INFO | services.connectors.risk3_connector | [668/1863] CNPJ 11156540000185 -> CACHE (SUCESSO, 83d/365d)
2026-09-16 13:38:49 | INFO | services.connectors.risk3_connector | [669/1863] CNPJ 11182210000164 -> CACHE (SUCESSO, 121d/365d)
2026-09-16 13:38:49 | INFO | services.connectors.risk3_connector | [670/1863] CNPJ 11234162000100 -> CACHE (SUCESSO, 126d/365d)
2026-09-16 13:38:49 | INFO | services.connectors.risk3_connector | [671/1863] CNPJ 11251784000147 -> CACHE (NAO_ENCONTRADO, 0d/30d)
2026-09-16 13:38:49 | INFO | services.connectors.risk3_connector | [672/1863] CNPJ 11252642000102 -> CACHE (SUCESSO, 56d/365d)
2026-09-16 13:38:49 | INFO | services.connectors.risk3_connector | [673/1863] CNPJ 11279026000137 -> CACHE (SUCESSO, 84d/365d)
2026-09-16 13:38:49 | INFO | services.connectors.risk3_connector | [674/1863] CNPJ 11283356000104 -> CACHE (SUCESSO, 125d/365d)
2026-09-16 13:38:49 | INFO | services.connectors.risk3_connector | [675/1863] CNPJ 11315117000180 -> CACHE (SUCESSO, 96d/365d)
2026-09-16 13:38:49 | INFO | services.connectors.risk3_connector | [676/1863] CNPJ 11316814000156 -> CACHE (NAO_ENCONTRADO, 0d/30d)
2026-09-16 13:38:49 | INFO | services.connectors.risk3_connector | [677/1863] CNPJ 11322550000143 -> CACHE (NAO_ENCONTRADO, 14d/30d)
2026-09-16 13:38:49 | INFO | services.connectors.risk3_connector | [678/1863] CNPJ 11322550000224 -> CACHE (SUCESSO, 173d/365d)
2026-09-16 13:38:49 | INFO | services.connectors.risk3_connector | [679/1863] CNPJ 11382228000100 -> CACHE (SUCESSO, 183d/365d)
2026-09-16 13:38:49 | INFO | services.connectors.risk3_connector | [680/1863] CNPJ 11384227000102 -> CACHE (SUCESSO, 315d/365d)
2026-09-16 13:38:49 | INFO | services.connectors.risk3_connector | [681/1863] CNPJ 11386376000100 -> CACHE (SUCESSO, 160d/365d)
2026-09-16 13:38:49 | INFO | services.connectors.risk3_connector | [682/1863] CNPJ 11419457000151 -> CACHE (SUCESSO, 83d/365d)
2026-09-16 13:38:49 | INFO | services.connectors.risk3_connector | [683/1863] CNPJ 11419911000174 -> CACHE (SUCESSO, 314d/365d)
2026-09-16 13:38:49 | INFO | services.connectors.risk3_connector | [684/1863] CNPJ 11421994000136 -> CACHE (NAO_ENCONTRADO, 0d/30d)
2026-09-16 13:38:49 | INFO | services.connectors.risk3_connector | [685/1863] CNPJ 11482752000152 -> CACHE (NAO_ENCONTRADO, 0d/30d)
2026-09-16 13:38:49 | INFO | services.connectors.risk3_connector | [686/1863] CNPJ 11517262000144 -> CACHE (SUCESSO, 83d/365d)
2026-09-16 13:38:49 | INFO | services.connectors.risk3_connector | [687/1863] CNPJ 11517841000197 -> CACHE (NAO_ENCONTRADO, 0d/30d)
2026-09-16 13:38:49 | INFO | services.connectors.risk3_connector | [688/1863] CNPJ 11517841007957 -> CACHE (SUCESSO, 245d/365d)
2026-09-16 13:38:49 | INFO | services.connectors.risk3_connector | [689/1863] CNPJ 11523063000149 -> CACHE (SUCESSO, 84d/365d)
2026-09-16 13:38:49 | INFO | services.connectors.risk3_connector | [690/1863] CNPJ 11568948000164 -> CACHE (SUCESSO, 134d/365d)
2026-09-16 13:38:49 | INFO | services.connectors.risk3_connector | [691/1863] CNPJ 11586009000142 -> CACHE (SUCESSO, 84d/365d)
2026-09-16 13:38:49 | INFO | services.connectors.risk3_connector | [692/1863] CNPJ 11599292000147 -> CACHE (SUCESSO, 131d/365d)
2026-09-16 13:38:49 | INFO | services.connectors.risk3_connector | [693/1863] CNPJ 11621915000130 -> CACHE (SUCESSO, 83d/365d)
2026-09-16 13:38:49 | INFO | services.connectors.risk3_connector | [694/1863] CNPJ 11659958000105 -> CACHE (SUCESSO, 245d/365d)
2026-09-16 13:38:49 | INFO | services.connectors.risk3_connector | [695/1863] CNPJ 11778932000186 -> CACHE (SUCESSO, 223d/365d)
2026-09-16 13:38:49 | INFO | services.connectors.risk3_connector | [696/1863] CNPJ 11820864000176 -> CACHE (SUCESSO, 83d/365d)
2026-09-16 13:38:49 | INFO | services.connectors.risk3_connector | [697/1863] CNPJ 11862955000174 -> CACHE (SUCESSO, 84d/365d)
2026-09-16 13:38:49 | INFO | services.connectors.risk3_connector | [698/1863] CNPJ 11907140000164 -> CACHE (NAO_ENCONTRADO, 0d/30d)
2026-09-16 13:38:49 | INFO | services.connectors.risk3_connector | [699/1863] CNPJ 12009135000105 -> CACHE (SUCESSO, 112d/365d)
2026-09-16 13:38:49 | INFO | services.connectors.risk3_connector | [700/1863] CNPJ 12011542000149 -> CACHE (SUCESSO, 83d/365d)
2026-09-16 13:38:49 | INFO | services.connectors.risk3_connector | [701/1863] CNPJ 12027723000163 -> CACHE (SUCESSO, 188d/365d)
2026-09-16 13:38:49 | INFO | services.connectors.risk3_connector | [702/1863] CNPJ 12056613000120 -> CACHE (SUCESSO, 41d/365d)
2026-09-16 13:38:49 | INFO | services.connectors.risk3_connector | [703/1863] CNPJ 12073475000197 -> CACHE (SUCESSO, 308d/365d)
2026-09-16 13:38:49 | INFO | services.connectors.risk3_connector | [704/1863] CNPJ 12091809000155 -> CACHE (SUCESSO, 125d/365d)
2026-09-16 13:38:49 | INFO | services.connectors.risk3_connector | [705/1863] CNPJ 12094479000151 -> CACHE (SUCESSO, 313d/365d)
2026-09-16 13:38:49 | INFO | services.connectors.risk3_connector | [706/1863] CNPJ 12094570000177 -> CACHE (SUCESSO, 64d/365d)
2026-09-16 13:38:49 | INFO | services.connectors.risk3_connector | [707/1863] CNPJ 12125536000112 -> CACHE (NAO_ENCONTRADO, 0d/30d)
2026-09-16 13:38:49 | INFO | services.connectors.risk3_connector | [708/1863] CNPJ 12130090000114 -> CACHE (SUCESSO, 301d/365d)
2026-09-16 13:38:49 | INFO | services.connectors.risk3_connector | [709/1863] CNPJ 12147176000150 -> CACHE (NAO_ENCONTRADO, 0d/30d)
2026-09-16 13:38:49 | INFO | services.connectors.risk3_connector | [710/1863] CNPJ 12150746000160 -> CACHE (SUCESSO, 133d/365d)
2026-09-16 13:38:49 | INFO | services.connectors.risk3_connector | [711/1863] CNPJ 12163581000161 -> CACHE (SUCESSO, 187d/365d)
2026-09-16 13:38:49 | INFO | services.connectors.risk3_connector | [712/1863] CNPJ 12291462000194 -> CACHE (SUCESSO, 110d/365d)
2026-09-16 13:38:49 | INFO | services.connectors.risk3_connector | [713/1863] CNPJ 12300288000107 -> CACHE (SUCESSO, 131d/365d)
2026-09-16 13:38:49 | INFO | services.connectors.risk3_connector | [714/1863] CNPJ 12312945000128 -> CACHE (SUCESSO, 83d/365d)
2026-09-16 13:38:49 | INFO | services.connectors.risk3_connector | [715/1863] CNPJ 12320940000147 -> CACHE (SUCESSO, 344d/365d)
2026-09-16 13:38:49 | INFO | services.connectors.risk3_connector | [716/1863] CNPJ 12348206000196 -> CACHE (SUCESSO, 127d/365d)
2026-09-16 13:38:49 | INFO | services.connectors.risk3_connector | [717/1863] CNPJ 12368097000179 -> CACHE (SUCESSO, 106d/365d)
2026-09-16 13:38:49 | INFO | services.connectors.risk3_connector | [718/1863] CNPJ 12422540000142 -> CACHE (NAO_ENCONTRADO, 0d/30d)
2026-09-16 13:38:49 | INFO | services.connectors.risk3_connector | [719/1863] CNPJ 12458962000178 -> CACHE (NAO_ENCONTRADO, 0d/30d)
2026-09-16 13:38:49 | INFO | services.connectors.risk3_connector | [720/1863] CNPJ 12513940000163 -> CACHE (SUCESSO, 84d/365d)
2026-09-16 13:38:49 | INFO | services.connectors.risk3_connector | [721/1863] CNPJ 12543217000127 -> CACHE (SUCESSO, 343d/365d)
2026-09-16 13:38:49 | INFO | services.connectors.risk3_connector | [722/1863] CNPJ 12546508000179 -> CACHE (SUCESSO, 84d/365d)
2026-09-16 13:38:49 | INFO | services.connectors.risk3_connector | [723/1863] CNPJ 12593013000109 -> CACHE (SUCESSO, 350d/365d)
2026-09-16 13:38:49 | INFO | services.connectors.risk3_connector | [724/1863] CNPJ 12630054000110 -> CACHE (NAO_ENCONTRADO, 0d/30d)
2026-09-16 13:38:49 | INFO | services.connectors.risk3_connector | [725/1863] CNPJ 12659112000138 -> CACHE (SUCESSO, 156d/365d)
2026-09-16 13:38:49 | INFO | services.connectors.risk3_connector | [726/1863] CNPJ 12695141000155 -> CACHE (SUCESSO, 146d/365d)
2026-09-16 13:38:49 | INFO | services.connectors.risk3_connector | [727/1863] CNPJ 12809025000110 -> CACHE (SUCESSO, 121d/365d)
2026-09-16 13:38:49 | INFO | services.connectors.risk3_connector | [728/1863] CNPJ 12884632000144 -> CACHE (SUCESSO, 57d/365d)
2026-09-16 13:38:49 | INFO | services.connectors.risk3_connector | [729/1863] CNPJ 12884672000510 -> CACHE (SUCESSO, 84d/365d)
2026-09-16 13:38:49 | INFO | services.connectors.risk3_connector | [730/1863] CNPJ 12919786000124 -> CACHE (SUCESSO, 301d/365d)
2026-09-16 13:38:49 | INFO | services.connectors.risk3_connector | [731/1863] CNPJ 12924620000104 -> CACHE (SUCESSO, 83d/365d)
2026-09-16 13:38:49 | INFO | services.connectors.risk3_connector | [732/1863] CNPJ 12987729000182 -> CACHE (SUCESSO, 84d/365d)
2026-09-16 13:38:49 | INFO | services.connectors.risk3_connector | [733/1863] CNPJ 13061918000192 -> CACHE (SUCESSO, 83d/365d)
2026-09-16 13:38:49 | INFO | services.connectors.risk3_connector | [734/1863] CNPJ 13091683000181 -> CACHE (SUCESSO, 159d/365d)
2026-09-16 13:38:49 | INFO | services.connectors.risk3_connector | [735/1863] CNPJ 13123801000196 -> CACHE (SUCESSO, 246d/365d)
2026-09-16 13:38:49 | INFO | services.connectors.risk3_connector | [736/1863] CNPJ 13145928000106 -> CACHE (NAO_ENCONTRADO, 0d/30d)
2026-09-16 13:38:49 | INFO | services.connectors.risk3_connector | [737/1863] CNPJ 13176619000101 -> CACHE (SUCESSO, 83d/365d)
2026-09-16 13:38:49 | INFO | services.connectors.risk3_connector | [738/1863] CNPJ 13200257000139 -> CACHE (NAO_ENCONTRADO, 0d/30d)
2026-09-16 13:38:49 | INFO | services.connectors.risk3_connector | [739/1863] CNPJ 13243573000198 -> CACHE (SUCESSO, 84d/365d)
2026-09-16 13:38:49 | INFO | services.connectors.risk3_connector | [740/1863] CNPJ 13338734000127 -> CACHE (SUCESSO, 56d/365d)
2026-09-16 13:38:49 | INFO | services.connectors.risk3_connector | [741/1863] CNPJ 13348048000137 -> CACHE (NAO_ENCONTRADO, 0d/30d)
2026-09-16 13:38:49 | INFO | services.connectors.risk3_connector | [742/1863] CNPJ 13374270000104 -> CACHE (SUCESSO, 146d/365d)
2026-09-16 13:38:49 | INFO | services.connectors.risk3_connector | [743/1863] CNPJ 13416922000126 -> CACHE (SUCESSO, 58d/365d)
2026-09-16 13:38:49 | INFO | services.connectors.risk3_connector | [744/1863] CNPJ 13459301000120 -> CACHE (SUCESSO, 110d/365d)
2026-09-16 13:38:49 | INFO | services.connectors.risk3_connector | [745/1863] CNPJ 13504675000110 -> CACHE (SUCESSO, 90d/365d)
2026-09-16 13:38:49 | INFO | services.connectors.risk3_connector | [746/1863] CNPJ 13547619000162 -> CACHE (SUCESSO, 84d/365d)
2026-09-16 13:38:49 | INFO | services.connectors.risk3_connector | [747/1863] CNPJ 13573332000107 -> CACHE (NAO_ENCONTRADO, 0d/30d)
2026-09-16 13:38:49 | INFO | services.connectors.risk3_connector | [748/1863] CNPJ 13581313000122 -> CACHE (SUCESSO, 321d/365d)
2026-09-16 13:38:49 | INFO | services.connectors.risk3_connector | [749/1863] CNPJ 13645518000124 -> CACHE (SUCESSO, 163d/365d)
2026-09-16 13:38:49 | INFO | services.connectors.risk3_connector | [750/1863] CNPJ 13700609000115 -> CACHE (SUCESSO, 20d/365d)
2026-09-16 13:38:49 | INFO | services.connectors.risk3_connector | [751/1863] CNPJ 13711686000170 -> CACHE (SUCESSO, 84d/365d)
2026-09-16 13:38:49 | INFO | services.connectors.risk3_connector | [752/1863] CNPJ 13722308000192 -> CACHE (SUCESSO, 83d/365d)
2026-09-16 13:38:49 | INFO | services.connectors.risk3_connector | [753/1863] CNPJ 13743550000142 -> CACHE (SUCESSO, 119d/365d)
2026-09-16 13:38:49 | INFO | services.connectors.risk3_connector | [754/1863] CNPJ 13777004000122 -> CACHE (NAO_ENCONTRADO, 14d/30d)
2026-09-16 13:38:49 | INFO | services.connectors.risk3_connector | [755/1863] CNPJ 13788120000147 -> CACHE (SUCESSO, 37d/365d)
2026-09-16 13:38:49 | INFO | services.connectors.risk3_connector | [756/1863] CNPJ 13816470000170 -> CACHE (SUCESSO, 85d/365d)
2026-09-16 13:38:49 | INFO | services.connectors.risk3_connector | [757/1863] CNPJ 13844786000175 -> CACHE (SUCESSO, 196d/365d)
2026-09-16 13:38:49 | INFO | services.connectors.risk3_connector | [758/1863] CNPJ 13861424000192 -> CACHE (SUCESSO, 125d/365d)
2026-09-16 13:38:49 | INFO | services.connectors.risk3_connector | [759/1863] CNPJ 13890438000134 -> CACHE (SUCESSO, 84d/365d)
2026-09-16 13:38:49 | INFO | services.connectors.risk3_connector | [760/1863] CNPJ 13897477000163 -> CACHE (SUCESSO, 84d/365d)
2026-09-16 13:38:49 | INFO | services.connectors.risk3_connector | [761/1863] CNPJ 13923945000127 -> CACHE (SUCESSO, 84d/365d)
2026-09-16 13:38:49 | INFO | services.connectors.risk3_connector | [762/1863] CNPJ 13975154000140 -> CACHE (SUCESSO, 83d/365d)
2026-09-16 13:38:49 | INFO | services.connectors.risk3_connector | [763/1863] CNPJ 14011603000101 -> CACHE (SUCESSO, 239d/365d)
2026-09-16 13:38:49 | INFO | services.connectors.risk3_connector | [764/1863] CNPJ 14023604000168 -> CACHE (NAO_ENCONTRADO, 0d/30d)
2026-09-16 13:38:49 | INFO | services.connectors.risk3_connector | [765/1863] CNPJ 14049467000130 -> CACHE (SUCESSO, 314d/365d)
2026-09-16 13:38:49 | INFO | services.connectors.risk3_connector | [766/1863] CNPJ 14055501000180 -> CACHE (SUCESSO, 83d/365d)
2026-09-16 13:38:49 | INFO | services.connectors.risk3_connector | [767/1863] CNPJ 14073441000128 -> CACHE (SUCESSO, 245d/365d)
2026-09-16 13:38:49 | INFO | services.connectors.risk3_connector | [768/1863] CNPJ 14089519000100 -> CACHE (SUCESSO, 83d/365d)
2026-09-16 13:38:49 | INFO | services.connectors.risk3_connector | [769/1863] CNPJ 14094415000186 -> CACHE (SUCESSO, 194d/365d)
2026-09-16 13:38:49 | INFO | services.connectors.risk3_connector | [770/1863] CNPJ 14167541000113 -> CACHE (SUCESSO, 79d/365d)
2026-09-16 13:38:49 | INFO | services.connectors.risk3_connector | [771/1863] CNPJ 14171796000150 -> CACHE (SUCESSO, 246d/365d)
2026-09-16 13:38:49 | INFO | services.connectors.risk3_connector | [772/1863] CNPJ 14180156000106 -> CACHE (SUCESSO, 83d/365d)
2026-09-16 13:38:49 | INFO | services.connectors.risk3_connector | [773/1863] CNPJ 14295008000137 -> CACHE (SUCESSO, 155d/365d)
2026-09-16 13:38:49 | INFO | services.connectors.risk3_connector | [774/1863] CNPJ 14475006000120 -> CACHE (SUCESSO, 349d/365d)
2026-09-16 13:38:49 | INFO | services.connectors.risk3_connector | [775/1863] CNPJ 14483137000230 -> CACHE (SUCESSO, 15d/365d)
2026-09-16 13:38:49 | INFO | services.connectors.risk3_connector | [776/1863] CNPJ 14522178000107 -> CACHE (SUCESSO, 167d/365d)
2026-09-16 13:38:49 | INFO | services.connectors.risk3_connector | [777/1863] CNPJ 14555633000170 -> CACHE (SUCESSO, 176d/365d)
2026-09-16 13:38:49 | INFO | services.connectors.risk3_connector | [778/1863] CNPJ 14609649000119 -> CACHE (SUCESSO, 97d/365d)
2026-09-16 13:38:49 | INFO | services.connectors.risk3_connector | [779/1863] CNPJ 14658216000153 -> CACHE (SUCESSO, 195d/365d)
2026-09-16 13:38:49 | INFO | services.connectors.risk3_connector | [780/1863] CNPJ 14675270000107 -> CACHE (SUCESSO, 328d/365d)
2026-09-16 13:38:49 | INFO | services.connectors.risk3_connector | [781/1863] CNPJ 14738147000198 -> CACHE (SUCESSO, 83d/365d)
2026-09-16 13:38:49 | INFO | services.connectors.risk3_connector | [782/1863] CNPJ 14738350000164 -> CACHE (SUCESSO, 84d/365d)
2026-09-16 13:38:49 | INFO | services.connectors.risk3_connector | [783/1863] CNPJ 14799060000120 -> CACHE (SUCESSO, 119d/365d)
2026-09-16 13:38:49 | INFO | services.connectors.risk3_connector | [784/1863] CNPJ 14807945000124 -> CACHE (NAO_ENCONTRADO, 0d/30d)
2026-09-16 13:38:49 | INFO | services.connectors.risk3_connector | [785/1863] CNPJ 15027346000150 -> CACHE (NAO_ENCONTRADO, 0d/30d)
2026-09-16 13:38:49 | INFO | services.connectors.risk3_connector | [786/1863] CNPJ 15042149000100 -> CACHE (SUCESSO, 131d/365d)
2026-09-16 13:38:49 | INFO | services.connectors.risk3_connector | [787/1863] CNPJ 15054480000140 -> CACHE (SUCESSO, 121d/365d)
2026-09-16 13:38:49 | INFO | services.connectors.risk3_connector | [788/1863] CNPJ 15087610000141 -> CACHE (NAO_ENCONTRADO, 0d/30d)
2026-09-16 13:38:49 | INFO | services.connectors.risk3_connector | [789/1863] CNPJ 15091769000130 -> CACHE (SUCESSO, 209d/365d)
2026-09-16 13:38:49 | INFO | services.connectors.risk3_connector | [790/1863] CNPJ 15108924000183 -> CACHE (SUCESSO, 83d/365d)
2026-09-16 13:38:49 | INFO | services.connectors.risk3_connector | [791/1863] CNPJ 15141799000103 -> CACHE (SUCESSO, 112d/365d)
2026-09-16 13:38:49 | INFO | services.connectors.risk3_connector | [792/1863] CNPJ 15163403000129 -> CACHE (SUCESSO, 83d/365d)
2026-09-16 13:38:49 | INFO | services.connectors.risk3_connector | [793/1863] CNPJ 15170723000106 -> CACHE (SUCESSO, 334d/365d)
2026-09-16 13:38:49 | INFO | services.connectors.risk3_connector | [794/1863] CNPJ 15174398000150 -> CACHE (SUCESSO, 84d/365d)
2026-09-16 13:38:49 | INFO | services.connectors.risk3_connector | [795/1863] CNPJ 15186359000172 -> CACHE (SUCESSO, 203d/365d)
2026-09-16 13:38:49 | INFO | services.connectors.risk3_connector | [796/1863] CNPJ 15186494000118 -> CACHE (SUCESSO, 84d/365d)
2026-09-16 13:38:49 | INFO | services.connectors.risk3_connector | [797/1863] CNPJ 15217260000190 -> CACHE (SUCESSO, 77d/365d)
2026-09-16 13:38:49 | INFO | services.connectors.risk3_connector | [798/1863] CNPJ 15307114000156 -> CACHE (SUCESSO, 245d/365d)
2026-09-16 13:38:49 | INFO | services.connectors.risk3_connector | [799/1863] CNPJ 15330530000175 -> CACHE (SUCESSO, 83d/365d)
2026-09-16 13:38:49 | INFO | services.connectors.risk3_connector | [800/1863] CNPJ 15373395000145 -> CACHE (SUCESSO, 86d/365d)
2026-09-16 13:38:49 | INFO | services.connectors.risk3_connector | [801/1863] CNPJ 15375991000164 -> CACHE (NAO_ENCONTRADO, 0d/30d)
2026-09-16 13:38:49 | INFO | services.connectors.risk3_connector | [802/1863] CNPJ 15388514000133 -> CACHE (SUCESSO, 84d/365d)
2026-09-16 13:38:49 | INFO | services.connectors.risk3_connector | [803/1863] CNPJ 15458171000136 -> CACHE (SUCESSO, 131d/365d)
2026-09-16 13:38:49 | INFO | services.connectors.risk3_connector | [804/1863] CNPJ 15515966000139 -> CACHE (SUCESSO, 246d/365d)
2026-09-16 13:38:49 | INFO | services.connectors.risk3_connector | [805/1863] CNPJ 15568388000107 -> CACHE (SUCESSO, 245d/365d)
2026-09-16 13:38:49 | INFO | services.connectors.risk3_connector | [806/1863] CNPJ 15578569000106 -> CACHE (SUCESSO, 301d/365d)
2026-09-16 13:38:49 | INFO | services.connectors.risk3_connector | [807/1863] CNPJ 15623286000139 -> CACHE (SUCESSO, 131d/365d)
2026-09-16 13:38:49 | INFO | services.connectors.risk3_connector | [808/1863] CNPJ 15667402000111 -> CACHE (NAO_ENCONTRADO, 0d/30d)
2026-09-16 13:38:49 | INFO | services.connectors.risk3_connector | [809/1863] CNPJ 15688196000126 -> CACHE (SUCESSO, 156d/365d)
2026-09-16 13:38:49 | INFO | services.connectors.risk3_connector | [810/1863] CNPJ 15728576000147 -> CACHE (SUCESSO, 30d/365d)
2026-09-16 13:38:49 | INFO | services.connectors.risk3_connector | [811/1863] CNPJ 15732189000184 -> CACHE (SUCESSO, 131d/365d)
2026-09-16 13:38:49 | INFO | services.connectors.risk3_connector | [812/1863] CNPJ 16367850000162 -> CACHE (SUCESSO, 84d/365d)
2026-09-16 13:38:49 | INFO | services.connectors.risk3_connector | [813/1863] CNPJ 16404287000155 -> CACHE (SUCESSO, 110d/365d)
2026-09-16 13:38:49 | INFO | services.connectors.risk3_connector | [814/1863] CNPJ 16404287067730 -> CACHE (NAO_ENCONTRADO, 0d/30d)
2026-09-16 13:38:49 | INFO | services.connectors.risk3_connector | [815/1863] CNPJ 16433626000121 -> CACHE (SUCESSO, 226d/365d)
2026-09-16 13:38:49 | INFO | services.connectors.risk3_connector | [816/1863] CNPJ 16561291000127 -> CACHE (SUCESSO, 84d/365d)
2026-09-16 13:38:49 | INFO | services.connectors.risk3_connector | [817/1863] CNPJ 16587133000146 -> CACHE (SUCESSO, 20d/365d)
2026-09-16 13:38:49 | INFO | services.connectors.risk3_connector | [818/1863] CNPJ 16617789000164 -> CACHE (NAO_ENCONTRADO, 0d/30d)
2026-09-16 13:38:49 | INFO | services.connectors.risk3_connector | [819/1863] CNPJ 16628281000161 -> CACHE (SUCESSO, 36d/365d)
2026-09-16 13:38:49 | INFO | services.connectors.risk3_connector | [820/1863] CNPJ 16701716003686 -> CACHE (NAO_ENCONTRADO, 0d/30d)
2026-09-16 13:38:49 | INFO | services.connectors.risk3_connector | [821/1863] CNPJ 16775973000132 -> CACHE (SUCESSO, 131d/365d)
2026-09-16 13:38:49 | INFO | services.connectors.risk3_connector | [822/1863] CNPJ 16793501000102 -> CACHE (SUCESSO, 84d/365d)
2026-09-16 13:38:49 | INFO | services.connectors.risk3_connector | [823/1863] CNPJ 16804519000162 -> CACHE (SUCESSO, 195d/365d)
2026-09-16 13:38:49 | INFO | services.connectors.risk3_connector | [824/1863] CNPJ 16820052000144 -> CACHE (SUCESSO, 232d/365d)
2026-09-16 13:38:49 | INFO | services.connectors.risk3_connector | [825/1863] CNPJ 16875048000183 -> CACHE (SUCESSO, 41d/365d)
2026-09-16 13:38:49 | INFO | services.connectors.risk3_connector | [826/1863] CNPJ 16928294000156 -> CACHE (SUCESSO, 282d/365d)
2026-09-16 13:38:49 | INFO | services.connectors.risk3_connector | [827/1863] CNPJ 16933590000145 -> CACHE (SUCESSO, 133d/365d)
2026-09-16 13:38:49 | INFO | services.connectors.risk3_connector | [828/1863] CNPJ 16974249000138 -> CACHE (SUCESSO, 83d/365d)
2026-09-16 13:38:49 | INFO | services.connectors.risk3_connector | [829/1863] CNPJ 17040615000144 -> CACHE (NAO_ENCONTRADO, 0d/30d)
2026-09-16 13:38:49 | INFO | services.connectors.risk3_connector | [830/1863] CNPJ 17069905000110 -> CACHE (SUCESSO, 196d/365d)
2026-09-16 13:38:49 | INFO | services.connectors.risk3_connector | [831/1863] CNPJ 17070597000143 -> CACHE (NAO_ENCONTRADO, 0d/30d)
2026-09-16 13:38:49 | INFO | services.connectors.risk3_connector | [832/1863] CNPJ 17077752000153 -> CACHE (NAO_ENCONTRADO, 14d/30d)
2026-09-16 13:38:49 | INFO | services.connectors.risk3_connector | [833/1863] CNPJ 17112981000161 -> CACHE (SUCESSO, 131d/365d)
2026-09-16 13:38:49 | INFO | services.connectors.risk3_connector | [834/1863] CNPJ 17115437000173 -> CACHE (SUCESSO, 84d/365d)
2026-09-16 13:38:49 | INFO | services.connectors.risk3_connector | [835/1863] CNPJ 17155730000164 -> CACHE (NAO_ENCONTRADO, 0d/30d)
2026-09-16 13:38:49 | INFO | services.connectors.risk3_connector | [836/1863] CNPJ 17176987000100 -> CACHE (SUCESSO, 84d/365d)
2026-09-16 13:38:49 | INFO | services.connectors.risk3_connector | [837/1863] CNPJ 17204923000168 -> CACHE (SUCESSO, 76d/365d)
2026-09-16 13:38:49 | INFO | services.connectors.risk3_connector | [838/1863] CNPJ 17210843000115 -> CACHE (SUCESSO, 84d/365d)
2026-09-16 13:38:49 | INFO | services.connectors.risk3_connector | [839/1863] CNPJ 17221771000101 -> Consultando API (Endpoint detalhado por CNPJ)...
2026-09-16 13:38:50 | INFO | services.connectors.risk3_connector | SUCESSO na extração dos detalhes!
2026-09-16 13:38:50 | INFO | services.connectors.risk3_connector | [840/1863] CNPJ 17227422000105 -> CACHE (SUCESSO, 112d/365d)
2026-09-16 13:38:50 | INFO | services.connectors.risk3_connector | [841/1863] CNPJ 17247679000110 -> CACHE (SUCESSO, 317d/365d)
2026-09-16 13:38:50 | INFO | services.connectors.risk3_connector | [842/1863] CNPJ 17302990000115 -> CACHE (NAO_ENCONTRADO, 0d/30d)
2026-09-16 13:38:50 | INFO | services.connectors.risk3_connector | [843/1863] CNPJ 17313041000130 -> CACHE (SUCESSO, 83d/365d)
2026-09-16 13:38:50 | INFO | services.connectors.risk3_connector | [844/1863] CNPJ 17385003000193 -> CACHE (SUCESSO, 84d/365d)
2026-09-16 13:38:50 | INFO | services.connectors.risk3_connector | [845/1863] CNPJ 17386017000121 -> CACHE (NAO_ENCONTRADO, 0d/30d)
2026-09-16 13:38:50 | INFO | services.connectors.risk3_connector | [846/1863] CNPJ 17461715000225 -> CACHE (SUCESSO, 90d/365d)
2026-09-16 13:38:50 | INFO | services.connectors.risk3_connector | [847/1863] CNPJ 17465122000156 -> CACHE (SUCESSO, 84d/365d)
2026-09-16 13:38:50 | INFO | services.connectors.risk3_connector | [848/1863] CNPJ 17469701000177 -> CACHE (SUCESSO, 126d/365d)
2026-09-16 13:38:50 | INFO | services.connectors.risk3_connector | [849/1863] CNPJ 17469701018700 -> CACHE (NAO_ENCONTRADO, 14d/30d)
2026-09-16 13:38:50 | INFO | services.connectors.risk3_connector | [850/1863] CNPJ 17481242000147 -> CACHE (SUCESSO, 84d/365d)
2026-09-16 13:38:50 | INFO | services.connectors.risk3_connector | [851/1863] CNPJ 17531314000113 -> CACHE (SUCESSO, 41d/365d)
2026-09-16 13:38:50 | INFO | services.connectors.risk3_connector | [852/1863] CNPJ 17555263000160 -> CACHE (SUCESSO, 127d/365d)
2026-09-16 13:38:50 | INFO | services.connectors.risk3_connector | [853/1863] CNPJ 17838797000101 -> CACHE (SUCESSO, 83d/365d)
2026-09-16 13:38:50 | INFO | services.connectors.risk3_connector | [854/1863] CNPJ 17851152000109 -> CACHE (SUCESSO, 125d/365d)
2026-09-16 13:38:50 | INFO | services.connectors.risk3_connector | [855/1863] CNPJ 17858631000149 -> CACHE (SUCESSO, 131d/365d)
2026-09-16 13:38:50 | INFO | services.connectors.risk3_connector | [856/1863] CNPJ 18067083000100 -> CACHE (SUCESSO, 174d/365d)
2026-09-16 13:38:50 | INFO | services.connectors.risk3_connector | [857/1863] CNPJ 18184793000101 -> CACHE (SUCESSO, 83d/365d)
2026-09-16 13:38:50 | INFO | services.connectors.risk3_connector | [858/1863] CNPJ 18185035000108 -> CACHE (SUCESSO, 155d/365d)
2026-09-16 13:38:50 | INFO | services.connectors.risk3_connector | [859/1863] CNPJ 18216718000185 -> CACHE (SUCESSO, 83d/365d)
2026-09-16 13:38:50 | INFO | services.connectors.risk3_connector | [860/1863] CNPJ 18269125000187 -> CACHE (SUCESSO, 63d/365d)
2026-09-16 13:38:50 | INFO | services.connectors.risk3_connector | [861/1863] CNPJ 18279158000108 -> CACHE (SUCESSO, 301d/365d)
2026-09-16 13:38:50 | INFO | services.connectors.risk3_connector | [862/1863] CNPJ 18384740000134 -> CACHE (SUCESSO, 96d/365d)
2026-09-16 13:38:50 | INFO | services.connectors.risk3_connector | [863/1863] CNPJ 18416364000112 -> CACHE (SUCESSO, 78d/365d)
2026-09-16 13:38:50 | INFO | services.connectors.risk3_connector | [864/1863] CNPJ 18483400000160 -> CACHE (SUCESSO, 131d/365d)
2026-09-16 13:38:50 | INFO | services.connectors.risk3_connector | [865/1863] CNPJ 18605172000154 -> CACHE (SUCESSO, 187d/365d)
2026-09-16 13:38:50 | INFO | services.connectors.risk3_connector | [866/1863] CNPJ 18626084000139 -> CACHE (SUCESSO, 217d/365d)
2026-09-16 13:38:50 | INFO | services.connectors.risk3_connector | [867/1863] CNPJ 18748235000121 -> CACHE (SUCESSO, 84d/365d)
2026-09-16 13:38:50 | INFO | services.connectors.risk3_connector | [868/1863] CNPJ 18788137000118 -> CACHE (SUCESSO, 84d/365d)
2026-09-16 13:38:50 | INFO | services.connectors.risk3_connector | [869/1863] CNPJ 18803654000461 -> CACHE (SUCESSO, 278d/365d)
2026-09-16 13:38:50 | INFO | services.connectors.risk3_connector | [870/1863] CNPJ 18845076000183 -> CACHE (SUCESSO, 134d/365d)
2026-09-16 13:38:50 | INFO | services.connectors.risk3_connector | [871/1863] CNPJ 18852832000100 -> CACHE (SUCESSO, 83d/365d)
2026-09-16 13:38:50 | INFO | services.connectors.risk3_connector | [872/1863] CNPJ 18856003000197 -> CACHE (SUCESSO, 83d/365d)
2026-09-16 13:38:50 | INFO | services.connectors.risk3_connector | [873/1863] CNPJ 18866111000140 -> CACHE (SUCESSO, 83d/365d)
2026-09-16 13:38:50 | INFO | services.connectors.risk3_connector | [874/1863] CNPJ 18891185000137 -> CACHE (SUCESSO, 154d/365d)
2026-09-16 13:38:50 | INFO | services.connectors.risk3_connector | [875/1863] CNPJ 18972990000195 -> CACHE (SUCESSO, 84d/365d)
2026-09-16 13:38:50 | INFO | services.connectors.risk3_connector | [876/1863] CNPJ 18983409000130 -> CACHE (SUCESSO, 84d/365d)
2026-09-16 13:38:50 | INFO | services.connectors.risk3_connector | [877/1863] CNPJ 19020939000146 -> CACHE (SUCESSO, 83d/365d)
2026-09-16 13:38:50 | INFO | services.connectors.risk3_connector | [878/1863] CNPJ 19125927000186 -> CACHE (SUCESSO, 128d/365d)
2026-09-16 13:38:50 | INFO | services.connectors.risk3_connector | [879/1863] CNPJ 19166180000104 -> CACHE (SUCESSO, 126d/365d)
2026-09-16 13:38:50 | INFO | services.connectors.risk3_connector | [880/1863] CNPJ 19170243000104 -> CACHE (SUCESSO, 83d/365d)
2026-09-16 13:38:50 | INFO | services.connectors.risk3_connector | [881/1863] CNPJ 19205227000100 -> CACHE (SUCESSO, 84d/365d)
2026-09-16 13:38:50 | INFO | services.connectors.risk3_connector | [882/1863] CNPJ 19223945000109 -> CACHE (SUCESSO, 83d/365d)
2026-09-16 13:38:50 | INFO | services.connectors.risk3_connector | [883/1863] CNPJ 19267297000184 -> CACHE (SUCESSO, 83d/365d)
2026-09-16 13:38:50 | INFO | services.connectors.risk3_connector | [884/1863] CNPJ 19328827000742 -> CACHE (SUCESSO, 33d/365d)
2026-09-16 13:38:50 | INFO | services.connectors.risk3_connector | [885/1863] CNPJ 19328827000823 -> CACHE (SUCESSO, 83d/365d)
2026-09-16 13:38:50 | INFO | services.connectors.risk3_connector | [886/1863] CNPJ 19445340000154 -> CACHE (SUCESSO, 246d/365d)
2026-09-16 13:38:50 | INFO | services.connectors.risk3_connector | [887/1863] CNPJ 19502690000105 -> CACHE (SUCESSO, 142d/365d)
2026-09-16 13:38:50 | INFO | services.connectors.risk3_connector | [888/1863] CNPJ 19570655000123 -> CACHE (SUCESSO, 112d/365d)
2026-09-16 13:38:50 | INFO | services.connectors.risk3_connector | [889/1863] CNPJ 19572597000258 -> CACHE (NAO_ENCONTRADO, 14d/30d)
2026-09-16 13:38:50 | INFO | services.connectors.risk3_connector | [890/1863] CNPJ 19577977000102 -> CACHE (SUCESSO, 83d/365d)
2026-09-16 13:38:50 | INFO | services.connectors.risk3_connector | [891/1863] CNPJ 19629444000119 -> CACHE (SUCESSO, 83d/365d)
2026-09-16 13:38:50 | INFO | services.connectors.risk3_connector | [892/1863] CNPJ 19631099000158 -> CACHE (SUCESSO, 245d/365d)
2026-09-16 13:38:50 | INFO | services.connectors.risk3_connector | [893/1863] CNPJ 19674909000153 -> CACHE (SUCESSO, 65d/365d)
2026-09-16 13:38:50 | INFO | services.connectors.risk3_connector | [894/1863] CNPJ 19726111000108 -> CACHE (SUCESSO, 316d/365d)
2026-09-16 13:38:50 | INFO | services.connectors.risk3_connector | [895/1863] CNPJ 19813045000103 -> CACHE (SUCESSO, 323d/365d)
2026-09-16 13:38:50 | INFO | services.connectors.risk3_connector | [896/1863] CNPJ 19868024000195 -> CACHE (SUCESSO, 84d/365d)
2026-09-16 13:38:50 | INFO | services.connectors.risk3_connector | [897/1863] CNPJ 19868855000167 -> CACHE (SUCESSO, 84d/365d)
2026-09-16 13:38:50 | INFO | services.connectors.risk3_connector | [898/1863] CNPJ 19890579000133 -> CACHE (SUCESSO, 84d/365d)
2026-09-16 13:38:50 | INFO | services.connectors.risk3_connector | [899/1863] CNPJ 19925848000150 -> CACHE (SUCESSO, 96d/365d)
2026-09-16 13:38:50 | INFO | services.connectors.risk3_connector | [900/1863] CNPJ 19998958000141 -> CACHE (SUCESSO, 83d/365d)
2026-09-16 13:38:50 | INFO | services.connectors.risk3_connector | [901/1863] CNPJ 20003699000150 -> CACHE (SUCESSO, 85d/365d)
2026-09-16 13:38:50 | INFO | services.connectors.risk3_connector | [902/1863] CNPJ 20040441000124 -> CACHE (SUCESSO, 84d/365d)
2026-09-16 13:38:50 | INFO | services.connectors.risk3_connector | [903/1863] CNPJ 20088535000173 -> CACHE (SUCESSO, 124d/365d)
2026-09-16 13:38:50 | INFO | services.connectors.risk3_connector | [904/1863] CNPJ 20216840000101 -> CACHE (SUCESSO, 84d/365d)
2026-09-16 13:38:50 | INFO | services.connectors.risk3_connector | [905/1863] CNPJ 20300157003912 -> CACHE (NAO_ENCONTRADO, 0d/30d)
2026-09-16 13:38:50 | INFO | services.connectors.risk3_connector | [906/1863] CNPJ 20346524000146 -> CACHE (SUCESSO, 71d/365d)
2026-09-16 13:38:50 | INFO | services.connectors.risk3_connector | [907/1863] CNPJ 20494564000216 -> CACHE (SUCESSO, 83d/365d)
2026-09-16 13:38:50 | INFO | services.connectors.risk3_connector | [908/1863] CNPJ 20500092000186 -> CACHE (SUCESSO, 84d/365d)
2026-09-16 13:38:50 | INFO | services.connectors.risk3_connector | [909/1863] CNPJ 20557422000170 -> CACHE (SUCESSO, 173d/365d)
2026-09-16 13:38:50 | INFO | services.connectors.risk3_connector | [910/1863] CNPJ 20591154000102 -> CACHE (SUCESSO, 106d/365d)
2026-09-16 13:38:50 | INFO | services.connectors.risk3_connector | [911/1863] CNPJ 20641255000140 -> CACHE (SUCESSO, 245d/365d)
2026-09-16 13:38:50 | INFO | services.connectors.risk3_connector | [912/1863] CNPJ 20726794000182 -> CACHE (NAO_ENCONTRADO, 0d/30d)
2026-09-16 13:38:50 | INFO | services.connectors.risk3_connector | [913/1863] CNPJ 20835381000136 -> CACHE (SUCESSO, 84d/365d)
2026-09-16 13:38:50 | INFO | services.connectors.risk3_connector | [914/1863] CNPJ 20844980000116 -> CACHE (SUCESSO, 84d/365d)
2026-09-16 13:38:50 | INFO | services.connectors.risk3_connector | [915/1863] CNPJ 20978264000121 -> CACHE (NAO_ENCONTRADO, 0d/30d)
2026-09-16 13:38:50 | INFO | services.connectors.risk3_connector | [916/1863] CNPJ 21034389000166 -> CACHE (SUCESSO, 170d/365d)
2026-09-16 13:38:50 | INFO | services.connectors.risk3_connector | [917/1863] CNPJ 21069040000160 -> CACHE (SUCESSO, 83d/365d)
2026-09-16 13:38:50 | INFO | services.connectors.risk3_connector | [918/1863] CNPJ 21093385000159 -> CACHE (SUCESSO, 83d/365d)
2026-09-16 13:38:50 | INFO | services.connectors.risk3_connector | [919/1863] CNPJ 21109697000103 -> CACHE (SUCESSO, 259d/365d)
2026-09-16 13:38:50 | INFO | services.connectors.risk3_connector | [920/1863] CNPJ 21160480000128 -> CACHE (SUCESSO, 83d/365d)
2026-09-16 13:38:50 | INFO | services.connectors.risk3_connector | [921/1863] CNPJ 21169348000349 -> CACHE (SUCESSO, 84d/365d)
2026-09-16 13:38:50 | INFO | services.connectors.risk3_connector | [922/1863] CNPJ 21180182000108 -> CACHE (SUCESSO, 84d/365d)
2026-09-16 13:38:50 | INFO | services.connectors.risk3_connector | [923/1863] CNPJ 21213298000198 -> CACHE (SUCESSO, 83d/365d)
2026-09-16 13:38:50 | INFO | services.connectors.risk3_connector | [924/1863] CNPJ 21256386000177 -> CACHE (NAO_ENCONTRADO, 0d/30d)
2026-09-16 13:38:50 | INFO | services.connectors.risk3_connector | [925/1863] CNPJ 21366458000139 -> CACHE (SUCESSO, 195d/365d)
2026-09-16 13:38:50 | INFO | services.connectors.risk3_connector | [926/1863] CNPJ 21399573000100 -> CACHE (SUCESSO, 65d/365d)
2026-09-16 13:38:50 | INFO | services.connectors.risk3_connector | [927/1863] CNPJ 21411283000134 -> CACHE (SUCESSO, 83d/365d)
2026-09-16 13:38:50 | INFO | services.connectors.risk3_connector | [928/1863] CNPJ 21467516000110 -> CACHE (SUCESSO, 233d/365d)
2026-09-16 13:38:50 | INFO | services.connectors.risk3_connector | [929/1863] CNPJ 21484454000155 -> CACHE (SUCESSO, 85d/365d)
2026-09-16 13:38:50 | INFO | services.connectors.risk3_connector | [930/1863] CNPJ 21572069000160 -> CACHE (SUCESSO, 84d/365d)
2026-09-16 13:38:50 | INFO | services.connectors.risk3_connector | [931/1863] CNPJ 21612448000136 -> CACHE (SUCESSO, 245d/365d)
2026-09-16 13:38:50 | INFO | services.connectors.risk3_connector | [932/1863] CNPJ 21642355000154 -> CACHE (NAO_ENCONTRADO, 0d/30d)
2026-09-16 13:38:50 | INFO | services.connectors.risk3_connector | [933/1863] CNPJ 21812954000179 -> CACHE (SUCESSO, 22d/365d)
2026-09-16 13:38:50 | INFO | services.connectors.risk3_connector | [934/1863] CNPJ 21819182000105 -> CACHE (SUCESSO, 142d/365d)
2026-09-16 13:38:50 | INFO | services.connectors.risk3_connector | [935/1863] CNPJ 21842878000225 -> CACHE (SUCESSO, 84d/365d)
2026-09-16 13:38:50 | INFO | services.connectors.risk3_connector | [936/1863] CNPJ 21857228000172 -> CACHE (SUCESSO, 83d/365d)
2026-09-16 13:38:50 | INFO | services.connectors.risk3_connector | [937/1863] CNPJ 21908856000130 -> CACHE (SUCESSO, 146d/365d)
2026-09-16 13:38:50 | INFO | services.connectors.risk3_connector | [938/1863] CNPJ 21908918000103 -> CACHE (SUCESSO, 153d/365d)
2026-09-16 13:38:50 | INFO | services.connectors.risk3_connector | [939/1863] CNPJ 22084882000153 -> CACHE (SUCESSO, 121d/365d)
2026-09-16 13:38:50 | INFO | services.connectors.risk3_connector | [940/1863] CNPJ 22109465000118 -> CACHE (SUCESSO, 79d/365d)
2026-09-16 13:38:50 | INFO | services.connectors.risk3_connector | [941/1863] CNPJ 22153641000119 -> CACHE (NAO_ENCONTRADO, 0d/30d)
2026-09-16 13:38:50 | INFO | services.connectors.risk3_connector | [942/1863] CNPJ 22170908000186 -> CACHE (SUCESSO, 84d/365d)
2026-09-16 13:38:50 | INFO | services.connectors.risk3_connector | [943/1863] CNPJ 22303462000544 -> CACHE (SUCESSO, 288d/365d)
2026-09-16 13:38:50 | INFO | services.connectors.risk3_connector | [944/1863] CNPJ 22350122000140 -> CACHE (SUCESSO, 83d/365d)
2026-09-16 13:38:50 | INFO | services.connectors.risk3_connector | [945/1863] CNPJ 22395724000114 -> CACHE (SUCESSO, 83d/365d)
2026-09-16 13:38:50 | INFO | services.connectors.risk3_connector | [946/1863] CNPJ 22553164000189 -> CACHE (SUCESSO, 83d/365d)
2026-09-16 13:38:50 | INFO | services.connectors.risk3_connector | [947/1863] CNPJ 22587687000146 -> CACHE (SUCESSO, 64d/365d)
2026-09-16 13:38:50 | INFO | services.connectors.risk3_connector | [948/1863] CNPJ 22664469000168 -> CACHE (SUCESSO, 15d/365d)
2026-09-16 13:38:50 | INFO | services.connectors.risk3_connector | [949/1863] CNPJ 22753966000132 -> CACHE (SUCESSO, 146d/365d)
2026-09-16 13:38:50 | INFO | services.connectors.risk3_connector | [950/1863] CNPJ 22819418000168 -> CACHE (SUCESSO, 84d/365d)
2026-09-16 13:38:50 | INFO | services.connectors.risk3_connector | [951/1863] CNPJ 22976970000160 -> CACHE (SUCESSO, 48d/365d)
2026-09-16 13:38:50 | INFO | services.connectors.risk3_connector | [952/1863] CNPJ 22996480000125 -> CACHE (SUCESSO, 83d/365d)
2026-09-16 13:38:50 | INFO | services.connectors.risk3_connector | [953/1863] CNPJ 23063277000169 -> CACHE (SUCESSO, 83d/365d)
2026-09-16 13:38:50 | INFO | services.connectors.risk3_connector | [954/1863] CNPJ 23096269000119 -> CACHE (SUCESSO, 155d/365d)
2026-09-16 13:38:50 | INFO | services.connectors.risk3_connector | [955/1863] CNPJ 23253637000195 -> CACHE (SUCESSO, 83d/365d)
2026-09-16 13:38:50 | INFO | services.connectors.risk3_connector | [956/1863] CNPJ 23412242000198 -> CACHE (SUCESSO, 135d/365d)
2026-09-16 13:38:50 | INFO | services.connectors.risk3_connector | [957/1863] CNPJ 23422037000103 -> CACHE (NAO_ENCONTRADO, 0d/30d)
2026-09-16 13:38:50 | INFO | services.connectors.risk3_connector | [958/1863] CNPJ 23437255000111 -> CACHE (SUCESSO, 84d/365d)
2026-09-16 13:38:50 | INFO | services.connectors.risk3_connector | [959/1863] CNPJ 23455342000100 -> CACHE (SUCESSO, 83d/365d)
2026-09-16 13:38:50 | INFO | services.connectors.risk3_connector | [960/1863] CNPJ 23637697000101 -> CACHE (SUCESSO, 162d/365d)
2026-09-16 13:38:50 | INFO | services.connectors.risk3_connector | [961/1863] CNPJ 23704333000288 -> CACHE (SUCESSO, 83d/365d)
2026-09-16 13:38:50 | INFO | services.connectors.risk3_connector | [962/1863] CNPJ 23798846000114 -> CACHE (NAO_ENCONTRADO, 0d/30d)
2026-09-16 13:38:50 | INFO | services.connectors.risk3_connector | [963/1863] CNPJ 23869251000102 -> CACHE (SUCESSO, 84d/365d)
2026-09-16 13:38:50 | INFO | services.connectors.risk3_connector | [964/1863] CNPJ 23890953000178 -> CACHE (SUCESSO, 84d/365d)
2026-09-16 13:38:50 | INFO | services.connectors.risk3_connector | [965/1863] CNPJ 23892355000138 -> CACHE (SUCESSO, 83d/365d)
2026-09-16 13:38:50 | INFO | services.connectors.risk3_connector | [966/1863] CNPJ 24011952000179 -> CACHE (SUCESSO, 79d/365d)
2026-09-16 13:38:50 | INFO | services.connectors.risk3_connector | [967/1863] CNPJ 24058142000178 -> CACHE (SUCESSO, 141d/365d)
2026-09-16 13:38:50 | INFO | services.connectors.risk3_connector | [968/1863] CNPJ 24168115000158 -> CACHE (SUCESSO, 240d/365d)
2026-09-16 13:38:50 | INFO | services.connectors.risk3_connector | [969/1863] CNPJ 24222394000190 -> CACHE (SUCESSO, 110d/365d)
2026-09-16 13:38:50 | INFO | services.connectors.risk3_connector | [970/1863] CNPJ 24325696000194 -> CACHE (SUCESSO, 83d/365d)
2026-09-16 13:38:50 | INFO | services.connectors.risk3_connector | [971/1863] CNPJ 24332457000161 -> CACHE (SUCESSO, 84d/365d)
2026-09-16 13:38:50 | INFO | services.connectors.risk3_connector | [972/1863] CNPJ 24337192000194 -> CACHE (NAO_ENCONTRADO, 0d/30d)
2026-09-16 13:38:50 | INFO | services.connectors.risk3_connector | [973/1863] CNPJ 24396489000120 -> CACHE (NAO_ENCONTRADO, 0d/30d)
2026-09-16 13:38:50 | INFO | services.connectors.risk3_connector | [974/1863] CNPJ 24479976000157 -> CACHE (SUCESSO, 135d/365d)
2026-09-16 13:38:50 | INFO | services.connectors.risk3_connector | [975/1863] CNPJ 24510849000173 -> CACHE (SUCESSO, 43d/365d)
2026-09-16 13:38:50 | INFO | services.connectors.risk3_connector | [976/1863] CNPJ 24550050000100 -> CACHE (SUCESSO, 141d/365d)
2026-09-16 13:38:50 | INFO | services.connectors.risk3_connector | [977/1863] CNPJ 24632868000172 -> CACHE (SUCESSO, 173d/365d)
2026-09-16 13:38:50 | INFO | services.connectors.risk3_connector | [978/1863] CNPJ 24684129000124 -> CACHE (SUCESSO, 163d/365d)
2026-09-16 13:38:50 | INFO | services.connectors.risk3_connector | [979/1863] CNPJ 24743678000122 -> CACHE (NAO_ENCONTRADO, 0d/30d)
2026-09-16 13:38:50 | INFO | services.connectors.risk3_connector | [980/1863] CNPJ 24771203000140 -> CACHE (SUCESSO, 246d/365d)
2026-09-16 13:38:50 | INFO | services.connectors.risk3_connector | [981/1863] CNPJ 24797759000105 -> CACHE (SUCESSO, 118d/365d)
2026-09-16 13:38:50 | INFO | services.connectors.risk3_connector | [982/1863] CNPJ 24990777000109 -> CACHE (SUCESSO, 226d/365d)
2026-09-16 13:38:50 | INFO | services.connectors.risk3_connector | [983/1863] CNPJ 25079719000190 -> CACHE (SUCESSO, 98d/365d)
2026-09-16 13:38:50 | INFO | services.connectors.risk3_connector | [984/1863] CNPJ 25086034000171 -> CACHE (NAO_ENCONTRADO, 14d/30d)
2026-09-16 13:38:50 | INFO | services.connectors.risk3_connector | [985/1863] CNPJ 25099255000184 -> CACHE (SUCESSO, 93d/365d)
2026-09-16 13:38:50 | INFO | services.connectors.risk3_connector | [986/1863] CNPJ 25201024000130 -> CACHE (NAO_ENCONTRADO, 0d/30d)
2026-09-16 13:38:50 | INFO | services.connectors.risk3_connector | [987/1863] CNPJ 25318541000193 -> CACHE (NAO_ENCONTRADO, 0d/30d)
2026-09-16 13:38:50 | INFO | services.connectors.risk3_connector | [988/1863] CNPJ 25319200000132 -> CACHE (NAO_ENCONTRADO, 0d/30d)
2026-09-16 13:38:50 | INFO | services.connectors.risk3_connector | [989/1863] CNPJ 25369840000157 -> CACHE (SUCESSO, 89d/365d)
2026-09-16 13:38:50 | INFO | services.connectors.risk3_connector | [990/1863] CNPJ 25376211000154 -> CACHE (SUCESSO, 84d/365d)
2026-09-16 13:38:50 | INFO | services.connectors.risk3_connector | [991/1863] CNPJ 25401457000139 -> CACHE (SUCESSO, 189d/365d)
2026-09-16 13:38:50 | INFO | services.connectors.risk3_connector | [992/1863] CNPJ 25466251000197 -> CACHE (NAO_ENCONTRADO, 0d/30d)
2026-09-16 13:38:50 | INFO | services.connectors.risk3_connector | [993/1863] CNPJ 25982817000133 -> CACHE (SUCESSO, 83d/365d)
2026-09-16 13:38:50 | INFO | services.connectors.risk3_connector | [994/1863] CNPJ 26051817000182 -> CACHE (NAO_ENCONTRADO, 0d/30d)
2026-09-16 13:38:50 | INFO | services.connectors.risk3_connector | [995/1863] CNPJ 26060377000120 -> CACHE (SUCESSO, 246d/365d)
2026-09-16 13:38:50 | INFO | services.connectors.risk3_connector | [996/1863] CNPJ 26105453000176 -> CACHE (SUCESSO, 84d/365d)
2026-09-16 13:38:50 | INFO | services.connectors.risk3_connector | [997/1863] CNPJ 26215280000149 -> CACHE (SUCESSO, 100d/365d)
2026-09-16 13:38:50 | INFO | services.connectors.risk3_connector | [998/1863] CNPJ 26222245000157 -> CACHE (SUCESSO, 83d/365d)
2026-09-16 13:38:50 | INFO | services.connectors.risk3_connector | [999/1863] CNPJ 26437612000130 -> CACHE (SUCESSO, 20d/365d)
2026-09-16 13:38:50 | INFO | services.connectors.risk3_connector | [1000/1863] CNPJ 26474919000100 -> CACHE (NAO_ENCONTRADO, 0d/30d)
2026-09-16 13:38:50 | INFO | services.connectors.risk3_connector | [1001/1863] CNPJ 26537119000191 -> CACHE (NAO_ENCONTRADO, 0d/30d)
2026-09-16 13:38:50 | INFO | services.connectors.risk3_connector | [1002/1863] CNPJ 26562346000177 -> CACHE (SUCESSO, 44d/365d)
2026-09-16 13:38:50 | INFO | services.connectors.risk3_connector | [1003/1863] CNPJ 26589893000146 -> CACHE (SUCESSO, 153d/365d)
2026-09-16 13:38:50 | INFO | services.connectors.risk3_connector | [1004/1863] CNPJ 26608960000122 -> CACHE (SUCESSO, 240d/365d)
2026-09-16 13:38:50 | INFO | services.connectors.risk3_connector | [1005/1863] CNPJ 26628428000177 -> CACHE (SUCESSO, 351d/365d)
2026-09-16 13:38:50 | INFO | services.connectors.risk3_connector | [1006/1863] CNPJ 26689080000128 -> CACHE (SUCESSO, 15d/365d)
2026-09-16 13:38:50 | INFO | services.connectors.risk3_connector | [1007/1863] CNPJ 26711428000136 -> CACHE (SUCESSO, 155d/365d)
2026-09-16 13:38:50 | INFO | services.connectors.risk3_connector | [1008/1863] CNPJ 26878725000170 -> CACHE (SUCESSO, 84d/365d)
2026-09-16 13:38:50 | INFO | services.connectors.risk3_connector | [1009/1863] CNPJ 26914969000161 -> CACHE (SUCESSO, 93d/365d)
2026-09-16 13:38:50 | INFO | services.connectors.risk3_connector | [1010/1863] CNPJ 26940979000171 -> CACHE (NAO_ENCONTRADO, 14d/30d)
2026-09-16 13:38:50 | INFO | services.connectors.risk3_connector | [1011/1863] CNPJ 26986376000100 -> CACHE (SUCESSO, 133d/365d)
2026-09-16 13:38:50 | INFO | services.connectors.risk3_connector | [1012/1863] CNPJ 27133259000167 -> CACHE (SUCESSO, 84d/365d)
2026-09-16 13:38:50 | INFO | services.connectors.risk3_connector | [1013/1863] CNPJ 27184790000169 -> CACHE (SUCESSO, 131d/365d)
2026-09-16 13:38:50 | INFO | services.connectors.risk3_connector | [1014/1863] CNPJ 27352303000120 -> CACHE (NAO_ENCONTRADO, 0d/30d)
2026-09-16 13:38:50 | INFO | services.connectors.risk3_connector | [1015/1863] CNPJ 27483435000190 -> CACHE (SUCESSO, 139d/365d)
2026-09-16 13:38:50 | INFO | services.connectors.risk3_connector | [1016/1863] CNPJ 27485069000109 -> CACHE (NAO_ENCONTRADO, 14d/30d)
2026-09-16 13:38:50 | INFO | services.connectors.risk3_connector | [1017/1863] CNPJ 27515154002035 -> CACHE (NAO_ENCONTRADO, 0d/30d)
2026-09-16 13:38:50 | INFO | services.connectors.risk3_connector | [1018/1863] CNPJ 27657485000147 -> CACHE (SUCESSO, 146d/365d)
2026-09-16 13:38:50 | INFO | services.connectors.risk3_connector | [1019/1863] CNPJ 27690671000188 -> CACHE (NAO_ENCONTRADO, 0d/30d)
2026-09-16 13:38:50 | INFO | services.connectors.risk3_connector | [1020/1863] CNPJ 27796415000170 -> CACHE (SUCESSO, 219d/365d)
2026-09-16 13:38:50 | INFO | services.connectors.risk3_connector | [1021/1863] CNPJ 27796415000250 -> CACHE (SUCESSO, 83d/365d)
2026-09-16 13:38:50 | INFO | services.connectors.risk3_connector | [1022/1863] CNPJ 27836329000143 -> CACHE (SUCESSO, 35d/365d)
2026-09-16 13:38:50 | INFO | services.connectors.risk3_connector | [1023/1863] CNPJ 27945263000120 -> CACHE (SUCESSO, 329d/365d)
2026-09-16 13:38:50 | INFO | services.connectors.risk3_connector | [1024/1863] CNPJ 28060882000108 -> CACHE (SUCESSO, 153d/365d)
2026-09-16 13:38:50 | INFO | services.connectors.risk3_connector | [1025/1863] CNPJ 28120534000170 -> CACHE (NAO_ENCONTRADO, 0d/30d)
2026-09-16 13:38:50 | INFO | services.connectors.risk3_connector | [1026/1863] CNPJ 28127926000242 -> CACHE (NAO_ENCONTRADO, 0d/30d)
2026-09-16 13:38:50 | INFO | services.connectors.risk3_connector | [1027/1863] CNPJ 28133664000148 -> CACHE (SUCESSO, 63d/365d)
2026-09-16 13:38:50 | INFO | services.connectors.risk3_connector | [1028/1863] CNPJ 28240693000109 -> CACHE (SUCESSO, 203d/365d)
2026-09-16 13:38:50 | INFO | services.connectors.risk3_connector | [1029/1863] CNPJ 28397998000129 -> CACHE (SUCESSO, 121d/365d)
2026-09-16 13:38:50 | INFO | services.connectors.risk3_connector | [1030/1863] CNPJ 28423185000166 -> CACHE (NAO_ENCONTRADO, 0d/30d)
2026-09-16 13:38:50 | INFO | services.connectors.risk3_connector | [1031/1863] CNPJ 28461930000161 -> CACHE (SUCESSO, 83d/365d)
2026-09-16 13:38:50 | INFO | services.connectors.risk3_connector | [1032/1863] CNPJ 28547761000187 -> CACHE (SUCESSO, 106d/365d)
2026-09-16 13:38:50 | INFO | services.connectors.risk3_connector | [1033/1863] CNPJ 28583371000162 -> CACHE (SUCESSO, 83d/365d)
2026-09-16 13:38:50 | INFO | services.connectors.risk3_connector | [1034/1863] CNPJ 28640358000106 -> CACHE (NAO_ENCONTRADO, 0d/30d)
2026-09-16 13:38:50 | INFO | services.connectors.risk3_connector | [1035/1863] CNPJ 28672996000605 -> CACHE (SUCESSO, 84d/365d)
2026-09-16 13:38:50 | INFO | services.connectors.risk3_connector | [1036/1863] CNPJ 28691601000107 -> CACHE (SUCESSO, 83d/365d)
2026-09-16 13:38:50 | INFO | services.connectors.risk3_connector | [1037/1863] CNPJ 28758086000135 -> CACHE (SUCESSO, 135d/365d)
2026-09-16 13:38:50 | INFO | services.connectors.risk3_connector | [1038/1863] CNPJ 28803705000166 -> CACHE (NAO_ENCONTRADO, 0d/30d)
2026-09-16 13:38:50 | INFO | services.connectors.risk3_connector | [1039/1863] CNPJ 28835723000120 -> CACHE (SUCESSO, 84d/365d)
2026-09-16 13:38:50 | INFO | services.connectors.risk3_connector | [1040/1863] CNPJ 28969492000147 -> CACHE (SUCESSO, 40d/365d)
2026-09-16 13:38:50 | INFO | services.connectors.risk3_connector | [1041/1863] CNPJ 29000095000125 -> CACHE (NAO_ENCONTRADO, 0d/30d)
2026-09-16 13:38:50 | INFO | services.connectors.risk3_connector | [1042/1863] CNPJ 29067113000196 -> CACHE (SUCESSO, 16d/365d)
2026-09-16 13:38:50 | INFO | services.connectors.risk3_connector | [1043/1863] CNPJ 29142202000150 -> CACHE (SUCESSO, 159d/365d)
2026-09-16 13:38:50 | INFO | services.connectors.risk3_connector | [1044/1863] CNPJ 29170776000131 -> CACHE (SUCESSO, 114d/365d)
2026-09-16 13:38:50 | INFO | services.connectors.risk3_connector | [1045/1863] CNPJ 29198324000168 -> CACHE (SUCESSO, 121d/365d)
2026-09-16 13:38:50 | INFO | services.connectors.risk3_connector | [1046/1863] CNPJ 29224131000134 -> CACHE (SUCESSO, 233d/365d)
2026-09-16 13:38:50 | INFO | services.connectors.risk3_connector | [1047/1863] CNPJ 29244465000170 -> CACHE (SUCESSO, 335d/365d)
2026-09-16 13:38:50 | INFO | services.connectors.risk3_connector | [1048/1863] CNPJ 29270235000185 -> CACHE (SUCESSO, 131d/365d)
2026-09-16 13:38:50 | INFO | services.connectors.risk3_connector | [1049/1863] CNPJ 29316596000115 -> CACHE (SUCESSO, 63d/365d)
2026-09-16 13:38:50 | INFO | services.connectors.risk3_connector | [1050/1863] CNPJ 29340729000199 -> CACHE (SUCESSO, 173d/365d)
2026-09-16 13:38:50 | INFO | services.connectors.risk3_connector | [1051/1863] CNPJ 29350168000109 -> CACHE (NAO_ENCONTRADO, 0d/30d)
2026-09-16 13:38:50 | INFO | services.connectors.risk3_connector | [1052/1863] CNPJ 29362082000104 -> CACHE (NAO_ENCONTRADO, 0d/30d)
2026-09-16 13:38:50 | INFO | services.connectors.risk3_connector | [1053/1863] CNPJ 29527877000117 -> CACHE (SUCESSO, 173d/365d)
2026-09-16 13:38:50 | INFO | services.connectors.risk3_connector | [1054/1863] CNPJ 29591504000105 -> CACHE (SUCESSO, 173d/365d)
2026-09-16 13:38:50 | INFO | services.connectors.risk3_connector | [1055/1863] CNPJ 29667227000177 -> CACHE (SUCESSO, 57d/365d)
2026-09-16 13:38:50 | INFO | services.connectors.risk3_connector | [1056/1863] CNPJ 29678871000140 -> CACHE (SUCESSO, 154d/365d)
2026-09-16 13:38:50 | INFO | services.connectors.risk3_connector | [1057/1863] CNPJ 29752951000107 -> CACHE (SUCESSO, 293d/365d)
2026-09-16 13:38:50 | INFO | services.connectors.risk3_connector | [1058/1863] CNPJ 29872616000134 -> CACHE (SUCESSO, 83d/365d)
2026-09-16 13:38:50 | INFO | services.connectors.risk3_connector | [1059/1863] CNPJ 29883520000171 -> CACHE (NAO_ENCONTRADO, 0d/30d)
2026-09-16 13:38:50 | INFO | services.connectors.risk3_connector | [1060/1863] CNPJ 29915125000123 -> CACHE (SUCESSO, 71d/365d)
2026-09-16 13:38:50 | INFO | services.connectors.risk3_connector | [1061/1863] CNPJ 29920394000188 -> CACHE (SUCESSO, 287d/365d)
2026-09-16 13:38:50 | INFO | services.connectors.risk3_connector | [1062/1863] CNPJ 29938085000135 -> CACHE (SUCESSO, 78d/365d)
2026-09-16 13:38:50 | INFO | services.connectors.risk3_connector | [1063/1863] CNPJ 29953203000184 -> CACHE (SUCESSO, 113d/365d)
2026-09-16 13:38:50 | INFO | services.connectors.risk3_connector | [1064/1863] CNPJ 29984961000160 -> CACHE (SUCESSO, 120d/365d)
2026-09-16 13:38:50 | INFO | services.connectors.risk3_connector | [1065/1863] CNPJ 29993083000149 -> CACHE (SUCESSO, 78d/365d)
2026-09-16 13:38:50 | INFO | services.connectors.risk3_connector | [1066/1863] CNPJ 30053915000126 -> CACHE (SUCESSO, 84d/365d)
2026-09-16 13:38:50 | INFO | services.connectors.risk3_connector | [1067/1863] CNPJ 30058920000121 -> CACHE (SUCESSO, 15d/365d)
2026-09-16 13:38:50 | INFO | services.connectors.risk3_connector | [1068/1863] CNPJ 30063842000153 -> CACHE (SUCESSO, 173d/365d)
2026-09-16 13:38:50 | INFO | services.connectors.risk3_connector | [1069/1863] CNPJ 30124679000191 -> CACHE (NAO_ENCONTRADO, 0d/30d)
2026-09-16 13:38:50 | INFO | services.connectors.risk3_connector | [1070/1863] CNPJ 30195195000133 -> CACHE (NAO_ENCONTRADO, 0d/30d)
2026-09-16 13:38:50 | INFO | services.connectors.risk3_connector | [1071/1863] CNPJ 30206620000142 -> CACHE (NAO_ENCONTRADO, 0d/30d)
2026-09-16 13:38:50 | INFO | services.connectors.risk3_connector | [1072/1863] CNPJ 30234798000105 -> CACHE (SUCESSO, 173d/365d)
2026-09-16 13:38:50 | INFO | services.connectors.risk3_connector | [1073/1863] CNPJ 30248458000125 -> CACHE (SUCESSO, 20d/365d)
2026-09-16 13:38:50 | INFO | services.connectors.risk3_connector | [1074/1863] CNPJ 30306294000145 -> CACHE (NAO_ENCONTRADO, 0d/30d)
2026-09-16 13:38:50 | INFO | services.connectors.risk3_connector | [1075/1863] CNPJ 30306294000226 -> CACHE (SUCESSO, 29d/365d)
2026-09-16 13:38:50 | INFO | services.connectors.risk3_connector | [1076/1863] CNPJ 30471204000171 -> CACHE (SUCESSO, 84d/365d)
2026-09-16 13:38:50 | INFO | services.connectors.risk3_connector | [1077/1863] CNPJ 30483222000173 -> CACHE (NAO_ENCONTRADO, 0d/30d)
2026-09-16 13:38:50 | INFO | services.connectors.risk3_connector | [1078/1863] CNPJ 30559132000119 -> CACHE (SUCESSO, 83d/365d)
2026-09-16 13:38:50 | INFO | services.connectors.risk3_connector | [1079/1863] CNPJ 30653328000178 -> CACHE (SUCESSO, 57d/365d)
2026-09-16 13:38:50 | INFO | services.connectors.risk3_connector | [1080/1863] CNPJ 30693787000185 -> CACHE (NAO_ENCONTRADO, 0d/30d)
2026-09-16 13:38:50 | INFO | services.connectors.risk3_connector | [1081/1863] CNPJ 30694272000108 -> CACHE (SUCESSO, 145d/365d)
2026-09-16 13:38:50 | INFO | services.connectors.risk3_connector | [1082/1863] CNPJ 30712938000103 -> CACHE (SUCESSO, 245d/365d)
2026-09-16 13:38:50 | INFO | services.connectors.risk3_connector | [1083/1863] CNPJ 30834939000112 -> CACHE (NAO_ENCONTRADO, 0d/30d)
2026-09-16 13:38:50 | INFO | services.connectors.risk3_connector | [1084/1863] CNPJ 30840548000100 -> CACHE (SUCESSO, 50d/365d)
2026-09-16 13:38:50 | INFO | services.connectors.risk3_connector | [1085/1863] CNPJ 30902608000172 -> CACHE (SUCESSO, 20d/365d)
2026-09-16 13:38:50 | INFO | services.connectors.risk3_connector | [1086/1863] CNPJ 30929117000115 -> CACHE (NAO_ENCONTRADO, 0d/30d)
2026-09-16 13:38:50 | INFO | services.connectors.risk3_connector | [1087/1863] CNPJ 30966130000144 -> CACHE (NAO_ENCONTRADO, 0d/30d)
2026-09-16 13:38:50 | INFO | services.connectors.risk3_connector | [1088/1863] CNPJ 30983948000175 -> CACHE (SUCESSO, 7d/365d)
2026-09-16 13:38:50 | INFO | services.connectors.risk3_connector | [1089/1863] CNPJ 31102147000116 -> CACHE (SUCESSO, 23d/365d)
2026-09-16 13:38:50 | INFO | services.connectors.risk3_connector | [1090/1863] CNPJ 31233530000103 -> CACHE (NAO_ENCONTRADO, 0d/30d)
2026-09-16 13:38:50 | INFO | services.connectors.risk3_connector | [1091/1863] CNPJ 31264770000175 -> CACHE (SUCESSO, 127d/365d)
2026-09-16 13:38:50 | INFO | services.connectors.risk3_connector | [1092/1863] CNPJ 31512081000132 -> CACHE (SUCESSO, 68d/365d)
2026-09-16 13:38:50 | INFO | services.connectors.risk3_connector | [1093/1863] CNPJ 31557781000143 -> CACHE (NAO_ENCONTRADO, 0d/30d)
2026-09-16 13:38:50 | INFO | services.connectors.risk3_connector | [1094/1863] CNPJ 31590862000145 -> CACHE (SUCESSO, 140d/365d)
2026-09-16 13:38:50 | INFO | services.connectors.risk3_connector | [1095/1863] CNPJ 31627849000113 -> CACHE (NAO_ENCONTRADO, 0d/30d)
2026-09-16 13:38:50 | INFO | services.connectors.risk3_connector | [1096/1863] CNPJ 31635668000139 -> CACHE (SUCESSO, 135d/365d)
2026-09-16 13:38:50 | INFO | services.connectors.risk3_connector | [1097/1863] CNPJ 31642161000102 -> CACHE (SUCESSO, 187d/365d)
2026-09-16 13:38:50 | INFO | services.connectors.risk3_connector | [1098/1863] CNPJ 31672016000174 -> CACHE (SUCESSO, 83d/365d)
2026-09-16 13:38:50 | INFO | services.connectors.risk3_connector | [1099/1863] CNPJ 31702947000330 -> CACHE (SUCESSO, 84d/365d)
2026-09-16 13:38:50 | INFO | services.connectors.risk3_connector | [1100/1863] CNPJ 31781135000165 -> CACHE (SUCESSO, 121d/365d)
2026-09-16 13:38:50 | INFO | services.connectors.risk3_connector | [1101/1863] CNPJ 31818954000130 -> CACHE (SUCESSO, 70d/365d)
2026-09-16 13:38:50 | INFO | services.connectors.risk3_connector | [1102/1863] CNPJ 31835348000122 -> CACHE (SUCESSO, 125d/365d)
2026-09-16 13:38:50 | INFO | services.connectors.risk3_connector | [1103/1863] CNPJ 31864869000108 -> CACHE (SUCESSO, 105d/365d)
2026-09-16 13:38:50 | INFO | services.connectors.risk3_connector | [1104/1863] CNPJ 31897236000104 -> CACHE (NAO_ENCONTRADO, 0d/30d)
2026-09-16 13:38:50 | INFO | services.connectors.risk3_connector | [1105/1863] CNPJ 31932088000103 -> CACHE (SUCESSO, 78d/365d)
2026-09-16 13:38:50 | INFO | services.connectors.risk3_connector | [1106/1863] CNPJ 32023463000165 -> CACHE (SUCESSO, 83d/365d)
2026-09-16 13:38:50 | INFO | services.connectors.risk3_connector | [1107/1863] CNPJ 32039151000140 -> CACHE (SUCESSO, 83d/365d)
2026-09-16 13:38:50 | INFO | services.connectors.risk3_connector | [1108/1863] CNPJ 32112142000137 -> CACHE (SUCESSO, 190d/365d)
2026-09-16 13:38:50 | INFO | services.connectors.risk3_connector | [1109/1863] CNPJ 32135034000180 -> CACHE (SUCESSO, 84d/365d)
2026-09-16 13:38:50 | INFO | services.connectors.risk3_connector | [1110/1863] CNPJ 32135359000910 -> CACHE (SUCESSO, 84d/365d)
2026-09-16 13:38:50 | INFO | services.connectors.risk3_connector | [1111/1863] CNPJ 32140332000168 -> CACHE (SUCESSO, 50d/365d)
2026-09-16 13:38:50 | INFO | services.connectors.risk3_connector | [1112/1863] CNPJ 32168500000123 -> CACHE (NAO_ENCONTRADO, 0d/30d)
2026-09-16 13:38:50 | INFO | services.connectors.risk3_connector | [1113/1863] CNPJ 32184195000163 -> CACHE (NAO_ENCONTRADO, 0d/30d)
2026-09-16 13:38:50 | INFO | services.connectors.risk3_connector | [1114/1863] CNPJ 32185360000100 -> CACHE (NAO_ENCONTRADO, 0d/30d)
2026-09-16 13:38:50 | INFO | services.connectors.risk3_connector | [1115/1863] CNPJ 32234363000188 -> CACHE (SUCESSO, 105d/365d)
2026-09-16 13:38:50 | INFO | services.connectors.risk3_connector | [1116/1863] CNPJ 32235159000181 -> CACHE (NAO_ENCONTRADO, 0d/30d)
2026-09-16 13:38:50 | INFO | services.connectors.risk3_connector | [1117/1863] CNPJ 32312466000119 -> CACHE (SUCESSO, 83d/365d)
2026-09-16 13:38:50 | INFO | services.connectors.risk3_connector | [1118/1863] CNPJ 32314495000110 -> CACHE (SUCESSO, 91d/365d)
2026-09-16 13:38:50 | INFO | services.connectors.risk3_connector | [1119/1863] CNPJ 32367504000130 -> CACHE (SUCESSO, 146d/365d)
2026-09-16 13:38:50 | INFO | services.connectors.risk3_connector | [1120/1863] CNPJ 32460679000198 -> CACHE (SUCESSO, 15d/365d)
2026-09-16 13:38:50 | INFO | services.connectors.risk3_connector | [1121/1863] CNPJ 32576121000172 -> CACHE (SUCESSO, 84d/365d)
2026-09-16 13:38:50 | INFO | services.connectors.risk3_connector | [1122/1863] CNPJ 32593445000119 -> CACHE (SUCESSO, 146d/365d)
2026-09-16 13:38:50 | INFO | services.connectors.risk3_connector | [1123/1863] CNPJ 32618447000115 -> CACHE (SUCESSO, 89d/365d)
2026-09-16 13:38:50 | INFO | services.connectors.risk3_connector | [1124/1863] CNPJ 32618447000620 -> CACHE (NAO_ENCONTRADO, 0d/30d)
2026-09-16 13:38:50 | INFO | services.connectors.risk3_connector | [1125/1863] CNPJ 32756560000167 -> CACHE (SUCESSO, 84d/365d)
2026-09-16 13:38:50 | INFO | services.connectors.risk3_connector | [1126/1863] CNPJ 32783106000103 -> CACHE (NAO_ENCONTRADO, 0d/30d)
2026-09-16 13:38:50 | INFO | services.connectors.risk3_connector | [1127/1863] CNPJ 32957892000452 -> CACHE (SUCESSO, 246d/365d)
2026-09-16 13:38:50 | INFO | services.connectors.risk3_connector | [1128/1863] CNPJ 33000167000101 -> CACHE (SUCESSO, 105d/365d)
2026-09-16 13:38:50 | INFO | services.connectors.risk3_connector | [1129/1863] CNPJ 33009911000139 -> CACHE (SUCESSO, 197d/365d)
2026-09-16 13:38:50 | INFO | services.connectors.risk3_connector | [1130/1863] CNPJ 33010786000187 -> CACHE (SUCESSO, 127d/365d)
2026-09-16 13:38:50 | INFO | services.connectors.risk3_connector | [1131/1863] CNPJ 33016338000271 -> CACHE (SUCESSO, 296d/365d)
2026-09-16 13:38:50 | INFO | services.connectors.risk3_connector | [1132/1863] CNPJ 33016338001405 -> CACHE (SUCESSO, 296d/365d)
2026-09-16 13:38:50 | INFO | services.connectors.risk3_connector | [1133/1863] CNPJ 33042730000104 -> CACHE (SUCESSO, 90d/365d)
2026-09-16 13:38:50 | INFO | services.connectors.risk3_connector | [1134/1863] CNPJ 33050071000158 -> CACHE (NAO_ENCONTRADO, 14d/30d)
2026-09-16 13:38:50 | INFO | services.connectors.risk3_connector | [1135/1863] CNPJ 33051624000197 -> CACHE (SUCESSO, 84d/365d)
2026-09-16 13:38:50 | INFO | services.connectors.risk3_connector | [1136/1863] CNPJ 33059528000195 -> CACHE (SUCESSO, 83d/365d)
2026-09-16 13:38:50 | INFO | services.connectors.risk3_connector | [1137/1863] CNPJ 33083466000157 -> CACHE (SUCESSO, 105d/365d)
2026-09-16 13:38:50 | INFO | services.connectors.risk3_connector | [1138/1863] CNPJ 33127947000117 -> CACHE (NAO_ENCONTRADO, 0d/30d)
2026-09-16 13:38:50 | INFO | services.connectors.risk3_connector | [1139/1863] CNPJ 33200056000149 -> CACHE (NAO_ENCONTRADO, 0d/30d)
2026-09-16 13:38:50 | INFO | services.connectors.risk3_connector | [1140/1863] CNPJ 33352394000104 -> CACHE (NAO_ENCONTRADO, 0d/30d)
2026-09-16 13:38:50 | INFO | services.connectors.risk3_connector | [1141/1863] CNPJ 33390170000189 -> CACHE (SUCESSO, 65d/365d)
2026-09-16 13:38:50 | INFO | services.connectors.risk3_connector | [1142/1863] CNPJ 33401635000150 -> CACHE (SUCESSO, 48d/365d)
2026-09-16 13:38:50 | INFO | services.connectors.risk3_connector | [1143/1863] CNPJ 33443024000174 -> CACHE (SUCESSO, 57d/365d)
2026-09-16 13:38:50 | INFO | services.connectors.risk3_connector | [1144/1863] CNPJ 33488348000129 -> CACHE (SUCESSO, 246d/365d)
2026-09-16 13:38:50 | INFO | services.connectors.risk3_connector | [1145/1863] CNPJ 33524912000111 -> CACHE (SUCESSO, 36d/365d)
2026-09-16 13:38:50 | INFO | services.connectors.risk3_connector | [1146/1863] CNPJ 33592510000154 -> CACHE (SUCESSO, 63d/365d)
2026-09-16 13:38:50 | INFO | services.connectors.risk3_connector | [1147/1863] CNPJ 33611500000119 -> CACHE (SUCESSO, 119d/365d)
2026-09-16 13:38:50 | INFO | services.connectors.risk3_connector | [1148/1863] CNPJ 33664228000135 -> CACHE (SUCESSO, 78d/365d)
2026-09-16 13:38:50 | INFO | services.connectors.risk3_connector | [1149/1863] CNPJ 33834418000153 -> CACHE (SUCESSO, 83d/365d)
2026-09-16 13:38:50 | INFO | services.connectors.risk3_connector | [1150/1863] CNPJ 33839828000197 -> CACHE (SUCESSO, 84d/365d)
2026-09-16 13:38:50 | INFO | services.connectors.risk3_connector | [1151/1863] CNPJ 33856394000133 -> CACHE (SUCESSO, 83d/365d)
2026-09-16 13:38:50 | INFO | services.connectors.risk3_connector | [1152/1863] CNPJ 33897820000187 -> CACHE (SUCESSO, 84d/365d)
2026-09-16 13:38:50 | INFO | services.connectors.risk3_connector | [1153/1863] CNPJ 33919741000120 -> CACHE (NAO_ENCONTRADO, 0d/30d)
2026-09-16 13:38:50 | INFO | services.connectors.risk3_connector | [1154/1863] CNPJ 33931478000194 -> CACHE (SUCESSO, 36d/365d)
2026-09-16 13:38:50 | INFO | services.connectors.risk3_connector | [1155/1863] CNPJ 33931753000170 -> CACHE (NAO_ENCONTRADO, 0d/30d)
2026-09-16 13:38:50 | INFO | services.connectors.risk3_connector | [1156/1863] CNPJ 33933760000100 -> CACHE (SUCESSO, 78d/365d)
2026-09-16 13:38:50 | INFO | services.connectors.risk3_connector | [1157/1863] CNPJ 33958695000178 -> CACHE (SUCESSO, 120d/365d)
2026-09-16 13:38:50 | INFO | services.connectors.risk3_connector | [1158/1863] CNPJ 34108922000139 -> CACHE (SUCESSO, 85d/365d)
2026-09-16 13:38:50 | INFO | services.connectors.risk3_connector | [1159/1863] CNPJ 34150762000196 -> CACHE (SUCESSO, 75d/365d)
2026-09-16 13:38:50 | INFO | services.connectors.risk3_connector | [1160/1863] CNPJ 34475373000130 -> CACHE (SUCESSO, 121d/365d)
2026-09-16 13:38:50 | INFO | services.connectors.risk3_connector | [1161/1863] CNPJ 34497145000161 -> CACHE (SUCESSO, 40d/365d)
2026-09-16 13:38:50 | INFO | services.connectors.risk3_connector | [1162/1863] CNPJ 34562112000158 -> CACHE (SUCESSO, 55d/365d)
2026-09-16 13:38:50 | INFO | services.connectors.risk3_connector | [1163/1863] CNPJ 34781808000175 -> CACHE (SUCESSO, 65d/365d)
2026-09-16 13:38:50 | INFO | services.connectors.risk3_connector | [1164/1863] CNPJ 34801306000169 -> CACHE (NAO_ENCONTRADO, 14d/30d)
2026-09-16 13:38:50 | INFO | services.connectors.risk3_connector | [1165/1863] CNPJ 34805807000113 -> CACHE (NAO_ENCONTRADO, 14d/30d)
2026-09-16 13:38:50 | INFO | services.connectors.risk3_connector | [1166/1863] CNPJ 34806971000145 -> CACHE (SUCESSO, 36d/365d)
2026-09-16 13:38:50 | INFO | services.connectors.risk3_connector | [1167/1863] CNPJ 34818458000174 -> CACHE (NAO_ENCONTRADO, 14d/30d)
2026-09-16 13:38:50 | INFO | services.connectors.risk3_connector | [1168/1863] CNPJ 34818597000106 -> CACHE (NAO_ENCONTRADO, 14d/30d)
2026-09-16 13:38:50 | INFO | services.connectors.risk3_connector | [1169/1863] CNPJ 34841996000180 -> CACHE (NAO_ENCONTRADO, 14d/30d)
2026-09-16 13:38:50 | INFO | services.connectors.risk3_connector | [1170/1863] CNPJ 34847870000112 -> CACHE (SUCESSO, 83d/365d)
2026-09-16 13:38:50 | INFO | services.connectors.risk3_connector | [1171/1863] CNPJ 34867956000107 -> CACHE (NAO_ENCONTRADO, 0d/30d)
2026-09-16 13:38:50 | INFO | services.connectors.risk3_connector | [1172/1863] CNPJ 34980728000149 -> CACHE (NAO_ENCONTRADO, 0d/30d)
2026-09-16 13:38:50 | INFO | services.connectors.risk3_connector | [1173/1863] CNPJ 35224835000100 -> CACHE (SUCESSO, 97d/365d)
2026-09-16 13:38:50 | INFO | services.connectors.risk3_connector | [1174/1863] CNPJ 35306327000170 -> CACHE (SUCESSO, 118d/365d)
2026-09-16 13:38:50 | INFO | services.connectors.risk3_connector | [1175/1863] CNPJ 35322362000183 -> CACHE (SUCESSO, 83d/365d)
2026-09-16 13:38:50 | INFO | services.connectors.risk3_connector | [1176/1863] CNPJ 35357719000169 -> CACHE (SUCESSO, 173d/365d)
2026-09-16 13:38:50 | INFO | services.connectors.risk3_connector | [1177/1863] CNPJ 35357729000102 -> CACHE (SUCESSO, 173d/365d)
2026-09-16 13:38:50 | INFO | services.connectors.risk3_connector | [1178/1863] CNPJ 35360212000164 -> CACHE (SUCESSO, 245d/365d)
2026-09-16 13:38:50 | INFO | services.connectors.risk3_connector | [1179/1863] CNPJ 35382136000198 -> CACHE (SUCESSO, 226d/365d)
2026-09-16 13:38:50 | INFO | services.connectors.risk3_connector | [1180/1863] CNPJ 35402759000185 -> CACHE (NAO_ENCONTRADO, 0d/30d)
2026-09-16 13:38:50 | INFO | services.connectors.risk3_connector | [1181/1863] CNPJ 35416995000150 -> CACHE (SUCESSO, 84d/365d)
2026-09-16 13:38:50 | INFO | services.connectors.risk3_connector | [1182/1863] CNPJ 35458657000181 -> CACHE (NAO_ENCONTRADO, 0d/30d)
2026-09-16 13:38:50 | INFO | services.connectors.risk3_connector | [1183/1863] CNPJ 35474405000146 -> CACHE (NAO_ENCONTRADO, 14d/30d)
2026-09-16 13:38:50 | INFO | services.connectors.risk3_connector | [1184/1863] CNPJ 35487170000127 -> CACHE (SUCESSO, 83d/365d)
2026-09-16 13:38:50 | INFO | services.connectors.risk3_connector | [1185/1863] CNPJ 35540155000103 -> Consultando API (Endpoint detalhado por CNPJ)...
2026-09-16 13:38:50 | INFO | services.connectors.risk3_connector | SUCESSO na extração dos detalhes!
2026-09-16 13:38:51 | INFO | services.connectors.risk3_connector | [1186/1863] CNPJ 35691397000190 -> CACHE (SUCESSO, 82d/365d)
2026-09-16 13:38:51 | INFO | services.connectors.risk3_connector | [1187/1863] CNPJ 35742218000104 -> CACHE (NAO_ENCONTRADO, 14d/30d)
2026-09-16 13:38:51 | INFO | services.connectors.risk3_connector | [1188/1863] CNPJ 35749859000182 -> CACHE (SUCESSO, 83d/365d)
2026-09-16 13:38:51 | INFO | services.connectors.risk3_connector | [1189/1863] CNPJ 35820448000136 -> CACHE (SUCESSO, 49d/365d)
2026-09-16 13:38:51 | INFO | services.connectors.risk3_connector | [1190/1863] CNPJ 35823536000191 -> CACHE (SUCESSO, 83d/365d)
2026-09-16 13:38:51 | INFO | services.connectors.risk3_connector | [1191/1863] CNPJ 35823538000180 -> CACHE (SUCESSO, 83d/365d)
2026-09-16 13:38:51 | INFO | services.connectors.risk3_connector | [1192/1863] CNPJ 35823577000188 -> CACHE (SUCESSO, 83d/365d)
2026-09-16 13:38:51 | INFO | services.connectors.risk3_connector | [1193/1863] CNPJ 35824347000133 -> CACHE (SUCESSO, 83d/365d)
2026-09-16 13:38:51 | INFO | services.connectors.risk3_connector | [1194/1863] CNPJ 35835571000120 -> CACHE (SUCESSO, 173d/365d)
2026-09-16 13:38:51 | INFO | services.connectors.risk3_connector | [1195/1863] CNPJ 35835582000100 -> CACHE (SUCESSO, 173d/365d)
2026-09-16 13:38:51 | INFO | services.connectors.risk3_connector | [1196/1863] CNPJ 35859013000103 -> CACHE (SUCESSO, 173d/365d)
2026-09-16 13:38:51 | INFO | services.connectors.risk3_connector | [1197/1863] CNPJ 35865623000101 -> CACHE (SUCESSO, 173d/365d)
2026-09-16 13:38:51 | INFO | services.connectors.risk3_connector | [1198/1863] CNPJ 35865635000136 -> CACHE (NAO_ENCONTRADO, 14d/30d)
2026-09-16 13:38:51 | INFO | services.connectors.risk3_connector | [1199/1863] CNPJ 35865638000170 -> CACHE (SUCESSO, 173d/365d)
2026-09-16 13:38:51 | INFO | services.connectors.risk3_connector | [1200/1863] CNPJ 35865651000129 -> CACHE (NAO_ENCONTRADO, 14d/30d)
2026-09-16 13:38:51 | INFO | services.connectors.risk3_connector | [1201/1863] CNPJ 35881121000174 -> CACHE (SUCESSO, 93d/365d)
2026-09-16 13:38:51 | INFO | services.connectors.risk3_connector | [1202/1863] CNPJ 35896824000176 -> CACHE (NAO_ENCONTRADO, 14d/30d)
2026-09-16 13:38:51 | INFO | services.connectors.risk3_connector | [1203/1863] CNPJ 35911730000129 -> CACHE (SUCESSO, 173d/365d)
2026-09-16 13:38:51 | INFO | services.connectors.risk3_connector | [1204/1863] CNPJ 35911733000162 -> CACHE (SUCESSO, 173d/365d)
2026-09-16 13:38:51 | INFO | services.connectors.risk3_connector | [1205/1863] CNPJ 35912298000190 -> CACHE (SUCESSO, 173d/365d)
2026-09-16 13:38:51 | INFO | services.connectors.risk3_connector | [1206/1863] CNPJ 35984409000174 -> CACHE (SUCESSO, 83d/365d)
2026-09-16 13:38:51 | INFO | services.connectors.risk3_connector | [1207/1863] CNPJ 35989467000190 -> CACHE (NAO_ENCONTRADO, 14d/30d)
2026-09-16 13:38:51 | INFO | services.connectors.risk3_connector | [1208/1863] CNPJ 36012033000107 -> CACHE (SUCESSO, 83d/365d)
2026-09-16 13:38:51 | INFO | services.connectors.risk3_connector | [1209/1863] CNPJ 36159672000191 -> CACHE (SUCESSO, 173d/365d)
2026-09-16 13:38:51 | INFO | services.connectors.risk3_connector | [1210/1863] CNPJ 36205095000127 -> CACHE (SUCESSO, 173d/365d)
2026-09-16 13:38:51 | INFO | services.connectors.risk3_connector | [1211/1863] CNPJ 36537518000106 -> CACHE (NAO_ENCONTRADO, 0d/30d)
2026-09-16 13:38:51 | INFO | services.connectors.risk3_connector | [1212/1863] CNPJ 36932917000171 -> CACHE (SUCESSO, 83d/365d)
2026-09-16 13:38:51 | INFO | services.connectors.risk3_connector | [1213/1863] CNPJ 37028928000194 -> CACHE (NAO_ENCONTRADO, 0d/30d)
2026-09-16 13:38:51 | INFO | services.connectors.risk3_connector | [1214/1863] CNPJ 37145968000116 -> CACHE (SUCESSO, 163d/365d)
2026-09-16 13:38:51 | INFO | services.connectors.risk3_connector | [1215/1863] CNPJ 37275625000419 -> CACHE (SUCESSO, 83d/365d)
2026-09-16 13:38:51 | INFO | services.connectors.risk3_connector | [1216/1863] CNPJ 37427691000114 -> CACHE (NAO_ENCONTRADO, 14d/30d)
2026-09-16 13:38:51 | INFO | services.connectors.risk3_connector | [1217/1863] CNPJ 37427693000103 -> CACHE (NAO_ENCONTRADO, 14d/30d)
2026-09-16 13:38:51 | INFO | services.connectors.risk3_connector | [1218/1863] CNPJ 37427699000180 -> CACHE (NAO_ENCONTRADO, 14d/30d)
2026-09-16 13:38:51 | INFO | services.connectors.risk3_connector | [1219/1863] CNPJ 37538262000114 -> CACHE (SUCESSO, 84d/365d)
2026-09-16 13:38:51 | INFO | services.connectors.risk3_connector | [1220/1863] CNPJ 37543498000149 -> CACHE (SUCESSO, 96d/365d)
2026-09-16 13:38:51 | INFO | services.connectors.risk3_connector | [1221/1863] CNPJ 37589182000198 -> CACHE (NAO_ENCONTRADO, 0d/30d)
2026-09-16 13:38:51 | INFO | services.connectors.risk3_connector | [1222/1863] CNPJ 37640312000170 -> CACHE (NAO_ENCONTRADO, 0d/30d)
2026-09-16 13:38:51 | INFO | services.connectors.risk3_connector | [1223/1863] CNPJ 38126813000103 -> CACHE (SUCESSO, 105d/365d)
2026-09-16 13:38:51 | INFO | services.connectors.risk3_connector | [1224/1863] CNPJ 38154005000141 -> CACHE (SUCESSO, 23d/365d)
2026-09-16 13:38:51 | INFO | services.connectors.risk3_connector | [1225/1863] CNPJ 38183972000131 -> CACHE (NAO_ENCONTRADO, 0d/30d)
2026-09-16 13:38:51 | INFO | services.connectors.risk3_connector | [1226/1863] CNPJ 38246958000130 -> CACHE (NAO_ENCONTRADO, 0d/30d)
2026-09-16 13:38:51 | INFO | services.connectors.risk3_connector | [1227/1863] CNPJ 38908778000176 -> CACHE (SUCESSO, 84d/365d)
2026-09-16 13:38:51 | INFO | services.connectors.risk3_connector | [1228/1863] CNPJ 39237248000106 -> CACHE (NAO_ENCONTRADO, 0d/30d)
2026-09-16 13:38:51 | INFO | services.connectors.risk3_connector | [1229/1863] CNPJ 39266459000177 -> CACHE (SUCESSO, 246d/365d)
2026-09-16 13:38:51 | INFO | services.connectors.risk3_connector | [1230/1863] CNPJ 39335973000206 -> CACHE (SUCESSO, 83d/365d)
2026-09-16 13:38:51 | INFO | services.connectors.risk3_connector | [1231/1863] CNPJ 39372527000182 -> CACHE (SUCESSO, 83d/365d)
2026-09-16 13:38:51 | INFO | services.connectors.risk3_connector | [1232/1863] CNPJ 39449320000169 -> CACHE (NAO_ENCONTRADO, 0d/30d)
2026-09-16 13:38:51 | INFO | services.connectors.risk3_connector | [1233/1863] CNPJ 39553144000100 -> CACHE (SUCESSO, 84d/365d)
2026-09-16 13:38:51 | INFO | services.connectors.risk3_connector | [1234/1863] CNPJ 39608949000104 -> CACHE (SUCESSO, 250d/365d)
2026-09-16 13:38:51 | INFO | services.connectors.risk3_connector | [1235/1863] CNPJ 39630440000168 -> CACHE (SUCESSO, 84d/365d)
2026-09-16 13:38:51 | INFO | services.connectors.risk3_connector | [1236/1863] CNPJ 39657225000150 -> CACHE (SUCESSO, 83d/365d)
2026-09-16 13:38:51 | INFO | services.connectors.risk3_connector | [1237/1863] CNPJ 39702802000189 -> CACHE (SUCESSO, 173d/365d)
2026-09-16 13:38:51 | INFO | services.connectors.risk3_connector | [1238/1863] CNPJ 39702815000158 -> CACHE (SUCESSO, 173d/365d)
2026-09-16 13:38:51 | INFO | services.connectors.risk3_connector | [1239/1863] CNPJ 39702823000102 -> CACHE (SUCESSO, 173d/365d)
2026-09-16 13:38:51 | INFO | services.connectors.risk3_connector | [1240/1863] CNPJ 39702834000184 -> CACHE (SUCESSO, 173d/365d)
2026-09-16 13:38:51 | INFO | services.connectors.risk3_connector | [1241/1863] CNPJ 39881421000104 -> CACHE (SUCESSO, 224d/365d)
2026-09-16 13:38:51 | INFO | services.connectors.risk3_connector | [1242/1863] CNPJ 39913479000192 -> CACHE (NAO_ENCONTRADO, 0d/30d)
2026-09-16 13:38:51 | INFO | services.connectors.risk3_connector | [1243/1863] CNPJ 39953546000100 -> CACHE (NAO_ENCONTRADO, 0d/30d)
2026-09-16 13:38:51 | INFO | services.connectors.risk3_connector | [1244/1863] CNPJ 40006524000104 -> CACHE (SUCESSO, 83d/365d)
2026-09-16 13:38:51 | INFO | services.connectors.risk3_connector | [1245/1863] CNPJ 40009403000116 -> CACHE (SUCESSO, 83d/365d)
2026-09-16 13:38:51 | INFO | services.connectors.risk3_connector | [1246/1863] CNPJ 40100543000103 -> CACHE (SUCESSO, 345d/365d)
2026-09-16 13:38:51 | INFO | services.connectors.risk3_connector | [1247/1863] CNPJ 40212058000113 -> CACHE (SUCESSO, 84d/365d)
2026-09-16 13:38:51 | INFO | services.connectors.risk3_connector | [1248/1863] CNPJ 40254927000172 -> CACHE (SUCESSO, 49d/365d)
2026-09-16 13:38:51 | INFO | services.connectors.risk3_connector | [1249/1863] CNPJ 40263170000183 -> CACHE (SUCESSO, 177d/365d)
2026-09-16 13:38:51 | INFO | services.connectors.risk3_connector | [1250/1863] CNPJ 40283901000152 -> CACHE (SUCESSO, 92d/365d)
2026-09-16 13:38:51 | INFO | services.connectors.risk3_connector | [1251/1863] CNPJ 40382949000118 -> CACHE (SUCESSO, 96d/365d)
2026-09-16 13:38:51 | INFO | services.connectors.risk3_connector | [1252/1863] CNPJ 40623898000179 -> CACHE (SUCESSO, 92d/365d)
2026-09-16 13:38:51 | INFO | services.connectors.risk3_connector | [1253/1863] CNPJ 40692476000155 -> CACHE (SUCESSO, 90d/365d)
2026-09-16 13:38:51 | INFO | services.connectors.risk3_connector | [1254/1863] CNPJ 40727874000160 -> CACHE (SUCESSO, 344d/365d)
2026-09-16 13:38:51 | INFO | services.connectors.risk3_connector | [1255/1863] CNPJ 40772936000155 -> CACHE (SUCESSO, 93d/365d)
2026-09-16 13:38:51 | INFO | services.connectors.risk3_connector | [1256/1863] CNPJ 40797554000186 -> CACHE (SUCESSO, 71d/365d)
2026-09-16 13:38:51 | INFO | services.connectors.risk3_connector | [1257/1863] CNPJ 41052420000107 -> CACHE (NAO_ENCONTRADO, 0d/30d)
2026-09-16 13:38:51 | INFO | services.connectors.risk3_connector | [1258/1863] CNPJ 41324703000152 -> CACHE (SUCESSO, 83d/365d)
2026-09-16 13:38:51 | INFO | services.connectors.risk3_connector | [1259/1863] CNPJ 41501877000143 -> CACHE (SUCESSO, 117d/365d)
2026-09-16 13:38:51 | INFO | services.connectors.risk3_connector | [1260/1863] CNPJ 41638308000144 -> CACHE (SUCESSO, 83d/365d)
2026-09-16 13:38:51 | INFO | services.connectors.risk3_connector | [1261/1863] CNPJ 41675130000101 -> CACHE (SUCESSO, 110d/365d)
2026-09-16 13:38:51 | INFO | services.connectors.risk3_connector | [1262/1863] CNPJ 41684120000132 -> CACHE (SUCESSO, 323d/365d)
2026-09-16 13:38:51 | INFO | services.connectors.risk3_connector | [1263/1863] CNPJ 41777706000141 -> CACHE (SUCESSO, 41d/365d)
2026-09-16 13:38:51 | INFO | services.connectors.risk3_connector | [1264/1863] CNPJ 41806999000148 -> CACHE (NAO_ENCONTRADO, 0d/30d)
2026-09-16 13:38:51 | INFO | services.connectors.risk3_connector | [1265/1863] CNPJ 41808680000151 -> CACHE (SUCESSO, 83d/365d)
2026-09-16 13:38:51 | INFO | services.connectors.risk3_connector | [1266/1863] CNPJ 42008546000139 -> CACHE (SUCESSO, 246d/365d)
2026-09-16 13:38:51 | INFO | services.connectors.risk3_connector | [1267/1863] CNPJ 42066811000135 -> CACHE (SUCESSO, 84d/365d)
2026-09-16 13:38:51 | INFO | services.connectors.risk3_connector | [1268/1863] CNPJ 42102025000146 -> CACHE (SUCESSO, 90d/365d)
2026-09-16 13:38:51 | INFO | services.connectors.risk3_connector | [1269/1863] CNPJ 42105890000146 -> CACHE (SUCESSO, 37d/365d)
2026-09-16 13:38:51 | INFO | services.connectors.risk3_connector | [1270/1863] CNPJ 42126753000198 -> CACHE (NAO_ENCONTRADO, 0d/30d)
2026-09-16 13:38:51 | INFO | services.connectors.risk3_connector | [1271/1863] CNPJ 42150391000170 -> CACHE (SUCESSO, 119d/365d)
2026-09-16 13:38:51 | INFO | services.connectors.risk3_connector | [1272/1863] CNPJ 42184226000130 -> CACHE (SUCESSO, 75d/365d)
2026-09-16 13:38:51 | INFO | services.connectors.risk3_connector | [1273/1863] CNPJ 42184226001969 -> CACHE (NAO_ENCONTRADO, 0d/30d)
2026-09-16 13:38:51 | INFO | services.connectors.risk3_connector | [1274/1863] CNPJ 42311687000126 -> CACHE (SUCESSO, 84d/365d)
2026-09-16 13:38:51 | INFO | services.connectors.risk3_connector | [1275/1863] CNPJ 42355428000105 -> CACHE (SUCESSO, 245d/365d)
2026-09-16 13:38:51 | INFO | services.connectors.risk3_connector | [1276/1863] CNPJ 42416651000107 -> CACHE (SUCESSO, 92d/365d)
2026-09-16 13:38:51 | INFO | services.connectors.risk3_connector | [1277/1863] CNPJ 42422048000138 -> CACHE (NAO_ENCONTRADO, 0d/30d)
2026-09-16 13:38:51 | INFO | services.connectors.risk3_connector | [1278/1863] CNPJ 42422048000219 -> CACHE (NAO_ENCONTRADO, 0d/30d)
2026-09-16 13:38:51 | INFO | services.connectors.risk3_connector | [1279/1863] CNPJ 42463174000130 -> CACHE (NAO_ENCONTRADO, 0d/30d)
2026-09-16 13:38:51 | INFO | services.connectors.risk3_connector | [1280/1863] CNPJ 42566752000164 -> CACHE (SUCESSO, 76d/365d)
2026-09-16 13:38:51 | INFO | services.connectors.risk3_connector | [1281/1863] CNPJ 42599019000146 -> CACHE (SUCESSO, 338d/365d)
2026-09-16 13:38:51 | INFO | services.connectors.risk3_connector | [1282/1863] CNPJ 42599019000308 -> CACHE (SUCESSO, 338d/365d)
2026-09-16 13:38:51 | INFO | services.connectors.risk3_connector | [1283/1863] CNPJ 42632288000167 -> CACHE (SUCESSO, 57d/365d)
2026-09-16 13:38:51 | INFO | services.connectors.risk3_connector | [1284/1863] CNPJ 42644220000106 -> CACHE (SUCESSO, 91d/365d)
2026-09-16 13:38:51 | INFO | services.connectors.risk3_connector | [1285/1863] CNPJ 42823087000147 -> CACHE (NAO_ENCONTRADO, 0d/30d)
2026-09-16 13:38:51 | INFO | services.connectors.risk3_connector | [1286/1863] CNPJ 42902392000124 -> CACHE (SUCESSO, 65d/365d)
2026-09-16 13:38:51 | INFO | services.connectors.risk3_connector | [1287/1863] CNPJ 42956441000101 -> CACHE (SUCESSO, 154d/365d)
2026-09-16 13:38:51 | INFO | services.connectors.risk3_connector | [1288/1863] CNPJ 43248129000126 -> CACHE (SUCESSO, 84d/365d)
2026-09-16 13:38:51 | INFO | services.connectors.risk3_connector | [1289/1863] CNPJ 43308969000137 -> CACHE (SUCESSO, 127d/365d)
2026-09-16 13:38:51 | INFO | services.connectors.risk3_connector | [1290/1863] CNPJ 43344428000164 -> CACHE (SUCESSO, 147d/365d)
2026-09-16 13:38:51 | INFO | services.connectors.risk3_connector | [1291/1863] CNPJ 43412008000178 -> CACHE (NAO_ENCONTRADO, 0d/30d)
2026-09-16 13:38:51 | INFO | services.connectors.risk3_connector | [1292/1863] CNPJ 43443043000154 -> CACHE (SUCESSO, 15d/365d)
2026-09-16 13:38:51 | INFO | services.connectors.risk3_connector | [1293/1863] CNPJ 43461789000190 -> CACHE (NAO_ENCONTRADO, 0d/30d)
2026-09-16 13:38:51 | INFO | services.connectors.risk3_connector | [1294/1863] CNPJ 43468701000162 -> CACHE (SUCESSO, 231d/365d)
2026-09-16 13:38:51 | INFO | services.connectors.risk3_connector | [1295/1863] CNPJ 43545284000104 -> CACHE (SUCESSO, 141d/365d)
2026-09-16 13:38:51 | INFO | services.connectors.risk3_connector | [1296/1863] CNPJ 43559079000106 -> CACHE (SUCESSO, 84d/365d)
2026-09-16 13:38:51 | INFO | services.connectors.risk3_connector | [1297/1863] CNPJ 43594977000197 -> CACHE (SUCESSO, 97d/365d)
2026-09-16 13:38:51 | INFO | services.connectors.risk3_connector | [1298/1863] CNPJ 43619832001760 -> CACHE (SUCESSO, 139d/365d)
2026-09-16 13:38:51 | INFO | services.connectors.risk3_connector | [1299/1863] CNPJ 43672716000148 -> CACHE (SUCESSO, 84d/365d)
2026-09-16 13:38:51 | INFO | services.connectors.risk3_connector | [1300/1863] CNPJ 44003911000148 -> CACHE (SUCESSO, 246d/365d)
2026-09-16 13:38:51 | INFO | services.connectors.risk3_connector | [1301/1863] CNPJ 44010502000179 -> CACHE (SUCESSO, 83d/365d)
2026-09-16 13:38:51 | INFO | services.connectors.risk3_connector | [1302/1863] CNPJ 44145845000140 -> CACHE (SUCESSO, 315d/365d)
2026-09-16 13:38:51 | INFO | services.connectors.risk3_connector | [1303/1863] CNPJ 44355306000136 -> CACHE (SUCESSO, 189d/365d)
2026-09-16 13:38:51 | INFO | services.connectors.risk3_connector | [1304/1863] CNPJ 44701688000102 -> CACHE (SUCESSO, 323d/365d)
2026-09-16 13:38:51 | INFO | services.connectors.risk3_connector | [1305/1863] CNPJ 44944668000162 -> CACHE (SUCESSO, 84d/365d)
2026-09-16 13:38:51 | INFO | services.connectors.risk3_connector | [1306/1863] CNPJ 45321225000269 -> CACHE (SUCESSO, 194d/365d)
2026-09-16 13:38:51 | INFO | services.connectors.risk3_connector | [1307/1863] CNPJ 45365541000151 -> CACHE (SUCESSO, 84d/365d)
2026-09-16 13:38:51 | INFO | services.connectors.risk3_connector | [1308/1863] CNPJ 45365558000613 -> CACHE (SUCESSO, 84d/365d)
2026-09-16 13:38:51 | INFO | services.connectors.risk3_connector | [1309/1863] CNPJ 45399961000159 -> CACHE (SUCESSO, 93d/365d)
2026-09-16 13:38:51 | INFO | services.connectors.risk3_connector | [1310/1863] CNPJ 45829681000133 -> CACHE (SUCESSO, 83d/365d)
2026-09-16 13:38:51 | INFO | services.connectors.risk3_connector | [1311/1863] CNPJ 45836050000141 -> CACHE (NAO_ENCONTRADO, 0d/30d)
2026-09-16 13:38:51 | INFO | services.connectors.risk3_connector | [1312/1863] CNPJ 45931904000179 -> CACHE (SUCESSO, 161d/365d)
2026-09-16 13:38:51 | INFO | services.connectors.risk3_connector | [1313/1863] CNPJ 46082624000104 -> CACHE (SUCESSO, 246d/365d)
2026-09-16 13:38:51 | INFO | services.connectors.risk3_connector | [1314/1863] CNPJ 46241741000165 -> CACHE (SUCESSO, 84d/365d)
2026-09-16 13:38:51 | INFO | services.connectors.risk3_connector | [1315/1863] CNPJ 46494301000110 -> CACHE (SUCESSO, 70d/365d)
2026-09-16 13:38:51 | INFO | services.connectors.risk3_connector | [1316/1863] CNPJ 46766812000143 -> CACHE (SUCESSO, 236d/365d)
2026-09-16 13:38:51 | INFO | services.connectors.risk3_connector | [1317/1863] CNPJ 46986451000140 -> CACHE (SUCESSO, 83d/365d)
2026-09-16 13:38:51 | INFO | services.connectors.risk3_connector | [1318/1863] CNPJ 47034509000119 -> CACHE (SUCESSO, 84d/365d)
2026-09-16 13:38:51 | INFO | services.connectors.risk3_connector | [1319/1863] CNPJ 47055959000198 -> CACHE (SUCESSO, 84d/365d)
2026-09-16 13:38:51 | INFO | services.connectors.risk3_connector | [1320/1863] CNPJ 47067525000108 -> CACHE (SUCESSO, 134d/365d)
2026-09-16 13:38:51 | INFO | services.connectors.risk3_connector | [1321/1863] CNPJ 47080619000117 -> CACHE (SUCESSO, 112d/365d)
2026-09-16 13:38:51 | INFO | services.connectors.risk3_connector | [1322/1863] CNPJ 47080619001199 -> CACHE (NAO_ENCONTRADO, 14d/30d)
2026-09-16 13:38:51 | INFO | services.connectors.risk3_connector | [1323/1863] CNPJ 47155252000153 -> CACHE (SUCESSO, 336d/365d)
2026-09-16 13:38:51 | INFO | services.connectors.risk3_connector | [1324/1863] CNPJ 47187794000108 -> CACHE (SUCESSO, 246d/365d)
2026-09-16 13:38:51 | INFO | services.connectors.risk3_connector | [1325/1863] CNPJ 47488077000116 -> CACHE (SUCESSO, 303d/365d)
2026-09-16 13:38:51 | INFO | services.connectors.risk3_connector | [1326/1863] CNPJ 47508411000156 -> CACHE (SUCESSO, 191d/365d)
2026-09-16 13:38:51 | INFO | services.connectors.risk3_connector | [1327/1863] CNPJ 47595863000112 -> CACHE (NAO_ENCONTRADO, 0d/30d)
2026-09-16 13:38:51 | INFO | services.connectors.risk3_connector | [1328/1863] CNPJ 47634450000108 -> CACHE (SUCESSO, 83d/365d)
2026-09-16 13:38:51 | INFO | services.connectors.risk3_connector | [1329/1863] CNPJ 47658073000139 -> CACHE (NAO_ENCONTRADO, 0d/30d)
2026-09-16 13:38:51 | INFO | services.connectors.risk3_connector | [1330/1863] CNPJ 47673906000130 -> CACHE (SUCESSO, 83d/365d)
2026-09-16 13:38:51 | INFO | services.connectors.risk3_connector | [1331/1863] CNPJ 47865800000210 -> CACHE (SUCESSO, 20d/365d)
2026-09-16 13:38:51 | INFO | services.connectors.risk3_connector | [1332/1863] CNPJ 47866165000104 -> CACHE (SUCESSO, 84d/365d)
2026-09-16 13:38:51 | INFO | services.connectors.risk3_connector | [1333/1863] CNPJ 47902283000120 -> CACHE (SUCESSO, 28d/365d)
2026-09-16 13:38:51 | INFO | services.connectors.risk3_connector | [1334/1863] CNPJ 47938840000163 -> CACHE (SUCESSO, 328d/365d)
2026-09-16 13:38:51 | INFO | services.connectors.risk3_connector | [1335/1863] CNPJ 47964911000100 -> CACHE (SUCESSO, 127d/365d)
2026-09-16 13:38:51 | INFO | services.connectors.risk3_connector | [1336/1863] CNPJ 48251703000119 -> CACHE (SUCESSO, 110d/365d)
2026-09-16 13:38:51 | INFO | services.connectors.risk3_connector | [1337/1863] CNPJ 48256824000153 -> CACHE (SUCESSO, 41d/365d)
2026-09-16 13:38:51 | INFO | services.connectors.risk3_connector | [1338/1863] CNPJ 48400908000119 -> CACHE (NAO_ENCONTRADO, 0d/30d)
2026-09-16 13:38:51 | INFO | services.connectors.risk3_connector | [1339/1863] CNPJ 48539407000118 -> CACHE (SUCESSO, 90d/365d)
2026-09-16 13:38:51 | INFO | services.connectors.risk3_connector | [1340/1863] CNPJ 48539407007392 -> CACHE (NAO_ENCONTRADO, 0d/30d)
2026-09-16 13:38:51 | INFO | services.connectors.risk3_connector | [1341/1863] CNPJ 48540421000131 -> CACHE (SUCESSO, 37d/365d)
2026-09-16 13:38:51 | INFO | services.connectors.risk3_connector | [1342/1863] CNPJ 48563988000123 -> CACHE (SUCESSO, 121d/365d)
2026-09-16 13:38:51 | INFO | services.connectors.risk3_connector | [1343/1863] CNPJ 48591179000125 -> CACHE (SUCESSO, 106d/365d)
2026-09-16 13:38:51 | INFO | services.connectors.risk3_connector | [1344/1863] CNPJ 48725956000187 -> CACHE (SUCESSO, 83d/365d)
2026-09-16 13:38:51 | INFO | services.connectors.risk3_connector | [1345/1863] CNPJ 48845556000105 -> CACHE (SUCESSO, 226d/365d)
2026-09-16 13:38:51 | INFO | services.connectors.risk3_connector | [1346/1863] CNPJ 48992518000185 -> CACHE (SUCESSO, 83d/365d)
2026-09-16 13:38:51 | INFO | services.connectors.risk3_connector | [1347/1863] CNPJ 49021009000178 -> CACHE (SUCESSO, 84d/365d)
2026-09-16 13:38:51 | INFO | services.connectors.risk3_connector | [1348/1863] CNPJ 49392982000101 -> CACHE (SUCESSO, 84d/365d)
2026-09-16 13:38:51 | INFO | services.connectors.risk3_connector | [1349/1863] CNPJ 49396591000157 -> CACHE (SUCESSO, 181d/365d)
2026-09-16 13:38:51 | INFO | services.connectors.risk3_connector | [1350/1863] CNPJ 49502032000184 -> CACHE (SUCESSO, 155d/365d)
2026-09-16 13:38:51 | INFO | services.connectors.risk3_connector | [1351/1863] CNPJ 49729718000102 -> CACHE (SUCESSO, 121d/365d)
2026-09-16 13:38:51 | INFO | services.connectors.risk3_connector | [1352/1863] CNPJ 49884937000166 -> CACHE (SUCESSO, 282d/365d)
2026-09-16 13:38:51 | INFO | services.connectors.risk3_connector | [1353/1863] CNPJ 49983274000137 -> CACHE (NAO_ENCONTRADO, 0d/30d)
2026-09-16 13:38:51 | INFO | services.connectors.risk3_connector | [1354/1863] CNPJ 50359850000159 -> CACHE (SUCESSO, 194d/365d)
2026-09-16 13:38:51 | INFO | services.connectors.risk3_connector | [1355/1863] CNPJ 50475875000118 -> CACHE (SUCESSO, 181d/365d)
2026-09-16 13:38:51 | INFO | services.connectors.risk3_connector | [1356/1863] CNPJ 50647214000122 -> CACHE (SUCESSO, 83d/365d)
2026-09-16 13:38:51 | INFO | services.connectors.risk3_connector | [1357/1863] CNPJ 50729198000117 -> CACHE (SUCESSO, 174d/365d)
2026-09-16 13:38:51 | INFO | services.connectors.risk3_connector | [1358/1863] CNPJ 50955707000120 -> CACHE (NAO_ENCONTRADO, 0d/30d)
2026-09-16 13:38:51 | INFO | services.connectors.risk3_connector | [1359/1863] CNPJ 50955707001100 -> CACHE (NAO_ENCONTRADO, 0d/30d)
2026-09-16 13:38:51 | INFO | services.connectors.risk3_connector | [1360/1863] CNPJ 51093193000456 -> CACHE (SUCESSO, 84d/365d)
2026-09-16 13:38:51 | INFO | services.connectors.risk3_connector | [1361/1863] CNPJ 51399400000314 -> CACHE (SUCESSO, 83d/365d)
2026-09-16 13:38:51 | INFO | services.connectors.risk3_connector | [1362/1863] CNPJ 51466860000156 -> CACHE (SUCESSO, 110d/365d)
2026-09-16 13:38:51 | INFO | services.connectors.risk3_connector | [1363/1863] CNPJ 51482776000126 -> CACHE (SUCESSO, 83d/365d)
2026-09-16 13:38:51 | INFO | services.connectors.risk3_connector | [1364/1863] CNPJ 51735503000146 -> CACHE (SUCESSO, 126d/365d)
2026-09-16 13:38:51 | INFO | services.connectors.risk3_connector | [1365/1863] CNPJ 51775690000191 -> CACHE (SUCESSO, 113d/365d)
2026-09-16 13:38:51 | INFO | services.connectors.risk3_connector | [1366/1863] CNPJ 51784262000125 -> CACHE (SUCESSO, 323d/365d)
2026-09-16 13:38:51 | INFO | services.connectors.risk3_connector | [1367/1863] CNPJ 52044676000180 -> CACHE (SUCESSO, 84d/365d)
2026-09-16 13:38:51 | INFO | services.connectors.risk3_connector | [1368/1863] CNPJ 52123916000132 -> CACHE (SUCESSO, 146d/365d)
2026-09-16 13:38:51 | INFO | services.connectors.risk3_connector | [1369/1863] CNPJ 52123916000213 -> CACHE (SUCESSO, 84d/365d)
2026-09-16 13:38:51 | INFO | services.connectors.risk3_connector | [1370/1863] CNPJ 52123916001023 -> CACHE (SUCESSO, 84d/365d)
2026-09-16 13:38:51 | INFO | services.connectors.risk3_connector | [1371/1863] CNPJ 52177777000120 -> CACHE (NAO_ENCONTRADO, 0d/30d)
2026-09-16 13:38:51 | INFO | services.connectors.risk3_connector | [1372/1863] CNPJ 52311289000163 -> CACHE (SUCESSO, 223d/365d)
2026-09-16 13:38:51 | INFO | services.connectors.risk3_connector | [1373/1863] CNPJ 52645009000153 -> CACHE (SUCESSO, 253d/365d)
2026-09-16 13:38:51 | INFO | services.connectors.risk3_connector | [1374/1863] CNPJ 52736949000158 -> CACHE (NAO_ENCONTRADO, 0d/30d)
2026-09-16 13:38:51 | INFO | services.connectors.risk3_connector | [1375/1863] CNPJ 53012414000105 -> CACHE (SUCESSO, 96d/365d)
2026-09-16 13:38:51 | INFO | services.connectors.risk3_connector | [1376/1863] CNPJ 53054965000123 -> CACHE (SUCESSO, 23d/365d)
2026-09-16 13:38:51 | INFO | services.connectors.risk3_connector | [1377/1863] CNPJ 53056853000101 -> CACHE (SUCESSO, 70d/365d)
2026-09-16 13:38:51 | INFO | services.connectors.risk3_connector | [1378/1863] CNPJ 53162783000176 -> CACHE (SUCESSO, 65d/365d)
2026-09-16 13:38:51 | INFO | services.connectors.risk3_connector | [1379/1863] CNPJ 53266498000103 -> CACHE (SUCESSO, 83d/365d)
2026-09-16 13:38:51 | INFO | services.connectors.risk3_connector | [1380/1863] CNPJ 53350047000141 -> CACHE (SUCESSO, 84d/365d)
2026-09-16 13:38:51 | INFO | services.connectors.risk3_connector | [1381/1863] CNPJ 53804305000112 -> CACHE (SUCESSO, 83d/365d)
2026-09-16 13:38:51 | INFO | services.connectors.risk3_connector | [1382/1863] CNPJ 53859112000169 -> CACHE (NAO_ENCONTRADO, 14d/30d)
2026-09-16 13:38:51 | INFO | services.connectors.risk3_connector | [1383/1863] CNPJ 53910899000146 -> CACHE (SUCESSO, 225d/365d)
2026-09-16 13:38:51 | INFO | services.connectors.risk3_connector | [1384/1863] CNPJ 53918116000170 -> CACHE (SUCESSO, 127d/365d)
2026-09-16 13:38:51 | INFO | services.connectors.risk3_connector | [1385/1863] CNPJ 53943098000187 -> CACHE (SUCESSO, 349d/365d)
2026-09-16 13:38:51 | INFO | services.connectors.risk3_connector | [1386/1863] CNPJ 54105671000146 -> CACHE (SUCESSO, 5d/365d)
2026-09-16 13:38:51 | INFO | services.connectors.risk3_connector | [1387/1863] CNPJ 54218054000157 -> CACHE (SUCESSO, 36d/365d)
2026-09-16 13:38:51 | INFO | services.connectors.risk3_connector | [1388/1863] CNPJ 54252354000152 -> CACHE (SUCESSO, 64d/365d)
2026-09-16 13:38:51 | INFO | services.connectors.risk3_connector | [1389/1863] CNPJ 54406566000147 -> CACHE (SUCESSO, 84d/365d)
2026-09-16 13:38:51 | INFO | services.connectors.risk3_connector | [1390/1863] CNPJ 54625819000173 -> CACHE (SUCESSO, 293d/365d)
2026-09-16 13:38:51 | INFO | services.connectors.risk3_connector | [1391/1863] CNPJ 54672449000125 -> CACHE (NAO_ENCONTRADO, 0d/30d)
2026-09-16 13:38:51 | INFO | services.connectors.risk3_connector | [1392/1863] CNPJ 55257059000151 -> CACHE (SUCESSO, 84d/365d)
2026-09-16 13:38:51 | INFO | services.connectors.risk3_connector | [1393/1863] CNPJ 55685369000177 -> CACHE (SUCESSO, 83d/365d)
2026-09-16 13:38:51 | INFO | services.connectors.risk3_connector | [1394/1863] CNPJ 55773964000164 -> CACHE (SUCESSO, 246d/365d)
2026-09-16 13:38:51 | INFO | services.connectors.risk3_connector | [1395/1863] CNPJ 55924836000174 -> CACHE (SUCESSO, 278d/365d)
2026-09-16 13:38:51 | INFO | services.connectors.risk3_connector | [1396/1863] CNPJ 55935046000194 -> CACHE (SUCESSO, 133d/365d)
2026-09-16 13:38:51 | INFO | services.connectors.risk3_connector | [1397/1863] CNPJ 55973762000328 -> CACHE (SUCESSO, 84d/365d)
2026-09-16 13:38:51 | INFO | services.connectors.risk3_connector | [1398/1863] CNPJ 55979736000145 -> CACHE (SUCESSO, 131d/365d)
2026-09-16 13:38:51 | INFO | services.connectors.risk3_connector | [1399/1863] CNPJ 55983670000167 -> CACHE (SUCESSO, 84d/365d)
2026-09-16 13:38:51 | INFO | services.connectors.risk3_connector | [1400/1863] CNPJ 55999932000181 -> CACHE (SUCESSO, 175d/365d)
2026-09-16 13:38:51 | INFO | services.connectors.risk3_connector | [1401/1863] CNPJ 56139066000626 -> CACHE (SUCESSO, 161d/365d)
2026-09-16 13:38:51 | INFO | services.connectors.risk3_connector | [1402/1863] CNPJ 56384183000140 -> CACHE (NAO_ENCONTRADO, 0d/30d)
2026-09-16 13:38:51 | INFO | services.connectors.risk3_connector | [1403/1863] CNPJ 56720287000189 -> CACHE (SUCESSO, 84d/365d)
2026-09-16 13:38:51 | INFO | services.connectors.risk3_connector | [1404/1863] CNPJ 56720428001488 -> CACHE (NAO_ENCONTRADO, 0d/30d)
2026-09-16 13:38:51 | INFO | services.connectors.risk3_connector | [1405/1863] CNPJ 57010480000431 -> CACHE (SUCESSO, 146d/365d)
2026-09-16 13:38:51 | INFO | services.connectors.risk3_connector | [1406/1863] CNPJ 57107609000343 -> CACHE (SUCESSO, 154d/365d)
2026-09-16 13:38:51 | INFO | services.connectors.risk3_connector | [1407/1863] CNPJ 57227134000167 -> CACHE (SUCESSO, 84d/365d)
2026-09-16 13:38:51 | INFO | services.connectors.risk3_connector | [1408/1863] CNPJ 57417453000135 -> CACHE (SUCESSO, 83d/365d)
2026-09-16 13:38:51 | INFO | services.connectors.risk3_connector | [1409/1863] CNPJ 57497539000115 -> CACHE (SUCESSO, 288d/365d)
2026-09-16 13:38:51 | INFO | services.connectors.risk3_connector | [1410/1863] CNPJ 57497539000700 -> CACHE (NAO_ENCONTRADO, 0d/30d)
2026-09-16 13:38:51 | INFO | services.connectors.risk3_connector | [1411/1863] CNPJ 57497539001359 -> CACHE (NAO_ENCONTRADO, 0d/30d)
2026-09-16 13:38:51 | INFO | services.connectors.risk3_connector | [1412/1863] CNPJ 57497539001600 -> CACHE (NAO_ENCONTRADO, 0d/30d)
2026-09-16 13:38:51 | INFO | services.connectors.risk3_connector | [1413/1863] CNPJ 57507378000365 -> CACHE (SUCESSO, 245d/365d)
2026-09-16 13:38:51 | INFO | services.connectors.risk3_connector | [1414/1863] CNPJ 57507626000106 -> CACHE (SUCESSO, 113d/365d)
2026-09-16 13:38:51 | INFO | services.connectors.risk3_connector | [1415/1863] CNPJ 57879827000304 -> CACHE (SUCESSO, 146d/365d)
2026-09-16 13:38:51 | INFO | services.connectors.risk3_connector | [1416/1863] CNPJ 58059643000190 -> CACHE (SUCESSO, 64d/365d)
2026-09-16 13:38:51 | INFO | services.connectors.risk3_connector | [1417/1863] CNPJ 58177643000195 -> CACHE (NAO_ENCONTRADO, 0d/30d)
2026-09-16 13:38:51 | INFO | services.connectors.risk3_connector | [1418/1863] CNPJ 58275042000115 -> CACHE (SUCESSO, 83d/365d)
2026-09-16 13:38:51 | INFO | services.connectors.risk3_connector | [1419/1863] CNPJ 59104422000150 -> CACHE (SUCESSO, 288d/365d)
2026-09-16 13:38:51 | INFO | services.connectors.risk3_connector | [1420/1863] CNPJ 59105999000186 -> CACHE (NAO_ENCONTRADO, 0d/30d)
2026-09-16 13:38:51 | INFO | services.connectors.risk3_connector | [1421/1863] CNPJ 59106666000171 -> CACHE (NAO_ENCONTRADO, 0d/30d)
2026-09-16 13:38:51 | INFO | services.connectors.risk3_connector | [1422/1863] CNPJ 59221316000156 -> CACHE (SUCESSO, 65d/365d)
2026-09-16 13:38:51 | INFO | services.connectors.risk3_connector | [1423/1863] CNPJ 59247502000164 -> CACHE (SUCESSO, 75d/365d)
2026-09-16 13:38:51 | INFO | services.connectors.risk3_connector | [1424/1863] CNPJ 59275792000150 -> CACHE (SUCESSO, 293d/365d)
2026-09-16 13:38:51 | INFO | services.connectors.risk3_connector | [1425/1863] CNPJ 59650366000400 -> CACHE (SUCESSO, 111d/365d)
2026-09-16 13:38:51 | INFO | services.connectors.risk3_connector | [1426/1863] CNPJ 59723874000110 -> CACHE (SUCESSO, 124d/365d)
2026-09-16 13:38:51 | INFO | services.connectors.risk3_connector | [1427/1863] CNPJ 59762831000143 -> CACHE (SUCESSO, 84d/365d)
2026-09-16 13:38:51 | INFO | services.connectors.risk3_connector | [1428/1863] CNPJ 59895385000145 -> CACHE (SUCESSO, 83d/365d)
2026-09-16 13:38:51 | INFO | services.connectors.risk3_connector | [1429/1863] CNPJ 59970947000178 -> CACHE (NAO_ENCONTRADO, 0d/30d)
2026-09-16 13:38:51 | INFO | services.connectors.risk3_connector | [1430/1863] CNPJ 60177862000116 -> CACHE (SUCESSO, 246d/365d)
2026-09-16 13:38:51 | INFO | services.connectors.risk3_connector | [1431/1863] CNPJ 60211893000146 -> CACHE (SUCESSO, 320d/365d)
2026-09-16 13:38:51 | INFO | services.connectors.risk3_connector | [1432/1863] CNPJ 60444437000146 -> CACHE (NAO_ENCONTRADO, 14d/30d)
2026-09-16 13:38:51 | INFO | services.connectors.risk3_connector | [1433/1863] CNPJ 60476884000187 -> CACHE (SUCESSO, 41d/365d)
2026-09-16 13:38:51 | INFO | services.connectors.risk3_connector | [1434/1863] CNPJ 60498706000157 -> CACHE (SUCESSO, 99d/365d)
2026-09-16 13:38:51 | INFO | services.connectors.risk3_connector | [1435/1863] CNPJ 60500246000154 -> CACHE (NAO_ENCONTRADO, 0d/30d)
2026-09-16 13:38:51 | INFO | services.connectors.risk3_connector | [1436/1863] CNPJ 60561800000103 -> CACHE (SUCESSO, 131d/365d)
2026-09-16 13:38:51 | INFO | services.connectors.risk3_connector | [1437/1863] CNPJ 60619202000148 -> CACHE (SUCESSO, 58d/365d)
2026-09-16 13:38:51 | INFO | services.connectors.risk3_connector | [1438/1863] CNPJ 60619202003325 -> CACHE (NAO_ENCONTRADO, 0d/30d)
2026-09-16 13:38:51 | INFO | services.connectors.risk3_connector | [1439/1863] CNPJ 60665981000118 -> CACHE (NAO_ENCONTRADO, 0d/30d)
2026-09-16 13:38:51 | INFO | services.connectors.risk3_connector | [1440/1863] CNPJ 60746948000112 -> CACHE (NAO_ENCONTRADO, 0d/30d)
2026-09-16 13:38:51 | INFO | services.connectors.risk3_connector | [1441/1863] CNPJ 60820198000262 -> CACHE (SUCESSO, 70d/365d)
2026-09-16 13:38:51 | INFO | services.connectors.risk3_connector | [1442/1863] CNPJ 60853942000144 -> CACHE (NAO_ENCONTRADO, 0d/30d)
2026-09-16 13:38:51 | INFO | services.connectors.risk3_connector | [1443/1863] CNPJ 60854833000141 -> CACHE (SUCESSO, 50d/365d)
2026-09-16 13:38:51 | INFO | services.connectors.risk3_connector | [1444/1863] CNPJ 60855574000173 -> CACHE (SUCESSO, 112d/365d)
2026-09-16 13:38:51 | INFO | services.connectors.risk3_connector | [1445/1863] CNPJ 60856077000947 -> CACHE (SUCESSO, 203d/365d)
2026-09-16 13:38:51 | INFO | services.connectors.risk3_connector | [1446/1863] CNPJ 60860277000116 -> CACHE (SUCESSO, 83d/365d)
2026-09-16 13:38:51 | INFO | services.connectors.risk3_connector | [1447/1863] CNPJ 60869336000117 -> CACHE (SUCESSO, 329d/365d)
2026-09-16 13:38:51 | INFO | services.connectors.risk3_connector | [1448/1863] CNPJ 60872306016244 -> CACHE (SUCESSO, 83d/365d)
2026-09-16 13:38:51 | INFO | services.connectors.risk3_connector | [1449/1863] CNPJ 60879848000164 -> CACHE (SUCESSO, 84d/365d)
2026-09-16 13:38:51 | INFO | services.connectors.risk3_connector | [1450/1863] CNPJ 60882313000142 -> CACHE (SUCESSO, 246d/365d)
2026-09-16 13:38:51 | INFO | services.connectors.risk3_connector | [1451/1863] CNPJ 60894730000105 -> CACHE (SUCESSO, 83d/365d)
2026-09-16 13:38:51 | INFO | services.connectors.risk3_connector | [1452/1863] CNPJ 60975737000151 -> CACHE (NAO_ENCONTRADO, 0d/30d)
2026-09-16 13:38:51 | INFO | services.connectors.risk3_connector | [1453/1863] CNPJ 61036141000310 -> CACHE (SUCESSO, 99d/365d)
2026-09-16 13:38:51 | INFO | services.connectors.risk3_connector | [1454/1863] CNPJ 61064929000179 -> CACHE (NAO_ENCONTRADO, 0d/30d)
2026-09-16 13:38:51 | INFO | services.connectors.risk3_connector | [1455/1863] CNPJ 61067161000197 -> CACHE (SUCESSO, 63d/365d)
2026-09-16 13:38:51 | INFO | services.connectors.risk3_connector | [1456/1863] CNPJ 61067930000319 -> CACHE (SUCESSO, 83d/365d)
2026-09-16 13:38:51 | INFO | services.connectors.risk3_connector | [1457/1863] CNPJ 61082988000170 -> CACHE (SUCESSO, 92d/365d)
2026-09-16 13:38:51 | INFO | services.connectors.risk3_connector | [1458/1863] CNPJ 61092037000181 -> CACHE (SUCESSO, 23d/365d)
2026-09-16 13:38:51 | INFO | services.connectors.risk3_connector | [1459/1863] CNPJ 61101895000145 -> CACHE (NAO_ENCONTRADO, 0d/30d)
2026-09-16 13:38:51 | INFO | services.connectors.risk3_connector | [1460/1863] CNPJ 61101895003918 -> CACHE (NAO_ENCONTRADO, 0d/30d)
2026-09-16 13:38:51 | INFO | services.connectors.risk3_connector | [1461/1863] CNPJ 61139192000459 -> CACHE (SUCESSO, 84d/365d)
2026-09-16 13:38:51 | INFO | services.connectors.risk3_connector | [1462/1863] CNPJ 61144150000678 -> CACHE (SUCESSO, 245d/365d)
2026-09-16 13:38:51 | INFO | services.connectors.risk3_connector | [1463/1863] CNPJ 61186888000193 -> CACHE (SUCESSO, 175d/365d)
2026-09-16 13:38:51 | INFO | services.connectors.risk3_connector | [1464/1863] CNPJ 61190096002136 -> CACHE (NAO_ENCONTRADO, 0d/30d)
2026-09-16 13:38:51 | INFO | services.connectors.risk3_connector | [1465/1863] CNPJ 61246245000198 -> CACHE (SUCESSO, 177d/365d)
2026-09-16 13:38:51 | INFO | services.connectors.risk3_connector | [1466/1863] CNPJ 61310256000190 -> CACHE (SUCESSO, 184d/365d)
2026-09-16 13:38:51 | INFO | services.connectors.risk3_connector | [1467/1863] CNPJ 61409892000173 -> CACHE (SUCESSO, 89d/365d)
2026-09-16 13:38:51 | INFO | services.connectors.risk3_connector | [1468/1863] CNPJ 61409892000920 -> CACHE (NAO_ENCONTRADO, 0d/30d)
2026-09-16 13:38:51 | INFO | services.connectors.risk3_connector | [1469/1863] CNPJ 61451027000195 -> CACHE (SUCESSO, 22d/365d)
2026-09-16 13:38:51 | INFO | services.connectors.risk3_connector | [1470/1863] CNPJ 61460325000141 -> CACHE (SUCESSO, 120d/365d)
2026-09-16 13:38:51 | INFO | services.connectors.risk3_connector | [1471/1863] CNPJ 61479002000108 -> CACHE (SUCESSO, 176d/365d)
2026-09-16 13:38:51 | INFO | services.connectors.risk3_connector | [1472/1863] CNPJ 61486650000183 -> CACHE (NAO_ENCONTRADO, 0d/30d)
2026-09-16 13:38:51 | INFO | services.connectors.risk3_connector | [1473/1863] CNPJ 61526398000199 -> CACHE (SUCESSO, 84d/365d)
2026-09-16 13:38:51 | INFO | services.connectors.risk3_connector | [1474/1863] CNPJ 61528030000160 -> CACHE (SUCESSO, 64d/365d)
2026-09-16 13:38:51 | INFO | services.connectors.risk3_connector | [1475/1863] CNPJ 61533949000141 -> CACHE (SUCESSO, 156d/365d)
2026-09-16 13:38:51 | INFO | services.connectors.risk3_connector | [1476/1863] CNPJ 61585865000151 -> CACHE (SUCESSO, 245d/365d)
2026-09-16 13:38:51 | INFO | services.connectors.risk3_connector | [1477/1863] CNPJ 61597407000132 -> CACHE (SUCESSO, 83d/365d)
2026-09-16 13:38:51 | INFO | services.connectors.risk3_connector | [1478/1863] CNPJ 61695227000193 -> CACHE (NAO_ENCONTRADO, 14d/30d)
2026-09-16 13:38:51 | INFO | services.connectors.risk3_connector | [1479/1863] CNPJ 61728804000104 -> CACHE (SUCESSO, 84d/365d)
2026-09-16 13:38:51 | INFO | services.connectors.risk3_connector | [1480/1863] CNPJ 61887899000109 -> CACHE (SUCESSO, 177d/365d)
2026-09-16 13:38:51 | INFO | services.connectors.risk3_connector | [1481/1863] CNPJ 62014352000153 -> CACHE (SUCESSO, 83d/365d)
2026-09-16 13:38:51 | INFO | services.connectors.risk3_connector | [1482/1863] CNPJ 62070362000106 -> CACHE (SUCESSO, 89d/365d)
2026-09-16 13:38:51 | INFO | services.connectors.risk3_connector | [1483/1863] CNPJ 62125836000170 -> CACHE (SUCESSO, 84d/365d)
2026-09-16 13:38:51 | INFO | services.connectors.risk3_connector | [1484/1863] CNPJ 62258884000136 -> CACHE (SUCESSO, 182d/365d)
2026-09-16 13:38:51 | INFO | services.connectors.risk3_connector | [1485/1863] CNPJ 62440235000151 -> CACHE (SUCESSO, 112d/365d)
2026-09-16 13:38:51 | INFO | services.connectors.risk3_connector | [1486/1863] CNPJ 62473004000144 -> CACHE (SUCESSO, 84d/365d)
2026-09-16 13:38:51 | INFO | services.connectors.risk3_connector | [1487/1863] CNPJ 62545686000153 -> CACHE (SUCESSO, 92d/365d)
2026-09-16 13:38:51 | INFO | services.connectors.risk3_connector | [1488/1863] CNPJ 62695036000194 -> CACHE (SUCESSO, 111d/365d)
2026-09-16 13:38:51 | INFO | services.connectors.risk3_connector | [1489/1863] CNPJ 62695036005404 -> CACHE (SUCESSO, 111d/365d)
2026-09-16 13:38:51 | INFO | services.connectors.risk3_connector | [1490/1863] CNPJ 62757224000108 -> CACHE (SUCESSO, 181d/365d)
2026-09-16 13:38:51 | INFO | services.connectors.risk3_connector | [1491/1863] CNPJ 62801576000105 -> CACHE (SUCESSO, 84d/365d)
2026-09-16 13:38:51 | INFO | services.connectors.risk3_connector | [1492/1863] CNPJ 62955505006874 -> CACHE (SUCESSO, 83d/365d)
2026-09-16 13:38:51 | INFO | services.connectors.risk3_connector | [1493/1863] CNPJ 62979232000190 -> CACHE (SUCESSO, 83d/365d)
2026-09-16 13:38:51 | INFO | services.connectors.risk3_connector | [1494/1863] CNPJ 62988365000123 -> CACHE (SUCESSO, 84d/365d)
2026-09-16 13:38:51 | INFO | services.connectors.risk3_connector | [1495/1863] CNPJ 64119865000154 -> CACHE (SUCESSO, 233d/365d)
2026-09-16 13:38:51 | INFO | services.connectors.risk3_connector | [1496/1863] CNPJ 64812373000140 -> CACHE (SUCESSO, 187d/365d)
2026-09-16 13:38:51 | INFO | services.connectors.risk3_connector | [1497/1863] CNPJ 65882680000160 -> CACHE (SUCESSO, 293d/365d)
2026-09-16 13:38:51 | INFO | services.connectors.risk3_connector | [1498/1863] CNPJ 66693326000150 -> CACHE (SUCESSO, 90d/365d)
2026-09-16 13:38:51 | INFO | services.connectors.risk3_connector | [1499/1863] CNPJ 66830332000101 -> CACHE (SUCESSO, 309d/365d)
2026-09-16 13:38:51 | INFO | services.connectors.risk3_connector | [1500/1863] CNPJ 66979659000140 -> CACHE (SUCESSO, 84d/365d)
2026-09-16 13:38:51 | INFO | services.connectors.risk3_connector | [1501/1863] CNPJ 67051136000363 -> CACHE (SUCESSO, 83d/365d)
2026-09-16 13:38:51 | INFO | services.connectors.risk3_connector | [1502/1863] CNPJ 67185694000150 -> CACHE (SUCESSO, 84d/365d)
2026-09-16 13:38:51 | INFO | services.connectors.risk3_connector | [1503/1863] CNPJ 67290858000109 -> CACHE (SUCESSO, 82d/365d)
2026-09-16 13:38:51 | INFO | services.connectors.risk3_connector | [1504/1863] CNPJ 67620377000114 -> CACHE (NAO_ENCONTRADO, 0d/30d)
2026-09-16 13:38:51 | INFO | services.connectors.risk3_connector | [1505/1863] CNPJ 67969964000113 -> CACHE (SUCESSO, 84d/365d)
2026-09-16 13:38:51 | INFO | services.connectors.risk3_connector | [1506/1863] CNPJ 68776277000144 -> CACHE (SUCESSO, 83d/365d)
2026-09-16 13:38:51 | INFO | services.connectors.risk3_connector | [1507/1863] CNPJ 71320915000122 -> CACHE (SUCESSO, 65d/365d)
2026-09-16 13:38:51 | INFO | services.connectors.risk3_connector | [1508/1863] CNPJ 71322150000160 -> CACHE (SUCESSO, 278d/365d)
2026-09-16 13:38:51 | INFO | services.connectors.risk3_connector | [1509/1863] CNPJ 71832679000123 -> CACHE (SUCESSO, 85d/365d)
2026-09-16 13:38:51 | INFO | services.connectors.risk3_connector | [1510/1863] CNPJ 72147440000187 -> CACHE (SUCESSO, 83d/365d)
2026-09-16 13:38:51 | INFO | services.connectors.risk3_connector | [1511/1863] CNPJ 72202773000161 -> CACHE (SUCESSO, 191d/365d)
2026-09-16 13:38:51 | INFO | services.connectors.risk3_connector | [1512/1863] CNPJ 72366818000133 -> CACHE (SUCESSO, 245d/365d)
2026-09-16 13:38:51 | INFO | services.connectors.risk3_connector | [1513/1863] CNPJ 72393002000107 -> CACHE (SUCESSO, 84d/365d)
2026-09-16 13:38:51 | INFO | services.connectors.risk3_connector | [1514/1863] CNPJ 72459373000136 -> CACHE (SUCESSO, 84d/365d)
2026-09-16 13:38:51 | INFO | services.connectors.risk3_connector | [1515/1863] CNPJ 72909146000165 -> CACHE (SUCESSO, 84d/365d)
2026-09-16 13:38:51 | INFO | services.connectors.risk3_connector | [1516/1863] CNPJ 73056731000122 -> CACHE (SUCESSO, 170d/365d)
2026-09-16 13:38:51 | INFO | services.connectors.risk3_connector | [1517/1863] CNPJ 73113367000195 -> CACHE (SUCESSO, 146d/365d)
2026-09-16 13:38:51 | INFO | services.connectors.risk3_connector | [1518/1863] CNPJ 73217028000159 -> CACHE (SUCESSO, 84d/365d)
2026-09-16 13:38:51 | INFO | services.connectors.risk3_connector | [1519/1863] CNPJ 73262826000100 -> CACHE (SUCESSO, 320d/365d)
2026-09-16 13:38:51 | INFO | services.connectors.risk3_connector | [1520/1863] CNPJ 73338824000140 -> CACHE (SUCESSO, 84d/365d)
2026-09-16 13:38:51 | INFO | services.connectors.risk3_connector | [1521/1863] CNPJ 73379380000190 -> CACHE (SUCESSO, 245d/365d)
2026-09-16 13:38:51 | INFO | services.connectors.risk3_connector | [1522/1863] CNPJ 73586976000161 -> CACHE (SUCESSO, 84d/365d)
2026-09-16 13:38:51 | INFO | services.connectors.risk3_connector | [1523/1863] CNPJ 73847782000172 -> CACHE (SUCESSO, 246d/365d)
2026-09-16 13:38:51 | INFO | services.connectors.risk3_connector | [1524/1863] CNPJ 73856593000166 -> CACHE (SUCESSO, 69d/365d)
2026-09-16 13:38:51 | INFO | services.connectors.risk3_connector | [1525/1863] CNPJ 73954489000104 -> CACHE (SUCESSO, 245d/365d)
2026-09-16 13:38:51 | INFO | services.connectors.risk3_connector | [1526/1863] CNPJ 73973059000130 -> CACHE (SUCESSO, 84d/365d)
2026-09-16 13:38:51 | INFO | services.connectors.risk3_connector | [1527/1863] CNPJ 74068552000178 -> CACHE (SUCESSO, 84d/365d)
2026-09-16 13:38:51 | INFO | services.connectors.risk3_connector | [1528/1863] CNPJ 74175159000183 -> CACHE (SUCESSO, 187d/365d)
2026-09-16 13:38:51 | INFO | services.connectors.risk3_connector | [1529/1863] CNPJ 74526278000133 -> CACHE (SUCESSO, 196d/365d)
2026-09-16 13:38:51 | INFO | services.connectors.risk3_connector | [1530/1863] CNPJ 74531997000142 -> CACHE (SUCESSO, 176d/365d)
2026-09-16 13:38:51 | INFO | services.connectors.risk3_connector | [1531/1863] CNPJ 74657784000161 -> CACHE (SUCESSO, 84d/365d)
2026-09-16 13:38:51 | INFO | services.connectors.risk3_connector | [1532/1863] CNPJ 75034645000144 -> CACHE (SUCESSO, 83d/365d)
2026-09-16 13:38:51 | INFO | services.connectors.risk3_connector | [1533/1863] CNPJ 75045591000112 -> CACHE (SUCESSO, 83d/365d)
2026-09-16 13:38:51 | INFO | services.connectors.risk3_connector | [1534/1863] CNPJ 75047498000147 -> CACHE (SUCESSO, 84d/365d)
2026-09-16 13:38:51 | INFO | services.connectors.risk3_connector | [1535/1863] CNPJ 75048165000132 -> CACHE (SUCESSO, 15d/365d)
2026-09-16 13:38:51 | INFO | services.connectors.risk3_connector | [1536/1863] CNPJ 75051458000179 -> CACHE (SUCESSO, 246d/365d)
2026-09-16 13:38:51 | INFO | services.connectors.risk3_connector | [1537/1863] CNPJ 75084871000130 -> CACHE (SUCESSO, 84d/365d)
2026-09-16 13:38:51 | INFO | services.connectors.risk3_connector | [1538/1863] CNPJ 75205831000107 -> CACHE (SUCESSO, 84d/365d)
2026-09-16 13:38:51 | INFO | services.connectors.risk3_connector | [1539/1863] CNPJ 75221028000158 -> CACHE (SUCESSO, 33d/365d)
2026-09-16 13:38:51 | INFO | services.connectors.risk3_connector | [1540/1863] CNPJ 75222224000147 -> CACHE (SUCESSO, 51d/365d)
2026-09-16 13:38:51 | INFO | services.connectors.risk3_connector | [1541/1863] CNPJ 75222224002433 -> CACHE (NAO_ENCONTRADO, 14d/30d)
2026-09-16 13:38:51 | INFO | services.connectors.risk3_connector | [1542/1863] CNPJ 75227801000193 -> CACHE (SUCESSO, 335d/365d)
2026-09-16 13:38:51 | INFO | services.connectors.risk3_connector | [1543/1863] CNPJ 75263921001037 -> CACHE (SUCESSO, 82d/365d)
2026-09-16 13:38:51 | INFO | services.connectors.risk3_connector | [1544/1863] CNPJ 75272013000119 -> CACHE (SUCESSO, 84d/365d)
2026-09-16 13:38:51 | INFO | services.connectors.risk3_connector | [1545/1863] CNPJ 75294801000106 -> CACHE (SUCESSO, 156d/365d)
2026-09-16 13:38:51 | INFO | services.connectors.risk3_connector | [1546/1863] CNPJ 75364455000195 -> CACHE (SUCESSO, 84d/365d)
2026-09-16 13:38:51 | INFO | services.connectors.risk3_connector | [1547/1863] CNPJ 75483040000211 -> CACHE (SUCESSO, 84d/365d)
2026-09-16 13:38:51 | INFO | services.connectors.risk3_connector | [1548/1863] CNPJ 75517151000110 -> CACHE (SUCESSO, 175d/365d)
2026-09-16 13:38:51 | INFO | services.connectors.risk3_connector | [1549/1863] CNPJ 75556431000219 -> CACHE (SUCESSO, 83d/365d)
2026-09-16 13:38:51 | INFO | services.connectors.risk3_connector | [1550/1863] CNPJ 75556431000561 -> CACHE (SUCESSO, 84d/365d)
2026-09-16 13:38:51 | INFO | services.connectors.risk3_connector | [1551/1863] CNPJ 75584193000174 -> CACHE (SUCESSO, 83d/365d)
2026-09-16 13:38:51 | INFO | services.connectors.risk3_connector | [1552/1863] CNPJ 75655720000194 -> CACHE (SUCESSO, 84d/365d)
2026-09-16 13:38:51 | INFO | services.connectors.risk3_connector | [1553/1863] CNPJ 75674424000130 -> CACHE (SUCESSO, 83d/365d)
2026-09-16 13:38:51 | INFO | services.connectors.risk3_connector | [1554/1863] CNPJ 75723056000173 -> CACHE (SUCESSO, 246d/365d)
2026-09-16 13:38:51 | INFO | services.connectors.risk3_connector | [1555/1863] CNPJ 75801936000110 -> CACHE (SUCESSO, 245d/365d)
2026-09-16 13:38:51 | INFO | services.connectors.risk3_connector | [1556/1863] CNPJ 75864728000160 -> CACHE (SUCESSO, 84d/365d)
2026-09-16 13:38:51 | INFO | services.connectors.risk3_connector | [1557/1863] CNPJ 75875773000110 -> CACHE (SUCESSO, 322d/365d)
2026-09-16 13:38:51 | INFO | services.connectors.risk3_connector | [1558/1863] CNPJ 75904383000121 -> CACHE (SUCESSO, 44d/365d)
2026-09-16 13:38:51 | INFO | services.connectors.risk3_connector | [1559/1863] CNPJ 75915975000149 -> CACHE (SUCESSO, 83d/365d)
2026-09-16 13:38:51 | INFO | services.connectors.risk3_connector | [1560/1863] CNPJ 75962886000315 -> CACHE (SUCESSO, 118d/365d)
2026-09-16 13:38:51 | INFO | services.connectors.risk3_connector | [1561/1863] CNPJ 75962886000900 -> CACHE (SUCESSO, 118d/365d)
2026-09-16 13:38:51 | INFO | services.connectors.risk3_connector | [1562/1863] CNPJ 76004209000195 -> CACHE (SUCESSO, 83d/365d)
2026-09-16 13:38:51 | INFO | services.connectors.risk3_connector | [1563/1863] CNPJ 76013440000145 -> CACHE (SUCESSO, 128d/365d)
2026-09-16 13:38:51 | INFO | services.connectors.risk3_connector | [1564/1863] CNPJ 76047638000140 -> CACHE (SUCESSO, 112d/365d)
2026-09-16 13:38:51 | INFO | services.connectors.risk3_connector | [1565/1863] CNPJ 76071950000179 -> CACHE (SUCESSO, 83d/365d)
2026-09-16 13:38:51 | INFO | services.connectors.risk3_connector | [1566/1863] CNPJ 76081892000164 -> CACHE (NAO_ENCONTRADO, 0d/30d)
2026-09-16 13:38:51 | INFO | services.connectors.risk3_connector | [1567/1863] CNPJ 76089523000118 -> CACHE (SUCESSO, 106d/365d)
2026-09-16 13:38:51 | INFO | services.connectors.risk3_connector | [1568/1863] CNPJ 76091768000180 -> CACHE (SUCESSO, 246d/365d)
2026-09-16 13:38:51 | INFO | services.connectors.risk3_connector | [1569/1863] CNPJ 76093731000190 -> CACHE (SUCESSO, 140d/365d)
2026-09-16 13:38:51 | INFO | services.connectors.risk3_connector | [1570/1863] CNPJ 76093731008256 -> CACHE (NAO_ENCONTRADO, 0d/30d)
2026-09-16 13:38:51 | INFO | services.connectors.risk3_connector | [1571/1863] CNPJ 76097989000165 -> CACHE (SUCESSO, 246d/365d)
2026-09-16 13:38:51 | INFO | services.connectors.risk3_connector | [1572/1863] CNPJ 76098219000137 -> CACHE (SUCESSO, 40d/365d)
2026-09-16 13:38:51 | INFO | services.connectors.risk3_connector | [1573/1863] CNPJ 76105436000107 -> CACHE (SUCESSO, 246d/365d)
2026-09-16 13:38:51 | INFO | services.connectors.risk3_connector | [1574/1863] CNPJ 76107770000108 -> CACHE (SUCESSO, 146d/365d)
2026-09-16 13:38:51 | INFO | services.connectors.risk3_connector | [1575/1863] CNPJ 76107770004600 -> CACHE (NAO_ENCONTRADO, 14d/30d)
2026-09-16 13:38:51 | INFO | services.connectors.risk3_connector | [1576/1863] CNPJ 76108349003200 -> CACHE (SUCESSO, 274d/365d)
2026-09-16 13:38:51 | INFO | services.connectors.risk3_connector | [1577/1863] CNPJ 76109594000135 -> CACHE (SUCESSO, 84d/365d)
2026-09-16 13:38:51 | INFO | services.connectors.risk3_connector | [1578/1863] CNPJ 76176643000152 -> CACHE (SUCESSO, 84d/365d)
2026-09-16 13:38:51 | INFO | services.connectors.risk3_connector | [1579/1863] CNPJ 76208867000107 -> CACHE (SUCESSO, 345d/365d)
2026-09-16 13:38:51 | INFO | services.connectors.risk3_connector | [1580/1863] CNPJ 76214022000116 -> CACHE (SUCESSO, 245d/365d)
2026-09-16 13:38:51 | INFO | services.connectors.risk3_connector | [1581/1863] CNPJ 76255926000190 -> CACHE (SUCESSO, 329d/365d)
2026-09-16 13:38:51 | INFO | services.connectors.risk3_connector | [1582/1863] CNPJ 76260017000140 -> CACHE (SUCESSO, 84d/365d)
2026-09-16 13:38:51 | INFO | services.connectors.risk3_connector | [1583/1863] CNPJ 76291251000134 -> CACHE (SUCESSO, 124d/365d)
2026-09-16 13:38:51 | INFO | services.connectors.risk3_connector | [1584/1863] CNPJ 76396159000139 -> CACHE (SUCESSO, 83d/365d)
2026-09-16 13:38:51 | INFO | services.connectors.risk3_connector | [1585/1863] CNPJ 76430438000171 -> CACHE (SUCESSO, 15d/365d)
2026-09-16 13:38:51 | INFO | services.connectors.risk3_connector | [1586/1863] CNPJ 76484013000145 -> CACHE (SUCESSO, 119d/365d)
2026-09-16 13:38:51 | INFO | services.connectors.risk3_connector | [1587/1863] CNPJ 76491950000128 -> CACHE (SUCESSO, 84d/365d)
2026-09-16 13:38:51 | INFO | services.connectors.risk3_connector | [1588/1863] CNPJ 76492065000163 -> CACHE (SUCESSO, 83d/365d)
2026-09-16 13:38:51 | INFO | services.connectors.risk3_connector | [1589/1863] CNPJ 76492701000157 -> CACHE (SUCESSO, 125d/365d)
2026-09-16 13:38:51 | INFO | services.connectors.risk3_connector | [1590/1863] CNPJ 76493626000149 -> CACHE (SUCESSO, 156d/365d)
2026-09-16 13:38:51 | INFO | services.connectors.risk3_connector | [1591/1863] CNPJ 76495779000125 -> CACHE (SUCESSO, 99d/365d)
2026-09-16 13:38:51 | INFO | services.connectors.risk3_connector | [1592/1863] CNPJ 76498179000110 -> CACHE (SUCESSO, 84d/365d)
2026-09-16 13:38:51 | INFO | services.connectors.risk3_connector | [1593/1863] CNPJ 76518356000183 -> CACHE (SUCESSO, 84d/365d)
2026-09-16 13:38:51 | INFO | services.connectors.risk3_connector | [1594/1863] CNPJ 76518836000144 -> CACHE (NAO_ENCONTRADO, 0d/30d)
2026-09-16 13:38:51 | INFO | services.connectors.risk3_connector | [1595/1863] CNPJ 76527951000509 -> CACHE (SUCESSO, 83d/365d)
2026-09-16 13:38:51 | INFO | services.connectors.risk3_connector | [1596/1863] CNPJ 76545011000119 -> CACHE (SUCESSO, 84d/365d)
2026-09-16 13:38:51 | INFO | services.connectors.risk3_connector | [1597/1863] CNPJ 76554559000125 -> CACHE (SUCESSO, 82d/365d)
2026-09-16 13:38:51 | INFO | services.connectors.risk3_connector | [1598/1863] CNPJ 76561406000105 -> CACHE (SUCESSO, 175d/365d)
2026-09-16 13:38:51 | INFO | services.connectors.risk3_connector | [1599/1863] CNPJ 76564624000101 -> CACHE (SUCESSO, 246d/365d)
2026-09-16 13:38:51 | INFO | services.connectors.risk3_connector | [1600/1863] CNPJ 76591569000130 -> CACHE (SUCESSO, 90d/365d)
2026-09-16 13:38:51 | INFO | services.connectors.risk3_connector | [1601/1863] CNPJ 76630573000160 -> CACHE (SUCESSO, 69d/365d)
2026-09-16 13:38:51 | INFO | services.connectors.risk3_connector | [1602/1863] CNPJ 76657030000137 -> CACHE (SUCESSO, 170d/365d)
2026-09-16 13:38:51 | INFO | services.connectors.risk3_connector | [1603/1863] CNPJ 76678697000116 -> CACHE (SUCESSO, 92d/365d)
2026-09-16 13:38:51 | INFO | services.connectors.risk3_connector | [1604/1863] CNPJ 76681550000185 -> CACHE (SUCESSO, 83d/365d)
2026-09-16 13:38:51 | INFO | services.connectors.risk3_connector | [1605/1863] CNPJ 76695709000110 -> CACHE (SUCESSO, 83d/365d)
2026-09-16 13:38:51 | INFO | services.connectors.risk3_connector | [1606/1863] CNPJ 76695923000177 -> CACHE (SUCESSO, 83d/365d)
2026-09-16 13:38:51 | INFO | services.connectors.risk3_connector | [1607/1863] CNPJ 76743012000178 -> CACHE (SUCESSO, 245d/365d)
2026-09-16 13:38:51 | INFO | services.connectors.risk3_connector | [1608/1863] CNPJ 76745850000180 -> CACHE (SUCESSO, 246d/365d)
2026-09-16 13:38:51 | INFO | services.connectors.risk3_connector | [1609/1863] CNPJ 76827344000130 -> CACHE (NAO_ENCONTRADO, 0d/30d)
2026-09-16 13:38:51 | INFO | services.connectors.risk3_connector | [1610/1863] CNPJ 76848506000117 -> CACHE (SUCESSO, 245d/365d)
2026-09-16 13:38:51 | INFO | services.connectors.risk3_connector | [1611/1863] CNPJ 76857747000122 -> CACHE (SUCESSO, 76d/365d)
2026-09-16 13:38:51 | INFO | services.connectors.risk3_connector | [1612/1863] CNPJ 76868678000152 -> CACHE (SUCESSO, 84d/365d)
2026-09-16 13:38:51 | INFO | services.connectors.risk3_connector | [1613/1863] CNPJ 76879295000180 -> CACHE (SUCESSO, 30d/365d)
2026-09-16 13:38:51 | INFO | services.connectors.risk3_connector | [1614/1863] CNPJ 76881093000172 -> CACHE (SUCESSO, 63d/365d)
2026-09-16 13:38:51 | INFO | services.connectors.risk3_connector | [1615/1863] CNPJ 76888767000160 -> CACHE (SUCESSO, 84d/365d)
2026-09-16 13:38:51 | INFO | services.connectors.risk3_connector | [1616/1863] CNPJ 76900463000171 -> CACHE (SUCESSO, 63d/365d)
2026-09-16 13:38:51 | INFO | services.connectors.risk3_connector | [1617/1863] CNPJ 76902204000180 -> CACHE (SUCESSO, 93d/365d)
2026-09-16 13:38:51 | INFO | services.connectors.risk3_connector | [1618/1863] CNPJ 76915123000114 -> CACHE (SUCESSO, 69d/365d)
2026-09-16 13:38:51 | INFO | services.connectors.risk3_connector | [1619/1863] CNPJ 76929660000113 -> CACHE (SUCESSO, 83d/365d)
2026-09-16 13:38:51 | INFO | services.connectors.risk3_connector | [1620/1863] CNPJ 76947126000130 -> CACHE (SUCESSO, 83d/365d)
2026-09-16 13:38:51 | INFO | services.connectors.risk3_connector | [1621/1863] CNPJ 77044618000188 -> CACHE (SUCESSO, 245d/365d)
2026-09-16 13:38:51 | INFO | services.connectors.risk3_connector | [1622/1863] CNPJ 77116770000129 -> CACHE (SUCESSO, 245d/365d)
2026-09-16 13:38:51 | INFO | services.connectors.risk3_connector | [1623/1863] CNPJ 77152338000193 -> CACHE (SUCESSO, 83d/365d)
2026-09-16 13:38:51 | INFO | services.connectors.risk3_connector | [1624/1863] CNPJ 77163749000184 -> CACHE (SUCESSO, 198d/365d)
2026-09-16 13:38:51 | INFO | services.connectors.risk3_connector | [1625/1863] CNPJ 77172161000197 -> CACHE (SUCESSO, 15d/365d)
2026-09-16 13:38:51 | INFO | services.connectors.risk3_connector | [1626/1863] CNPJ 77172161000510 -> CACHE (SUCESSO, 83d/365d)
2026-09-16 13:38:51 | INFO | services.connectors.risk3_connector | [1627/1863] CNPJ 77172161000600 -> CACHE (SUCESSO, 83d/365d)
2026-09-16 13:38:51 | INFO | services.connectors.risk3_connector | [1628/1863] CNPJ 77215606000179 -> CACHE (SUCESSO, 84d/365d)
2026-09-16 13:38:51 | INFO | services.connectors.risk3_connector | [1629/1863] CNPJ 77307387000158 -> CACHE (SUCESSO, 84d/365d)
2026-09-16 13:38:51 | INFO | services.connectors.risk3_connector | [1630/1863] CNPJ 77366664000101 -> CACHE (SUCESSO, 344d/365d)
2026-09-16 13:38:51 | INFO | services.connectors.risk3_connector | [1631/1863] CNPJ 77381259000154 -> CACHE (SUCESSO, 84d/365d)
2026-09-16 13:38:51 | INFO | services.connectors.risk3_connector | [1632/1863] CNPJ 77388874000192 -> CACHE (SUCESSO, 84d/365d)
2026-09-16 13:38:51 | INFO | services.connectors.risk3_connector | [1633/1863] CNPJ 77396810000133 -> CACHE (SUCESSO, 30d/365d)
2026-09-16 13:38:51 | INFO | services.connectors.risk3_connector | [1634/1863] CNPJ 77424992000109 -> CACHE (SUCESSO, 84d/365d)
2026-09-16 13:38:51 | INFO | services.connectors.risk3_connector | [1635/1863] CNPJ 77595395000147 -> CACHE (SUCESSO, 287d/365d)
2026-09-16 13:38:51 | INFO | services.connectors.risk3_connector | [1636/1863] CNPJ 77595395004487 -> CACHE (SUCESSO, 84d/365d)
2026-09-16 13:38:51 | INFO | services.connectors.risk3_connector | [1637/1863] CNPJ 77595395005106 -> CACHE (SUCESSO, 70d/365d)
2026-09-16 13:38:51 | INFO | services.connectors.risk3_connector | [1638/1863] CNPJ 77606911000191 -> CACHE (SUCESSO, 344d/365d)
2026-09-16 13:38:51 | INFO | services.connectors.risk3_connector | [1639/1863] CNPJ 77716249000122 -> CACHE (SUCESSO, 246d/365d)
2026-09-16 13:38:51 | INFO | services.connectors.risk3_connector | [1640/1863] CNPJ 77718815000135 -> CACHE (SUCESSO, 83d/365d)
2026-09-16 13:38:51 | INFO | services.connectors.risk3_connector | [1641/1863] CNPJ 77728988000134 -> CACHE (SUCESSO, 344d/365d)
2026-09-16 13:38:51 | INFO | services.connectors.risk3_connector | [1642/1863] CNPJ 77752038000226 -> CACHE (SUCESSO, 131d/365d)
2026-09-16 13:38:51 | INFO | services.connectors.risk3_connector | [1643/1863] CNPJ 77752293000198 -> CACHE (SUCESSO, 13d/365d)
2026-09-16 13:38:51 | INFO | services.connectors.risk3_connector | [1644/1863] CNPJ 77758324000118 -> CACHE (SUCESSO, 84d/365d)
2026-09-16 13:38:51 | INFO | services.connectors.risk3_connector | [1645/1863] CNPJ 77768943000436 -> CACHE (SUCESSO, 84d/365d)
2026-09-16 13:38:51 | INFO | services.connectors.risk3_connector | [1646/1863] CNPJ 77781706000243 -> CACHE (SUCESSO, 65d/365d)
2026-09-16 13:38:51 | INFO | services.connectors.risk3_connector | [1647/1863] CNPJ 77799542000109 -> CACHE (SUCESSO, 169d/365d)
2026-09-16 13:38:51 | INFO | services.connectors.risk3_connector | [1648/1863] CNPJ 77804599000140 -> CACHE (SUCESSO, 84d/365d)
2026-09-16 13:38:51 | INFO | services.connectors.risk3_connector | [1649/1863] CNPJ 77837979000181 -> CACHE (SUCESSO, 162d/365d)
2026-09-16 13:38:51 | INFO | services.connectors.risk3_connector | [1650/1863] CNPJ 77837979001404 -> CACHE (SUCESSO, 310d/365d)
2026-09-16 13:38:51 | INFO | services.connectors.risk3_connector | [1651/1863] CNPJ 77850568000126 -> CACHE (SUCESSO, 154d/365d)
2026-09-16 13:38:51 | INFO | services.connectors.risk3_connector | [1652/1863] CNPJ 77863223000107 -> CACHE (SUCESSO, 350d/365d)
2026-09-16 13:38:51 | INFO | services.connectors.risk3_connector | [1653/1863] CNPJ 77863223004366 -> CACHE (SUCESSO, 329d/365d)
2026-09-16 13:38:51 | INFO | services.connectors.risk3_connector | [1654/1863] CNPJ 77863223017930 -> CACHE (SUCESSO, 114d/365d)
2026-09-16 13:38:51 | INFO | services.connectors.risk3_connector | [1655/1863] CNPJ 77867984000137 -> CACHE (SUCESSO, 83d/365d)
2026-09-16 13:38:51 | INFO | services.connectors.risk3_connector | [1656/1863] CNPJ 77883189000132 -> CACHE (SUCESSO, 84d/365d)
2026-09-16 13:38:51 | INFO | services.connectors.risk3_connector | [1657/1863] CNPJ 77887917000184 -> CACHE (NAO_ENCONTRADO, 0d/30d)
2026-09-16 13:38:51 | INFO | services.connectors.risk3_connector | [1658/1863] CNPJ 77890846000179 -> CACHE (SUCESSO, 156d/365d)
2026-09-16 13:38:51 | INFO | services.connectors.risk3_connector | [1659/1863] CNPJ 77912053000103 -> CACHE (SUCESSO, 288d/365d)
2026-09-16 13:38:51 | INFO | services.connectors.risk3_connector | [1660/1863] CNPJ 77917680005104 -> CACHE (SUCESSO, 106d/365d)
2026-09-16 13:38:51 | INFO | services.connectors.risk3_connector | [1661/1863] CNPJ 77948750000114 -> CACHE (SUCESSO, 55d/365d)
2026-09-16 13:38:51 | INFO | services.connectors.risk3_connector | [1662/1863] CNPJ 77964393000188 -> CACHE (SUCESSO, 83d/365d)
2026-09-16 13:38:51 | INFO | services.connectors.risk3_connector | [1663/1863] CNPJ 77968980000145 -> CACHE (SUCESSO, 84d/365d)
2026-09-16 13:38:51 | INFO | services.connectors.risk3_connector | [1664/1863] CNPJ 77975654000165 -> CACHE (SUCESSO, 83d/365d)
2026-09-16 13:38:51 | INFO | services.connectors.risk3_connector | [1665/1863] CNPJ 78016003000100 -> CACHE (SUCESSO, 84d/365d)
2026-09-16 13:38:51 | INFO | services.connectors.risk3_connector | [1666/1863] CNPJ 78095023000114 -> CACHE (SUCESSO, 84d/365d)
2026-09-16 13:38:51 | INFO | services.connectors.risk3_connector | [1667/1863] CNPJ 78116670000165 -> CACHE (SUCESSO, 83d/365d)
2026-09-16 13:38:51 | INFO | services.connectors.risk3_connector | [1668/1863] CNPJ 78141926000194 -> CACHE (SUCESSO, 146d/365d)
2026-09-16 13:38:51 | INFO | services.connectors.risk3_connector | [1669/1863] CNPJ 78147105001641 -> CACHE (SUCESSO, 344d/365d)
2026-09-16 13:38:51 | INFO | services.connectors.risk3_connector | [1670/1863] CNPJ 78156247000199 -> CACHE (SUCESSO, 344d/365d)
2026-09-16 13:38:51 | INFO | services.connectors.risk3_connector | [1671/1863] CNPJ 78160934000188 -> CACHE (SUCESSO, 195d/365d)
2026-09-16 13:38:51 | INFO | services.connectors.risk3_connector | [1672/1863] CNPJ 78232485000136 -> CACHE (SUCESSO, 246d/365d)
2026-09-16 13:38:51 | INFO | services.connectors.risk3_connector | [1673/1863] CNPJ 78282084000190 -> CACHE (SUCESSO, 246d/365d)
2026-09-16 13:38:51 | INFO | services.connectors.risk3_connector | [1674/1863] CNPJ 78296027000160 -> CACHE (SUCESSO, 83d/365d)
2026-09-16 13:38:51 | INFO | services.connectors.risk3_connector | [1675/1863] CNPJ 78373305000136 -> CACHE (SUCESSO, 306d/365d)
2026-09-16 13:38:51 | INFO | services.connectors.risk3_connector | [1676/1863] CNPJ 78567328000181 -> CACHE (SUCESSO, 83d/365d)
2026-09-16 13:38:51 | INFO | services.connectors.risk3_connector | [1677/1863] CNPJ 78588431000108 -> CACHE (SUCESSO, 84d/365d)
2026-09-16 13:38:51 | INFO | services.connectors.risk3_connector | [1678/1863] CNPJ 78594926000140 -> CACHE (SUCESSO, 84d/365d)
2026-09-16 13:38:51 | INFO | services.connectors.risk3_connector | [1679/1863] CNPJ 78613841000161 -> CACHE (SUCESSO, 69d/365d)
2026-09-16 13:38:51 | INFO | services.connectors.risk3_connector | [1680/1863] CNPJ 78624202000100 -> CACHE (SUCESSO, 84d/365d)
2026-09-16 13:38:51 | INFO | services.connectors.risk3_connector | [1681/1863] CNPJ 78643319000122 -> CACHE (SUCESSO, 83d/365d)
2026-09-16 13:38:51 | INFO | services.connectors.risk3_connector | [1682/1863] CNPJ 78701232000164 -> CACHE (SUCESSO, 36d/365d)
2026-09-16 13:38:51 | INFO | services.connectors.risk3_connector | [1683/1863] CNPJ 78712288000114 -> CACHE (SUCESSO, 84d/365d)
2026-09-16 13:38:51 | INFO | services.connectors.risk3_connector | [1684/1863] CNPJ 78724135000197 -> CACHE (SUCESSO, 358d/365d)
2026-09-16 13:38:51 | INFO | services.connectors.risk3_connector | [1685/1863] CNPJ 78897600000191 -> CACHE (SUCESSO, 323d/365d)
2026-09-16 13:38:51 | INFO | services.connectors.risk3_connector | [1686/1863] CNPJ 78897600000272 -> CACHE (SUCESSO, 190d/365d)
2026-09-16 13:38:51 | INFO | services.connectors.risk3_connector | [1687/1863] CNPJ 78908266000124 -> CACHE (SUCESSO, 83d/365d)
2026-09-16 13:38:51 | INFO | services.connectors.risk3_connector | [1688/1863] CNPJ 78943321000117 -> CACHE (SUCESSO, 337d/365d)
2026-09-16 13:38:51 | INFO | services.connectors.risk3_connector | [1689/1863] CNPJ 78956968000183 -> CACHE (SUCESSO, 85d/365d)
2026-09-16 13:38:51 | INFO | services.connectors.risk3_connector | [1690/1863] CNPJ 78956968001589 -> CACHE (SUCESSO, 84d/365d)
2026-09-16 13:38:51 | INFO | services.connectors.risk3_connector | [1691/1863] CNPJ 78956968001740 -> CACHE (SUCESSO, 44d/365d)
2026-09-16 13:38:51 | INFO | services.connectors.risk3_connector | [1692/1863] CNPJ 78969466000197 -> CACHE (SUCESSO, 246d/365d)
2026-09-16 13:38:51 | INFO | services.connectors.risk3_connector | [1693/1863] CNPJ 79077343000104 -> CACHE (SUCESSO, 245d/365d)
2026-09-16 13:38:51 | INFO | services.connectors.risk3_connector | [1694/1863] CNPJ 79085221000160 -> CACHE (SUCESSO, 83d/365d)
2026-09-16 13:38:51 | INFO | services.connectors.risk3_connector | [1695/1863] CNPJ 79109237000165 -> CACHE (NAO_ENCONTRADO, 0d/30d)
2026-09-16 13:38:51 | INFO | services.connectors.risk3_connector | [1696/1863] CNPJ 79114450000165 -> CACHE (SUCESSO, 37d/365d)
2026-09-16 13:38:51 | INFO | services.connectors.risk3_connector | [1697/1863] CNPJ 79114450001480 -> CACHE (NAO_ENCONTRADO, 0d/30d)
2026-09-16 13:38:51 | INFO | services.connectors.risk3_connector | [1698/1863] CNPJ 79142139000120 -> CACHE (SUCESSO, 84d/365d)
2026-09-16 13:38:51 | INFO | services.connectors.risk3_connector | [1699/1863] CNPJ 79264628000154 -> CACHE (SUCESSO, 187d/365d)
2026-09-16 13:38:51 | INFO | services.connectors.risk3_connector | [1700/1863] CNPJ 79379491000183 -> CACHE (SUCESSO, 301d/365d)
2026-09-16 13:38:51 | INFO | services.connectors.risk3_connector | [1701/1863] CNPJ 79386678000104 -> CACHE (SUCESSO, 146d/365d)
2026-09-16 13:38:51 | INFO | services.connectors.risk3_connector | [1702/1863] CNPJ 79390530000305 -> CACHE (SUCESSO, 112d/365d)
2026-09-16 13:38:51 | INFO | services.connectors.risk3_connector | [1703/1863] CNPJ 79435020000145 -> CACHE (SUCESSO, 112d/365d)
2026-09-16 13:38:51 | INFO | services.connectors.risk3_connector | [1704/1863] CNPJ 79458485000111 -> CACHE (SUCESSO, 83d/365d)
2026-09-16 13:38:51 | INFO | services.connectors.risk3_connector | [1705/1863] CNPJ 79571659000158 -> CACHE (SUCESSO, 83d/365d)
2026-09-16 13:38:51 | INFO | services.connectors.risk3_connector | [1706/1863] CNPJ 79599411000103 -> CACHE (SUCESSO, 205d/365d)
2026-09-16 13:38:51 | INFO | services.connectors.risk3_connector | [1707/1863] CNPJ 79613030000123 -> CACHE (SUCESSO, 83d/365d)
2026-09-16 13:38:51 | INFO | services.connectors.risk3_connector | [1708/1863] CNPJ 79704961000137 -> CACHE (SUCESSO, 190d/365d)
2026-09-16 13:38:51 | INFO | services.connectors.risk3_connector | [1709/1863] CNPJ 79763884000196 -> CACHE (SUCESSO, 127d/365d)
2026-09-16 13:38:51 | INFO | services.connectors.risk3_connector | [1710/1863] CNPJ 79846341000132 -> CACHE (SUCESSO, 141d/365d)
2026-09-16 13:38:51 | INFO | services.connectors.risk3_connector | [1711/1863] CNPJ 79863569000130 -> CACHE (SUCESSO, 322d/365d)
2026-09-16 13:38:51 | INFO | services.connectors.risk3_connector | [1712/1863] CNPJ 79863569005876 -> CACHE (SUCESSO, 83d/365d)
2026-09-16 13:38:51 | INFO | services.connectors.risk3_connector | [1713/1863] CNPJ 79875183000149 -> CACHE (SUCESSO, 84d/365d)
2026-09-16 13:38:51 | INFO | services.connectors.risk3_connector | [1714/1863] CNPJ 79939450000102 -> CACHE (SUCESSO, 343d/365d)
2026-09-16 13:38:51 | INFO | services.connectors.risk3_connector | [1715/1863] CNPJ 80020761000144 -> CACHE (SUCESSO, 246d/365d)
2026-09-16 13:38:51 | INFO | services.connectors.risk3_connector | [1716/1863] CNPJ 80028194000172 -> CACHE (SUCESSO, 82d/365d)
2026-09-16 13:38:51 | INFO | services.connectors.risk3_connector | [1717/1863] CNPJ 80213705000126 -> CACHE (SUCESSO, 245d/365d)
2026-09-16 13:38:51 | INFO | services.connectors.risk3_connector | [1718/1863] CNPJ 80215213000170 -> CACHE (SUCESSO, 83d/365d)
2026-09-16 13:38:51 | INFO | services.connectors.risk3_connector | [1719/1863] CNPJ 80223324000128 -> CACHE (SUCESSO, 141d/365d)
2026-09-16 13:38:51 | INFO | services.connectors.risk3_connector | [1720/1863] CNPJ 80232952000170 -> CACHE (SUCESSO, 197d/365d)
2026-09-16 13:38:51 | INFO | services.connectors.risk3_connector | [1721/1863] CNPJ 80233380000143 -> CACHE (SUCESSO, 83d/365d)
2026-09-16 13:38:51 | INFO | services.connectors.risk3_connector | [1722/1863] CNPJ 80255060000194 -> CACHE (SUCESSO, 83d/365d)
2026-09-16 13:38:51 | INFO | services.connectors.risk3_connector | [1723/1863] CNPJ 80337306000177 -> CACHE (SUCESSO, 348d/365d)
2026-09-16 13:38:51 | INFO | services.connectors.risk3_connector | [1724/1863] CNPJ 80339427000158 -> CACHE (SUCESSO, 173d/365d)
2026-09-16 13:38:51 | INFO | services.connectors.risk3_connector | [1725/1863] CNPJ 80349020000101 -> CACHE (SUCESSO, 83d/365d)
2026-09-16 13:38:51 | INFO | services.connectors.risk3_connector | [1726/1863] CNPJ 80358401000157 -> CACHE (SUCESSO, 113d/365d)
2026-09-16 13:38:51 | INFO | services.connectors.risk3_connector | [1727/1863] CNPJ 80418205000120 -> CACHE (SUCESSO, 121d/365d)
2026-09-16 13:38:51 | INFO | services.connectors.risk3_connector | [1728/1863] CNPJ 80474042000101 -> CACHE (SUCESSO, 231d/365d)
2026-09-16 13:38:51 | INFO | services.connectors.risk3_connector | [1729/1863] CNPJ 80513021000140 -> CACHE (SUCESSO, 83d/365d)
2026-09-16 13:38:51 | INFO | services.connectors.risk3_connector | [1730/1863] CNPJ 80524051000151 -> CACHE (SUCESSO, 68d/365d)
2026-09-16 13:38:51 | INFO | services.connectors.risk3_connector | [1731/1863] CNPJ 80565161000161 -> CACHE (SUCESSO, 84d/365d)
2026-09-16 13:38:51 | INFO | services.connectors.risk3_connector | [1732/1863] CNPJ 80605298000100 -> CACHE (SUCESSO, 246d/365d)
2026-09-16 13:38:51 | INFO | services.connectors.risk3_connector | [1733/1863] CNPJ 80646755000105 -> CACHE (SUCESSO, 84d/365d)
2026-09-16 13:38:51 | INFO | services.connectors.risk3_connector | [1734/1863] CNPJ 80813710000170 -> CACHE (SUCESSO, 84d/365d)
2026-09-16 13:38:51 | INFO | services.connectors.risk3_connector | [1735/1863] CNPJ 80840861000117 -> CACHE (SUCESSO, 84d/365d)
2026-09-16 13:38:51 | INFO | services.connectors.risk3_connector | [1736/1863] CNPJ 80851439000167 -> CACHE (SUCESSO, 69d/365d)
2026-09-16 13:38:51 | INFO | services.connectors.risk3_connector | [1737/1863] CNPJ 80929532000147 -> CACHE (SUCESSO, 83d/365d)
2026-09-16 13:38:51 | INFO | services.connectors.risk3_connector | [1738/1863] CNPJ 81174138000109 -> CACHE (SUCESSO, 84d/365d)
2026-09-16 13:38:51 | INFO | services.connectors.risk3_connector | [1739/1863] CNPJ 81229932000102 -> CACHE (SUCESSO, 83d/365d)
2026-09-16 13:38:51 | INFO | services.connectors.risk3_connector | [1740/1863] CNPJ 81270548000153 -> CACHE (SUCESSO, 119d/365d)
2026-09-16 13:38:51 | INFO | services.connectors.risk3_connector | [1741/1863] CNPJ 81433765000117 -> CACHE (SUCESSO, 84d/365d)
2026-09-16 13:38:51 | INFO | services.connectors.risk3_connector | [1742/1863] CNPJ 81482895000140 -> CACHE (SUCESSO, 83d/365d)
2026-09-16 13:38:51 | INFO | services.connectors.risk3_connector | [1743/1863] CNPJ 81599359000129 -> CACHE (SUCESSO, 70d/365d)
2026-09-16 13:38:51 | INFO | services.connectors.risk3_connector | [1744/1863] CNPJ 81611931000128 -> CACHE (SUCESSO, 245d/365d)
2026-09-16 13:38:51 | INFO | services.connectors.risk3_connector | [1745/1863] CNPJ 81616807000155 -> CACHE (SUCESSO, 84d/365d)
2026-09-16 13:38:51 | INFO | services.connectors.risk3_connector | [1746/1863] CNPJ 81642308000213 -> CACHE (SUCESSO, 83d/365d)
2026-09-16 13:38:51 | INFO | services.connectors.risk3_connector | [1747/1863] CNPJ 81662462000176 -> CACHE (SUCESSO, 84d/365d)
2026-09-16 13:38:51 | INFO | services.connectors.risk3_connector | [1748/1863] CNPJ 81671125000145 -> CACHE (SUCESSO, 84d/365d)
2026-09-16 13:38:51 | INFO | services.connectors.risk3_connector | [1749/1863] CNPJ 81672099000170 -> CACHE (SUCESSO, 142d/365d)
2026-09-16 13:38:51 | INFO | services.connectors.risk3_connector | [1750/1863] CNPJ 81716219000193 -> CACHE (SUCESSO, 84d/365d)
2026-09-16 13:38:51 | INFO | services.connectors.risk3_connector | [1751/1863] CNPJ 81760159000106 -> CACHE (SUCESSO, 83d/365d)
2026-09-16 13:38:51 | INFO | services.connectors.risk3_connector | [1752/1863] CNPJ 81905176000194 -> CACHE (SUCESSO, 83d/365d)
2026-09-16 13:38:51 | INFO | services.connectors.risk3_connector | [1753/1863] CNPJ 82036641000594 -> CACHE (SUCESSO, 83d/365d)
2026-09-16 13:38:51 | INFO | services.connectors.risk3_connector | [1754/1863] CNPJ 82052788000144 -> CACHE (SUCESSO, 135d/365d)
2026-09-16 13:38:51 | INFO | services.connectors.risk3_connector | [1755/1863] CNPJ 82056185000110 -> CACHE (SUCESSO, 84d/365d)
2026-09-16 13:38:51 | INFO | services.connectors.risk3_connector | [1756/1863] CNPJ 82130956000172 -> CACHE (SUCESSO, 245d/365d)
2026-09-16 13:38:51 | INFO | services.connectors.risk3_connector | [1757/1863] CNPJ 82196510000140 -> CACHE (NAO_ENCONTRADO, 0d/30d)
2026-09-16 13:38:51 | INFO | services.connectors.risk3_connector | [1758/1863] CNPJ 82270281000167 -> CACHE (SUCESSO, 63d/365d)
2026-09-16 13:38:51 | INFO | services.connectors.risk3_connector | [1759/1863] CNPJ 82292053000198 -> CACHE (SUCESSO, 84d/365d)
2026-09-16 13:38:51 | INFO | services.connectors.risk3_connector | [1760/1863] CNPJ 82295817000107 -> CACHE (SUCESSO, 147d/365d)
2026-09-16 13:38:51 | INFO | services.connectors.risk3_connector | [1761/1863] CNPJ 82310046000171 -> CACHE (SUCESSO, 75d/365d)
2026-09-16 13:38:51 | INFO | services.connectors.risk3_connector | [1762/1863] CNPJ 82368028000140 -> CACHE (SUCESSO, 83d/365d)
2026-09-16 13:38:51 | INFO | services.connectors.risk3_connector | [1763/1863] CNPJ 82370743000118 -> CACHE (SUCESSO, 23d/365d)
2026-09-16 13:38:51 | INFO | services.connectors.risk3_connector | [1764/1863] CNPJ 82381815000122 -> CACHE (SUCESSO, 246d/365d)
2026-09-16 13:38:51 | INFO | services.connectors.risk3_connector | [1765/1863] CNPJ 82381815000807 -> CACHE (SUCESSO, 246d/365d)
2026-09-16 13:38:51 | INFO | services.connectors.risk3_connector | [1766/1863] CNPJ 82382458000117 -> CACHE (SUCESSO, 83d/365d)
2026-09-16 13:38:51 | INFO | services.connectors.risk3_connector | [1767/1863] CNPJ 82423310000183 -> CACHE (SUCESSO, 15d/365d)
2026-09-16 13:38:51 | INFO | services.connectors.risk3_connector | [1768/1863] CNPJ 82589540000117 -> CACHE (SUCESSO, 83d/365d)
2026-09-16 13:38:51 | INFO | services.connectors.risk3_connector | [1769/1863] CNPJ 82598863000177 -> CACHE (SUCESSO, 83d/365d)
2026-09-16 13:38:51 | INFO | services.connectors.risk3_connector | [1770/1863] CNPJ 82640558000104 -> CACHE (SUCESSO, 343d/365d)
2026-09-16 13:38:51 | INFO | services.connectors.risk3_connector | [1771/1863] CNPJ 82658840000100 -> CACHE (SUCESSO, 83d/365d)
2026-09-16 13:38:51 | INFO | services.connectors.risk3_connector | [1772/1863] CNPJ 82666330000185 -> CACHE (SUCESSO, 83d/365d)
2026-09-16 13:38:51 | INFO | services.connectors.risk3_connector | [1773/1863] CNPJ 82757907000164 -> CACHE (SUCESSO, 246d/365d)
2026-09-16 13:38:51 | INFO | services.connectors.risk3_connector | [1774/1863] CNPJ 82984287000104 -> CACHE (SUCESSO, 84d/365d)
2026-09-16 13:38:51 | INFO | services.connectors.risk3_connector | [1775/1863] CNPJ 83096123000103 -> CACHE (SUCESSO, 84d/365d)
2026-09-16 13:38:51 | INFO | services.connectors.risk3_connector | [1776/1863] CNPJ 83175661000185 -> CACHE (SUCESSO, 83d/365d)
2026-09-16 13:38:51 | INFO | services.connectors.risk3_connector | [1777/1863] CNPJ 83305235000119 -> CACHE (SUCESSO, 113d/365d)
2026-09-16 13:38:51 | INFO | services.connectors.risk3_connector | [1778/1863] CNPJ 83305235023402 -> CACHE (SUCESSO, 84d/365d)
2026-09-16 13:38:51 | INFO | services.connectors.risk3_connector | [1779/1863] CNPJ 83310441000117 -> CACHE (SUCESSO, 63d/365d)
2026-09-16 13:38:51 | INFO | services.connectors.risk3_connector | [1780/1863] CNPJ 83631051000149 -> CACHE (SUCESSO, 84d/365d)
2026-09-16 13:38:51 | INFO | services.connectors.risk3_connector | [1781/1863] CNPJ 83647990000181 -> CACHE (SUCESSO, 97d/365d)
2026-09-16 13:38:51 | INFO | services.connectors.risk3_connector | [1782/1863] CNPJ 83731927000129 -> CACHE (SUCESSO, 188d/365d)
2026-09-16 13:38:51 | INFO | services.connectors.risk3_connector | [1783/1863] CNPJ 83781641000158 -> CACHE (SUCESSO, 83d/365d)
2026-09-16 13:38:51 | INFO | services.connectors.risk3_connector | [1784/1863] CNPJ 83816694000167 -> CACHE (SUCESSO, 84d/365d)
2026-09-16 13:38:51 | INFO | services.connectors.risk3_connector | [1785/1863] CNPJ 84046101000193 -> CACHE (SUCESSO, 2d/365d)
2026-09-16 13:38:51 | INFO | services.connectors.risk3_connector | [1786/1863] CNPJ 84229889000173 -> CACHE (SUCESSO, 34d/365d)
2026-09-16 13:38:51 | INFO | services.connectors.risk3_connector | [1787/1863] CNPJ 84298926000103 -> CACHE (SUCESSO, 195d/365d)
2026-09-16 13:38:51 | INFO | services.connectors.risk3_connector | [1788/1863] CNPJ 84683374000149 -> CACHE (SUCESSO, 301d/365d)
2026-09-16 13:38:51 | INFO | services.connectors.risk3_connector | [1789/1863] CNPJ 84684455000163 -> CACHE (NAO_ENCONTRADO, 0d/30d)
2026-09-16 13:38:51 | INFO | services.connectors.risk3_connector | [1790/1863] CNPJ 84693183000168 -> CACHE (SUCESSO, 29d/365d)
2026-09-16 13:38:51 | INFO | services.connectors.risk3_connector | [1791/1863] CNPJ 84709955000102 -> CACHE (SUCESSO, 301d/365d)
2026-09-16 13:38:51 | INFO | services.connectors.risk3_connector | [1792/1863] CNPJ 84831478000153 -> CACHE (SUCESSO, 246d/365d)
2026-09-16 13:38:51 | INFO | services.connectors.risk3_connector | [1793/1863] CNPJ 84894138000171 -> CACHE (SUCESSO, 246d/365d)
2026-09-16 13:38:51 | INFO | services.connectors.risk3_connector | [1794/1863] CNPJ 84897313000184 -> CACHE (SUCESSO, 156d/365d)
2026-09-16 13:38:51 | INFO | services.connectors.risk3_connector | [1795/1863] CNPJ 84900091000101 -> CACHE (SUCESSO, 83d/365d)
2026-09-16 13:38:51 | INFO | services.connectors.risk3_connector | [1796/1863] CNPJ 84963370000114 -> CACHE (SUCESSO, 98d/365d)
2026-09-16 13:38:51 | INFO | services.connectors.risk3_connector | [1797/1863] CNPJ 85070068000108 -> CACHE (SUCESSO, 64d/365d)
2026-09-16 13:38:51 | INFO | services.connectors.risk3_connector | [1798/1863] CNPJ 85090033000122 -> CACHE (NAO_ENCONTRADO, 0d/30d)
2026-09-16 13:38:51 | INFO | services.connectors.risk3_connector | [1799/1863] CNPJ 85235430000145 -> CACHE (SUCESSO, 22d/365d)
2026-09-16 13:38:51 | INFO | services.connectors.risk3_connector | [1800/1863] CNPJ 85285963000131 -> CACHE (SUCESSO, 289d/365d)
2026-09-16 13:38:51 | INFO | services.connectors.risk3_connector | [1801/1863] CNPJ 85307098000187 -> CACHE (SUCESSO, 142d/365d)
2026-09-16 13:38:51 | INFO | services.connectors.risk3_connector | [1802/1863] CNPJ 85462471000174 -> CACHE (SUCESSO, 84d/365d)
2026-09-16 13:38:51 | INFO | services.connectors.risk3_connector | [1803/1863] CNPJ 85462927000104 -> CACHE (SUCESSO, 83d/365d)
2026-09-16 13:38:51 | INFO | services.connectors.risk3_connector | [1804/1863] CNPJ 85494201000145 -> CACHE (SUCESSO, 84d/365d)
2026-09-16 13:38:51 | INFO | services.connectors.risk3_connector | [1805/1863] CNPJ 86046414000177 -> CACHE (SUCESSO, 44d/365d)
2026-09-16 13:38:51 | INFO | services.connectors.risk3_connector | [1806/1863] CNPJ 86046448000161 -> CACHE (SUCESSO, 308d/365d)
2026-09-16 13:38:51 | INFO | services.connectors.risk3_connector | [1807/1863] CNPJ 86375912000163 -> CACHE (SUCESSO, 23d/365d)
2026-09-16 13:38:51 | INFO | services.connectors.risk3_connector | [1808/1863] CNPJ 86378189000176 -> CACHE (SUCESSO, 141d/365d)
2026-09-16 13:38:51 | INFO | services.connectors.risk3_connector | [1809/1863] CNPJ 86378866000156 -> CACHE (SUCESSO, 245d/365d)
2026-09-16 13:38:51 | INFO | services.connectors.risk3_connector | [1810/1863] CNPJ 87248522000195 -> CACHE (SUCESSO, 83d/365d)
2026-09-16 13:38:51 | INFO | services.connectors.risk3_connector | [1811/1863] CNPJ 87442430000141 -> CACHE (SUCESSO, 173d/365d)
2026-09-16 13:38:51 | INFO | services.connectors.risk3_connector | [1812/1863] CNPJ 87547170000179 -> CACHE (SUCESSO, 63d/365d)
2026-09-16 13:38:51 | INFO | services.connectors.risk3_connector | [1813/1863] CNPJ 87755799000104 -> CACHE (SUCESSO, 246d/365d)
2026-09-16 13:38:51 | INFO | services.connectors.risk3_connector | [1814/1863] CNPJ 87776043000141 -> CACHE (SUCESSO, 71d/365d)
2026-09-16 13:38:51 | INFO | services.connectors.risk3_connector | [1815/1863] CNPJ 87870952000144 -> CACHE (SUCESSO, 21d/365d)
2026-09-16 13:38:51 | INFO | services.connectors.risk3_connector | [1816/1863] CNPJ 88065321000115 -> CACHE (SUCESSO, 156d/365d)
2026-09-16 13:38:51 | INFO | services.connectors.risk3_connector | [1817/1863] CNPJ 88112313000182 -> CACHE (SUCESSO, 245d/365d)
2026-09-16 13:38:51 | INFO | services.connectors.risk3_connector | [1818/1863] CNPJ 88371075000120 -> CACHE (SUCESSO, 84d/365d)
2026-09-16 13:38:51 | INFO | services.connectors.risk3_connector | [1819/1863] CNPJ 88418686000186 -> CACHE (SUCESSO, 84d/365d)
2026-09-16 13:38:51 | INFO | services.connectors.risk3_connector | [1820/1863] CNPJ 88612486000160 -> CACHE (SUCESSO, 245d/365d)
2026-09-16 13:38:51 | INFO | services.connectors.risk3_connector | [1821/1863] CNPJ 88887021000111 -> CACHE (SUCESSO, 246d/365d)
2026-09-16 13:38:51 | INFO | services.connectors.risk3_connector | [1822/1863] CNPJ 89086144001198 -> CACHE (SUCESSO, 58d/365d)
2026-09-16 13:38:51 | INFO | services.connectors.risk3_connector | [1823/1863] CNPJ 89096457000155 -> CACHE (SUCESSO, 344d/365d)
2026-09-16 13:38:51 | INFO | services.connectors.risk3_connector | [1824/1863] CNPJ 89435598000155 -> CACHE (SUCESSO, 27d/365d)
2026-09-16 13:38:51 | INFO | services.connectors.risk3_connector | [1825/1863] CNPJ 89637490000145 -> CACHE (SUCESSO, 111d/365d)
2026-09-16 13:38:51 | INFO | services.connectors.risk3_connector | [1826/1863] CNPJ 89850341000160 -> CACHE (NAO_ENCONTRADO, 0d/30d)
2026-09-16 13:38:51 | INFO | services.connectors.risk3_connector | [1827/1863] CNPJ 90108184000109 -> CACHE (SUCESSO, 84d/365d)
2026-09-16 13:38:51 | INFO | services.connectors.risk3_connector | [1828/1863] CNPJ 90329178000173 -> CACHE (SUCESSO, 282d/365d)
2026-09-16 13:38:51 | INFO | services.connectors.risk3_connector | [1829/1863] CNPJ 90406117000162 -> CACHE (SUCESSO, 84d/365d)
2026-09-16 13:38:51 | INFO | services.connectors.risk3_connector | [1830/1863] CNPJ 90660754000160 -> CACHE (SUCESSO, 49d/365d)
2026-09-16 13:38:51 | INFO | services.connectors.risk3_connector | [1831/1863] CNPJ 90771833000149 -> CACHE (SUCESSO, 309d/365d)
2026-09-16 13:38:51 | INFO | services.connectors.risk3_connector | [1832/1863] CNPJ 90848052000105 -> CACHE (SUCESSO, 84d/365d)
2026-09-16 13:38:51 | INFO | services.connectors.risk3_connector | [1833/1863] CNPJ 91362590000158 -> CACHE (SUCESSO, 84d/365d)
2026-09-16 13:38:51 | INFO | services.connectors.risk3_connector | [1834/1863] CNPJ 91495499000100 -> CACHE (NAO_ENCONTRADO, 0d/30d)
2026-09-16 13:38:51 | INFO | services.connectors.risk3_connector | [1835/1863] CNPJ 91950261000128 -> CACHE (SUCESSO, 97d/365d)
2026-09-16 13:38:51 | INFO | services.connectors.risk3_connector | [1836/1863] CNPJ 92156777000168 -> CACHE (SUCESSO, 84d/365d)
2026-09-16 13:38:51 | INFO | services.connectors.risk3_connector | [1837/1863] CNPJ 92632512000199 -> CACHE (SUCESSO, 84d/365d)
2026-09-16 13:38:51 | INFO | services.connectors.risk3_connector | [1838/1863] CNPJ 92660604000182 -> CACHE (SUCESSO, 76d/365d)
2026-09-16 13:38:51 | INFO | services.connectors.risk3_connector | [1839/1863] CNPJ 92660604016933 -> CACHE (SUCESSO, 328d/365d)
2026-09-16 13:38:51 | INFO | services.connectors.risk3_connector | [1840/1863] CNPJ 92685833000151 -> CACHE (NAO_ENCONTRADO, 0d/30d)
2026-09-16 13:38:51 | INFO | services.connectors.risk3_connector | [1841/1863] CNPJ 92791243000103 -> CACHE (SUCESSO, 140d/365d)
2026-09-16 13:38:51 | INFO | services.connectors.risk3_connector | [1842/1863] CNPJ 92802784000190 -> CACHE (SUCESSO, 85d/365d)
2026-09-16 13:38:51 | INFO | services.connectors.risk3_connector | [1843/1863] CNPJ 93028173000107 -> CACHE (SUCESSO, 91d/365d)
2026-09-16 13:38:51 | INFO | services.connectors.risk3_connector | [1844/1863] CNPJ 93384311000182 -> CACHE (SUCESSO, 140d/365d)
2026-09-16 13:38:51 | INFO | services.connectors.risk3_connector | [1845/1863] CNPJ 93586303000119 -> CACHE (SUCESSO, 63d/365d)
2026-09-16 13:38:51 | INFO | services.connectors.risk3_connector | [1846/1863] CNPJ 93640506000146 -> CACHE (SUCESSO, 82d/365d)
2026-09-16 13:38:51 | INFO | services.connectors.risk3_connector | [1847/1863] CNPJ 93866531000142 -> CACHE (SUCESSO, 175d/365d)
2026-09-16 13:38:51 | INFO | services.connectors.risk3_connector | [1848/1863] CNPJ 94784543000190 -> CACHE (SUCESSO, 84d/365d)
2026-09-16 13:38:51 | INFO | services.connectors.risk3_connector | [1849/1863] CNPJ 94819729000138 -> CACHE (SUCESSO, 243d/365d)
2026-09-16 13:38:51 | INFO | services.connectors.risk3_connector | [1850/1863] CNPJ 94846599000122 -> CACHE (SUCESSO, 174d/365d)
2026-09-16 13:38:51 | INFO | services.connectors.risk3_connector | [1851/1863] CNPJ 94902509000173 -> CACHE (SUCESSO, 84d/365d)
2026-09-16 13:38:51 | INFO | services.connectors.risk3_connector | [1852/1863] CNPJ 95370078000104 -> CACHE (SUCESSO, 69d/365d)
2026-09-16 13:38:51 | INFO | services.connectors.risk3_connector | [1853/1863] CNPJ 95448486000212 -> CACHE (SUCESSO, 252d/365d)
2026-09-16 13:38:51 | INFO | services.connectors.risk3_connector | [1854/1863] CNPJ 95818399000129 -> CACHE (SUCESSO, 84d/365d)
2026-09-16 13:38:51 | INFO | services.connectors.risk3_connector | [1855/1863] CNPJ 95837316000149 -> CACHE (SUCESSO, 246d/365d)
2026-09-16 13:38:51 | INFO | services.connectors.risk3_connector | [1856/1863] CNPJ 95851390000110 -> CACHE (SUCESSO, 156d/365d)
2026-09-16 13:38:51 | INFO | services.connectors.risk3_connector | [1857/1863] CNPJ 96203393000100 -> CACHE (SUCESSO, 156d/365d)
2026-09-16 13:38:51 | INFO | services.connectors.risk3_connector | [1858/1863] CNPJ 97192256000180 -> CACHE (SUCESSO, 203d/365d)
2026-09-16 13:38:51 | INFO | services.connectors.risk3_connector | [1859/1863] CNPJ 97201362002550 -> CACHE (SUCESSO, 251d/365d)
2026-09-16 13:38:51 | INFO | services.connectors.risk3_connector | [1860/1863] CNPJ 97748958000105 -> CACHE (SUCESSO, 84d/365d)
2026-09-16 13:38:51 | INFO | services.connectors.risk3_connector | [1861/1863] CNPJ 97837181000147 -> CACHE (SUCESSO, 90d/365d)
2026-09-16 13:38:51 | INFO | services.connectors.risk3_connector | [1862/1863] CNPJ 97839922000129 -> CACHE (SUCESSO, 49d/365d)
2026-09-16 13:38:51 | INFO | services.connectors.risk3_connector | [1863/1863] CNPJ 98042963000152 -> CACHE (SUCESSO, 49d/365d)
