2026-09-10 15:45:43 | INFO | bdc.gold.fato_analise_credito | Iniciando carga de fato_analise_credito e execução do Motor de Crédito (run_id=FATO_ANL_20260910_154543).
2026-09-10 15:45:43 | INFO | bdc.gold.fato_analise_credito | Iniciando cálculo de PD ajustada. CNPJ=00001180000126 SEGMENTO_PD=CGRUPO
2026-09-10 15:45:43 | INFO | bdc.gold.fato_analise_credito | PD ajustada calculada com sucesso. CNPJ=00001180000126 SEGMENTO_PD=CGRUPO PD_BASE=0.99518 RATING_FINAL=A SCORE_TOTAL=None PD_FINAL=0.005 METODO=FIXED_PD
2026-09-10 15:45:43 | INFO | bdc.gold.fato_analise_credito | Iniciando cálculo de PD ajustada. CNPJ=00001180000126 SEGMENTO_PD=CGRUPO
2026-09-10 15:45:43 | INFO | bdc.gold.fato_analise_credito | PD ajustada calculada com sucesso. CNPJ=00001180000126 SEGMENTO_PD=CGRUPO PD_BASE=0.005 RATING_FINAL=A SCORE_TOTAL=None PD_FINAL=0.005 METODO=FIXED_PD
2026-09-10 15:45:43 | INFO | bdc.gold.fato_analise_credito | Iniciando cálculo de PD ajustada. CNPJ=00001180000207 SEGMENTO_PD=CGRUPO
2026-09-10 15:45:43 | INFO | bdc.gold.fato_analise_credito | PD ajustada calculada com sucesso. CNPJ=00001180000207 SEGMENTO_PD=CGRUPO PD_BASE=0.005 RATING_FINAL=E SCORE_TOTAL=None PD_FINAL=0.1 METODO=CLAMP
2026-09-10 15:45:43 | INFO | bdc.gold.fato_analise_credito | Iniciando cálculo de PD ajustada. CNPJ=00350763000162 SEGMENTO_PD=CPURA
2026-09-10 15:45:43 | WARNING | bdc.gold.fato_analise_credito | Cálculo CPURA suspenso por Falha Segura. Rating nulo. CNPJ=00350763000162
2026-09-10 15:45:43 | INFO | bdc.gold.fato_analise_credito | Iniciando cálculo de PD ajustada. CNPJ=00350763002297 SEGMENTO_PD=CGRUPO
2026-09-10 15:45:43 | INFO | bdc.gold.fato_analise_credito | PD ajustada calculada com sucesso. CNPJ=00350763002297 SEGMENTO_PD=CGRUPO PD_BASE=0.017464 RATING_FINAL=A SCORE_TOTAL=None PD_FINAL=0.005 METODO=FIXED_PD
2026-09-10 15:45:43 | INFO | bdc.gold.fato_analise_credito | Iniciando cálculo de PD ajustada. CNPJ=00350763002297 SEGMENTO_PD=CGRUPO
2026-09-10 15:45:43 | INFO | bdc.gold.fato_analise_credito | PD ajustada calculada com sucesso. CNPJ=00350763002297 SEGMENTO_PD=CGRUPO PD_BASE=0.712804 RATING_FINAL=A SCORE_TOTAL=None PD_FINAL=0.005 METODO=FIXED_PD
2026-09-10 15:45:43 | WARNING | bdc.gold.fato_analise_credito | [CNPJ: 01105558000102] Falha no cálculo (Insumo Inválido): Comercializadora sem TIPO_COMERCIALIZADORA válido.
2026-09-10 15:45:43 | INFO | bdc.gold.fato_analise_credito | Iniciando cálculo de PD ajustada. CNPJ=02691745000170 SEGMENTO_PD=CPURA
2026-09-10 15:45:43 | WARNING | bdc.gold.fato_analise_credito | Cálculo CPURA suspenso por Falha Segura. Rating nulo. CNPJ=02691745000170
2026-09-10 15:45:43 | INFO | bdc.gold.fato_analise_credito | Iniciando cálculo de PD ajustada. CNPJ=02691745000170 SEGMENTO_PD=CPURA
2026-09-10 15:45:43 | WARNING | bdc.gold.fato_analise_credito | Cálculo CPURA suspenso por Falha Segura. Rating nulo. CNPJ=02691745000170
2026-09-10 15:45:43 | INFO | bdc.gold.fato_analise_credito | Iniciando cálculo de PD ajustada. CNPJ=02691745000170 SEGMENTO_PD=CPURA
2026-09-10 15:45:43 | WARNING | bdc.gold.fato_analise_credito | Cálculo CPURA suspenso por Falha Segura. Rating nulo. CNPJ=02691745000170
2026-09-10 15:45:43 | INFO | bdc.gold.fato_analise_credito | Iniciando cálculo de PD ajustada. CNPJ=02691745000170 SEGMENTO_PD=CPURA
2026-09-10 15:45:43 | WARNING | bdc.gold.fato_analise_credito | Cálculo CPURA suspenso por Falha Segura. Rating nulo. CNPJ=02691745000170
2026-09-10 15:45:43 | INFO | bdc.gold.fato_analise_credito | Iniciando cálculo de PD ajustada. CNPJ=02691745000170 SEGMENTO_PD=CPURA
2026-09-10 15:45:43 | WARNING | bdc.gold.fato_analise_credito | Cálculo CPURA suspenso por Falha Segura. Rating nulo. CNPJ=02691745000170
2026-09-10 15:45:43 | INFO | bdc.gold.fato_analise_credito | Iniciando cálculo de PD ajustada. CNPJ=02916265037837 SEGMENTO_PD=CGRUPO
2026-09-10 15:45:43 | INFO | bdc.gold.fato_analise_credito | PD ajustada calculada com sucesso. CNPJ=02916265037837 SEGMENTO_PD=CGRUPO PD_BASE=0.005 RATING_FINAL=B SCORE_TOTAL=None PD_FINAL=0.005 METODO=CLAMP
2026-09-10 15:45:43 | INFO | bdc.gold.fato_analise_credito | Iniciando cálculo de PD ajustada. CNPJ=02998301000181 SEGMENTO_PD=CGRUPO
2026-09-10 15:45:43 | INFO | bdc.gold.fato_analise_credito | PD ajustada calculada com sucesso. CNPJ=02998301000181 SEGMENTO_PD=CGRUPO PD_BASE=0.005 RATING_FINAL=A SCORE_TOTAL=None PD_FINAL=0.005 METODO=FIXED_PD
2026-09-10 15:45:43 | INFO | bdc.gold.fato_analise_credito | Iniciando cálculo de PD ajustada. CNPJ=03358698000100 SEGMENTO_PD=CPURA
2026-09-10 15:45:43 | WARNING | bdc.gold.fato_analise_credito | Cálculo CPURA suspenso por Falha Segura. Rating nulo. CNPJ=03358698000100
2026-09-10 15:45:43 | INFO | bdc.gold.fato_analise_credito | Iniciando cálculo de PD ajustada. CNPJ=03538572000117 SEGMENTO_PD=CGRUPO
2026-09-10 15:45:43 | INFO | bdc.gold.fato_analise_credito | PD ajustada calculada com sucesso. CNPJ=03538572000117 SEGMENTO_PD=CGRUPO PD_BASE=0.005 RATING_FINAL=A SCORE_TOTAL=None PD_FINAL=0.005 METODO=FIXED_PD
2026-09-10 15:45:43 | INFO | bdc.gold.fato_analise_credito | Iniciando cálculo de PD ajustada. CNPJ=03631957000124 SEGMENTO_PD=CPURA
2026-09-10 15:45:43 | WARNING | bdc.gold.fato_analise_credito | Cálculo CPURA suspenso por Falha Segura. Rating nulo. CNPJ=03631957000124
2026-09-10 15:45:43 | INFO | bdc.gold.fato_analise_credito | Iniciando cálculo de PD ajustada. CNPJ=03631957000124 SEGMENTO_PD=CGRUPO
2026-09-10 15:45:43 | INFO | bdc.gold.fato_analise_credito | PD ajustada calculada com sucesso. CNPJ=03631957000124 SEGMENTO_PD=CGRUPO PD_BASE=0.005 RATING_FINAL=A SCORE_TOTAL=None PD_FINAL=0.005 METODO=FIXED_PD
2026-09-10 15:45:43 | INFO | bdc.gold.fato_analise_credito | Iniciando cálculo de PD ajustada. CNPJ=03631957000124 SEGMENTO_PD=CGRUPO
2026-09-10 15:45:43 | INFO | bdc.gold.fato_analise_credito | PD ajustada calculada com sucesso. CNPJ=03631957000124 SEGMENTO_PD=CGRUPO PD_BASE=0.005 RATING_FINAL=A SCORE_TOTAL=None PD_FINAL=0.005 METODO=FIXED_PD
2026-09-10 15:45:43 | INFO | bdc.gold.fato_analise_credito | Iniciando cálculo de PD ajustada. CNPJ=03780401000108 SEGMENTO_PD=CPURA
2026-09-10 15:45:43 | WARNING | bdc.gold.fato_analise_credito | Cálculo CPURA suspenso por Falha Segura. Rating nulo. CNPJ=03780401000108
2026-09-10 15:45:43 | INFO | bdc.gold.fato_analise_credito | Iniciando cálculo de PD ajustada. CNPJ=03780401000108 SEGMENTO_PD=CPURA
2026-09-10 15:45:43 | WARNING | bdc.gold.fato_analise_credito | Cálculo CPURA suspenso por Falha Segura. Rating nulo. CNPJ=03780401000108
2026-09-10 15:45:43 | INFO | bdc.gold.fato_analise_credito | Iniciando cálculo de PD ajustada. CNPJ=03780401000108 SEGMENTO_PD=CGRUPO
2026-09-10 15:45:43 | INFO | bdc.gold.fato_analise_credito | PD ajustada calculada com sucesso. CNPJ=03780401000108 SEGMENTO_PD=CGRUPO PD_BASE=0.005 RATING_FINAL=A SCORE_TOTAL=None PD_FINAL=0.005 METODO=FIXED_PD
2026-09-10 15:45:43 | INFO | bdc.gold.fato_analise_credito | Iniciando cálculo de PD ajustada. CNPJ=03780401000108 SEGMENTO_PD=CGRUPO
2026-09-10 15:45:43 | INFO | bdc.gold.fato_analise_credito | PD ajustada calculada com sucesso. CNPJ=03780401000108 SEGMENTO_PD=CGRUPO PD_BASE=0.005 RATING_FINAL=A SCORE_TOTAL=None PD_FINAL=0.005 METODO=FIXED_PD
2026-09-10 15:45:43 | INFO | bdc.gold.fato_analise_credito | Iniciando cálculo de PD ajustada. CNPJ=03780401000108 SEGMENTO_PD=CGRUPO
2026-09-10 15:45:43 | INFO | bdc.gold.fato_analise_credito | PD ajustada calculada com sucesso. CNPJ=03780401000108 SEGMENTO_PD=CGRUPO PD_BASE=0.005 RATING_FINAL=B SCORE_TOTAL=None PD_FINAL=0.005 METODO=CLAMP
2026-09-10 15:45:43 | INFO | bdc.gold.fato_analise_credito | Iniciando cálculo de PD ajustada. CNPJ=03926572000194 SEGMENTO_PD=CPURA
2026-09-10 15:45:43 | INFO | bdc.gold.fato_analise_credito | Iniciando cálculo das notas quantitativas CPURA. CNPJ=03926572000194
2026-09-10 15:45:43 | INFO | bdc.gold.fato_analise_credito | Notas quantitativas CPURA calculadas. CNPJ=03926572000194 NOTA_PD=A NOTA_FCO_ROL=A NOTA_ROE=A NOTA_ROA=A
2026-09-10 15:45:43 | INFO | bdc.gold.fato_analise_credito | Iniciando score qualitativo CPURA. CNPJ=03926572000194
2026-09-10 15:45:43 | INFO | bdc.gold.fato_analise_credito | Score qualitativo CPURA calculado. CNPJ=03926572000194 SCORE_QUALITATIVO=3.0
2026-09-10 15:45:43 | INFO | bdc.gold.fato_analise_credito | Iniciando score quantitativo CPURA. CNPJ=03926572000194
2026-09-10 15:45:43 | INFO | bdc.gold.fato_analise_credito | Score quantitativo CPURA calculado. CNPJ=03926572000194 SCORE_QUANTITATIVO=7.0
2026-09-10 15:45:43 | INFO | bdc.gold.fato_analise_credito | Score total CPURA calculado. SCORE_TOTAL=10.0
2026-09-10 15:45:43 | INFO | bdc.gold.fato_analise_credito | Iniciando cálculo de PD final CPURA. CNPJ=03926572000194 rating=A pd_min=0.0 pd_max=0.005
2026-09-10 15:45:43 | INFO | bdc.gold.fato_analise_credito | PD final CPURA calculada com sucesso. CNPJ=03926572000194 score_total=10.0 score_truncado=10.0 u=0.0 pd_bruta=0.0 pd_final=2.2603242979035746e-06
2026-09-10 15:45:43 | INFO | bdc.gold.fato_analise_credito | PD ajustada calculada com sucesso. CNPJ=03926572000194 SEGMENTO_PD=CPURA PD_BASE=0.0 RATING_FINAL=None SCORE_TOTAL=10.0 PD_FINAL=2.2603242979035746e-06 METODO=INTERPOLACAO_INTRA_RATING_CPURA
2026-09-10 15:45:43 | INFO | bdc.gold.fato_analise_credito | Iniciando cálculo de PD ajustada. CNPJ=03953509000147 SEGMENTO_PD=CPURA
2026-09-10 15:45:43 | WARNING | bdc.gold.fato_analise_credito | Cálculo CPURA suspenso por Falha Segura. Rating nulo. CNPJ=03953509000147
2026-09-10 15:45:43 | INFO | bdc.gold.fato_analise_credito | Iniciando cálculo de PD ajustada. CNPJ=03984862000194 SEGMENTO_PD=CPURA
2026-09-10 15:45:43 | WARNING | bdc.gold.fato_analise_credito | Cálculo CPURA suspenso por Falha Segura. Rating nulo. CNPJ=03984862000194
2026-09-10 15:45:43 | INFO | bdc.gold.fato_analise_credito | Iniciando cálculo de PD ajustada. CNPJ=03984862000194 SEGMENTO_PD=CGRUPO
2026-09-10 15:45:43 | INFO | bdc.gold.fato_analise_credito | PD ajustada calculada com sucesso. CNPJ=03984862000194 SEGMENTO_PD=CGRUPO PD_BASE=0.005 RATING_FINAL=A SCORE_TOTAL=None PD_FINAL=0.005 METODO=FIXED_PD
2026-09-10 15:45:43 | INFO | bdc.gold.fato_analise_credito | Iniciando cálculo de PD ajustada. CNPJ=03984862000194 SEGMENTO_PD=CGRUPO
2026-09-10 15:45:43 | INFO | bdc.gold.fato_analise_credito | PD ajustada calculada com sucesso. CNPJ=03984862000194 SEGMENTO_PD=CGRUPO PD_BASE=0.005 RATING_FINAL=A SCORE_TOTAL=None PD_FINAL=0.005 METODO=FIXED_PD
2026-09-10 15:45:43 | INFO | bdc.gold.fato_analise_credito | Iniciando cálculo de PD ajustada. CNPJ=03984862000194 SEGMENTO_PD=CGRUPO
2026-09-10 15:45:43 | INFO | bdc.gold.fato_analise_credito | PD ajustada calculada com sucesso. CNPJ=03984862000194 SEGMENTO_PD=CGRUPO PD_BASE=0.005 RATING_FINAL=A SCORE_TOTAL=None PD_FINAL=0.005 METODO=FIXED_PD
2026-09-10 15:45:43 | INFO | bdc.gold.fato_analise_credito | Iniciando cálculo de PD ajustada. CNPJ=03984862000194 SEGMENTO_PD=CGRUPO
2026-09-10 15:45:43 | INFO | bdc.gold.fato_analise_credito | PD ajustada calculada com sucesso. CNPJ=03984862000194 SEGMENTO_PD=CGRUPO PD_BASE=0.005 RATING_FINAL=B SCORE_TOTAL=None PD_FINAL=0.005 METODO=CLAMP
2026-09-10 15:45:43 | INFO | bdc.gold.fato_analise_credito | Iniciando cálculo de PD ajustada. CNPJ=04023261000188 SEGMENTO_PD=CGRUPO
2026-09-10 15:45:43 | INFO | bdc.gold.fato_analise_credito | PD ajustada calculada com sucesso. CNPJ=04023261000188 SEGMENTO_PD=CGRUPO PD_BASE=0.005 RATING_FINAL=A SCORE_TOTAL=None PD_FINAL=0.005 METODO=FIXED_PD
2026-09-10 15:45:43 | INFO | bdc.gold.fato_analise_credito | Iniciando cálculo de PD ajustada. CNPJ=04023261000188 SEGMENTO_PD=CPURA
2026-09-10 15:45:43 | WARNING | bdc.gold.fato_analise_credito | Cálculo CPURA suspenso por Falha Segura. Rating nulo. CNPJ=04023261000188
2026-09-10 15:45:43 | INFO | bdc.gold.fato_analise_credito | Iniciando cálculo de PD ajustada. CNPJ=04023261000188 SEGMENTO_PD=CGRUPO
2026-09-10 15:45:43 | INFO | bdc.gold.fato_analise_credito | PD ajustada calculada com sucesso. CNPJ=04023261000188 SEGMENTO_PD=CGRUPO PD_BASE=0.005 RATING_FINAL=A SCORE_TOTAL=None PD_FINAL=0.005 METODO=FIXED_PD
2026-09-10 15:45:43 | INFO | bdc.gold.fato_analise_credito | Iniciando cálculo de PD ajustada. CNPJ=04023261000188 SEGMENTO_PD=CGRUPO
2026-09-10 15:45:43 | INFO | bdc.gold.fato_analise_credito | PD ajustada calculada com sucesso. CNPJ=04023261000188 SEGMENTO_PD=CGRUPO PD_BASE=0.005 RATING_FINAL=A SCORE_TOTAL=None PD_FINAL=0.005 METODO=FIXED_PD
2026-09-10 15:45:43 | INFO | bdc.gold.fato_analise_credito | Iniciando cálculo de PD ajustada. CNPJ=04023261000188 SEGMENTO_PD=CGRUPO
2026-09-10 15:45:43 | INFO | bdc.gold.fato_analise_credito | PD ajustada calculada com sucesso. CNPJ=04023261000188 SEGMENTO_PD=CGRUPO PD_BASE=0.005 RATING_FINAL=A SCORE_TOTAL=None PD_FINAL=0.005 METODO=FIXED_PD
2026-09-10 15:45:43 | WARNING | bdc.gold.fato_analise_credito | [CNPJ: 04029601000188] Falha no cálculo (Insumo Inválido): Comercializadora sem TIPO_COMERCIALIZADORA válido.
2026-09-10 15:45:43 | INFO | bdc.gold.fato_analise_credito | Iniciando cálculo de PD ajustada. CNPJ=04100556000100 SEGMENTO_PD=CGRUPO
2026-09-10 15:45:43 | INFO | bdc.gold.fato_analise_credito | PD ajustada calculada com sucesso. CNPJ=04100556000100 SEGMENTO_PD=CGRUPO PD_BASE=0.005 RATING_FINAL=A SCORE_TOTAL=None PD_FINAL=0.005 METODO=FIXED_PD
2026-09-10 15:45:43 | INFO | bdc.gold.fato_analise_credito | Iniciando cálculo de PD ajustada. CNPJ=04100556000100 SEGMENTO_PD=CGRUPO
2026-09-10 15:45:43 | INFO | bdc.gold.fato_analise_credito | PD ajustada calculada com sucesso. CNPJ=04100556000100 SEGMENTO_PD=CGRUPO PD_BASE=0.005 RATING_FINAL=A SCORE_TOTAL=None PD_FINAL=0.005 METODO=FIXED_PD
2026-09-10 15:45:43 | INFO | bdc.gold.fato_analise_credito | Iniciando cálculo de PD ajustada. CNPJ=04100556000100 SEGMENTO_PD=CGRUPO
2026-09-10 15:45:43 | INFO | bdc.gold.fato_analise_credito | PD ajustada calculada com sucesso. CNPJ=04100556000100 SEGMENTO_PD=CGRUPO PD_BASE=0.005 RATING_FINAL=A SCORE_TOTAL=None PD_FINAL=0.005 METODO=FIXED_PD
2026-09-10 15:45:43 | INFO | bdc.gold.fato_analise_credito | Iniciando cálculo de PD ajustada. CNPJ=04100556000100 SEGMENTO_PD=CGRUPO
2026-09-10 15:45:43 | INFO | bdc.gold.fato_analise_credito | PD ajustada calculada com sucesso. CNPJ=04100556000100 SEGMENTO_PD=CGRUPO PD_BASE=0.005 RATING_FINAL=A SCORE_TOTAL=None PD_FINAL=0.005 METODO=FIXED_PD
2026-09-10 15:45:43 | INFO | bdc.gold.fato_analise_credito | Iniciando cálculo de PD ajustada. CNPJ=04149295000113 SEGMENTO_PD=CGRUPO
2026-09-10 15:45:43 | INFO | bdc.gold.fato_analise_credito | PD ajustada calculada com sucesso. CNPJ=04149295000113 SEGMENTO_PD=CGRUPO PD_BASE=0.005 RATING_FINAL=A SCORE_TOTAL=None PD_FINAL=0.005 METODO=FIXED_PD
2026-09-10 15:45:43 | INFO | bdc.gold.fato_analise_credito | Iniciando cálculo de PD ajustada. CNPJ=04149295000113 SEGMENTO_PD=CGRUPO
2026-09-10 15:45:43 | INFO | bdc.gold.fato_analise_credito | PD ajustada calculada com sucesso. CNPJ=04149295000113 SEGMENTO_PD=CGRUPO PD_BASE=0.005 RATING_FINAL=A SCORE_TOTAL=None PD_FINAL=0.005 METODO=FIXED_PD
2026-09-10 15:45:43 | INFO | bdc.gold.fato_analise_credito | Iniciando cálculo de PD ajustada. CNPJ=04149295000113 SEGMENTO_PD=CGRUPO
2026-09-10 15:45:43 | INFO | bdc.gold.fato_analise_credito | PD ajustada calculada com sucesso. CNPJ=04149295000113 SEGMENTO_PD=CGRUPO PD_BASE=0.005 RATING_FINAL=A SCORE_TOTAL=None PD_FINAL=0.005 METODO=FIXED_PD
2026-09-10 15:45:43 | INFO | bdc.gold.fato_analise_credito | Iniciando cálculo de PD ajustada. CNPJ=04149295000113 SEGMENTO_PD=CGRUPO
2026-09-10 15:45:43 | INFO | bdc.gold.fato_analise_credito | PD ajustada calculada com sucesso. CNPJ=04149295000113 SEGMENTO_PD=CGRUPO PD_BASE=0.005 RATING_FINAL=A SCORE_TOTAL=None PD_FINAL=0.005 METODO=FIXED_PD
2026-09-10 15:45:43 | INFO | bdc.gold.fato_analise_credito | Iniciando cálculo de PD ajustada. CNPJ=04270778000171 SEGMENTO_PD=CGRUPO
2026-09-10 15:45:43 | INFO | bdc.gold.fato_analise_credito | PD ajustada calculada com sucesso. CNPJ=04270778000171 SEGMENTO_PD=CGRUPO PD_BASE=0.005 RATING_FINAL=A SCORE_TOTAL=None PD_FINAL=0.005 METODO=FIXED_PD
2026-09-10 15:45:43 | INFO | bdc.gold.fato_analise_credito | Iniciando cálculo de PD ajustada. CNPJ=04270778000171 SEGMENTO_PD=CGRUPO
2026-09-10 15:45:43 | INFO | bdc.gold.fato_analise_credito | PD ajustada calculada com sucesso. CNPJ=04270778000171 SEGMENTO_PD=CGRUPO PD_BASE=0.005 RATING_FINAL=A SCORE_TOTAL=None PD_FINAL=0.005 METODO=FIXED_PD
2026-09-10 15:45:43 | INFO | bdc.gold.fato_analise_credito | Iniciando cálculo de PD ajustada. CNPJ=04270778000171 SEGMENTO_PD=CGRUPO
2026-09-10 15:45:43 | INFO | bdc.gold.fato_analise_credito | PD ajustada calculada com sucesso. CNPJ=04270778000171 SEGMENTO_PD=CGRUPO PD_BASE=0.017464 RATING_FINAL=A SCORE_TOTAL=None PD_FINAL=0.005 METODO=FIXED_PD
2026-09-10 15:45:43 | INFO | bdc.gold.fato_analise_credito | Iniciando cálculo de PD ajustada. CNPJ=04370282000170 SEGMENTO_PD=CGRUPO
2026-09-10 15:45:43 | INFO | bdc.gold.fato_analise_credito | PD ajustada calculada com sucesso. CNPJ=04370282000170 SEGMENTO_PD=CGRUPO PD_BASE=0.005 RATING_FINAL=A SCORE_TOTAL=None PD_FINAL=0.005 METODO=FIXED_PD
2026-09-10 15:45:43 | INFO | bdc.gold.fato_analise_credito | Iniciando cálculo de PD ajustada. CNPJ=04423567000121 SEGMENTO_PD=CGRUPO
2026-09-10 15:45:43 | INFO | bdc.gold.fato_analise_credito | PD ajustada calculada com sucesso. CNPJ=04423567000121 SEGMENTO_PD=CGRUPO PD_BASE=0.005 RATING_FINAL=A SCORE_TOTAL=None PD_FINAL=0.005 METODO=FIXED_PD
2026-09-10 15:45:43 | INFO | bdc.gold.fato_analise_credito | Iniciando cálculo de PD ajustada. CNPJ=04423567000121 SEGMENTO_PD=CGRUPO
2026-09-10 15:45:43 | INFO | bdc.gold.fato_analise_credito | PD ajustada calculada com sucesso. CNPJ=04423567000121 SEGMENTO_PD=CGRUPO PD_BASE=0.017464 RATING_FINAL=A SCORE_TOTAL=None PD_FINAL=0.005 METODO=FIXED_PD
2026-09-10 15:45:43 | INFO | bdc.gold.fato_analise_credito | Iniciando cálculo de PD ajustada. CNPJ=04423567000121 SEGMENTO_PD=CGRUPO
2026-09-10 15:45:43 | INFO | bdc.gold.fato_analise_credito | PD ajustada calculada com sucesso. CNPJ=04423567000121 SEGMENTO_PD=CGRUPO PD_BASE=0.361565 RATING_FINAL=A SCORE_TOTAL=None PD_FINAL=0.005 METODO=FIXED_PD
2026-09-10 15:45:43 | INFO | bdc.gold.fato_analise_credito | Iniciando cálculo de PD ajustada. CNPJ=04426411000102 SEGMENTO_PD=CPURA
2026-09-10 15:45:43 | WARNING | bdc.gold.fato_analise_credito | Cálculo CPURA suspenso por Falha Segura. Rating nulo. CNPJ=04426411000102
2026-09-10 15:45:43 | WARNING | bdc.gold.fato_analise_credito | [CNPJ: 04426411000102] Falha no cálculo (Insumo Inválido): Comercializadora sem TIPO_COMERCIALIZADORA válido.
2026-09-10 15:45:43 | INFO | bdc.gold.fato_analise_credito | Iniciando cálculo de PD ajustada. CNPJ=04462976000137 SEGMENTO_PD=CPURA
2026-09-10 15:45:43 | WARNING | bdc.gold.fato_analise_credito | Cálculo CPURA suspenso por Falha Segura. Rating nulo. CNPJ=04462976000137
2026-09-10 15:45:43 | INFO | bdc.gold.fato_analise_credito | Iniciando cálculo de PD ajustada. CNPJ=04462976000137 SEGMENTO_PD=CPURA
2026-09-10 15:45:43 | WARNING | bdc.gold.fato_analise_credito | Cálculo CPURA suspenso por Falha Segura. Rating nulo. CNPJ=04462976000137
2026-09-10 15:45:43 | INFO | bdc.gold.fato_analise_credito | Iniciando cálculo de PD ajustada. CNPJ=04462976000137 SEGMENTO_PD=CPURA
2026-09-10 15:45:43 | WARNING | bdc.gold.fato_analise_credito | Cálculo CPURA suspenso por Falha Segura. Rating nulo. CNPJ=04462976000137
2026-09-10 15:45:43 | INFO | bdc.gold.fato_analise_credito | Iniciando cálculo de PD ajustada. CNPJ=04462976000137 SEGMENTO_PD=CPURA
2026-09-10 15:45:43 | WARNING | bdc.gold.fato_analise_credito | Cálculo CPURA suspenso por Falha Segura. Rating nulo. CNPJ=04462976000137
2026-09-10 15:45:43 | INFO | bdc.gold.fato_analise_credito | Iniciando cálculo de PD ajustada. CNPJ=04518259000180 SEGMENTO_PD=CPURA
2026-09-10 15:45:43 | WARNING | bdc.gold.fato_analise_credito | Cálculo CPURA suspenso por Falha Segura. Rating nulo. CNPJ=04518259000180
2026-09-10 15:45:43 | INFO | bdc.gold.fato_analise_credito | Iniciando cálculo de PD ajustada. CNPJ=04518259000180 SEGMENTO_PD=CPURA
2026-09-10 15:45:43 | WARNING | bdc.gold.fato_analise_credito | Cálculo CPURA suspenso por Falha Segura. Rating nulo. CNPJ=04518259000180
2026-09-10 15:45:43 | INFO | bdc.gold.fato_analise_credito | Iniciando cálculo de PD ajustada. CNPJ=04518259000180 SEGMENTO_PD=CPURA
2026-09-10 15:45:43 | WARNING | bdc.gold.fato_analise_credito | Cálculo CPURA suspenso por Falha Segura. Rating nulo. CNPJ=04518259000180
2026-09-10 15:45:43 | INFO | bdc.gold.fato_analise_credito | Iniciando cálculo de PD ajustada. CNPJ=04518259000180 SEGMENTO_PD=CPURA
2026-09-10 15:45:43 | WARNING | bdc.gold.fato_analise_credito | Cálculo CPURA suspenso por Falha Segura. Rating nulo. CNPJ=04518259000180
2026-09-10 15:45:43 | INFO | bdc.gold.fato_analise_credito | Iniciando cálculo de PD ajustada. CNPJ=04518259000180 SEGMENTO_PD=CPURA
2026-09-10 15:45:43 | WARNING | bdc.gold.fato_analise_credito | Cálculo CPURA suspenso por Falha Segura. Rating nulo. CNPJ=04518259000180
2026-09-10 15:45:43 | INFO | bdc.gold.fato_analise_credito | Iniciando cálculo de PD ajustada. CNPJ=04518259000180 SEGMENTO_PD=CPURA
2026-09-10 15:45:43 | WARNING | bdc.gold.fato_analise_credito | Cálculo CPURA suspenso por Falha Segura. Rating nulo. CNPJ=04518259000180
2026-09-10 15:45:43 | WARNING | bdc.gold.fato_analise_credito | [CNPJ: 04591168000170] Falha no cálculo (Insumo Inválido): Comercializadora sem TIPO_COMERCIALIZADORA válido.
2026-09-10 15:45:43 | INFO | bdc.gold.fato_analise_credito | Iniciando cálculo de PD ajustada. CNPJ=04755710000182 SEGMENTO_PD=CPURA
2026-09-10 15:45:43 | INFO | bdc.gold.fato_analise_credito | Iniciando cálculo das notas quantitativas CPURA. CNPJ=04755710000182
2026-09-10 15:45:43 | INFO | bdc.gold.fato_analise_credito | Notas quantitativas CPURA calculadas. CNPJ=04755710000182 NOTA_PD=A NOTA_FCO_ROL=E NOTA_ROE=A NOTA_ROA=A
2026-09-10 15:45:43 | INFO | bdc.gold.fato_analise_credito | Iniciando score qualitativo CPURA. CNPJ=04755710000182
2026-09-10 15:45:43 | INFO | bdc.gold.fato_analise_credito | Score qualitativo CPURA calculado. CNPJ=04755710000182 SCORE_QUALITATIVO=2.2
2026-09-10 15:45:43 | INFO | bdc.gold.fato_analise_credito | Iniciando score quantitativo CPURA. CNPJ=04755710000182
2026-09-10 15:45:43 | INFO | bdc.gold.fato_analise_credito | Score quantitativo CPURA calculado. CNPJ=04755710000182 SCORE_QUANTITATIVO=4.62
2026-09-10 15:45:43 | INFO | bdc.gold.fato_analise_credito | Score total CPURA calculado. SCORE_TOTAL=6.82
2026-09-10 15:45:43 | INFO | bdc.gold.fato_analise_credito | Iniciando cálculo de PD final CPURA. CNPJ=04755710000182 rating=C pd_min=0.0076 pd_max=0.0417
2026-09-10 15:45:43 | INFO | bdc.gold.fato_analise_credito | PD final CPURA calculada com sucesso. CNPJ=04755710000182 score_total=6.82 score_truncado=6.82 u=0.17999999999999972 pd_bruta=0.01373799999999999 pd_final=0.013737999999999988
2026-09-10 15:45:43 | INFO | bdc.gold.fato_analise_credito | PD ajustada calculada com sucesso. CNPJ=04755710000182 SEGMENTO_PD=CPURA PD_BASE=0.0 RATING_FINAL=None SCORE_TOTAL=6.82 PD_FINAL=0.013737999999999988 METODO=INTERPOLACAO_INTRA_RATING_CPURA
2026-09-10 15:45:43 | INFO | bdc.gold.fato_analise_credito | Iniciando cálculo de PD ajustada. CNPJ=04802543000183 SEGMENTO_PD=CPURA
2026-09-10 15:45:43 | WARNING | bdc.gold.fato_analise_credito | Cálculo CPURA suspenso por Falha Segura. Rating nulo. CNPJ=04802543000183
2026-09-10 15:45:43 | INFO | bdc.gold.fato_analise_credito | Iniciando cálculo de PD ajustada. CNPJ=04802543000183 SEGMENTO_PD=CPURA
2026-09-10 15:45:43 | WARNING | bdc.gold.fato_analise_credito | Cálculo CPURA suspenso por Falha Segura. Rating nulo. CNPJ=04802543000183
2026-09-10 15:45:43 | INFO | bdc.gold.fato_analise_credito | Iniciando cálculo de PD ajustada. CNPJ=04810290000190 SEGMENTO_PD=CPURA
2026-09-10 15:45:43 | WARNING | bdc.gold.fato_analise_credito | Cálculo CPURA suspenso por Falha Segura. Rating nulo. CNPJ=04810290000190
2026-09-10 15:45:43 | INFO | bdc.gold.fato_analise_credito | Iniciando cálculo de PD ajustada. CNPJ=04973790000142 SEGMENTO_PD=CGRUPO
2026-09-10 15:45:43 | INFO | bdc.gold.fato_analise_credito | PD ajustada calculada com sucesso. CNPJ=04973790000142 SEGMENTO_PD=CGRUPO PD_BASE=0.005 RATING_FINAL=A SCORE_TOTAL=None PD_FINAL=0.005 METODO=FIXED_PD
2026-09-10 15:45:43 | INFO | bdc.gold.fato_analise_credito | Iniciando cálculo de PD ajustada. CNPJ=04973790000142 SEGMENTO_PD=CGRUPO
2026-09-10 15:45:43 | INFO | bdc.gold.fato_analise_credito | PD ajustada calculada com sucesso. CNPJ=04973790000142 SEGMENTO_PD=CGRUPO PD_BASE=0.005 RATING_FINAL=A SCORE_TOTAL=None PD_FINAL=0.005 METODO=FIXED_PD
2026-09-10 15:45:43 | INFO | bdc.gold.fato_analise_credito | Iniciando cálculo de PD ajustada. CNPJ=04973790000142 SEGMENTO_PD=CGRUPO
2026-09-10 15:45:43 | INFO | bdc.gold.fato_analise_credito | PD ajustada calculada com sucesso. CNPJ=04973790000142 SEGMENTO_PD=CGRUPO PD_BASE=0.005 RATING_FINAL=A SCORE_TOTAL=None PD_FINAL=0.005 METODO=FIXED_PD
2026-09-10 15:45:43 | INFO | bdc.gold.fato_analise_credito | Iniciando cálculo de PD ajustada. CNPJ=04973790000142 SEGMENTO_PD=CGRUPO
2026-09-10 15:45:43 | INFO | bdc.gold.fato_analise_credito | PD ajustada calculada com sucesso. CNPJ=04973790000142 SEGMENTO_PD=CGRUPO PD_BASE=0.822413 RATING_FINAL=A SCORE_TOTAL=None PD_FINAL=0.005 METODO=FIXED_PD
2026-09-10 15:45:43 | INFO | bdc.gold.fato_analise_credito | Iniciando cálculo de PD ajustada. CNPJ=05263973000137 SEGMENTO_PD=CGRUPO
2026-09-10 15:45:43 | INFO | bdc.gold.fato_analise_credito | PD ajustada calculada com sucesso. CNPJ=05263973000137 SEGMENTO_PD=CGRUPO PD_BASE=0.005 RATING_FINAL=E SCORE_TOTAL=None PD_FINAL=0.1 METODO=CLAMP
2026-09-10 15:45:43 | INFO | bdc.gold.fato_analise_credito | Iniciando cálculo de PD ajustada. CNPJ=05350372000161 SEGMENTO_PD=CPURA
2026-09-10 15:45:43 | INFO | bdc.gold.fato_analise_credito | Iniciando cálculo das notas quantitativas CPURA. CNPJ=05350372000161
2026-09-10 15:45:43 | INFO | bdc.gold.fato_analise_credito | Notas quantitativas CPURA calculadas. CNPJ=05350372000161 NOTA_PD=A NOTA_FCO_ROL=A NOTA_ROE=A NOTA_ROA=A
2026-09-10 15:45:43 | INFO | bdc.gold.fato_analise_credito | Iniciando score qualitativo CPURA. CNPJ=05350372000161
2026-09-10 15:45:43 | INFO | bdc.gold.fato_analise_credito | Score qualitativo CPURA calculado. CNPJ=05350372000161 SCORE_QUALITATIVO=2.6
2026-09-10 15:45:43 | INFO | bdc.gold.fato_analise_credito | Iniciando score quantitativo CPURA. CNPJ=05350372000161
2026-09-10 15:45:43 | INFO | bdc.gold.fato_analise_credito | Score quantitativo CPURA calculado. CNPJ=05350372000161 SCORE_QUANTITATIVO=7.0
2026-09-10 15:45:43 | INFO | bdc.gold.fato_analise_credito | Score total CPURA calculado. SCORE_TOTAL=9.6
2026-09-10 15:45:43 | INFO | bdc.gold.fato_analise_credito | Iniciando cálculo de PD final CPURA. CNPJ=05350372000161 rating=A pd_min=0.0 pd_max=0.005
2026-09-10 15:45:43 | INFO | bdc.gold.fato_analise_credito | PD final CPURA calculada com sucesso. CNPJ=05350372000161 score_total=9.6 score_truncado=9.6 u=0.20000000000000018 pd_bruta=0.0010000000000000009 pd_final=0.0010000000000000005
2026-09-10 15:45:43 | INFO | bdc.gold.fato_analise_credito | PD ajustada calculada com sucesso. CNPJ=05350372000161 SEGMENTO_PD=CPURA PD_BASE=9e-06 RATING_FINAL=None SCORE_TOTAL=9.6 PD_FINAL=0.0010000000000000005 METODO=INTERPOLACAO_INTRA_RATING_CPURA
2026-09-10 15:45:43 | INFO | bdc.gold.fato_analise_credito | Iniciando cálculo de PD ajustada. CNPJ=05352237000155 SEGMENTO_PD=CPURA
2026-09-10 15:45:43 | WARNING | bdc.gold.fato_analise_credito | Cálculo CPURA suspenso por Falha Segura. Rating nulo. CNPJ=05352237000155
2026-09-10 15:45:43 | INFO | bdc.gold.fato_analise_credito | Iniciando cálculo de PD ajustada. CNPJ=05352237000155 SEGMENTO_PD=CPURA
2026-09-10 15:45:43 | WARNING | bdc.gold.fato_analise_credito | Cálculo CPURA suspenso por Falha Segura. Rating nulo. CNPJ=05352237000155
2026-09-10 15:45:43 | INFO | bdc.gold.fato_analise_credito | Iniciando cálculo de PD ajustada. CNPJ=05352237000155 SEGMENTO_PD=CPURA
2026-09-10 15:45:43 | WARNING | bdc.gold.fato_analise_credito | Cálculo CPURA suspenso por Falha Segura. Rating nulo. CNPJ=05352237000155
2026-09-10 15:45:43 | INFO | bdc.gold.fato_analise_credito | Iniciando cálculo de PD ajustada. CNPJ=05352237000155 SEGMENTO_PD=CPURA
2026-09-10 15:45:43 | WARNING | bdc.gold.fato_analise_credito | Cálculo CPURA suspenso por Falha Segura. Rating nulo. CNPJ=05352237000155
2026-09-10 15:45:43 | INFO | bdc.gold.fato_analise_credito | Iniciando cálculo de PD ajustada. CNPJ=05352237000155 SEGMENTO_PD=CPURA
2026-09-10 15:45:43 | INFO | bdc.gold.fato_analise_credito | Iniciando cálculo das notas quantitativas CPURA. CNPJ=05352237000155
2026-09-10 15:45:43 | INFO | bdc.gold.fato_analise_credito | Notas quantitativas CPURA calculadas. CNPJ=05352237000155 NOTA_PD=C NOTA_FCO_ROL=C NOTA_ROE=E NOTA_ROA=D
2026-09-10 15:45:43 | INFO | bdc.gold.fato_analise_credito | Iniciando score qualitativo CPURA. CNPJ=05352237000155
2026-09-10 15:45:43 | INFO | bdc.gold.fato_analise_credito | Score qualitativo CPURA calculado. CNPJ=05352237000155 SCORE_QUALITATIVO=2.0
2026-09-10 15:45:43 | INFO | bdc.gold.fato_analise_credito | Iniciando score quantitativo CPURA. CNPJ=05352237000155
2026-09-10 15:45:43 | INFO | bdc.gold.fato_analise_credito | Score quantitativo CPURA calculado. CNPJ=05352237000155 SCORE_QUANTITATIVO=3.57
2026-09-10 15:45:43 | INFO | bdc.gold.fato_analise_credito | Score total CPURA calculado. SCORE_TOTAL=5.57
2026-09-10 15:45:43 | INFO | bdc.gold.fato_analise_credito | Iniciando cálculo de PD final CPURA. CNPJ=05352237000155 rating=D pd_min=0.0417 pd_max=0.1
2026-09-10 15:45:43 | INFO | bdc.gold.fato_analise_credito | PD final CPURA calculada com sucesso. CNPJ=05352237000155 score_total=5.57 score_truncado=5.57 u=0.4299999999999997 pd_bruta=0.066769 pd_final=0.066769
2026-09-10 15:45:43 | INFO | bdc.gold.fato_analise_credito | PD ajustada calculada com sucesso. CNPJ=05352237000155 SEGMENTO_PD=CPURA PD_BASE=0.016773 RATING_FINAL=None SCORE_TOTAL=5.57 PD_FINAL=0.066769 METODO=INTERPOLACAO_INTRA_RATING_CPURA
2026-09-10 15:45:43 | INFO | bdc.gold.fato_analise_credito | Iniciando cálculo de PD ajustada. CNPJ=05352237000155 SEGMENTO_PD=CPURA
2026-09-10 15:45:43 | WARNING | bdc.gold.fato_analise_credito | Cálculo CPURA suspenso por Falha Segura. Rating nulo. CNPJ=05352237000155
2026-09-10 15:45:43 | INFO | bdc.gold.fato_analise_credito | Iniciando cálculo de PD ajustada. CNPJ=05352237000155 SEGMENTO_PD=CPURA
2026-09-10 15:45:43 | INFO | bdc.gold.fato_analise_credito | Iniciando cálculo das notas quantitativas CPURA. CNPJ=05352237000155
2026-09-10 15:45:43 | INFO | bdc.gold.fato_analise_credito | Notas quantitativas CPURA calculadas. CNPJ=05352237000155 NOTA_PD=C NOTA_FCO_ROL=C NOTA_ROE=C NOTA_ROA=C
2026-09-10 15:45:43 | INFO | bdc.gold.fato_analise_credito | Iniciando score qualitativo CPURA. CNPJ=05352237000155
2026-09-10 15:45:43 | INFO | bdc.gold.fato_analise_credito | Score qualitativo CPURA calculado. CNPJ=05352237000155 SCORE_QUALITATIVO=2.0
2026-09-10 15:45:43 | INFO | bdc.gold.fato_analise_credito | Iniciando score quantitativo CPURA. CNPJ=05352237000155
2026-09-10 15:45:43 | INFO | bdc.gold.fato_analise_credito | Score quantitativo CPURA calculado. CNPJ=05352237000155 SCORE_QUANTITATIVO=4.2
2026-09-10 15:45:43 | INFO | bdc.gold.fato_analise_credito | Score total CPURA calculado. SCORE_TOTAL=6.2
2026-09-10 15:45:43 | INFO | bdc.gold.fato_analise_credito | Iniciando cálculo de PD final CPURA. CNPJ=05352237000155 rating=C pd_min=0.0076 pd_max=0.0417
2026-09-10 15:45:43 | INFO | bdc.gold.fato_analise_credito | PD final CPURA calculada com sucesso. CNPJ=05352237000155 score_total=6.2 score_truncado=6.2 u=0.7999999999999998 pd_bruta=0.034879999999999994 pd_final=0.034879999999999994
2026-09-10 15:45:43 | INFO | bdc.gold.fato_analise_credito | PD ajustada calculada com sucesso. CNPJ=05352237000155 SEGMENTO_PD=CPURA PD_BASE=0.00844 RATING_FINAL=None SCORE_TOTAL=6.2 PD_FINAL=0.034879999999999994 METODO=INTERPOLACAO_INTRA_RATING_CPURA
2026-09-10 15:45:43 | INFO | bdc.gold.fato_analise_credito | Iniciando cálculo de PD ajustada. CNPJ=05449127000106 SEGMENTO_PD=CPURA
2026-09-10 15:45:43 | WARNING | bdc.gold.fato_analise_credito | Cálculo CPURA suspenso por Falha Segura. Rating nulo. CNPJ=05449127000106
2026-09-10 15:45:43 | WARNING | bdc.gold.fato_analise_credito | [CNPJ: 05938884000143] Falha no cálculo (Insumo Inválido): Comercializadora sem TIPO_COMERCIALIZADORA válido.
2026-09-10 15:45:43 | INFO | bdc.gold.fato_analise_credito | Iniciando cálculo de PD ajustada. CNPJ=07131859000189 SEGMENTO_PD=CGRUPO
2026-09-10 15:45:43 | INFO | bdc.gold.fato_analise_credito | PD ajustada calculada com sucesso. CNPJ=07131859000189 SEGMENTO_PD=CGRUPO PD_BASE=0.005 RATING_FINAL=A SCORE_TOTAL=None PD_FINAL=0.005 METODO=FIXED_PD
2026-09-10 15:45:43 | INFO | bdc.gold.fato_analise_credito | Iniciando cálculo de PD ajustada. CNPJ=07131859000189 SEGMENTO_PD=CGRUPO
2026-09-10 15:45:43 | INFO | bdc.gold.fato_analise_credito | PD ajustada calculada com sucesso. CNPJ=07131859000189 SEGMENTO_PD=CGRUPO PD_BASE=0.017464 RATING_FINAL=A SCORE_TOTAL=None PD_FINAL=0.005 METODO=FIXED_PD
2026-09-10 15:45:43 | INFO | bdc.gold.fato_analise_credito | Iniciando cálculo de PD ajustada. CNPJ=07133522000100 SEGMENTO_PD=CGRUPO
2026-09-10 15:45:43 | INFO | bdc.gold.fato_analise_credito | PD ajustada calculada com sucesso. CNPJ=07133522000100 SEGMENTO_PD=CGRUPO PD_BASE=0.005 RATING_FINAL=A SCORE_TOTAL=None PD_FINAL=0.005 METODO=FIXED_PD
2026-09-10 15:45:43 | INFO | bdc.gold.fato_analise_credito | Iniciando cálculo de PD ajustada. CNPJ=07358761000169 SEGMENTO_PD=CPURA
2026-09-10 15:45:43 | WARNING | bdc.gold.fato_analise_credito | Cálculo CPURA suspenso por Falha Segura. Rating nulo. CNPJ=07358761000169
2026-09-10 15:45:43 | INFO | bdc.gold.fato_analise_credito | Iniciando cálculo de PD ajustada. CNPJ=07358761000169 SEGMENTO_PD=CGRUPO
2026-09-10 15:45:43 | INFO | bdc.gold.fato_analise_credito | PD ajustada calculada com sucesso. CNPJ=07358761000169 SEGMENTO_PD=CGRUPO PD_BASE=0.005 RATING_FINAL=A SCORE_TOTAL=None PD_FINAL=0.005 METODO=FIXED_PD
2026-09-10 15:45:43 | INFO | bdc.gold.fato_analise_credito | Iniciando cálculo de PD ajustada. CNPJ=07393256000155 SEGMENTO_PD=CPURA
2026-09-10 15:45:43 | WARNING | bdc.gold.fato_analise_credito | Cálculo CPURA suspenso por Falha Segura. Rating nulo. CNPJ=07393256000155
2026-09-10 15:45:43 | INFO | bdc.gold.fato_analise_credito | Iniciando cálculo de PD ajustada. CNPJ=07393256000155 SEGMENTO_PD=CPURA
2026-09-10 15:45:43 | WARNING | bdc.gold.fato_analise_credito | Cálculo CPURA suspenso por Falha Segura. Rating nulo. CNPJ=07393256000155
2026-09-10 15:45:43 | INFO | bdc.gold.fato_analise_credito | Iniciando cálculo de PD ajustada. CNPJ=07393256000155 SEGMENTO_PD=CPURA
2026-09-10 15:45:43 | WARNING | bdc.gold.fato_analise_credito | Cálculo CPURA suspenso por Falha Segura. Rating nulo. CNPJ=07393256000155
2026-09-10 15:45:43 | INFO | bdc.gold.fato_analise_credito | Iniciando cálculo de PD ajustada. CNPJ=07393256000155 SEGMENTO_PD=CPURA
2026-09-10 15:45:43 | WARNING | bdc.gold.fato_analise_credito | Cálculo CPURA suspenso por Falha Segura. Rating nulo. CNPJ=07393256000155
2026-09-10 15:45:43 | INFO | bdc.gold.fato_analise_credito | Iniciando cálculo de PD ajustada. CNPJ=07416174000189 SEGMENTO_PD=CPURA
2026-09-10 15:45:43 | INFO | bdc.gold.fato_analise_credito | Iniciando cálculo das notas quantitativas CPURA. CNPJ=07416174000189
2026-09-10 15:45:43 | INFO | bdc.gold.fato_analise_credito | Notas quantitativas CPURA calculadas. CNPJ=07416174000189 NOTA_PD=E NOTA_FCO_ROL=C NOTA_ROE=E NOTA_ROA=E
2026-09-10 15:45:43 | INFO | bdc.gold.fato_analise_credito | Iniciando score qualitativo CPURA. CNPJ=07416174000189
2026-09-10 15:45:43 | INFO | bdc.gold.fato_analise_credito | Score qualitativo CPURA calculado. CNPJ=07416174000189 SCORE_QUALITATIVO=0.8
2026-09-10 15:45:43 | INFO | bdc.gold.fato_analise_credito | Iniciando score quantitativo CPURA. CNPJ=07416174000189
2026-09-10 15:45:43 | INFO | bdc.gold.fato_analise_credito | Score quantitativo CPURA calculado. CNPJ=07416174000189 SCORE_QUANTITATIVO=1.428
2026-09-10 15:45:43 | INFO | bdc.gold.fato_analise_credito | Score total CPURA calculado. SCORE_TOTAL=2.2279999999999998
2026-09-10 15:45:43 | INFO | bdc.gold.fato_analise_credito | Iniciando cálculo de PD final CPURA. CNPJ=07416174000189 rating=E pd_min=0.1 pd_max=1.0
2026-09-10 15:45:43 | INFO | bdc.gold.fato_analise_credito | PD final CPURA calculada com sucesso. CNPJ=07416174000189 score_total=2.2279999999999998 score_truncado=2.2279999999999998 u=0.5544 pd_bruta=0.59896 pd_final=0.59896
2026-09-10 15:45:43 | INFO | bdc.gold.fato_analise_credito | PD ajustada calculada com sucesso. CNPJ=07416174000189 SEGMENTO_PD=CPURA PD_BASE=0.999979 RATING_FINAL=None SCORE_TOTAL=2.2279999999999998 PD_FINAL=0.59896 METODO=INTERPOLACAO_INTRA_RATING_CPURA
2026-09-10 15:45:43 | INFO | bdc.gold.fato_analise_credito | Iniciando cálculo de PD ajustada. CNPJ=07685694000197 SEGMENTO_PD=CGRUPO
2026-09-10 15:45:43 | INFO | bdc.gold.fato_analise_credito | PD ajustada calculada com sucesso. CNPJ=07685694000197 SEGMENTO_PD=CGRUPO PD_BASE=0.005 RATING_FINAL=A SCORE_TOTAL=None PD_FINAL=0.005 METODO=FIXED_PD
2026-09-10 15:45:43 | INFO | bdc.gold.fato_analise_credito | Iniciando cálculo de PD ajustada. CNPJ=07685694000197 SEGMENTO_PD=CGRUPO
2026-09-10 15:45:43 | INFO | bdc.gold.fato_analise_credito | PD ajustada calculada com sucesso. CNPJ=07685694000197 SEGMENTO_PD=CGRUPO PD_BASE=0.017464 RATING_FINAL=A SCORE_TOTAL=None PD_FINAL=0.005 METODO=FIXED_PD
2026-09-10 15:45:43 | INFO | bdc.gold.fato_analise_credito | Iniciando cálculo de PD ajustada. CNPJ=07685694000197 SEGMENTO_PD=CPURA
2026-09-10 15:45:43 | INFO | bdc.gold.fato_analise_credito | Iniciando cálculo das notas quantitativas CPURA. CNPJ=07685694000197
2026-09-10 15:45:43 | INFO | bdc.gold.fato_analise_credito | Notas quantitativas CPURA calculadas. CNPJ=07685694000197 NOTA_PD=E NOTA_FCO_ROL=D NOTA_ROE=E NOTA_ROA=E
2026-09-10 15:45:43 | INFO | bdc.gold.fato_analise_credito | Iniciando score qualitativo CPURA. CNPJ=07685694000197
2026-09-10 15:45:43 | INFO | bdc.gold.fato_analise_credito | Score qualitativo CPURA calculado. CNPJ=07685694000197 SCORE_QUALITATIVO=2.9
2026-09-10 15:45:43 | INFO | bdc.gold.fato_analise_credito | Iniciando score quantitativo CPURA. CNPJ=07685694000197
2026-09-10 15:45:43 | INFO | bdc.gold.fato_analise_credito | Score quantitativo CPURA calculado. CNPJ=07685694000197 SCORE_QUANTITATIVO=0.714
2026-09-10 15:45:43 | INFO | bdc.gold.fato_analise_credito | Score total CPURA calculado. SCORE_TOTAL=3.614
2026-09-10 15:45:43 | INFO | bdc.gold.fato_analise_credito | Iniciando cálculo de PD final CPURA. CNPJ=07685694000197 rating=E pd_min=0.1 pd_max=1.0
2026-09-10 15:45:43 | INFO | bdc.gold.fato_analise_credito | PD final CPURA calculada com sucesso. CNPJ=07685694000197 score_total=3.614 score_truncado=3.614 u=0.2772 pd_bruta=0.34948 pd_final=0.34948
2026-09-10 15:45:43 | INFO | bdc.gold.fato_analise_credito | PD ajustada calculada com sucesso. CNPJ=07685694000197 SEGMENTO_PD=CPURA PD_BASE=0.328001 RATING_FINAL=None SCORE_TOTAL=3.614 PD_FINAL=0.34948 METODO=INTERPOLACAO_INTRA_RATING_CPURA
2026-09-10 15:45:43 | INFO | bdc.gold.fato_analise_credito | Iniciando cálculo de PD ajustada. CNPJ=07725608000122 SEGMENTO_PD=CPURA
2026-09-10 15:45:43 | WARNING | bdc.gold.fato_analise_credito | Cálculo CPURA suspenso por Falha Segura. Rating nulo. CNPJ=07725608000122
2026-09-10 15:45:43 | INFO | bdc.gold.fato_analise_credito | Iniciando cálculo de PD ajustada. CNPJ=07760179000124 SEGMENTO_PD=CPURA
2026-09-10 15:45:43 | WARNING | bdc.gold.fato_analise_credito | Cálculo CPURA suspenso por Falha Segura. Rating nulo. CNPJ=07760179000124
2026-09-10 15:45:43 | INFO | bdc.gold.fato_analise_credito | Iniciando cálculo de PD ajustada. CNPJ=07794616000120 SEGMENTO_PD=CPURA
2026-09-10 15:45:43 | WARNING | bdc.gold.fato_analise_credito | Cálculo CPURA suspenso por Falha Segura. Rating nulo. CNPJ=07794616000120
2026-09-10 15:45:43 | INFO | bdc.gold.fato_analise_credito | Iniciando cálculo de PD ajustada. CNPJ=07794616000120 SEGMENTO_PD=CPURA
2026-09-10 15:45:43 | WARNING | bdc.gold.fato_analise_credito | Cálculo CPURA suspenso por Falha Segura. Rating nulo. CNPJ=07794616000120
2026-09-10 15:45:43 | INFO | bdc.gold.fato_analise_credito | Iniciando cálculo de PD ajustada. CNPJ=07794616000120 SEGMENTO_PD=CPURA
2026-09-10 15:45:43 | WARNING | bdc.gold.fato_analise_credito | Cálculo CPURA suspenso por Falha Segura. Rating nulo. CNPJ=07794616000120
2026-09-10 15:45:43 | INFO | bdc.gold.fato_analise_credito | Iniciando cálculo de PD ajustada. CNPJ=07794616000120 SEGMENTO_PD=CPURA
2026-09-10 15:45:43 | WARNING | bdc.gold.fato_analise_credito | Cálculo CPURA suspenso por Falha Segura. Rating nulo. CNPJ=07794616000120
2026-09-10 15:45:43 | INFO | bdc.gold.fato_analise_credito | Iniciando cálculo de PD ajustada. CNPJ=07794616000120 SEGMENTO_PD=CPURA
2026-09-10 15:45:43 | INFO | bdc.gold.fato_analise_credito | Iniciando cálculo das notas quantitativas CPURA. CNPJ=07794616000120
2026-09-10 15:45:43 | INFO | bdc.gold.fato_analise_credito | Notas quantitativas CPURA calculadas. CNPJ=07794616000120 NOTA_PD=C NOTA_FCO_ROL=B NOTA_ROE=B NOTA_ROA=C
2026-09-10 15:45:43 | INFO | bdc.gold.fato_analise_credito | Iniciando score qualitativo CPURA. CNPJ=07794616000120
2026-09-10 15:45:43 | INFO | bdc.gold.fato_analise_credito | Score qualitativo CPURA calculado. CNPJ=07794616000120 SCORE_QUALITATIVO=1.9000000000000001
2026-09-10 15:45:43 | INFO | bdc.gold.fato_analise_credito | Iniciando score quantitativo CPURA. CNPJ=07794616000120
2026-09-10 15:45:43 | INFO | bdc.gold.fato_analise_credito | Score quantitativo CPURA calculado. CNPJ=07794616000120 SCORE_QUANTITATIVO=4.816
2026-09-10 15:45:43 | INFO | bdc.gold.fato_analise_credito | Score total CPURA calculado. SCORE_TOTAL=6.716
2026-09-10 15:45:43 | INFO | bdc.gold.fato_analise_credito | Iniciando cálculo de PD final CPURA. CNPJ=07794616000120 rating=C pd_min=0.0076 pd_max=0.0417
2026-09-10 15:45:43 | INFO | bdc.gold.fato_analise_credito | PD final CPURA calculada com sucesso. CNPJ=07794616000120 score_total=6.716 score_truncado=6.716 u=0.2839999999999998 pd_bruta=0.01728439999999999 pd_final=0.017284399999999995
2026-09-10 15:45:43 | INFO | bdc.gold.fato_analise_credito | PD ajustada calculada com sucesso. CNPJ=07794616000120 SEGMENTO_PD=CPURA PD_BASE=0.026519 RATING_FINAL=None SCORE_TOTAL=6.716 PD_FINAL=0.017284399999999995 METODO=INTERPOLACAO_INTRA_RATING_CPURA
2026-09-10 15:45:43 | INFO | bdc.gold.fato_analise_credito | Iniciando cálculo de PD ajustada. CNPJ=07794616000120 SEGMENTO_PD=CPURA
2026-09-10 15:45:43 | INFO | bdc.gold.fato_analise_credito | Iniciando cálculo das notas quantitativas CPURA. CNPJ=07794616000120
2026-09-10 15:45:43 | INFO | bdc.gold.fato_analise_credito | Notas quantitativas CPURA calculadas. CNPJ=07794616000120 NOTA_PD=E NOTA_FCO_ROL=E NOTA_ROE=B NOTA_ROA=C
2026-09-10 15:45:43 | INFO | bdc.gold.fato_analise_credito | Iniciando score qualitativo CPURA. CNPJ=07794616000120
2026-09-10 15:45:43 | INFO | bdc.gold.fato_analise_credito | Score qualitativo CPURA calculado. CNPJ=07794616000120 SCORE_QUALITATIVO=0.9000000000000001
2026-09-10 15:45:43 | INFO | bdc.gold.fato_analise_credito | Iniciando score quantitativo CPURA. CNPJ=07794616000120
2026-09-10 15:45:43 | INFO | bdc.gold.fato_analise_credito | Score quantitativo CPURA calculado. CNPJ=07794616000120 SCORE_QUANTITATIVO=0.9800000000000001
2026-09-10 15:45:43 | INFO | bdc.gold.fato_analise_credito | Score total CPURA calculado. SCORE_TOTAL=1.8800000000000003
2026-09-10 15:45:43 | INFO | bdc.gold.fato_analise_credito | Iniciando cálculo de PD final CPURA. CNPJ=07794616000120 rating=E pd_min=0.1 pd_max=1.0
2026-09-10 15:45:43 | INFO | bdc.gold.fato_analise_credito | PD final CPURA calculada com sucesso. CNPJ=07794616000120 score_total=1.8800000000000003 score_truncado=1.8800000000000003 u=0.6239999999999999 pd_bruta=0.6615999999999999 pd_final=0.6616
2026-09-10 15:45:43 | INFO | bdc.gold.fato_analise_credito | PD ajustada calculada com sucesso. CNPJ=07794616000120 SEGMENTO_PD=CPURA PD_BASE=0.999678 RATING_FINAL=None SCORE_TOTAL=1.8800000000000003 PD_FINAL=0.6616 METODO=INTERPOLACAO_INTRA_RATING_CPURA
2026-09-10 15:45:43 | INFO | bdc.gold.fato_analise_credito | Iniciando cálculo de PD ajustada. CNPJ=07823304000106 SEGMENTO_PD=CPURA
2026-09-10 15:45:43 | INFO | bdc.gold.fato_analise_credito | Iniciando cálculo das notas quantitativas CPURA. CNPJ=07823304000106
2026-09-10 15:45:43 | INFO | bdc.gold.fato_analise_credito | Notas quantitativas CPURA calculadas. CNPJ=07823304000106 NOTA_PD=D NOTA_FCO_ROL=A NOTA_ROE=C NOTA_ROA=C
2026-09-10 15:45:43 | INFO | bdc.gold.fato_analise_credito | Iniciando score qualitativo CPURA. CNPJ=07823304000106
2026-09-10 15:45:43 | INFO | bdc.gold.fato_analise_credito | Score qualitativo CPURA calculado. CNPJ=07823304000106 SCORE_QUALITATIVO=1.5
2026-09-10 15:45:43 | INFO | bdc.gold.fato_analise_credito | Iniciando score quantitativo CPURA. CNPJ=07823304000106
2026-09-10 15:45:43 | INFO | bdc.gold.fato_analise_credito | Score quantitativo CPURA calculado. CNPJ=07823304000106 SCORE_QUANTITATIVO=4.186
2026-09-10 15:45:43 | INFO | bdc.gold.fato_analise_credito | Score total CPURA calculado. SCORE_TOTAL=5.686
2026-09-10 15:45:43 | INFO | bdc.gold.fato_analise_credito | Iniciando cálculo de PD final CPURA. CNPJ=07823304000106 rating=D pd_min=0.0417 pd_max=0.1
2026-09-10 15:45:43 | INFO | bdc.gold.fato_analise_credito | PD final CPURA calculada com sucesso. CNPJ=07823304000106 score_total=5.686 score_truncado=5.686 u=0.31400000000000006 pd_bruta=0.06000620000000001 pd_final=0.060006200000000016
2026-09-10 15:45:43 | INFO | bdc.gold.fato_analise_credito | PD ajustada calculada com sucesso. CNPJ=07823304000106 SEGMENTO_PD=CPURA PD_BASE=0.062896 RATING_FINAL=None SCORE_TOTAL=5.686 PD_FINAL=0.060006200000000016 METODO=INTERPOLACAO_INTRA_RATING_CPURA
2026-09-10 15:45:43 | WARNING | bdc.gold.fato_analise_credito | [CNPJ: 07823304000106] Falha no cálculo (Insumo Inválido): Comercializadora sem TIPO_COMERCIALIZADORA válido.
2026-09-10 15:45:43 | INFO | bdc.gold.fato_analise_credito | Iniciando cálculo de PD ajustada. CNPJ=07829836000142 SEGMENTO_PD=CPURA
2026-09-10 15:45:43 | INFO | bdc.gold.fato_analise_credito | Iniciando cálculo das notas quantitativas CPURA. CNPJ=07829836000142
2026-09-10 15:45:43 | INFO | bdc.gold.fato_analise_credito | Notas quantitativas CPURA calculadas. CNPJ=07829836000142 NOTA_PD=E NOTA_FCO_ROL=A NOTA_ROE=A NOTA_ROA=B
2026-09-10 15:45:43 | INFO | bdc.gold.fato_analise_credito | Iniciando score qualitativo CPURA. CNPJ=07829836000142
2026-09-10 15:45:43 | INFO | bdc.gold.fato_analise_credito | Score qualitativo CPURA calculado. CNPJ=07829836000142 SCORE_QUALITATIVO=1.6
2026-09-10 15:45:43 | INFO | bdc.gold.fato_analise_credito | Iniciando score quantitativo CPURA. CNPJ=07829836000142
2026-09-10 15:45:43 | INFO | bdc.gold.fato_analise_credito | Score quantitativo CPURA calculado. CNPJ=07829836000142 SCORE_QUANTITATIVO=3.64
2026-09-10 15:45:43 | INFO | bdc.gold.fato_analise_credito | Score total CPURA calculado. SCORE_TOTAL=5.24
2026-09-10 15:45:43 | INFO | bdc.gold.fato_analise_credito | Iniciando cálculo de PD final CPURA. CNPJ=07829836000142 rating=D pd_min=0.0417 pd_max=0.1
2026-09-10 15:45:43 | INFO | bdc.gold.fato_analise_credito | PD final CPURA calculada com sucesso. CNPJ=07829836000142 score_total=5.24 score_truncado=5.24 u=0.7599999999999998 pd_bruta=0.086008 pd_final=0.086008
2026-09-10 15:45:43 | INFO | bdc.gold.fato_analise_credito | PD ajustada calculada com sucesso. CNPJ=07829836000142 SEGMENTO_PD=CPURA PD_BASE=0.23195 RATING_FINAL=None SCORE_TOTAL=5.24 PD_FINAL=0.086008 METODO=INTERPOLACAO_INTRA_RATING_CPURA
2026-09-10 15:45:43 | WARNING | bdc.gold.fato_analise_credito | [CNPJ: 07966116000129] Falha no cálculo (Insumo Inválido): Comercializadora sem TIPO_COMERCIALIZADORA válido.
2026-09-10 15:45:43 | INFO | bdc.gold.fato_analise_credito | Iniciando cálculo de PD ajustada. CNPJ=08032643000129 SEGMENTO_PD=CPURA
2026-09-10 15:45:43 | INFO | bdc.gold.fato_analise_credito | Iniciando cálculo das notas quantitativas CPURA. CNPJ=08032643000129
2026-09-10 15:45:43 | INFO | bdc.gold.fato_analise_credito | Notas quantitativas CPURA calculadas. CNPJ=08032643000129 NOTA_PD=B NOTA_FCO_ROL=A NOTA_ROE=C NOTA_ROA=C
2026-09-10 15:45:43 | INFO | bdc.gold.fato_analise_credito | Iniciando score qualitativo CPURA. CNPJ=08032643000129
2026-09-10 15:45:43 | INFO | bdc.gold.fato_analise_credito | Score qualitativo CPURA calculado. CNPJ=08032643000129 SCORE_QUALITATIVO=1.7000000000000002
2026-09-10 15:45:43 | INFO | bdc.gold.fato_analise_credito | Iniciando score quantitativo CPURA. CNPJ=08032643000129
2026-09-10 15:45:43 | INFO | bdc.gold.fato_analise_credito | Score quantitativo CPURA calculado. CNPJ=08032643000129 SCORE_QUANTITATIVO=5.795999999999999
2026-09-10 15:45:43 | INFO | bdc.gold.fato_analise_credito | Score total CPURA calculado. SCORE_TOTAL=7.4959999999999996
2026-09-10 15:45:43 | INFO | bdc.gold.fato_analise_credito | Iniciando cálculo de PD final CPURA. CNPJ=08032643000129 rating=B pd_min=0.005 pd_max=0.0076
2026-09-10 15:45:43 | INFO | bdc.gold.fato_analise_credito | PD final CPURA calculada com sucesso. CNPJ=08032643000129 score_total=7.4959999999999996 score_truncado=7.4959999999999996 u=0.5040000000000004 pd_bruta=0.006310400000000001 pd_final=0.0063104
2026-09-10 15:45:43 | INFO | bdc.gold.fato_analise_credito | PD ajustada calculada com sucesso. CNPJ=08032643000129 SEGMENTO_PD=CPURA PD_BASE=0.005739 RATING_FINAL=None SCORE_TOTAL=7.4959999999999996 PD_FINAL=0.0063104 METODO=INTERPOLACAO_INTRA_RATING_CPURA
2026-09-10 15:45:43 | WARNING | bdc.gold.fato_analise_credito | [CNPJ: 08032643000129] Falha no cálculo (Insumo Inválido): Comercializadora sem TIPO_COMERCIALIZADORA válido.
2026-09-10 15:45:43 | WARNING | bdc.gold.fato_analise_credito | [CNPJ: 08070508000178] Falha no cálculo (Insumo Inválido): Comercializadora sem TIPO_COMERCIALIZADORA válido.
2026-09-10 15:45:43 | WARNING | bdc.gold.fato_analise_credito | [CNPJ: 08070566000100] Falha no cálculo (Insumo Inválido): Comercializadora sem TIPO_COMERCIALIZADORA válido.
2026-09-10 15:45:43 | INFO | bdc.gold.fato_analise_credito | Iniciando cálculo de PD ajustada. CNPJ=08323274000123 SEGMENTO_PD=CPURA
2026-09-10 15:45:43 | INFO | bdc.gold.fato_analise_credito | Iniciando cálculo das notas quantitativas CPURA. CNPJ=08323274000123
2026-09-10 15:45:43 | INFO | bdc.gold.fato_analise_credito | Notas quantitativas CPURA calculadas. CNPJ=08323274000123 NOTA_PD=E NOTA_FCO_ROL=A NOTA_ROE=C NOTA_ROA=C
2026-09-10 15:45:43 | INFO | bdc.gold.fato_analise_credito | Iniciando score qualitativo CPURA. CNPJ=08323274000123
2026-09-10 15:45:43 | INFO | bdc.gold.fato_analise_credito | Score qualitativo CPURA calculado. CNPJ=08323274000123 SCORE_QUALITATIVO=2.5
2026-09-10 15:45:43 | INFO | bdc.gold.fato_analise_credito | Iniciando score quantitativo CPURA. CNPJ=08323274000123
2026-09-10 15:45:43 | INFO | bdc.gold.fato_analise_credito | Score quantitativo CPURA calculado. CNPJ=08323274000123 SCORE_QUANTITATIVO=3.2199999999999998
2026-09-10 15:45:43 | INFO | bdc.gold.fato_analise_credito | Score total CPURA calculado. SCORE_TOTAL=5.72
2026-09-10 15:45:43 | INFO | bdc.gold.fato_analise_credito | Iniciando cálculo de PD final CPURA. CNPJ=08323274000123 rating=D pd_min=0.0417 pd_max=0.1
2026-09-10 15:45:43 | INFO | bdc.gold.fato_analise_credito | PD final CPURA calculada com sucesso. CNPJ=08323274000123 score_total=5.72 score_truncado=5.72 u=0.28000000000000025 pd_bruta=0.05802400000000002 pd_final=0.05802400000000001
2026-09-10 15:45:43 | INFO | bdc.gold.fato_analise_credito | PD ajustada calculada com sucesso. CNPJ=08323274000123 SEGMENTO_PD=CPURA PD_BASE=0.999128 RATING_FINAL=None SCORE_TOTAL=5.72 PD_FINAL=0.05802400000000001 METODO=INTERPOLACAO_INTRA_RATING_CPURA
2026-09-10 15:45:43 | INFO | bdc.gold.fato_analise_credito | Iniciando cálculo de PD ajustada. CNPJ=08336804000178 SEGMENTO_PD=CPURA
2026-09-10 15:45:43 | INFO | bdc.gold.fato_analise_credito | Iniciando cálculo das notas quantitativas CPURA. CNPJ=08336804000178
2026-09-10 15:45:43 | INFO | bdc.gold.fato_analise_credito | Notas quantitativas CPURA calculadas. CNPJ=08336804000178 NOTA_PD=A NOTA_FCO_ROL=A NOTA_ROE=C NOTA_ROA=C
2026-09-10 15:45:43 | INFO | bdc.gold.fato_analise_credito | Iniciando score qualitativo CPURA. CNPJ=08336804000178
2026-09-10 15:45:43 | INFO | bdc.gold.fato_analise_credito | Score qualitativo CPURA calculado. CNPJ=08336804000178 SCORE_QUALITATIVO=2.9
2026-09-10 15:45:43 | INFO | bdc.gold.fato_analise_credito | Iniciando score quantitativo CPURA. CNPJ=08336804000178
2026-09-10 15:45:43 | INFO | bdc.gold.fato_analise_credito | Score quantitativo CPURA calculado. CNPJ=08336804000178 SCORE_QUANTITATIVO=6.4399999999999995
2026-09-10 15:45:43 | INFO | bdc.gold.fato_analise_credito | Score total CPURA calculado. SCORE_TOTAL=9.34
2026-09-10 15:45:43 | INFO | bdc.gold.fato_analise_credito | Iniciando cálculo de PD final CPURA. CNPJ=08336804000178 rating=A pd_min=0.0 pd_max=0.005
2026-09-10 15:45:43 | INFO | bdc.gold.fato_analise_credito | PD final CPURA calculada com sucesso. CNPJ=08336804000178 score_total=9.34 score_truncado=9.34 u=0.33000000000000007 pd_bruta=0.0016500000000000004 pd_final=0.0016500000000000009
2026-09-10 15:45:43 | INFO | bdc.gold.fato_analise_credito | PD ajustada calculada com sucesso. CNPJ=08336804000178 SEGMENTO_PD=CPURA PD_BASE=0.002455 RATING_FINAL=None SCORE_TOTAL=9.34 PD_FINAL=0.0016500000000000009 METODO=INTERPOLACAO_INTRA_RATING_CPURA
2026-09-10 15:45:43 | INFO | bdc.gold.fato_analise_credito | Iniciando cálculo de PD ajustada. CNPJ=08364948000138 SEGMENTO_PD=CGRUPO
2026-09-10 15:45:43 | INFO | bdc.gold.fato_analise_credito | PD ajustada calculada com sucesso. CNPJ=08364948000138 SEGMENTO_PD=CGRUPO PD_BASE=0.005 RATING_FINAL=B SCORE_TOTAL=None PD_FINAL=0.005 METODO=CLAMP
2026-09-10 15:45:43 | INFO | bdc.gold.fato_analise_credito | Iniciando cálculo de PD ajustada. CNPJ=08364948000138 SEGMENTO_PD=CGRUPO
2026-09-10 15:45:43 | INFO | bdc.gold.fato_analise_credito | PD ajustada calculada com sucesso. CNPJ=08364948000138 SEGMENTO_PD=CGRUPO PD_BASE=0.005 RATING_FINAL=A SCORE_TOTAL=None PD_FINAL=0.005 METODO=FIXED_PD
2026-09-10 15:45:43 | INFO | bdc.gold.fato_analise_credito | Iniciando cálculo de PD ajustada. CNPJ=08439659000150 SEGMENTO_PD=CGRUPO
2026-09-10 15:45:43 | INFO | bdc.gold.fato_analise_credito | PD ajustada calculada com sucesso. CNPJ=08439659000150 SEGMENTO_PD=CGRUPO PD_BASE=0.005 RATING_FINAL=A SCORE_TOTAL=None PD_FINAL=0.005 METODO=FIXED_PD
2026-09-10 15:45:43 | INFO | bdc.gold.fato_analise_credito | Iniciando cálculo de PD ajustada. CNPJ=08573833000153 SEGMENTO_PD=CGRUPO
2026-09-10 15:45:43 | INFO | bdc.gold.fato_analise_credito | PD ajustada calculada com sucesso. CNPJ=08573833000153 SEGMENTO_PD=CGRUPO PD_BASE=0.005 RATING_FINAL=A SCORE_TOTAL=None PD_FINAL=0.005 METODO=FIXED_PD
2026-09-10 15:45:43 | INFO | bdc.gold.fato_analise_credito | Iniciando cálculo de PD ajustada. CNPJ=08573833000153 SEGMENTO_PD=CPURA
2026-09-10 15:45:43 | WARNING | bdc.gold.fato_analise_credito | Cálculo CPURA suspenso por Falha Segura. Rating nulo. CNPJ=08573833000153
2026-09-10 15:45:43 | INFO | bdc.gold.fato_analise_credito | Iniciando cálculo de PD ajustada. CNPJ=08578334000159 SEGMENTO_PD=CGRUPO
2026-09-10 15:45:43 | INFO | bdc.gold.fato_analise_credito | PD ajustada calculada com sucesso. CNPJ=08578334000159 SEGMENTO_PD=CGRUPO PD_BASE=0.005 RATING_FINAL=B SCORE_TOTAL=None PD_FINAL=0.005 METODO=CLAMP
2026-09-10 15:45:43 | INFO | bdc.gold.fato_analise_credito | Iniciando cálculo de PD ajustada. CNPJ=08578334000159 SEGMENTO_PD=CGRUPO
2026-09-10 15:45:43 | INFO | bdc.gold.fato_analise_credito | PD ajustada calculada com sucesso. CNPJ=08578334000159 SEGMENTO_PD=CGRUPO PD_BASE=0.005 RATING_FINAL=B SCORE_TOTAL=None PD_FINAL=0.005 METODO=CLAMP
2026-09-10 15:45:43 | INFO | bdc.gold.fato_analise_credito | Iniciando cálculo de PD ajustada. CNPJ=08578334000159 SEGMENTO_PD=CGRUPO
2026-09-10 15:45:43 | INFO | bdc.gold.fato_analise_credito | PD ajustada calculada com sucesso. CNPJ=08578334000159 SEGMENTO_PD=CGRUPO PD_BASE=0.017464 RATING_FINAL=A SCORE_TOTAL=None PD_FINAL=0.005 METODO=FIXED_PD
2026-09-10 15:45:43 | WARNING | bdc.gold.fato_analise_credito | [CNPJ: 08598391000108] Falha no cálculo (Insumo Inválido): Comercializadora sem TIPO_COMERCIALIZADORA válido.
2026-09-10 15:45:43 | INFO | bdc.gold.fato_analise_credito | Iniciando cálculo de PD ajustada. CNPJ=08666285000106 SEGMENTO_PD=CPURA
2026-09-10 15:45:43 | INFO | bdc.gold.fato_analise_credito | Iniciando cálculo das notas quantitativas CPURA. CNPJ=08666285000106
2026-09-10 15:45:43 | INFO | bdc.gold.fato_analise_credito | Notas quantitativas CPURA calculadas. CNPJ=08666285000106 NOTA_PD=E NOTA_FCO_ROL=A NOTA_ROE=E NOTA_ROA=E
2026-09-10 15:45:43 | INFO | bdc.gold.fato_analise_credito | Iniciando score qualitativo CPURA. CNPJ=08666285000106
2026-09-10 15:45:43 | INFO | bdc.gold.fato_analise_credito | Score qualitativo CPURA calculado. CNPJ=08666285000106 SCORE_QUALITATIVO=1.6
2026-09-10 15:45:43 | INFO | bdc.gold.fato_analise_credito | Iniciando score quantitativo CPURA. CNPJ=08666285000106
2026-09-10 15:45:43 | INFO | bdc.gold.fato_analise_credito | Score quantitativo CPURA calculado. CNPJ=08666285000106 SCORE_QUANTITATIVO=2.38
2026-09-10 15:45:43 | INFO | bdc.gold.fato_analise_credito | Score total CPURA calculado. SCORE_TOTAL=3.98
2026-09-10 15:45:43 | INFO | bdc.gold.fato_analise_credito | Iniciando cálculo de PD final CPURA. CNPJ=08666285000106 rating=E pd_min=0.1 pd_max=1.0
2026-09-10 15:45:43 | INFO | bdc.gold.fato_analise_credito | PD final CPURA calculada com sucesso. CNPJ=08666285000106 score_total=3.98 score_truncado=3.98 u=0.20400000000000001 pd_bruta=0.2836 pd_final=0.2836000000000001
2026-09-10 15:45:43 | INFO | bdc.gold.fato_analise_credito | PD ajustada calculada com sucesso. CNPJ=08666285000106 SEGMENTO_PD=CPURA PD_BASE=0.99987 RATING_FINAL=None SCORE_TOTAL=3.98 PD_FINAL=0.2836000000000001 METODO=INTERPOLACAO_INTRA_RATING_CPURA
2026-09-10 15:45:43 | INFO | bdc.gold.fato_analise_credito | Iniciando cálculo de PD ajustada. CNPJ=08773135000100 SEGMENTO_PD=CPURA
2026-09-10 15:45:43 | WARNING | bdc.gold.fato_analise_credito | Cálculo CPURA suspenso por Falha Segura. Rating nulo. CNPJ=08773135000100
2026-09-10 15:45:43 | INFO | bdc.gold.fato_analise_credito | Iniciando cálculo de PD ajustada. CNPJ=08773135000100 SEGMENTO_PD=CPURA
2026-09-10 15:45:43 | WARNING | bdc.gold.fato_analise_credito | Cálculo CPURA suspenso por Falha Segura. Rating nulo. CNPJ=08773135000100
2026-09-10 15:45:43 | INFO | bdc.gold.fato_analise_credito | Iniciando cálculo de PD ajustada. CNPJ=08773135000100 SEGMENTO_PD=CPURA
2026-09-10 15:45:43 | WARNING | bdc.gold.fato_analise_credito | Cálculo CPURA suspenso por Falha Segura. Rating nulo. CNPJ=08773135000100
2026-09-10 15:45:43 | INFO | bdc.gold.fato_analise_credito | Iniciando cálculo de PD ajustada. CNPJ=08773135000100 SEGMENTO_PD=CPURA
2026-09-10 15:45:43 | WARNING | bdc.gold.fato_analise_credito | Cálculo CPURA suspenso por Falha Segura. Rating nulo. CNPJ=08773135000100
2026-09-10 15:45:43 | INFO | bdc.gold.fato_analise_credito | Iniciando cálculo de PD ajustada. CNPJ=08793343000162 SEGMENTO_PD=CPURA
2026-09-10 15:45:43 | INFO | bdc.gold.fato_analise_credito | Iniciando cálculo das notas quantitativas CPURA. CNPJ=08793343000162
2026-09-10 15:45:43 | INFO | bdc.gold.fato_analise_credito | Notas quantitativas CPURA calculadas. CNPJ=08793343000162 NOTA_PD=E NOTA_FCO_ROL=A NOTA_ROE=B NOTA_ROA=C
2026-09-10 15:45:43 | INFO | bdc.gold.fato_analise_credito | Iniciando score qualitativo CPURA. CNPJ=08793343000162
2026-09-10 15:45:43 | INFO | bdc.gold.fato_analise_credito | Score qualitativo CPURA calculado. CNPJ=08793343000162 SCORE_QUALITATIVO=1.6
2026-09-10 15:45:43 | INFO | bdc.gold.fato_analise_credito | Iniciando score quantitativo CPURA. CNPJ=08793343000162
2026-09-10 15:45:43 | INFO | bdc.gold.fato_analise_credito | Score quantitativo CPURA calculado. CNPJ=08793343000162 SCORE_QUANTITATIVO=3.36
2026-09-10 15:45:43 | INFO | bdc.gold.fato_analise_credito | Score total CPURA calculado. SCORE_TOTAL=4.96
2026-09-10 15:45:43 | INFO | bdc.gold.fato_analise_credito | Iniciando cálculo de PD final CPURA. CNPJ=08793343000162 rating=E pd_min=0.1 pd_max=1.0
2026-09-10 15:45:43 | INFO | bdc.gold.fato_analise_credito | PD final CPURA calculada com sucesso. CNPJ=08793343000162 score_total=4.96 score_truncado=4.96 u=0.008000000000000007 pd_bruta=0.10720000000000002 pd_final=0.10720000000000002
2026-09-10 15:45:43 | INFO | bdc.gold.fato_analise_credito | PD ajustada calculada com sucesso. CNPJ=08793343000162 SEGMENTO_PD=CPURA PD_BASE=0.426655 RATING_FINAL=None SCORE_TOTAL=4.96 PD_FINAL=0.10720000000000002 METODO=INTERPOLACAO_INTRA_RATING_CPURA
2026-09-10 15:45:43 | INFO | bdc.gold.fato_analise_credito | Iniciando cálculo de PD ajustada. CNPJ=08793343000162 SEGMENTO_PD=CPURA
2026-09-10 15:45:43 | INFO | bdc.gold.fato_analise_credito | Iniciando cálculo das notas quantitativas CPURA. CNPJ=08793343000162
2026-09-10 15:45:43 | INFO | bdc.gold.fato_analise_credito | Notas quantitativas CPURA calculadas. CNPJ=08793343000162 NOTA_PD=E NOTA_FCO_ROL=A NOTA_ROE=B NOTA_ROA=C
2026-09-10 15:45:43 | INFO | bdc.gold.fato_analise_credito | Iniciando score qualitativo CPURA. CNPJ=08793343000162
2026-09-10 15:45:43 | INFO | bdc.gold.fato_analise_credito | Score qualitativo CPURA calculado. CNPJ=08793343000162 SCORE_QUALITATIVO=3.0
2026-09-10 15:45:43 | INFO | bdc.gold.fato_analise_credito | Iniciando score quantitativo CPURA. CNPJ=08793343000162
2026-09-10 15:45:43 | INFO | bdc.gold.fato_analise_credito | Score quantitativo CPURA calculado. CNPJ=08793343000162 SCORE_QUANTITATIVO=3.36
2026-09-10 15:45:43 | INFO | bdc.gold.fato_analise_credito | Score total CPURA calculado. SCORE_TOTAL=6.359999999999999
2026-09-10 15:45:43 | INFO | bdc.gold.fato_analise_credito | Iniciando cálculo de PD final CPURA. CNPJ=08793343000162 rating=C pd_min=0.0076 pd_max=0.0417
2026-09-10 15:45:43 | INFO | bdc.gold.fato_analise_credito | PD final CPURA calculada com sucesso. CNPJ=08793343000162 score_total=6.359999999999999 score_truncado=6.359999999999999 u=0.6400000000000006 pd_bruta=0.029424000000000016 pd_final=0.029424000000000016
2026-09-10 15:45:43 | INFO | bdc.gold.fato_analise_credito | PD ajustada calculada com sucesso. CNPJ=08793343000162 SEGMENTO_PD=CPURA PD_BASE=0.667886 RATING_FINAL=None SCORE_TOTAL=6.359999999999999 PD_FINAL=0.029424000000000016 METODO=INTERPOLACAO_INTRA_RATING_CPURA
2026-09-10 15:45:43 | WARNING | bdc.gold.fato_analise_credito | [CNPJ: 08793343000162] Falha no cálculo (Insumo Inválido): Comercializadora sem TIPO_COMERCIALIZADORA válido.
2026-09-10 15:45:43 | INFO | bdc.gold.fato_analise_credito | Iniciando cálculo de PD ajustada. CNPJ=08842785000151 SEGMENTO_PD=CPURA
2026-09-10 15:45:43 | WARNING | bdc.gold.fato_analise_credito | Cálculo CPURA suspenso por Falha Segura. Rating nulo. CNPJ=08842785000151
2026-09-10 15:45:43 | INFO | bdc.gold.fato_analise_credito | Iniciando cálculo de PD ajustada. CNPJ=08842785000151 SEGMENTO_PD=CPURA
2026-09-10 15:45:43 | WARNING | bdc.gold.fato_analise_credito | Cálculo CPURA suspenso por Falha Segura. Rating nulo. CNPJ=08842785000151
2026-09-10 15:45:43 | INFO | bdc.gold.fato_analise_credito | Iniciando cálculo de PD ajustada. CNPJ=09020211000160 SEGMENTO_PD=CPURA
2026-09-10 15:45:43 | INFO | bdc.gold.fato_analise_credito | Iniciando cálculo das notas quantitativas CPURA. CNPJ=09020211000160
2026-09-10 15:45:43 | INFO | bdc.gold.fato_analise_credito | Notas quantitativas CPURA calculadas. CNPJ=09020211000160 NOTA_PD=E NOTA_FCO_ROL=A NOTA_ROE=B NOTA_ROA=C
2026-09-10 15:45:43 | INFO | bdc.gold.fato_analise_credito | Iniciando score qualitativo CPURA. CNPJ=09020211000160
2026-09-10 15:45:43 | INFO | bdc.gold.fato_analise_credito | Score qualitativo CPURA calculado. CNPJ=09020211000160 SCORE_QUALITATIVO=0.5
2026-09-10 15:45:43 | INFO | bdc.gold.fato_analise_credito | Iniciando score quantitativo CPURA. CNPJ=09020211000160
2026-09-10 15:45:43 | INFO | bdc.gold.fato_analise_credito | Score quantitativo CPURA calculado. CNPJ=09020211000160 SCORE_QUANTITATIVO=3.36
2026-09-10 15:45:43 | INFO | bdc.gold.fato_analise_credito | Score total CPURA calculado. SCORE_TOTAL=3.86
2026-09-10 15:45:43 | INFO | bdc.gold.fato_analise_credito | Iniciando cálculo de PD final CPURA. CNPJ=09020211000160 rating=E pd_min=0.1 pd_max=1.0
2026-09-10 15:45:43 | INFO | bdc.gold.fato_analise_credito | PD final CPURA calculada com sucesso. CNPJ=09020211000160 score_total=3.86 score_truncado=3.86 u=0.22800000000000004 pd_bruta=0.3052 pd_final=0.3052
2026-09-10 15:45:43 | INFO | bdc.gold.fato_analise_credito | PD ajustada calculada com sucesso. CNPJ=09020211000160 SEGMENTO_PD=CPURA PD_BASE=0.827333 RATING_FINAL=None SCORE_TOTAL=3.86 PD_FINAL=0.3052 METODO=INTERPOLACAO_INTRA_RATING_CPURA
2026-09-10 15:45:43 | WARNING | bdc.gold.fato_analise_credito | [CNPJ: 09020211000160] Falha no cálculo (Insumo Inválido): Comercializadora sem TIPO_COMERCIALIZADORA válido.
2026-09-10 15:45:43 | INFO | bdc.gold.fato_analise_credito | Iniciando cálculo de PD ajustada. CNPJ=09149503000106 SEGMENTO_PD=CGRUPO
2026-09-10 15:45:43 | INFO | bdc.gold.fato_analise_credito | PD ajustada calculada com sucesso. CNPJ=09149503000106 SEGMENTO_PD=CGRUPO PD_BASE=0.005 RATING_FINAL=A SCORE_TOTAL=None PD_FINAL=0.005 METODO=FIXED_PD
2026-09-10 15:45:43 | INFO | bdc.gold.fato_analise_credito | Iniciando cálculo de PD ajustada. CNPJ=09149503000106 SEGMENTO_PD=CGRUPO
2026-09-10 15:45:43 | INFO | bdc.gold.fato_analise_credito | PD ajustada calculada com sucesso. CNPJ=09149503000106 SEGMENTO_PD=CGRUPO PD_BASE=0.005 RATING_FINAL=A SCORE_TOTAL=None PD_FINAL=0.005 METODO=FIXED_PD
2026-09-10 15:45:43 | INFO | bdc.gold.fato_analise_credito | Iniciando cálculo de PD ajustada. CNPJ=09149503000106 SEGMENTO_PD=CGRUPO
2026-09-10 15:45:43 | INFO | bdc.gold.fato_analise_credito | PD ajustada calculada com sucesso. CNPJ=09149503000106 SEGMENTO_PD=CGRUPO PD_BASE=0.005 RATING_FINAL=A SCORE_TOTAL=None PD_FINAL=0.005 METODO=FIXED_PD
2026-09-10 15:45:43 | INFO | bdc.gold.fato_analise_credito | Iniciando cálculo de PD ajustada. CNPJ=09185485000100 SEGMENTO_PD=CGRUPO
2026-09-10 15:45:43 | INFO | bdc.gold.fato_analise_credito | PD ajustada calculada com sucesso. CNPJ=09185485000100 SEGMENTO_PD=CGRUPO PD_BASE=0.005 RATING_FINAL=A SCORE_TOTAL=None PD_FINAL=0.005 METODO=FIXED_PD
2026-09-10 15:45:43 | INFO | bdc.gold.fato_analise_credito | Iniciando cálculo de PD ajustada. CNPJ=09222477000196 SEGMENTO_PD=CPURA
2026-09-10 15:45:43 | WARNING | bdc.gold.fato_analise_credito | Cálculo CPURA suspenso por Falha Segura. Rating nulo. CNPJ=09222477000196
2026-09-10 15:45:43 | INFO | bdc.gold.fato_analise_credito | Iniciando cálculo de PD ajustada. CNPJ=09495582000107 SEGMENTO_PD=CPURA
2026-09-10 15:45:43 | WARNING | bdc.gold.fato_analise_credito | Cálculo CPURA suspenso por Falha Segura. Rating nulo. CNPJ=09495582000107
2026-09-10 15:45:43 | INFO | bdc.gold.fato_analise_credito | Iniciando cálculo de PD ajustada. CNPJ=09495582000107 SEGMENTO_PD=CPURA
2026-09-10 15:45:43 | WARNING | bdc.gold.fato_analise_credito | Cálculo CPURA suspenso por Falha Segura. Rating nulo. CNPJ=09495582000107
2026-09-10 15:45:43 | INFO | bdc.gold.fato_analise_credito | Iniciando cálculo de PD ajustada. CNPJ=09495582000107 SEGMENTO_PD=CPURA
2026-09-10 15:45:43 | WARNING | bdc.gold.fato_analise_credito | Cálculo CPURA suspenso por Falha Segura. Rating nulo. CNPJ=09495582000107
2026-09-10 15:45:43 | INFO | bdc.gold.fato_analise_credito | Iniciando cálculo de PD ajustada. CNPJ=09495582000107 SEGMENTO_PD=CPURA
2026-09-10 15:45:43 | WARNING | bdc.gold.fato_analise_credito | Cálculo CPURA suspenso por Falha Segura. Rating nulo. CNPJ=09495582000107
2026-09-10 15:45:43 | INFO | bdc.gold.fato_analise_credito | Iniciando cálculo de PD ajustada. CNPJ=09495582000107 SEGMENTO_PD=CPURA
2026-09-10 15:45:43 | INFO | bdc.gold.fato_analise_credito | Iniciando cálculo das notas quantitativas CPURA. CNPJ=09495582000107
2026-09-10 15:45:43 | INFO | bdc.gold.fato_analise_credito | Notas quantitativas CPURA calculadas. CNPJ=09495582000107 NOTA_PD=C NOTA_FCO_ROL=C NOTA_ROE=E NOTA_ROA=D
2026-09-10 15:45:43 | INFO | bdc.gold.fato_analise_credito | Iniciando score qualitativo CPURA. CNPJ=09495582000107
2026-09-10 15:45:43 | INFO | bdc.gold.fato_analise_credito | Score qualitativo CPURA calculado. CNPJ=09495582000107 SCORE_QUALITATIVO=2.0
2026-09-10 15:45:43 | INFO | bdc.gold.fato_analise_credito | Iniciando score quantitativo CPURA. CNPJ=09495582000107
2026-09-10 15:45:43 | INFO | bdc.gold.fato_analise_credito | Score quantitativo CPURA calculado. CNPJ=09495582000107 SCORE_QUANTITATIVO=3.57
2026-09-10 15:45:43 | INFO | bdc.gold.fato_analise_credito | Score total CPURA calculado. SCORE_TOTAL=5.57
2026-09-10 15:45:43 | INFO | bdc.gold.fato_analise_credito | Iniciando cálculo de PD final CPURA. CNPJ=09495582000107 rating=D pd_min=0.0417 pd_max=0.1
2026-09-10 15:45:43 | INFO | bdc.gold.fato_analise_credito | PD final CPURA calculada com sucesso. CNPJ=09495582000107 score_total=5.57 score_truncado=5.57 u=0.4299999999999997 pd_bruta=0.066769 pd_final=0.066769
2026-09-10 15:45:43 | INFO | bdc.gold.fato_analise_credito | PD ajustada calculada com sucesso. CNPJ=09495582000107 SEGMENTO_PD=CPURA PD_BASE=0.022126 RATING_FINAL=None SCORE_TOTAL=5.57 PD_FINAL=0.066769 METODO=INTERPOLACAO_INTRA_RATING_CPURA
2026-09-10 15:45:43 | INFO | bdc.gold.fato_analise_credito | Iniciando cálculo de PD ajustada. CNPJ=09495582000107 SEGMENTO_PD=CPURA
2026-09-10 15:45:43 | WARNING | bdc.gold.fato_analise_credito | Cálculo CPURA suspenso por Falha Segura. Rating nulo. CNPJ=09495582000107
2026-09-10 15:45:43 | INFO | bdc.gold.fato_analise_credito | Iniciando cálculo de PD ajustada. CNPJ=09625739000163 SEGMENTO_PD=CPURA
2026-09-10 15:45:43 | WARNING | bdc.gold.fato_analise_credito | Cálculo CPURA suspenso por Falha Segura. Rating nulo. CNPJ=09625739000163
2026-09-10 15:45:43 | INFO | bdc.gold.fato_analise_credito | Iniciando cálculo de PD ajustada. CNPJ=09625739000163 SEGMENTO_PD=CGRUPO
2026-09-10 15:45:43 | INFO | bdc.gold.fato_analise_credito | PD ajustada calculada com sucesso. CNPJ=09625739000163 SEGMENTO_PD=CGRUPO PD_BASE=0.005 RATING_FINAL=A SCORE_TOTAL=None PD_FINAL=0.005 METODO=FIXED_PD
2026-09-10 15:45:43 | INFO | bdc.gold.fato_analise_credito | Iniciando cálculo de PD ajustada. CNPJ=09625739000163 SEGMENTO_PD=CPURA
2026-09-10 15:45:43 | WARNING | bdc.gold.fato_analise_credito | Cálculo CPURA suspenso por Falha Segura. Rating nulo. CNPJ=09625739000163
2026-09-10 15:45:43 | INFO | bdc.gold.fato_analise_credito | Iniciando cálculo de PD ajustada. CNPJ=09625739000163 SEGMENTO_PD=CPURA
2026-09-10 15:45:43 | WARNING | bdc.gold.fato_analise_credito | Cálculo CPURA suspenso por Falha Segura. Rating nulo. CNPJ=09625739000163
2026-09-10 15:45:43 | INFO | bdc.gold.fato_analise_credito | Iniciando cálculo de PD ajustada. CNPJ=09625739000163 SEGMENTO_PD=CPURA
2026-09-10 15:45:43 | WARNING | bdc.gold.fato_analise_credito | Cálculo CPURA suspenso por Falha Segura. Rating nulo. CNPJ=09625739000163
2026-09-10 15:45:43 | INFO | bdc.gold.fato_analise_credito | Iniciando cálculo de PD ajustada. CNPJ=09625739000163 SEGMENTO_PD=CPURA
2026-09-10 15:45:43 | INFO | bdc.gold.fato_analise_credito | Iniciando cálculo das notas quantitativas CPURA. CNPJ=09625739000163
2026-09-10 15:45:43 | INFO | bdc.gold.fato_analise_credito | Notas quantitativas CPURA calculadas. CNPJ=09625739000163 NOTA_PD=E NOTA_FCO_ROL=E NOTA_ROE=E NOTA_ROA=E
2026-09-10 15:45:43 | INFO | bdc.gold.fato_analise_credito | Iniciando score qualitativo CPURA. CNPJ=09625739000163
2026-09-10 15:45:43 | INFO | bdc.gold.fato_analise_credito | Score qualitativo CPURA calculado. CNPJ=09625739000163 SCORE_QUALITATIVO=3.0
2026-09-10 15:45:43 | INFO | bdc.gold.fato_analise_credito | Iniciando score quantitativo CPURA. CNPJ=09625739000163
2026-09-10 15:45:43 | INFO | bdc.gold.fato_analise_credito | Score quantitativo CPURA calculado. CNPJ=09625739000163 SCORE_QUANTITATIVO=0.0
2026-09-10 15:45:43 | INFO | bdc.gold.fato_analise_credito | Score total CPURA calculado. SCORE_TOTAL=3.0
2026-09-10 15:45:43 | INFO | bdc.gold.fato_analise_credito | Iniciando cálculo de PD final CPURA. CNPJ=09625739000163 rating=E pd_min=0.1 pd_max=1.0
2026-09-10 15:45:43 | INFO | bdc.gold.fato_analise_credito | PD final CPURA calculada com sucesso. CNPJ=09625739000163 score_total=3.0 score_truncado=3.0 u=0.4 pd_bruta=0.4600000000000001 pd_final=0.46
2026-09-10 15:45:43 | INFO | bdc.gold.fato_analise_credito | PD ajustada calculada com sucesso. CNPJ=09625739000163 SEGMENTO_PD=CPURA PD_BASE=0.999871 RATING_FINAL=None SCORE_TOTAL=3.0 PD_FINAL=0.46 METODO=INTERPOLACAO_INTRA_RATING_CPURA
2026-09-10 15:45:43 | INFO | bdc.gold.fato_analise_credito | Iniciando cálculo de PD ajustada. CNPJ=10202852000115 SEGMENTO_PD=CPURA
2026-09-10 15:45:43 | WARNING | bdc.gold.fato_analise_credito | Cálculo CPURA suspenso por Falha Segura. Rating nulo. CNPJ=10202852000115
2026-09-10 15:45:43 | INFO | bdc.gold.fato_analise_credito | Iniciando cálculo de PD ajustada. CNPJ=10202852000115 SEGMENTO_PD=CPURA
2026-09-10 15:45:43 | WARNING | bdc.gold.fato_analise_credito | Cálculo CPURA suspenso por Falha Segura. Rating nulo. CNPJ=10202852000115
2026-09-10 15:45:43 | INFO | bdc.gold.fato_analise_credito | Iniciando cálculo de PD ajustada. CNPJ=10202852000115 SEGMENTO_PD=CPURA
2026-09-10 15:45:43 | WARNING | bdc.gold.fato_analise_credito | Cálculo CPURA suspenso por Falha Segura. Rating nulo. CNPJ=10202852000115
2026-09-10 15:45:43 | INFO | bdc.gold.fato_analise_credito | Iniciando cálculo de PD ajustada. CNPJ=10466806000123 SEGMENTO_PD=CPURA
2026-09-10 15:45:43 | WARNING | bdc.gold.fato_analise_credito | Cálculo CPURA suspenso por Falha Segura. Rating nulo. CNPJ=10466806000123
2026-09-10 15:45:43 | INFO | bdc.gold.fato_analise_credito | Iniciando cálculo de PD ajustada. CNPJ=10671322000116 SEGMENTO_PD=CPURA
2026-09-10 15:45:43 | WARNING | bdc.gold.fato_analise_credito | Cálculo CPURA suspenso por Falha Segura. Rating nulo. CNPJ=10671322000116
2026-09-10 15:45:43 | INFO | bdc.gold.fato_analise_credito | Iniciando cálculo de PD ajustada. CNPJ=10671322000116 SEGMENTO_PD=CPURA
2026-09-10 15:45:43 | WARNING | bdc.gold.fato_analise_credito | Cálculo CPURA suspenso por Falha Segura. Rating nulo. CNPJ=10671322000116
2026-09-10 15:45:43 | INFO | bdc.gold.fato_analise_credito | Iniciando cálculo de PD ajustada. CNPJ=10671322000116 SEGMENTO_PD=CPURA
2026-09-10 15:45:43 | WARNING | bdc.gold.fato_analise_credito | Cálculo CPURA suspenso por Falha Segura. Rating nulo. CNPJ=10671322000116
2026-09-10 15:45:43 | INFO | bdc.gold.fato_analise_credito | Iniciando cálculo de PD ajustada. CNPJ=10671322000116 SEGMENTO_PD=CPURA
2026-09-10 15:45:43 | WARNING | bdc.gold.fato_analise_credito | Cálculo CPURA suspenso por Falha Segura. Rating nulo. CNPJ=10671322000116
2026-09-10 15:45:43 | INFO | bdc.gold.fato_analise_credito | Iniciando cálculo de PD ajustada. CNPJ=10671322000116 SEGMENTO_PD=CPURA
2026-09-10 15:45:43 | WARNING | bdc.gold.fato_analise_credito | Cálculo CPURA suspenso por Falha Segura. Rating nulo. CNPJ=10671322000116
2026-09-10 15:45:43 | INFO | bdc.gold.fato_analise_credito | Iniciando cálculo de PD ajustada. CNPJ=10671322000116 SEGMENTO_PD=CPURA
2026-09-10 15:45:43 | WARNING | bdc.gold.fato_analise_credito | Cálculo CPURA suspenso por Falha Segura. Rating nulo. CNPJ=10671322000116
2026-09-10 15:45:43 | INFO | bdc.gold.fato_analise_credito | Iniciando cálculo de PD ajustada. CNPJ=10671322000116 SEGMENTO_PD=CPURA
2026-09-10 15:45:43 | INFO | bdc.gold.fato_analise_credito | Iniciando cálculo das notas quantitativas CPURA. CNPJ=10671322000116
2026-09-10 15:45:43 | INFO | bdc.gold.fato_analise_credito | Notas quantitativas CPURA calculadas. CNPJ=10671322000116 NOTA_PD=A NOTA_FCO_ROL=D NOTA_ROE=B NOTA_ROA=B
2026-09-10 15:45:43 | INFO | bdc.gold.fato_analise_credito | Iniciando score qualitativo CPURA. CNPJ=10671322000116
2026-09-10 15:45:43 | INFO | bdc.gold.fato_analise_credito | Score qualitativo CPURA calculado. CNPJ=10671322000116 SCORE_QUALITATIVO=0.8
2026-09-10 15:45:43 | INFO | bdc.gold.fato_analise_credito | Iniciando score quantitativo CPURA. CNPJ=10671322000116
2026-09-10 15:45:43 | INFO | bdc.gold.fato_analise_credito | Score quantitativo CPURA calculado. CNPJ=10671322000116 SCORE_QUANTITATIVO=5.054
2026-09-10 15:45:43 | INFO | bdc.gold.fato_analise_credito | Score total CPURA calculado. SCORE_TOTAL=5.854
2026-09-10 15:45:43 | INFO | bdc.gold.fato_analise_credito | Iniciando cálculo de PD final CPURA. CNPJ=10671322000116 rating=D pd_min=0.0417 pd_max=0.1
2026-09-10 15:45:43 | INFO | bdc.gold.fato_analise_credito | PD final CPURA calculada com sucesso. CNPJ=10671322000116 score_total=5.854 score_truncado=5.854 u=0.1459999999999999 pd_bruta=0.050211799999999994 pd_final=0.0502118
2026-09-10 15:45:43 | INFO | bdc.gold.fato_analise_credito | PD ajustada calculada com sucesso. CNPJ=10671322000116 SEGMENTO_PD=CPURA PD_BASE=0.001806 RATING_FINAL=None SCORE_TOTAL=5.854 PD_FINAL=0.0502118 METODO=INTERPOLACAO_INTRA_RATING_CPURA
2026-09-10 15:45:43 | INFO | bdc.gold.fato_analise_credito | Iniciando cálculo de PD ajustada. CNPJ=10763227000142 SEGMENTO_PD=CPURA
2026-09-10 15:45:43 | INFO | bdc.gold.fato_analise_credito | Iniciando cálculo das notas quantitativas CPURA. CNPJ=10763227000142
2026-09-10 15:45:43 | INFO | bdc.gold.fato_analise_credito | Notas quantitativas CPURA calculadas. CNPJ=10763227000142 NOTA_PD=A NOTA_FCO_ROL=A NOTA_ROE=A NOTA_ROA=A
2026-09-10 15:45:43 | INFO | bdc.gold.fato_analise_credito | Iniciando score qualitativo CPURA. CNPJ=10763227000142
2026-09-10 15:45:43 | INFO | bdc.gold.fato_analise_credito | Score qualitativo CPURA calculado. CNPJ=10763227000142 SCORE_QUALITATIVO=3.0
2026-09-10 15:45:43 | INFO | bdc.gold.fato_analise_credito | Iniciando score quantitativo CPURA. CNPJ=10763227000142
2026-09-10 15:45:43 | INFO | bdc.gold.fato_analise_credito | Score quantitativo CPURA calculado. CNPJ=10763227000142 SCORE_QUANTITATIVO=7.0
2026-09-10 15:45:43 | INFO | bdc.gold.fato_analise_credito | Score total CPURA calculado. SCORE_TOTAL=10.0
2026-09-10 15:45:43 | INFO | bdc.gold.fato_analise_credito | Iniciando cálculo de PD final CPURA. CNPJ=10763227000142 rating=A pd_min=0.0 pd_max=0.005
2026-09-10 15:45:43 | INFO | bdc.gold.fato_analise_credito | PD final CPURA calculada com sucesso. CNPJ=10763227000142 score_total=10.0 score_truncado=10.0 u=0.0 pd_bruta=0.0 pd_final=2.2603242979035746e-06
2026-09-10 15:45:43 | INFO | bdc.gold.fato_analise_credito | PD ajustada calculada com sucesso. CNPJ=10763227000142 SEGMENTO_PD=CPURA PD_BASE=0.000137 RATING_FINAL=None SCORE_TOTAL=10.0 PD_FINAL=2.2603242979035746e-06 METODO=INTERPOLACAO_INTRA_RATING_CPURA
2026-09-10 15:45:43 | INFO | bdc.gold.fato_analise_credito | Iniciando cálculo de PD ajustada. CNPJ=11017349000152 SEGMENTO_PD=CPURA
2026-09-10 15:45:43 | WARNING | bdc.gold.fato_analise_credito | Cálculo CPURA suspenso por Falha Segura. Rating nulo. CNPJ=11017349000152
2026-09-10 15:45:43 | WARNING | bdc.gold.fato_analise_credito | [CNPJ: 11040403000180] Falha no cálculo (Insumo Inválido): Comercializadora sem TIPO_COMERCIALIZADORA válido.
2026-09-10 15:45:43 | INFO | bdc.gold.fato_analise_credito | Iniciando cálculo de PD ajustada. CNPJ=11085823000183 SEGMENTO_PD=CPURA
2026-09-10 15:45:43 | WARNING | bdc.gold.fato_analise_credito | Cálculo CPURA suspenso por Falha Segura. Rating nulo. CNPJ=11085823000183
2026-09-10 15:45:43 | INFO | bdc.gold.fato_analise_credito | Iniciando cálculo de PD ajustada. CNPJ=11085823000183 SEGMENTO_PD=CPURA
2026-09-10 15:45:43 | WARNING | bdc.gold.fato_analise_credito | Cálculo CPURA suspenso por Falha Segura. Rating nulo. CNPJ=11085823000183
2026-09-10 15:45:43 | INFO | bdc.gold.fato_analise_credito | Iniciando cálculo de PD ajustada. CNPJ=11182210000164 SEGMENTO_PD=CPURA
2026-09-10 15:45:43 | WARNING | bdc.gold.fato_analise_credito | Cálculo CPURA suspenso por Falha Segura. Rating nulo. CNPJ=11182210000164
2026-09-10 15:45:43 | INFO | bdc.gold.fato_analise_credito | Iniciando cálculo de PD ajustada. CNPJ=11182210000164 SEGMENTO_PD=CPURA
2026-09-10 15:45:43 | WARNING | bdc.gold.fato_analise_credito | Cálculo CPURA suspenso por Falha Segura. Rating nulo. CNPJ=11182210000164
2026-09-10 15:45:43 | INFO | bdc.gold.fato_analise_credito | Iniciando cálculo de PD ajustada. CNPJ=11182210000164 SEGMENTO_PD=CPURA
2026-09-10 15:45:43 | WARNING | bdc.gold.fato_analise_credito | Cálculo CPURA suspenso por Falha Segura. Rating nulo. CNPJ=11182210000164
2026-09-10 15:45:43 | INFO | bdc.gold.fato_analise_credito | Iniciando cálculo de PD ajustada. CNPJ=11182210000164 SEGMENTO_PD=CPURA
2026-09-10 15:45:43 | WARNING | bdc.gold.fato_analise_credito | Cálculo CPURA suspenso por Falha Segura. Rating nulo. CNPJ=11182210000164
2026-09-10 15:45:43 | INFO | bdc.gold.fato_analise_credito | Iniciando cálculo de PD ajustada. CNPJ=11251784000147 SEGMENTO_PD=CPURA
2026-09-10 15:45:43 | WARNING | bdc.gold.fato_analise_credito | Cálculo CPURA suspenso por Falha Segura. Rating nulo. CNPJ=11251784000147
2026-09-10 15:45:43 | INFO | bdc.gold.fato_analise_credito | Iniciando cálculo de PD ajustada. CNPJ=11315117000180 SEGMENTO_PD=CPURA
2026-09-10 15:45:43 | WARNING | bdc.gold.fato_analise_credito | Cálculo CPURA suspenso por Falha Segura. Rating nulo. CNPJ=11315117000180
2026-09-10 15:45:43 | INFO | bdc.gold.fato_analise_credito | Iniciando cálculo de PD ajustada. CNPJ=11315117000180 SEGMENTO_PD=CGRUPO
2026-09-10 15:45:43 | INFO | bdc.gold.fato_analise_credito | PD ajustada calculada com sucesso. CNPJ=11315117000180 SEGMENTO_PD=CGRUPO PD_BASE=0.005 RATING_FINAL=E SCORE_TOTAL=None PD_FINAL=0.1 METODO=CLAMP
2026-09-10 15:45:43 | INFO | bdc.gold.fato_analise_credito | Iniciando cálculo de PD ajustada. CNPJ=11315117000180 SEGMENTO_PD=CPURA
2026-09-10 15:45:43 | INFO | bdc.gold.fato_analise_credito | Iniciando cálculo das notas quantitativas CPURA. CNPJ=11315117000180
2026-09-10 15:45:43 | INFO | bdc.gold.fato_analise_credito | Notas quantitativas CPURA calculadas. CNPJ=11315117000180 NOTA_PD=C NOTA_FCO_ROL=D NOTA_ROE=C NOTA_ROA=C
2026-09-10 15:45:43 | INFO | bdc.gold.fato_analise_credito | Iniciando score qualitativo CPURA. CNPJ=11315117000180
2026-09-10 15:45:43 | INFO | bdc.gold.fato_analise_credito | Score qualitativo CPURA calculado. CNPJ=11315117000180 SCORE_QUALITATIVO=1.0
2026-09-10 15:45:43 | INFO | bdc.gold.fato_analise_credito | Iniciando score quantitativo CPURA. CNPJ=11315117000180
2026-09-10 15:45:43 | INFO | bdc.gold.fato_analise_credito | Score quantitativo CPURA calculado. CNPJ=11315117000180 SCORE_QUANTITATIVO=3.4859999999999998
2026-09-10 15:45:43 | INFO | bdc.gold.fato_analise_credito | Score total CPURA calculado. SCORE_TOTAL=4.486
2026-09-10 15:45:43 | INFO | bdc.gold.fato_analise_credito | Iniciando cálculo de PD final CPURA. CNPJ=11315117000180 rating=E pd_min=0.1 pd_max=1.0
2026-09-10 15:45:43 | INFO | bdc.gold.fato_analise_credito | PD final CPURA calculada com sucesso. CNPJ=11315117000180 score_total=4.486 score_truncado=4.486 u=0.10280000000000004 pd_bruta=0.19252000000000005 pd_final=0.19252000000000002
2026-09-10 15:45:43 | INFO | bdc.gold.fato_analise_credito | PD ajustada calculada com sucesso. CNPJ=11315117000180 SEGMENTO_PD=CPURA PD_BASE=0.008053 RATING_FINAL=None SCORE_TOTAL=4.486 PD_FINAL=0.19252000000000002 METODO=INTERPOLACAO_INTRA_RATING_CPURA
2026-09-10 15:45:43 | INFO | bdc.gold.fato_analise_credito | Iniciando cálculo de PD ajustada. CNPJ=11315117000180 SEGMENTO_PD=CGRUPO
2026-09-10 15:45:43 | INFO | bdc.gold.fato_analise_credito | PD ajustada calculada com sucesso. CNPJ=11315117000180 SEGMENTO_PD=CGRUPO PD_BASE=0.005 RATING_FINAL=E SCORE_TOTAL=None PD_FINAL=0.1 METODO=CLAMP
2026-09-10 15:45:43 | INFO | bdc.gold.fato_analise_credito | Iniciando cálculo de PD ajustada. CNPJ=11315117000180 SEGMENTO_PD=CPURA
2026-09-10 15:45:43 | INFO | bdc.gold.fato_analise_credito | Iniciando cálculo das notas quantitativas CPURA. CNPJ=11315117000180
2026-09-10 15:45:43 | INFO | bdc.gold.fato_analise_credito | Notas quantitativas CPURA calculadas. CNPJ=11315117000180 NOTA_PD=A NOTA_FCO_ROL=C NOTA_ROE=B NOTA_ROA=C
2026-09-10 15:45:43 | INFO | bdc.gold.fato_analise_credito | Iniciando score qualitativo CPURA. CNPJ=11315117000180
2026-09-10 15:45:43 | INFO | bdc.gold.fato_analise_credito | Score qualitativo CPURA calculado. CNPJ=11315117000180 SCORE_QUALITATIVO=1.5
2026-09-10 15:45:43 | INFO | bdc.gold.fato_analise_credito | Iniciando score quantitativo CPURA. CNPJ=11315117000180
2026-09-10 15:45:43 | INFO | bdc.gold.fato_analise_credito | Score quantitativo CPURA calculado. CNPJ=11315117000180 SCORE_QUANTITATIVO=5.628
2026-09-10 15:45:43 | INFO | bdc.gold.fato_analise_credito | Score total CPURA calculado. SCORE_TOTAL=7.128
2026-09-10 15:45:43 | INFO | bdc.gold.fato_analise_credito | Iniciando cálculo de PD final CPURA. CNPJ=11315117000180 rating=B pd_min=0.005 pd_max=0.0076
2026-09-10 15:45:43 | INFO | bdc.gold.fato_analise_credito | PD final CPURA calculada com sucesso. CNPJ=11315117000180 score_total=7.128 score_truncado=7.128 u=0.8719999999999999 pd_bruta=0.0072672 pd_final=0.007267199999999999
2026-09-10 15:45:43 | INFO | bdc.gold.fato_analise_credito | PD ajustada calculada com sucesso. CNPJ=11315117000180 SEGMENTO_PD=CPURA PD_BASE=0.000369 RATING_FINAL=None SCORE_TOTAL=7.128 PD_FINAL=0.007267199999999999 METODO=INTERPOLACAO_INTRA_RATING_CPURA
2026-09-10 15:45:43 | INFO | bdc.gold.fato_analise_credito | Iniciando cálculo de PD ajustada. CNPJ=11316814000156 SEGMENTO_PD=CPURA
2026-09-10 15:45:43 | INFO | bdc.gold.fato_analise_credito | Iniciando cálculo das notas quantitativas CPURA. CNPJ=11316814000156
2026-09-10 15:45:43 | INFO | bdc.gold.fato_analise_credito | Notas quantitativas CPURA calculadas. CNPJ=11316814000156 NOTA_PD=C NOTA_FCO_ROL=C NOTA_ROE=C NOTA_ROA=C
2026-09-10 15:45:43 | INFO | bdc.gold.fato_analise_credito | Iniciando score qualitativo CPURA. CNPJ=11316814000156
2026-09-10 15:45:43 | INFO | bdc.gold.fato_analise_credito | Score qualitativo CPURA calculado. CNPJ=11316814000156 SCORE_QUALITATIVO=2.5
2026-09-10 15:45:43 | INFO | bdc.gold.fato_analise_credito | Iniciando score quantitativo CPURA. CNPJ=11316814000156
2026-09-10 15:45:43 | INFO | bdc.gold.fato_analise_credito | Score quantitativo CPURA calculado. CNPJ=11316814000156 SCORE_QUANTITATIVO=4.2
2026-09-10 15:45:43 | INFO | bdc.gold.fato_analise_credito | Score total CPURA calculado. SCORE_TOTAL=6.7
2026-09-10 15:45:43 | INFO | bdc.gold.fato_analise_credito | Iniciando cálculo de PD final CPURA. CNPJ=11316814000156 rating=C pd_min=0.0076 pd_max=0.0417
2026-09-10 15:45:43 | INFO | bdc.gold.fato_analise_credito | PD final CPURA calculada com sucesso. CNPJ=11316814000156 score_total=6.7 score_truncado=6.7 u=0.2999999999999998 pd_bruta=0.017829999999999995 pd_final=0.017829999999999995
2026-09-10 15:45:43 | INFO | bdc.gold.fato_analise_credito | PD ajustada calculada com sucesso. CNPJ=11316814000156 SEGMENTO_PD=CPURA PD_BASE=0.017464 RATING_FINAL=None SCORE_TOTAL=6.7 PD_FINAL=0.017829999999999995 METODO=INTERPOLACAO_INTRA_RATING_CPURA
2026-09-10 15:45:43 | INFO | bdc.gold.fato_analise_credito | Iniciando cálculo de PD ajustada. CNPJ=11322550000143 SEGMENTO_PD=CPURA
2026-09-10 15:45:43 | WARNING | bdc.gold.fato_analise_credito | Cálculo CPURA suspenso por Falha Segura. Rating nulo. CNPJ=11322550000143
2026-09-10 15:45:43 | INFO | bdc.gold.fato_analise_credito | Iniciando cálculo de PD ajustada. CNPJ=11322550000143 SEGMENTO_PD=CPURA
2026-09-10 15:45:43 | WARNING | bdc.gold.fato_analise_credito | Cálculo CPURA suspenso por Falha Segura. Rating nulo. CNPJ=11322550000143
2026-09-10 15:45:43 | INFO | bdc.gold.fato_analise_credito | Iniciando cálculo de PD ajustada. CNPJ=11322550000143 SEGMENTO_PD=CPURA
2026-09-10 15:45:43 | WARNING | bdc.gold.fato_analise_credito | Cálculo CPURA suspenso por Falha Segura. Rating nulo. CNPJ=11322550000143
2026-09-10 15:45:43 | INFO | bdc.gold.fato_analise_credito | Iniciando cálculo de PD ajustada. CNPJ=11322550000143 SEGMENTO_PD=CPURA
2026-09-10 15:45:43 | WARNING | bdc.gold.fato_analise_credito | Cálculo CPURA suspenso por Falha Segura. Rating nulo. CNPJ=11322550000143
2026-09-10 15:45:43 | INFO | bdc.gold.fato_analise_credito | Iniciando cálculo de PD ajustada. CNPJ=11322550000143 SEGMENTO_PD=CPURA
2026-09-10 15:45:43 | WARNING | bdc.gold.fato_analise_credito | Cálculo CPURA suspenso por Falha Segura. Rating nulo. CNPJ=11322550000143
2026-09-10 15:45:43 | INFO | bdc.gold.fato_analise_credito | Iniciando cálculo de PD ajustada. CNPJ=11322550000143 SEGMENTO_PD=CPURA
2026-09-10 15:45:43 | INFO | bdc.gold.fato_analise_credito | Iniciando cálculo das notas quantitativas CPURA. CNPJ=11322550000143
2026-09-10 15:45:43 | INFO | bdc.gold.fato_analise_credito | Notas quantitativas CPURA calculadas. CNPJ=11322550000143 NOTA_PD=A NOTA_FCO_ROL=C NOTA_ROE=C NOTA_ROA=C
2026-09-10 15:45:43 | INFO | bdc.gold.fato_analise_credito | Iniciando score qualitativo CPURA. CNPJ=11322550000143
2026-09-10 15:45:43 | INFO | bdc.gold.fato_analise_credito | Score qualitativo CPURA calculado. CNPJ=11322550000143 SCORE_QUALITATIVO=2.4000000000000004
2026-09-10 15:45:43 | INFO | bdc.gold.fato_analise_credito | Iniciando score quantitativo CPURA. CNPJ=11322550000143
2026-09-10 15:45:43 | INFO | bdc.gold.fato_analise_credito | Score quantitativo CPURA calculado. CNPJ=11322550000143 SCORE_QUANTITATIVO=5.4879999999999995
2026-09-10 15:45:43 | INFO | bdc.gold.fato_analise_credito | Score total CPURA calculado. SCORE_TOTAL=7.888
2026-09-10 15:45:43 | INFO | bdc.gold.fato_analise_credito | Iniciando cálculo de PD final CPURA. CNPJ=11322550000143 rating=B pd_min=0.005 pd_max=0.0076
2026-09-10 15:45:43 | INFO | bdc.gold.fato_analise_credito | PD final CPURA calculada com sucesso. CNPJ=11322550000143 score_total=7.888 score_truncado=7.888 u=0.1120000000000001 pd_bruta=0.0052912 pd_final=0.005291200000000002
2026-09-10 15:45:43 | INFO | bdc.gold.fato_analise_credito | PD ajustada calculada com sucesso. CNPJ=11322550000143 SEGMENTO_PD=CPURA PD_BASE=0.001786 RATING_FINAL=None SCORE_TOTAL=7.888 PD_FINAL=0.005291200000000002 METODO=INTERPOLACAO_INTRA_RATING_CPURA
2026-09-10 15:45:43 | INFO | bdc.gold.fato_analise_credito | Iniciando cálculo de PD ajustada. CNPJ=11322550000143 SEGMENTO_PD=CPURA
2026-09-10 15:45:43 | INFO | bdc.gold.fato_analise_credito | Iniciando cálculo das notas quantitativas CPURA. CNPJ=11322550000143
2026-09-10 15:45:43 | INFO | bdc.gold.fato_analise_credito | Notas quantitativas CPURA calculadas. CNPJ=11322550000143 NOTA_PD=A NOTA_FCO_ROL=D NOTA_ROE=B NOTA_ROA=C
2026-09-10 15:45:43 | INFO | bdc.gold.fato_analise_credito | Iniciando score qualitativo CPURA. CNPJ=11322550000143
2026-09-10 15:45:43 | INFO | bdc.gold.fato_analise_credito | Score qualitativo CPURA calculado. CNPJ=11322550000143 SCORE_QUALITATIVO=2.0
2026-09-10 15:45:43 | INFO | bdc.gold.fato_analise_credito | Iniciando score quantitativo CPURA. CNPJ=11322550000143
2026-09-10 15:45:43 | INFO | bdc.gold.fato_analise_credito | Score quantitativo CPURA calculado. CNPJ=11322550000143 SCORE_QUANTITATIVO=4.914
2026-09-10 15:45:43 | INFO | bdc.gold.fato_analise_credito | Score total CPURA calculado. SCORE_TOTAL=6.914
2026-09-10 15:45:43 | INFO | bdc.gold.fato_analise_credito | Iniciando cálculo de PD final CPURA. CNPJ=11322550000143 rating=C pd_min=0.0076 pd_max=0.0417
2026-09-10 15:45:43 | INFO | bdc.gold.fato_analise_credito | PD final CPURA calculada com sucesso. CNPJ=11322550000143 score_total=6.914 score_truncado=6.914 u=0.0860000000000003 pd_bruta=0.01053260000000001 pd_final=0.010532600000000012
2026-09-10 15:45:43 | INFO | bdc.gold.fato_analise_credito | PD ajustada calculada com sucesso. CNPJ=11322550000143 SEGMENTO_PD=CPURA PD_BASE=0.002411 RATING_FINAL=None SCORE_TOTAL=6.914 PD_FINAL=0.010532600000000012 METODO=INTERPOLACAO_INTRA_RATING_CPURA
2026-09-10 15:45:43 | INFO | bdc.gold.fato_analise_credito | Iniciando cálculo de PD ajustada. CNPJ=11322550000224 SEGMENTO_PD=CPURA
2026-09-10 15:45:43 | WARNING | bdc.gold.fato_analise_credito | Cálculo CPURA suspenso por Falha Segura. Rating nulo. CNPJ=11322550000224
2026-09-10 15:45:43 | INFO | bdc.gold.fato_analise_credito | Iniciando cálculo de PD ajustada. CNPJ=11482752000152 SEGMENTO_PD=CPURA
2026-09-10 15:45:43 | WARNING | bdc.gold.fato_analise_credito | Cálculo CPURA suspenso por Falha Segura. Rating nulo. CNPJ=11482752000152
2026-09-10 15:45:43 | INFO | bdc.gold.fato_analise_credito | Iniciando cálculo de PD ajustada. CNPJ=11482752000152 SEGMENTO_PD=CPURA
2026-09-10 15:45:43 | WARNING | bdc.gold.fato_analise_credito | Cálculo CPURA suspenso por Falha Segura. Rating nulo. CNPJ=11482752000152
2026-09-10 15:45:43 | INFO | bdc.gold.fato_analise_credito | Iniciando cálculo de PD ajustada. CNPJ=11482752000152 SEGMENTO_PD=CPURA
2026-09-10 15:45:43 | WARNING | bdc.gold.fato_analise_credito | Cálculo CPURA suspenso por Falha Segura. Rating nulo. CNPJ=11482752000152
2026-09-10 15:45:43 | INFO | bdc.gold.fato_analise_credito | Iniciando cálculo de PD ajustada. CNPJ=11599292000147 SEGMENTO_PD=CPURA
2026-09-10 15:45:43 | WARNING | bdc.gold.fato_analise_credito | Cálculo CPURA suspenso por Falha Segura. Rating nulo. CNPJ=11599292000147
2026-09-10 15:45:43 | INFO | bdc.gold.fato_analise_credito | Iniciando cálculo de PD ajustada. CNPJ=11599292000147 SEGMENTO_PD=CPURA
2026-09-10 15:45:43 | WARNING | bdc.gold.fato_analise_credito | Cálculo CPURA suspenso por Falha Segura. Rating nulo. CNPJ=11599292000147
2026-09-10 15:45:43 | INFO | bdc.gold.fato_analise_credito | Iniciando cálculo de PD ajustada. CNPJ=11599292000147 SEGMENTO_PD=CPURA
2026-09-10 15:45:43 | WARNING | bdc.gold.fato_analise_credito | Cálculo CPURA suspenso por Falha Segura. Rating nulo. CNPJ=11599292000147
2026-09-10 15:45:43 | INFO | bdc.gold.fato_analise_credito | Iniciando cálculo de PD ajustada. CNPJ=11599292000147 SEGMENTO_PD=CPURA
2026-09-10 15:45:43 | WARNING | bdc.gold.fato_analise_credito | Cálculo CPURA suspenso por Falha Segura. Rating nulo. CNPJ=11599292000147
2026-09-10 15:45:43 | INFO | bdc.gold.fato_analise_credito | Iniciando cálculo de PD ajustada. CNPJ=11599292000147 SEGMENTO_PD=CPURA
2026-09-10 15:45:43 | INFO | bdc.gold.fato_analise_credito | Iniciando cálculo das notas quantitativas CPURA. CNPJ=11599292000147
2026-09-10 15:45:43 | INFO | bdc.gold.fato_analise_credito | Notas quantitativas CPURA calculadas. CNPJ=11599292000147 NOTA_PD=A NOTA_FCO_ROL=D NOTA_ROE=E NOTA_ROA=E
2026-09-10 15:45:43 | INFO | bdc.gold.fato_analise_credito | Iniciando score qualitativo CPURA. CNPJ=11599292000147
2026-09-10 15:45:43 | INFO | bdc.gold.fato_analise_credito | Score qualitativo CPURA calculado. CNPJ=11599292000147 SCORE_QUALITATIVO=2.8
2026-09-10 15:45:43 | INFO | bdc.gold.fato_analise_credito | Iniciando score quantitativo CPURA. CNPJ=11599292000147
2026-09-10 15:45:43 | INFO | bdc.gold.fato_analise_credito | Score quantitativo CPURA calculado. CNPJ=11599292000147 SCORE_QUANTITATIVO=3.934
2026-09-10 15:45:43 | INFO | bdc.gold.fato_analise_credito | Score total CPURA calculado. SCORE_TOTAL=6.734
2026-09-10 15:45:43 | INFO | bdc.gold.fato_analise_credito | Iniciando cálculo de PD final CPURA. CNPJ=11599292000147 rating=C pd_min=0.0076 pd_max=0.0417
2026-09-10 15:45:43 | INFO | bdc.gold.fato_analise_credito | PD final CPURA calculada com sucesso. CNPJ=11599292000147 score_total=6.734 score_truncado=6.734 u=0.266 pd_bruta=0.0166706 pd_final=0.016670599999999994
2026-09-10 15:45:43 | INFO | bdc.gold.fato_analise_credito | PD ajustada calculada com sucesso. CNPJ=11599292000147 SEGMENTO_PD=CPURA PD_BASE=0.000523 RATING_FINAL=None SCORE_TOTAL=6.734 PD_FINAL=0.016670599999999994 METODO=INTERPOLACAO_INTRA_RATING_CPURA
2026-09-10 15:45:43 | INFO | bdc.gold.fato_analise_credito | Iniciando cálculo de PD ajustada. CNPJ=11599292000147 SEGMENTO_PD=CPURA
2026-09-10 15:45:43 | INFO | bdc.gold.fato_analise_credito | Iniciando cálculo das notas quantitativas CPURA. CNPJ=11599292000147
2026-09-10 15:45:43 | INFO | bdc.gold.fato_analise_credito | Notas quantitativas CPURA calculadas. CNPJ=11599292000147 NOTA_PD=A NOTA_FCO_ROL=C NOTA_ROE=E NOTA_ROA=E
2026-09-10 15:45:43 | INFO | bdc.gold.fato_analise_credito | Iniciando score qualitativo CPURA. CNPJ=11599292000147
2026-09-10 15:45:43 | INFO | bdc.gold.fato_analise_credito | Score qualitativo CPURA calculado. CNPJ=11599292000147 SCORE_QUALITATIVO=1.3000000000000003
2026-09-10 15:45:43 | INFO | bdc.gold.fato_analise_credito | Iniciando score quantitativo CPURA. CNPJ=11599292000147
2026-09-10 15:45:43 | INFO | bdc.gold.fato_analise_credito | Score quantitativo CPURA calculado. CNPJ=11599292000147 SCORE_QUANTITATIVO=4.648
2026-09-10 15:45:43 | INFO | bdc.gold.fato_analise_credito | Score total CPURA calculado. SCORE_TOTAL=5.948
2026-09-10 15:45:43 | INFO | bdc.gold.fato_analise_credito | Iniciando cálculo de PD final CPURA. CNPJ=11599292000147 rating=D pd_min=0.0417 pd_max=0.1
2026-09-10 15:45:43 | INFO | bdc.gold.fato_analise_credito | PD final CPURA calculada com sucesso. CNPJ=11599292000147 score_total=5.948 score_truncado=5.948 u=0.0519999999999996 pd_bruta=0.044731599999999976 pd_final=0.04473159999999998
2026-09-10 15:45:43 | INFO | bdc.gold.fato_analise_credito | PD ajustada calculada com sucesso. CNPJ=11599292000147 SEGMENTO_PD=CPURA PD_BASE=0.000462 RATING_FINAL=None SCORE_TOTAL=5.948 PD_FINAL=0.04473159999999998 METODO=INTERPOLACAO_INTRA_RATING_CPURA
2026-09-10 15:45:43 | INFO | bdc.gold.fato_analise_credito | Iniciando cálculo de PD ajustada. CNPJ=11820864000176 SEGMENTO_PD=CPURA
2026-09-10 15:45:43 | WARNING | bdc.gold.fato_analise_credito | Cálculo CPURA suspenso por Falha Segura. Rating nulo. CNPJ=11820864000176
2026-09-10 15:45:43 | INFO | bdc.gold.fato_analise_credito | Iniciando cálculo de PD ajustada. CNPJ=11820864000176 SEGMENTO_PD=CPURA
2026-09-10 15:45:43 | WARNING | bdc.gold.fato_analise_credito | Cálculo CPURA suspenso por Falha Segura. Rating nulo. CNPJ=11820864000176
2026-09-10 15:45:43 | INFO | bdc.gold.fato_analise_credito | Iniciando cálculo de PD ajustada. CNPJ=11820864000176 SEGMENTO_PD=CGRUPO
2026-09-10 15:45:43 | INFO | bdc.gold.fato_analise_credito | PD ajustada calculada com sucesso. CNPJ=11820864000176 SEGMENTO_PD=CGRUPO PD_BASE=0.017464 RATING_FINAL=A SCORE_TOTAL=None PD_FINAL=0.005 METODO=FIXED_PD
2026-09-10 15:45:43 | INFO | bdc.gold.fato_analise_credito | Iniciando cálculo de PD ajustada. CNPJ=11820864000176 SEGMENTO_PD=CGRUPO
2026-09-10 15:45:43 | INFO | bdc.gold.fato_analise_credito | PD ajustada calculada com sucesso. CNPJ=11820864000176 SEGMENTO_PD=CGRUPO PD_BASE=0.005 RATING_FINAL=A SCORE_TOTAL=None PD_FINAL=0.005 METODO=FIXED_PD
2026-09-10 15:45:43 | INFO | bdc.gold.fato_analise_credito | Iniciando cálculo de PD ajustada. CNPJ=12009135000105 SEGMENTO_PD=CPURA
2026-09-10 15:45:43 | WARNING | bdc.gold.fato_analise_credito | Cálculo CPURA suspenso por Falha Segura. Rating nulo. CNPJ=12009135000105
2026-09-10 15:45:43 | INFO | bdc.gold.fato_analise_credito | Iniciando cálculo de PD ajustada. CNPJ=12009135000105 SEGMENTO_PD=CGRUPO
2026-09-10 15:45:43 | INFO | bdc.gold.fato_analise_credito | PD ajustada calculada com sucesso. CNPJ=12009135000105 SEGMENTO_PD=CGRUPO PD_BASE=0.021018 RATING_FINAL=A SCORE_TOTAL=None PD_FINAL=0.005 METODO=FIXED_PD
2026-09-10 15:45:43 | INFO | bdc.gold.fato_analise_credito | Iniciando cálculo de PD ajustada. CNPJ=12009135000105 SEGMENTO_PD=CGRUPO
2026-09-10 15:45:43 | INFO | bdc.gold.fato_analise_credito | PD ajustada calculada com sucesso. CNPJ=12009135000105 SEGMENTO_PD=CGRUPO PD_BASE=0.005 RATING_FINAL=A SCORE_TOTAL=None PD_FINAL=0.005 METODO=FIXED_PD
2026-09-10 15:45:43 | INFO | bdc.gold.fato_analise_credito | Iniciando cálculo de PD ajustada. CNPJ=12150746000160 SEGMENTO_PD=CPURA
2026-09-10 15:45:43 | INFO | bdc.gold.fato_analise_credito | Iniciando cálculo das notas quantitativas CPURA. CNPJ=12150746000160
2026-09-10 15:45:43 | INFO | bdc.gold.fato_analise_credito | Notas quantitativas CPURA calculadas. CNPJ=12150746000160 NOTA_PD=C NOTA_FCO_ROL=A NOTA_ROE=C NOTA_ROA=C
2026-09-10 15:45:43 | INFO | bdc.gold.fato_analise_credito | Iniciando score qualitativo CPURA. CNPJ=12150746000160
2026-09-10 15:45:43 | INFO | bdc.gold.fato_analise_credito | Score qualitativo CPURA calculado. CNPJ=12150746000160 SCORE_QUALITATIVO=1.5000000000000002
2026-09-10 15:45:43 | INFO | bdc.gold.fato_analise_credito | Iniciando score quantitativo CPURA. CNPJ=12150746000160
2026-09-10 15:45:43 | INFO | bdc.gold.fato_analise_credito | Score quantitativo CPURA calculado. CNPJ=12150746000160 SCORE_QUANTITATIVO=5.151999999999999
2026-09-10 15:45:43 | INFO | bdc.gold.fato_analise_credito | Score total CPURA calculado. SCORE_TOTAL=6.651999999999999
2026-09-10 15:45:43 | INFO | bdc.gold.fato_analise_credito | Iniciando cálculo de PD final CPURA. CNPJ=12150746000160 rating=C pd_min=0.0076 pd_max=0.0417
2026-09-10 15:45:43 | INFO | bdc.gold.fato_analise_credito | PD final CPURA calculada com sucesso. CNPJ=12150746000160 score_total=6.651999999999999 score_truncado=6.651999999999999 u=0.34800000000000075 pd_bruta=0.019466800000000024 pd_final=0.01946680000000002
2026-09-10 15:45:43 | INFO | bdc.gold.fato_analise_credito | PD ajustada calculada com sucesso. CNPJ=12150746000160 SEGMENTO_PD=CPURA PD_BASE=0.01288 RATING_FINAL=None SCORE_TOTAL=6.651999999999999 PD_FINAL=0.01946680000000002 METODO=INTERPOLACAO_INTRA_RATING_CPURA
2026-09-10 15:45:43 | INFO | bdc.gold.fato_analise_credito | Iniciando cálculo de PD ajustada. CNPJ=12291462000194 SEGMENTO_PD=CPURA
2026-09-10 15:45:43 | INFO | bdc.gold.fato_analise_credito | Iniciando cálculo das notas quantitativas CPURA. CNPJ=12291462000194
2026-09-10 15:45:43 | INFO | bdc.gold.fato_analise_credito | Notas quantitativas CPURA calculadas. CNPJ=12291462000194 NOTA_PD=A NOTA_FCO_ROL=A NOTA_ROE=A NOTA_ROA=A
2026-09-10 15:45:43 | INFO | bdc.gold.fato_analise_credito | Iniciando score qualitativo CPURA. CNPJ=12291462000194
2026-09-10 15:45:43 | INFO | bdc.gold.fato_analise_credito | Score qualitativo CPURA calculado. CNPJ=12291462000194 SCORE_QUALITATIVO=3.0
2026-09-10 15:45:43 | INFO | bdc.gold.fato_analise_credito | Iniciando score quantitativo CPURA. CNPJ=12291462000194
2026-09-10 15:45:43 | INFO | bdc.gold.fato_analise_credito | Score quantitativo CPURA calculado. CNPJ=12291462000194 SCORE_QUANTITATIVO=7.0
2026-09-10 15:45:43 | INFO | bdc.gold.fato_analise_credito | Score total CPURA calculado. SCORE_TOTAL=10.0
2026-09-10 15:45:43 | INFO | bdc.gold.fato_analise_credito | Iniciando cálculo de PD final CPURA. CNPJ=12291462000194 rating=A pd_min=0.0 pd_max=0.005
2026-09-10 15:45:43 | INFO | bdc.gold.fato_analise_credito | PD final CPURA calculada com sucesso. CNPJ=12291462000194 score_total=10.0 score_truncado=10.0 u=0.0 pd_bruta=0.0 pd_final=2.2603242979035746e-06
2026-09-10 15:45:43 | INFO | bdc.gold.fato_analise_credito | PD ajustada calculada com sucesso. CNPJ=12291462000194 SEGMENTO_PD=CPURA PD_BASE=0.000115 RATING_FINAL=None SCORE_TOTAL=10.0 PD_FINAL=2.2603242979035746e-06 METODO=INTERPOLACAO_INTRA_RATING_CPURA
2026-09-10 15:45:43 | INFO | bdc.gold.fato_analise_credito | Iniciando cálculo de PD ajustada. CNPJ=12300288000107 SEGMENTO_PD=CGRUPO
2026-09-10 15:45:43 | INFO | bdc.gold.fato_analise_credito | PD ajustada calculada com sucesso. CNPJ=12300288000107 SEGMENTO_PD=CGRUPO PD_BASE=0.005 RATING_FINAL=A SCORE_TOTAL=None PD_FINAL=0.005 METODO=FIXED_PD
2026-09-10 15:45:43 | INFO | bdc.gold.fato_analise_credito | Iniciando cálculo de PD ajustada. CNPJ=12368097000179 SEGMENTO_PD=CPURA
2026-09-10 15:45:43 | WARNING | bdc.gold.fato_analise_credito | Cálculo CPURA suspenso por Falha Segura. Rating nulo. CNPJ=12368097000179
2026-09-10 15:45:43 | INFO | bdc.gold.fato_analise_credito | Iniciando cálculo de PD ajustada. CNPJ=12368097000179 SEGMENTO_PD=CPURA
2026-09-10 15:45:43 | WARNING | bdc.gold.fato_analise_credito | Cálculo CPURA suspenso por Falha Segura. Rating nulo. CNPJ=12368097000179
2026-09-10 15:45:43 | INFO | bdc.gold.fato_analise_credito | Iniciando cálculo de PD ajustada. CNPJ=12422540000142 SEGMENTO_PD=CPURA
2026-09-10 15:45:43 | WARNING | bdc.gold.fato_analise_credito | Cálculo CPURA suspenso por Falha Segura. Rating nulo. CNPJ=12422540000142
2026-09-10 15:45:43 | INFO | bdc.gold.fato_analise_credito | Iniciando cálculo de PD ajustada. CNPJ=12458962000178 SEGMENTO_PD=CPURA
2026-09-10 15:45:43 | WARNING | bdc.gold.fato_analise_credito | Cálculo CPURA suspenso por Falha Segura. Rating nulo. CNPJ=12458962000178
2026-09-10 15:45:43 | INFO | bdc.gold.fato_analise_credito | Iniciando cálculo de PD ajustada. CNPJ=12630054000110 SEGMENTO_PD=CPURA
2026-09-10 15:45:43 | WARNING | bdc.gold.fato_analise_credito | Cálculo CPURA suspenso por Falha Segura. Rating nulo. CNPJ=12630054000110
2026-09-10 15:45:43 | INFO | bdc.gold.fato_analise_credito | Iniciando cálculo de PD ajustada. CNPJ=12630054000110 SEGMENTO_PD=CPURA
2026-09-10 15:45:43 | WARNING | bdc.gold.fato_analise_credito | Cálculo CPURA suspenso por Falha Segura. Rating nulo. CNPJ=12630054000110
2026-09-10 15:45:43 | INFO | bdc.gold.fato_analise_credito | Iniciando cálculo de PD ajustada. CNPJ=12630054000110 SEGMENTO_PD=CPURA
2026-09-10 15:45:43 | WARNING | bdc.gold.fato_analise_credito | Cálculo CPURA suspenso por Falha Segura. Rating nulo. CNPJ=12630054000110
2026-09-10 15:45:43 | INFO | bdc.gold.fato_analise_credito | Iniciando cálculo de PD ajustada. CNPJ=12630054000110 SEGMENTO_PD=CPURA
2026-09-10 15:45:43 | WARNING | bdc.gold.fato_analise_credito | Cálculo CPURA suspenso por Falha Segura. Rating nulo. CNPJ=12630054000110
2026-09-10 15:45:43 | INFO | bdc.gold.fato_analise_credito | Iniciando cálculo de PD ajustada. CNPJ=12809025000110 SEGMENTO_PD=CPURA
2026-09-10 15:45:43 | WARNING | bdc.gold.fato_analise_credito | Cálculo CPURA suspenso por Falha Segura. Rating nulo. CNPJ=12809025000110
2026-09-10 15:45:43 | INFO | bdc.gold.fato_analise_credito | Iniciando cálculo de PD ajustada. CNPJ=12809025000110 SEGMENTO_PD=CPURA
2026-09-10 15:45:43 | WARNING | bdc.gold.fato_analise_credito | Cálculo CPURA suspenso por Falha Segura. Rating nulo. CNPJ=12809025000110
2026-09-10 15:45:43 | INFO | bdc.gold.fato_analise_credito | Iniciando cálculo de PD ajustada. CNPJ=12809025000110 SEGMENTO_PD=CPURA
2026-09-10 15:45:43 | WARNING | bdc.gold.fato_analise_credito | Cálculo CPURA suspenso por Falha Segura. Rating nulo. CNPJ=12809025000110
2026-09-10 15:45:43 | INFO | bdc.gold.fato_analise_credito | Iniciando cálculo de PD ajustada. CNPJ=12809025000110 SEGMENTO_PD=CPURA
2026-09-10 15:45:43 | WARNING | bdc.gold.fato_analise_credito | Cálculo CPURA suspenso por Falha Segura. Rating nulo. CNPJ=12809025000110
2026-09-10 15:45:43 | INFO | bdc.gold.fato_analise_credito | Iniciando cálculo de PD ajustada. CNPJ=13145928000106 SEGMENTO_PD=CPURA
2026-09-10 15:45:43 | WARNING | bdc.gold.fato_analise_credito | Cálculo CPURA suspenso por Falha Segura. Rating nulo. CNPJ=13145928000106
2026-09-10 15:45:43 | INFO | bdc.gold.fato_analise_credito | Iniciando cálculo de PD ajustada. CNPJ=13145928000106 SEGMENTO_PD=CPURA
2026-09-10 15:45:43 | WARNING | bdc.gold.fato_analise_credito | Cálculo CPURA suspenso por Falha Segura. Rating nulo. CNPJ=13145928000106
2026-09-10 15:45:43 | INFO | bdc.gold.fato_analise_credito | Iniciando cálculo de PD ajustada. CNPJ=13145928000106 SEGMENTO_PD=CPURA
2026-09-10 15:45:43 | WARNING | bdc.gold.fato_analise_credito | Cálculo CPURA suspenso por Falha Segura. Rating nulo. CNPJ=13145928000106
2026-09-10 15:45:43 | INFO | bdc.gold.fato_analise_credito | Iniciando cálculo de PD ajustada. CNPJ=13338734000127 SEGMENTO_PD=CPURA
2026-09-10 15:45:43 | WARNING | bdc.gold.fato_analise_credito | Cálculo CPURA suspenso por Falha Segura. Rating nulo. CNPJ=13338734000127
2026-09-10 15:45:43 | INFO | bdc.gold.fato_analise_credito | Iniciando cálculo de PD ajustada. CNPJ=13338734000127 SEGMENTO_PD=CPURA
2026-09-10 15:45:43 | WARNING | bdc.gold.fato_analise_credito | Cálculo CPURA suspenso por Falha Segura. Rating nulo. CNPJ=13338734000127
2026-09-10 15:45:43 | INFO | bdc.gold.fato_analise_credito | Iniciando cálculo de PD ajustada. CNPJ=13338734000127 SEGMENTO_PD=CPURA
2026-09-10 15:45:43 | WARNING | bdc.gold.fato_analise_credito | Cálculo CPURA suspenso por Falha Segura. Rating nulo. CNPJ=13338734000127
2026-09-10 15:45:43 | INFO | bdc.gold.fato_analise_credito | Iniciando cálculo de PD ajustada. CNPJ=13338734000127 SEGMENTO_PD=CPURA
2026-09-10 15:45:43 | WARNING | bdc.gold.fato_analise_credito | Cálculo CPURA suspenso por Falha Segura. Rating nulo. CNPJ=13338734000127
2026-09-10 15:45:43 | INFO | bdc.gold.fato_analise_credito | Iniciando cálculo de PD ajustada. CNPJ=13459301000120 SEGMENTO_PD=CPURA
2026-09-10 15:45:43 | WARNING | bdc.gold.fato_analise_credito | Cálculo CPURA suspenso por Falha Segura. Rating nulo. CNPJ=13459301000120
2026-09-10 15:45:43 | INFO | bdc.gold.fato_analise_credito | Iniciando cálculo de PD ajustada. CNPJ=13459301000120 SEGMENTO_PD=CGRUPO
2026-09-10 15:45:43 | INFO | bdc.gold.fato_analise_credito | PD ajustada calculada com sucesso. CNPJ=13459301000120 SEGMENTO_PD=CGRUPO PD_BASE=0.005 RATING_FINAL=A SCORE_TOTAL=None PD_FINAL=0.005 METODO=FIXED_PD
2026-09-10 15:45:43 | INFO | bdc.gold.fato_analise_credito | Iniciando cálculo de PD ajustada. CNPJ=13700609000115 SEGMENTO_PD=CPURA
2026-09-10 15:45:43 | WARNING | bdc.gold.fato_analise_credito | Cálculo CPURA suspenso por Falha Segura. Rating nulo. CNPJ=13700609000115
2026-09-10 15:45:43 | INFO | bdc.gold.fato_analise_credito | Iniciando cálculo de PD ajustada. CNPJ=13700609000115 SEGMENTO_PD=CPURA
2026-09-10 15:45:43 | WARNING | bdc.gold.fato_analise_credito | Cálculo CPURA suspenso por Falha Segura. Rating nulo. CNPJ=13700609000115
2026-09-10 15:45:43 | INFO | bdc.gold.fato_analise_credito | Iniciando cálculo de PD ajustada. CNPJ=13700609000115 SEGMENTO_PD=CPURA
2026-09-10 15:45:43 | WARNING | bdc.gold.fato_analise_credito | Cálculo CPURA suspenso por Falha Segura. Rating nulo. CNPJ=13700609000115
2026-09-10 15:45:43 | INFO | bdc.gold.fato_analise_credito | Iniciando cálculo de PD ajustada. CNPJ=13700609000115 SEGMENTO_PD=CPURA
2026-09-10 15:45:43 | WARNING | bdc.gold.fato_analise_credito | Cálculo CPURA suspenso por Falha Segura. Rating nulo. CNPJ=13700609000115
2026-09-10 15:45:43 | INFO | bdc.gold.fato_analise_credito | Iniciando cálculo de PD ajustada. CNPJ=13700609000115 SEGMENTO_PD=CPURA
2026-09-10 15:45:43 | WARNING | bdc.gold.fato_analise_credito | Cálculo CPURA suspenso por Falha Segura. Rating nulo. CNPJ=13700609000115
2026-09-10 15:45:43 | INFO | bdc.gold.fato_analise_credito | Iniciando cálculo de PD ajustada. CNPJ=13777004000122 SEGMENTO_PD=CPURA
2026-09-10 15:45:43 | WARNING | bdc.gold.fato_analise_credito | Cálculo CPURA suspenso por Falha Segura. Rating nulo. CNPJ=13777004000122
2026-09-10 15:45:43 | INFO | bdc.gold.fato_analise_credito | Iniciando cálculo de PD ajustada. CNPJ=13777004000122 SEGMENTO_PD=CGRUPO
2026-09-10 15:45:43 | INFO | bdc.gold.fato_analise_credito | PD ajustada calculada com sucesso. CNPJ=13777004000122 SEGMENTO_PD=CGRUPO PD_BASE=0.005 RATING_FINAL=A SCORE_TOTAL=None PD_FINAL=0.005 METODO=FIXED_PD
2026-09-10 15:45:43 | INFO | bdc.gold.fato_analise_credito | Iniciando cálculo de PD ajustada. CNPJ=13777004000122 SEGMENTO_PD=CGRUPO
2026-09-10 15:45:43 | INFO | bdc.gold.fato_analise_credito | PD ajustada calculada com sucesso. CNPJ=13777004000122 SEGMENTO_PD=CGRUPO PD_BASE=0.005 RATING_FINAL=A SCORE_TOTAL=None PD_FINAL=0.005 METODO=FIXED_PD
2026-09-10 15:45:43 | INFO | bdc.gold.fato_analise_credito | Iniciando cálculo de PD ajustada. CNPJ=14023604000168 SEGMENTO_PD=CPURA
2026-09-10 15:45:43 | WARNING | bdc.gold.fato_analise_credito | Cálculo CPURA suspenso por Falha Segura. Rating nulo. CNPJ=14023604000168
2026-09-10 15:45:43 | INFO | bdc.gold.fato_analise_credito | Iniciando cálculo de PD ajustada. CNPJ=14023604000168 SEGMENTO_PD=CPURA
2026-09-10 15:45:43 | WARNING | bdc.gold.fato_analise_credito | Cálculo CPURA suspenso por Falha Segura. Rating nulo. CNPJ=14023604000168
2026-09-10 15:45:43 | INFO | bdc.gold.fato_analise_credito | Iniciando cálculo de PD ajustada. CNPJ=14023604000168 SEGMENTO_PD=CPURA
2026-09-10 15:45:43 | WARNING | bdc.gold.fato_analise_credito | Cálculo CPURA suspenso por Falha Segura. Rating nulo. CNPJ=14023604000168
2026-09-10 15:45:43 | INFO | bdc.gold.fato_analise_credito | Iniciando cálculo de PD ajustada. CNPJ=14167541000113 SEGMENTO_PD=CPURA
2026-09-10 15:45:43 | INFO | bdc.gold.fato_analise_credito | Iniciando cálculo das notas quantitativas CPURA. CNPJ=14167541000113
2026-09-10 15:45:43 | INFO | bdc.gold.fato_analise_credito | Notas quantitativas CPURA calculadas. CNPJ=14167541000113 NOTA_PD=E NOTA_FCO_ROL=C NOTA_ROE=C NOTA_ROA=C
2026-09-10 15:45:43 | INFO | bdc.gold.fato_analise_credito | Iniciando score qualitativo CPURA. CNPJ=14167541000113
2026-09-10 15:45:43 | INFO | bdc.gold.fato_analise_credito | Score qualitativo CPURA calculado. CNPJ=14167541000113 SCORE_QUALITATIVO=2.6999999999999997
2026-09-10 15:45:43 | INFO | bdc.gold.fato_analise_credito | Iniciando score quantitativo CPURA. CNPJ=14167541000113
2026-09-10 15:45:43 | INFO | bdc.gold.fato_analise_credito | Score quantitativo CPURA calculado. CNPJ=14167541000113 SCORE_QUANTITATIVO=2.268
2026-09-10 15:45:43 | INFO | bdc.gold.fato_analise_credito | Score total CPURA calculado. SCORE_TOTAL=4.968
2026-09-10 15:45:43 | INFO | bdc.gold.fato_analise_credito | Iniciando cálculo de PD final CPURA. CNPJ=14167541000113 rating=E pd_min=0.1 pd_max=1.0
2026-09-10 15:45:43 | INFO | bdc.gold.fato_analise_credito | PD final CPURA calculada com sucesso. CNPJ=14167541000113 score_total=4.968 score_truncado=4.968 u=0.0064000000000000055 pd_bruta=0.10576 pd_final=0.10576000000000002
2026-09-10 15:45:43 | INFO | bdc.gold.fato_analise_credito | PD ajustada calculada com sucesso. CNPJ=14167541000113 SEGMENTO_PD=CPURA PD_BASE=1.0 RATING_FINAL=None SCORE_TOTAL=4.968 PD_FINAL=0.10576000000000002 METODO=INTERPOLACAO_INTRA_RATING_CPURA
2026-09-10 15:45:43 | INFO | bdc.gold.fato_analise_credito | Iniciando cálculo de PD ajustada. CNPJ=14295008000137 SEGMENTO_PD=CGRUPO
2026-09-10 15:45:43 | INFO | bdc.gold.fato_analise_credito | PD ajustada calculada com sucesso. CNPJ=14295008000137 SEGMENTO_PD=CGRUPO PD_BASE=0.005 RATING_FINAL=A SCORE_TOTAL=None PD_FINAL=0.005 METODO=FIXED_PD
2026-09-10 15:45:43 | INFO | bdc.gold.fato_analise_credito | Iniciando cálculo de PD ajustada. CNPJ=14295008000137 SEGMENTO_PD=CGRUPO
2026-09-10 15:45:43 | INFO | bdc.gold.fato_analise_credito | PD ajustada calculada com sucesso. CNPJ=14295008000137 SEGMENTO_PD=CGRUPO PD_BASE=0.005 RATING_FINAL=A SCORE_TOTAL=None PD_FINAL=0.005 METODO=FIXED_PD
2026-09-10 15:45:43 | INFO | bdc.gold.fato_analise_credito | Iniciando cálculo de PD ajustada. CNPJ=14295008000137 SEGMENTO_PD=CPURA
2026-09-10 15:45:43 | INFO | bdc.gold.fato_analise_credito | Iniciando cálculo das notas quantitativas CPURA. CNPJ=14295008000137
2026-09-10 15:45:43 | INFO | bdc.gold.fato_analise_credito | Notas quantitativas CPURA calculadas. CNPJ=14295008000137 NOTA_PD=A NOTA_FCO_ROL=B NOTA_ROE=A NOTA_ROA=A
2026-09-10 15:45:43 | INFO | bdc.gold.fato_analise_credito | Iniciando score qualitativo CPURA. CNPJ=14295008000137
2026-09-10 15:45:43 | INFO | bdc.gold.fato_analise_credito | Score qualitativo CPURA calculado. CNPJ=14295008000137 SCORE_QUALITATIVO=3.0
2026-09-10 15:45:43 | INFO | bdc.gold.fato_analise_credito | Iniciando score quantitativo CPURA. CNPJ=14295008000137
2026-09-10 15:45:43 | INFO | bdc.gold.fato_analise_credito | Score quantitativo CPURA calculado. CNPJ=14295008000137 SCORE_QUANTITATIVO=6.524000000000001
2026-09-10 15:45:43 | INFO | bdc.gold.fato_analise_credito | Score total CPURA calculado. SCORE_TOTAL=9.524000000000001
2026-09-10 15:45:43 | INFO | bdc.gold.fato_analise_credito | Iniciando cálculo de PD final CPURA. CNPJ=14295008000137 rating=A pd_min=0.0 pd_max=0.005
2026-09-10 15:45:43 | INFO | bdc.gold.fato_analise_credito | PD final CPURA calculada com sucesso. CNPJ=14295008000137 score_total=9.524000000000001 score_truncado=9.524000000000001 u=0.23799999999999955 pd_bruta=0.0011899999999999977 pd_final=0.0011899999999999981
2026-09-10 15:45:43 | INFO | bdc.gold.fato_analise_credito | PD ajustada calculada com sucesso. CNPJ=14295008000137 SEGMENTO_PD=CPURA PD_BASE=2e-05 RATING_FINAL=None SCORE_TOTAL=9.524000000000001 PD_FINAL=0.0011899999999999981 METODO=INTERPOLACAO_INTRA_RATING_CPURA
2026-09-10 15:45:43 | INFO | bdc.gold.fato_analise_credito | Iniciando cálculo de PD ajustada. CNPJ=14295008000137 SEGMENTO_PD=CGRUPO
2026-09-10 15:45:43 | INFO | bdc.gold.fato_analise_credito | PD ajustada calculada com sucesso. CNPJ=14295008000137 SEGMENTO_PD=CGRUPO PD_BASE=0.005 RATING_FINAL=A SCORE_TOTAL=None PD_FINAL=0.005 METODO=FIXED_PD
2026-09-10 15:45:43 | INFO | bdc.gold.fato_analise_credito | Iniciando cálculo de PD ajustada. CNPJ=14295008000137 SEGMENTO_PD=CGRUPO
2026-09-10 15:45:43 | INFO | bdc.gold.fato_analise_credito | PD ajustada calculada com sucesso. CNPJ=14295008000137 SEGMENTO_PD=CGRUPO PD_BASE=0.054451 RATING_FINAL=A SCORE_TOTAL=None PD_FINAL=0.005 METODO=FIXED_PD
2026-09-10 15:45:43 | INFO | bdc.gold.fato_analise_credito | Iniciando cálculo de PD ajustada. CNPJ=14555633000170 SEGMENTO_PD=CPURA
2026-09-10 15:45:43 | WARNING | bdc.gold.fato_analise_credito | Cálculo CPURA suspenso por Falha Segura. Rating nulo. CNPJ=14555633000170
2026-09-10 15:45:43 | INFO | bdc.gold.fato_analise_credito | Iniciando cálculo de PD ajustada. CNPJ=14555633000170 SEGMENTO_PD=CPURA
2026-09-10 15:45:43 | WARNING | bdc.gold.fato_analise_credito | Cálculo CPURA suspenso por Falha Segura. Rating nulo. CNPJ=14555633000170
2026-09-10 15:45:43 | INFO | bdc.gold.fato_analise_credito | Iniciando cálculo de PD ajustada. CNPJ=14555633000170 SEGMENTO_PD=CPURA
2026-09-10 15:45:43 | WARNING | bdc.gold.fato_analise_credito | Cálculo CPURA suspenso por Falha Segura. Rating nulo. CNPJ=14555633000170
2026-09-10 15:45:43 | INFO | bdc.gold.fato_analise_credito | Iniciando cálculo de PD ajustada. CNPJ=14555633000170 SEGMENTO_PD=CPURA
2026-09-10 15:45:43 | WARNING | bdc.gold.fato_analise_credito | Cálculo CPURA suspenso por Falha Segura. Rating nulo. CNPJ=14555633000170
2026-09-10 15:45:43 | INFO | bdc.gold.fato_analise_credito | Iniciando cálculo de PD ajustada. CNPJ=14555633000170 SEGMENTO_PD=CPURA
2026-09-10 15:45:43 | INFO | bdc.gold.fato_analise_credito | Iniciando cálculo das notas quantitativas CPURA. CNPJ=14555633000170
2026-09-10 15:45:43 | INFO | bdc.gold.fato_analise_credito | Notas quantitativas CPURA calculadas. CNPJ=14555633000170 NOTA_PD=A NOTA_FCO_ROL=D NOTA_ROE=D NOTA_ROA=D
2026-09-10 15:45:43 | INFO | bdc.gold.fato_analise_credito | Iniciando score qualitativo CPURA. CNPJ=14555633000170
2026-09-10 15:45:43 | INFO | bdc.gold.fato_analise_credito | Score qualitativo CPURA calculado. CNPJ=14555633000170 SCORE_QUALITATIVO=1.4000000000000001
2026-09-10 15:45:43 | INFO | bdc.gold.fato_analise_credito | Iniciando score quantitativo CPURA. CNPJ=14555633000170
2026-09-10 15:45:43 | INFO | bdc.gold.fato_analise_credito | Score quantitativo CPURA calculado. CNPJ=14555633000170 SCORE_QUANTITATIVO=4.354
2026-09-10 15:45:43 | INFO | bdc.gold.fato_analise_credito | Score total CPURA calculado. SCORE_TOTAL=5.7540000000000004
2026-09-10 15:45:43 | INFO | bdc.gold.fato_analise_credito | Iniciando cálculo de PD final CPURA. CNPJ=14555633000170 rating=D pd_min=0.0417 pd_max=0.1
2026-09-10 15:45:43 | INFO | bdc.gold.fato_analise_credito | PD final CPURA calculada com sucesso. CNPJ=14555633000170 score_total=5.7540000000000004 score_truncado=5.7540000000000004 u=0.24599999999999955 pd_bruta=0.056041799999999975 pd_final=0.056041799999999975
2026-09-10 15:45:43 | INFO | bdc.gold.fato_analise_credito | PD ajustada calculada com sucesso. CNPJ=14555633000170 SEGMENTO_PD=CPURA PD_BASE=0.002473 RATING_FINAL=None SCORE_TOTAL=5.7540000000000004 PD_FINAL=0.056041799999999975 METODO=INTERPOLACAO_INTRA_RATING_CPURA
2026-09-10 15:45:43 | INFO | bdc.gold.fato_analise_credito | Iniciando cálculo de PD ajustada. CNPJ=14609649000119 SEGMENTO_PD=CPURA
2026-09-10 15:45:43 | WARNING | bdc.gold.fato_analise_credito | Cálculo CPURA suspenso por Falha Segura. Rating nulo. CNPJ=14609649000119
2026-09-10 15:45:43 | INFO | bdc.gold.fato_analise_credito | Iniciando cálculo de PD ajustada. CNPJ=14609649000119 SEGMENTO_PD=CPURA
2026-09-10 15:45:43 | WARNING | bdc.gold.fato_analise_credito | Cálculo CPURA suspenso por Falha Segura. Rating nulo. CNPJ=14609649000119
2026-09-10 15:45:43 | INFO | bdc.gold.fato_analise_credito | Iniciando cálculo de PD ajustada. CNPJ=14609649000119 SEGMENTO_PD=CPURA
2026-09-10 15:45:43 | WARNING | bdc.gold.fato_analise_credito | Cálculo CPURA suspenso por Falha Segura. Rating nulo. CNPJ=14609649000119
2026-09-10 15:45:43 | INFO | bdc.gold.fato_analise_credito | Iniciando cálculo de PD ajustada. CNPJ=15027346000150 SEGMENTO_PD=CPURA
2026-09-10 15:45:43 | WARNING | bdc.gold.fato_analise_credito | Cálculo CPURA suspenso por Falha Segura. Rating nulo. CNPJ=15027346000150
2026-09-10 15:45:43 | INFO | bdc.gold.fato_analise_credito | Iniciando cálculo de PD ajustada. CNPJ=15042149000100 SEGMENTO_PD=CPURA
2026-09-10 15:45:43 | WARNING | bdc.gold.fato_analise_credito | Cálculo CPURA suspenso por Falha Segura. Rating nulo. CNPJ=15042149000100
2026-09-10 15:45:43 | INFO | bdc.gold.fato_analise_credito | Iniciando cálculo de PD ajustada. CNPJ=15042149000100 SEGMENTO_PD=CPURA
2026-09-10 15:45:43 | WARNING | bdc.gold.fato_analise_credito | Cálculo CPURA suspenso por Falha Segura. Rating nulo. CNPJ=15042149000100
2026-09-10 15:45:43 | INFO | bdc.gold.fato_analise_credito | Iniciando cálculo de PD ajustada. CNPJ=15042149000100 SEGMENTO_PD=CPURA
2026-09-10 15:45:43 | WARNING | bdc.gold.fato_analise_credito | Cálculo CPURA suspenso por Falha Segura. Rating nulo. CNPJ=15042149000100
2026-09-10 15:45:43 | INFO | bdc.gold.fato_analise_credito | Iniciando cálculo de PD ajustada. CNPJ=15042149000100 SEGMENTO_PD=CPURA
2026-09-10 15:45:43 | WARNING | bdc.gold.fato_analise_credito | Cálculo CPURA suspenso por Falha Segura. Rating nulo. CNPJ=15042149000100
2026-09-10 15:45:43 | INFO | bdc.gold.fato_analise_credito | Iniciando cálculo de PD ajustada. CNPJ=15042149000100 SEGMENTO_PD=CPURA
2026-09-10 15:45:43 | WARNING | bdc.gold.fato_analise_credito | Cálculo CPURA suspenso por Falha Segura. Rating nulo. CNPJ=15042149000100
2026-09-10 15:45:43 | INFO | bdc.gold.fato_analise_credito | Iniciando cálculo de PD ajustada. CNPJ=15054480000140 SEGMENTO_PD=CPURA
2026-09-10 15:45:43 | WARNING | bdc.gold.fato_analise_credito | Cálculo CPURA suspenso por Falha Segura. Rating nulo. CNPJ=15054480000140
2026-09-10 15:45:43 | INFO | bdc.gold.fato_analise_credito | Iniciando cálculo de PD ajustada. CNPJ=15054480000140 SEGMENTO_PD=CPURA
2026-09-10 15:45:43 | WARNING | bdc.gold.fato_analise_credito | Cálculo CPURA suspenso por Falha Segura. Rating nulo. CNPJ=15054480000140
2026-09-10 15:45:43 | INFO | bdc.gold.fato_analise_credito | Iniciando cálculo de PD ajustada. CNPJ=15054480000140 SEGMENTO_PD=CPURA
2026-09-10 15:45:43 | WARNING | bdc.gold.fato_analise_credito | Cálculo CPURA suspenso por Falha Segura. Rating nulo. CNPJ=15054480000140
2026-09-10 15:45:43 | INFO | bdc.gold.fato_analise_credito | Iniciando cálculo de PD ajustada. CNPJ=15054480000140 SEGMENTO_PD=CPURA
2026-09-10 15:45:43 | WARNING | bdc.gold.fato_analise_credito | Cálculo CPURA suspenso por Falha Segura. Rating nulo. CNPJ=15054480000140
2026-09-10 15:45:43 | INFO | bdc.gold.fato_analise_credito | Iniciando cálculo de PD ajustada. CNPJ=15087610000141 SEGMENTO_PD=CPURA
2026-09-10 15:45:43 | WARNING | bdc.gold.fato_analise_credito | Cálculo CPURA suspenso por Falha Segura. Rating nulo. CNPJ=15087610000141
2026-09-10 15:45:43 | INFO | bdc.gold.fato_analise_credito | Iniciando cálculo de PD ajustada. CNPJ=15087610000141 SEGMENTO_PD=CPURA
2026-09-10 15:45:43 | WARNING | bdc.gold.fato_analise_credito | Cálculo CPURA suspenso por Falha Segura. Rating nulo. CNPJ=15087610000141
2026-09-10 15:45:43 | INFO | bdc.gold.fato_analise_credito | Iniciando cálculo de PD ajustada. CNPJ=15458171000136 SEGMENTO_PD=CPURA
2026-09-10 15:45:43 | WARNING | bdc.gold.fato_analise_credito | Cálculo CPURA suspenso por Falha Segura. Rating nulo. CNPJ=15458171000136
2026-09-10 15:45:43 | INFO | bdc.gold.fato_analise_credito | Iniciando cálculo de PD ajustada. CNPJ=15458171000136 SEGMENTO_PD=CPURA
2026-09-10 15:45:43 | WARNING | bdc.gold.fato_analise_credito | Cálculo CPURA suspenso por Falha Segura. Rating nulo. CNPJ=15458171000136
2026-09-10 15:45:43 | INFO | bdc.gold.fato_analise_credito | Iniciando cálculo de PD ajustada. CNPJ=15458171000136 SEGMENTO_PD=CPURA
2026-09-10 15:45:43 | WARNING | bdc.gold.fato_analise_credito | Cálculo CPURA suspenso por Falha Segura. Rating nulo. CNPJ=15458171000136
2026-09-10 15:45:43 | INFO | bdc.gold.fato_analise_credito | Iniciando cálculo de PD ajustada. CNPJ=15458171000136 SEGMENTO_PD=CPURA
2026-09-10 15:45:43 | WARNING | bdc.gold.fato_analise_credito | Cálculo CPURA suspenso por Falha Segura. Rating nulo. CNPJ=15458171000136
2026-09-10 15:45:43 | INFO | bdc.gold.fato_analise_credito | Iniciando cálculo de PD ajustada. CNPJ=15623286000139 SEGMENTO_PD=CPURA
2026-09-10 15:45:43 | WARNING | bdc.gold.fato_analise_credito | Cálculo CPURA suspenso por Falha Segura. Rating nulo. CNPJ=15623286000139
2026-09-10 15:45:43 | INFO | bdc.gold.fato_analise_credito | Iniciando cálculo de PD ajustada. CNPJ=15623286000139 SEGMENTO_PD=CPURA
2026-09-10 15:45:43 | INFO | bdc.gold.fato_analise_credito | Iniciando cálculo das notas quantitativas CPURA. CNPJ=15623286000139
2026-09-10 15:45:43 | INFO | bdc.gold.fato_analise_credito | Notas quantitativas CPURA calculadas. CNPJ=15623286000139 NOTA_PD=C NOTA_FCO_ROL=D NOTA_ROE=D NOTA_ROA=D
2026-09-10 15:45:43 | INFO | bdc.gold.fato_analise_credito | Iniciando score qualitativo CPURA. CNPJ=15623286000139
2026-09-10 15:45:43 | INFO | bdc.gold.fato_analise_credito | Score qualitativo CPURA calculado. CNPJ=15623286000139 SCORE_QUALITATIVO=1.3000000000000003
2026-09-10 15:45:43 | INFO | bdc.gold.fato_analise_credito | Iniciando score quantitativo CPURA. CNPJ=15623286000139
2026-09-10 15:45:43 | INFO | bdc.gold.fato_analise_credito | Score quantitativo CPURA calculado. CNPJ=15623286000139 SCORE_QUANTITATIVO=3.066
2026-09-10 15:45:43 | INFO | bdc.gold.fato_analise_credito | Score total CPURA calculado. SCORE_TOTAL=4.366
2026-09-10 15:45:43 | INFO | bdc.gold.fato_analise_credito | Iniciando cálculo de PD final CPURA. CNPJ=15623286000139 rating=E pd_min=0.1 pd_max=1.0
2026-09-10 15:45:43 | INFO | bdc.gold.fato_analise_credito | PD final CPURA calculada com sucesso. CNPJ=15623286000139 score_total=4.366 score_truncado=4.366 u=0.12680000000000008 pd_bruta=0.2141200000000001 pd_final=0.21412000000000006
2026-09-10 15:45:43 | INFO | bdc.gold.fato_analise_credito | PD ajustada calculada com sucesso. CNPJ=15623286000139 SEGMENTO_PD=CPURA PD_BASE=0.010675 RATING_FINAL=None SCORE_TOTAL=4.366 PD_FINAL=0.21412000000000006 METODO=INTERPOLACAO_INTRA_RATING_CPURA
2026-09-10 15:45:43 | INFO | bdc.gold.fato_analise_credito | Iniciando cálculo de PD ajustada. CNPJ=15667402000111 SEGMENTO_PD=CPURA
2026-09-10 15:45:43 | INFO | bdc.gold.fato_analise_credito | Iniciando cálculo das notas quantitativas CPURA. CNPJ=15667402000111
2026-09-10 15:45:43 | INFO | bdc.gold.fato_analise_credito | Notas quantitativas CPURA calculadas. CNPJ=15667402000111 NOTA_PD=A NOTA_FCO_ROL=C NOTA_ROE=C NOTA_ROA=C
2026-09-10 15:45:43 | INFO | bdc.gold.fato_analise_credito | Iniciando score qualitativo CPURA. CNPJ=15667402000111
2026-09-10 15:45:43 | INFO | bdc.gold.fato_analise_credito | Score qualitativo CPURA calculado. CNPJ=15667402000111 SCORE_QUALITATIVO=1.3000000000000003
2026-09-10 15:45:43 | INFO | bdc.gold.fato_analise_credito | Iniciando score quantitativo CPURA. CNPJ=15667402000111
2026-09-10 15:45:43 | INFO | bdc.gold.fato_analise_credito | Score quantitativo CPURA calculado. CNPJ=15667402000111 SCORE_QUANTITATIVO=5.4879999999999995
2026-09-10 15:45:43 | INFO | bdc.gold.fato_analise_credito | Score total CPURA calculado. SCORE_TOTAL=6.788
2026-09-10 15:45:43 | INFO | bdc.gold.fato_analise_credito | Iniciando cálculo de PD final CPURA. CNPJ=15667402000111 rating=C pd_min=0.0076 pd_max=0.0417
2026-09-10 15:45:43 | INFO | bdc.gold.fato_analise_credito | PD final CPURA calculada com sucesso. CNPJ=15667402000111 score_total=6.788 score_truncado=6.788 u=0.21199999999999974 pd_bruta=0.01482919999999999 pd_final=0.014829199999999994
2026-09-10 15:45:43 | INFO | bdc.gold.fato_analise_credito | PD ajustada calculada com sucesso. CNPJ=15667402000111 SEGMENTO_PD=CPURA PD_BASE=0.001773 RATING_FINAL=None SCORE_TOTAL=6.788 PD_FINAL=0.014829199999999994 METODO=INTERPOLACAO_INTRA_RATING_CPURA
2026-09-10 15:45:43 | INFO | bdc.gold.fato_analise_credito | Iniciando cálculo de PD ajustada. CNPJ=15728576000147 SEGMENTO_PD=CPURA
2026-09-10 15:45:43 | WARNING | bdc.gold.fato_analise_credito | Cálculo CPURA suspenso por Falha Segura. Rating nulo. CNPJ=15728576000147
2026-09-10 15:45:43 | INFO | bdc.gold.fato_analise_credito | Iniciando cálculo de PD ajustada. CNPJ=15728576000147 SEGMENTO_PD=CPURA
2026-09-10 15:45:43 | INFO | bdc.gold.fato_analise_credito | Iniciando cálculo das notas quantitativas CPURA. CNPJ=15728576000147
2026-09-10 15:45:43 | INFO | bdc.gold.fato_analise_credito | Notas quantitativas CPURA calculadas. CNPJ=15728576000147 NOTA_PD=A NOTA_FCO_ROL=E NOTA_ROE=B NOTA_ROA=B
2026-09-10 15:45:43 | INFO | bdc.gold.fato_analise_credito | Iniciando score qualitativo CPURA. CNPJ=15728576000147
2026-09-10 15:45:43 | INFO | bdc.gold.fato_analise_credito | Score qualitativo CPURA calculado. CNPJ=15728576000147 SCORE_QUALITATIVO=1.6
2026-09-10 15:45:43 | INFO | bdc.gold.fato_analise_credito | Iniciando score quantitativo CPURA. CNPJ=15728576000147
2026-09-10 15:45:43 | INFO | bdc.gold.fato_analise_credito | Score quantitativo CPURA calculado. CNPJ=15728576000147 SCORE_QUANTITATIVO=4.34
2026-09-10 15:45:43 | INFO | bdc.gold.fato_analise_credito | Score total CPURA calculado. SCORE_TOTAL=5.9399999999999995
2026-09-10 15:45:43 | INFO | bdc.gold.fato_analise_credito | Iniciando cálculo de PD final CPURA. CNPJ=15728576000147 rating=D pd_min=0.0417 pd_max=0.1
2026-09-10 15:45:43 | INFO | bdc.gold.fato_analise_credito | PD final CPURA calculada com sucesso. CNPJ=15728576000147 score_total=5.9399999999999995 score_truncado=5.9399999999999995 u=0.0600000000000005 pd_bruta=0.04519800000000003 pd_final=0.04519800000000003
2026-09-10 15:45:43 | INFO | bdc.gold.fato_analise_credito | PD ajustada calculada com sucesso. CNPJ=15728576000147 SEGMENTO_PD=CPURA PD_BASE=5.8e-05 RATING_FINAL=None SCORE_TOTAL=5.9399999999999995 PD_FINAL=0.04519800000000003 METODO=INTERPOLACAO_INTRA_RATING_CPURA
2026-09-10 15:45:43 | INFO | bdc.gold.fato_analise_credito | Iniciando cálculo de PD ajustada. CNPJ=15728576000147 SEGMENTO_PD=CPURA
2026-09-10 15:45:43 | INFO | bdc.gold.fato_analise_credito | Iniciando cálculo das notas quantitativas CPURA. CNPJ=15728576000147
2026-09-10 15:45:43 | INFO | bdc.gold.fato_analise_credito | Notas quantitativas CPURA calculadas. CNPJ=15728576000147 NOTA_PD=A NOTA_FCO_ROL=A NOTA_ROE=E NOTA_ROA=E
2026-09-10 15:45:43 | INFO | bdc.gold.fato_analise_credito | Iniciando score qualitativo CPURA. CNPJ=15728576000147
2026-09-10 15:45:43 | INFO | bdc.gold.fato_analise_credito | Score qualitativo CPURA calculado. CNPJ=15728576000147 SCORE_QUALITATIVO=1.6
2026-09-10 15:45:43 | INFO | bdc.gold.fato_analise_credito | Iniciando score quantitativo CPURA. CNPJ=15728576000147
2026-09-10 15:45:43 | INFO | bdc.gold.fato_analise_credito | Score quantitativo CPURA calculado. CNPJ=15728576000147 SCORE_QUANTITATIVO=5.6
2026-09-10 15:45:43 | INFO | bdc.gold.fato_analise_credito | Score total CPURA calculado. SCORE_TOTAL=7.199999999999999
2026-09-10 15:45:43 | INFO | bdc.gold.fato_analise_credito | Iniciando cálculo de PD final CPURA. CNPJ=15728576000147 rating=B pd_min=0.005 pd_max=0.0076
2026-09-10 15:45:43 | INFO | bdc.gold.fato_analise_credito | PD final CPURA calculada com sucesso. CNPJ=15728576000147 score_total=7.199999999999999 score_truncado=7.199999999999999 u=0.8000000000000007 pd_bruta=0.007080000000000001 pd_final=0.007079999999999999
2026-09-10 15:45:43 | INFO | bdc.gold.fato_analise_credito | PD ajustada calculada com sucesso. CNPJ=15728576000147 SEGMENTO_PD=CPURA PD_BASE=0.00035 RATING_FINAL=None SCORE_TOTAL=7.199999999999999 PD_FINAL=0.007079999999999999 METODO=INTERPOLACAO_INTRA_RATING_CPURA
2026-09-10 15:45:43 | INFO | bdc.gold.fato_analise_credito | Iniciando cálculo de PD ajustada. CNPJ=15732189000184 SEGMENTO_PD=CPURA
2026-09-10 15:45:43 | WARNING | bdc.gold.fato_analise_credito | Cálculo CPURA suspenso por Falha Segura. Rating nulo. CNPJ=15732189000184
2026-09-10 15:45:43 | INFO | bdc.gold.fato_analise_credito | Iniciando cálculo de PD ajustada. CNPJ=15732189000184 SEGMENTO_PD=CPURA
2026-09-10 15:45:43 | WARNING | bdc.gold.fato_analise_credito | Cálculo CPURA suspenso por Falha Segura. Rating nulo. CNPJ=15732189000184
2026-09-10 15:45:43 | INFO | bdc.gold.fato_analise_credito | Iniciando cálculo de PD ajustada. CNPJ=15732189000184 SEGMENTO_PD=CPURA
2026-09-10 15:45:43 | WARNING | bdc.gold.fato_analise_credito | Cálculo CPURA suspenso por Falha Segura. Rating nulo. CNPJ=15732189000184
2026-09-10 15:45:43 | INFO | bdc.gold.fato_analise_credito | Iniciando cálculo de PD ajustada. CNPJ=15732189000184 SEGMENTO_PD=CPURA
2026-09-10 15:45:43 | INFO | bdc.gold.fato_analise_credito | Iniciando cálculo das notas quantitativas CPURA. CNPJ=15732189000184
2026-09-10 15:45:43 | INFO | bdc.gold.fato_analise_credito | Notas quantitativas CPURA calculadas. CNPJ=15732189000184 NOTA_PD=C NOTA_FCO_ROL=C NOTA_ROE=C NOTA_ROA=C
2026-09-10 15:45:43 | INFO | bdc.gold.fato_analise_credito | Iniciando score qualitativo CPURA. CNPJ=15732189000184
2026-09-10 15:45:43 | INFO | bdc.gold.fato_analise_credito | Score qualitativo CPURA calculado. CNPJ=15732189000184 SCORE_QUALITATIVO=2.5
2026-09-10 15:45:43 | INFO | bdc.gold.fato_analise_credito | Iniciando score quantitativo CPURA. CNPJ=15732189000184
2026-09-10 15:45:43 | INFO | bdc.gold.fato_analise_credito | Score quantitativo CPURA calculado. CNPJ=15732189000184 SCORE_QUANTITATIVO=4.2
2026-09-10 15:45:43 | INFO | bdc.gold.fato_analise_credito | Score total CPURA calculado. SCORE_TOTAL=6.7
2026-09-10 15:45:43 | INFO | bdc.gold.fato_analise_credito | Iniciando cálculo de PD final CPURA. CNPJ=15732189000184 rating=C pd_min=0.0076 pd_max=0.0417
2026-09-10 15:45:43 | INFO | bdc.gold.fato_analise_credito | PD final CPURA calculada com sucesso. CNPJ=15732189000184 score_total=6.7 score_truncado=6.7 u=0.2999999999999998 pd_bruta=0.017829999999999995 pd_final=0.017829999999999995
2026-09-10 15:45:43 | INFO | bdc.gold.fato_analise_credito | PD ajustada calculada com sucesso. CNPJ=15732189000184 SEGMENTO_PD=CPURA PD_BASE=0.017464 RATING_FINAL=None SCORE_TOTAL=6.7 PD_FINAL=0.017829999999999995 METODO=INTERPOLACAO_INTRA_RATING_CPURA
2026-09-10 15:45:43 | INFO | bdc.gold.fato_analise_credito | Iniciando cálculo de PD ajustada. CNPJ=16404287000155 SEGMENTO_PD=CPURA
2026-09-10 15:45:43 | WARNING | bdc.gold.fato_analise_credito | Cálculo CPURA suspenso por Falha Segura. Rating nulo. CNPJ=16404287000155
2026-09-10 15:45:43 | INFO | bdc.gold.fato_analise_credito | Iniciando cálculo de PD ajustada. CNPJ=16404287067730 SEGMENTO_PD=CPURA
2026-09-10 15:45:43 | WARNING | bdc.gold.fato_analise_credito | Cálculo CPURA suspenso por Falha Segura. Rating nulo. CNPJ=16404287067730
2026-09-10 15:45:43 | INFO | bdc.gold.fato_analise_credito | Iniciando cálculo de PD ajustada. CNPJ=16587133000146 SEGMENTO_PD=CPURA
2026-09-10 15:45:43 | WARNING | bdc.gold.fato_analise_credito | Cálculo CPURA suspenso por Falha Segura. Rating nulo. CNPJ=16587133000146
2026-09-10 15:45:43 | INFO | bdc.gold.fato_analise_credito | Iniciando cálculo de PD ajustada. CNPJ=16587133000146 SEGMENTO_PD=CPURA
2026-09-10 15:45:43 | INFO | bdc.gold.fato_analise_credito | Iniciando cálculo das notas quantitativas CPURA. CNPJ=16587133000146
2026-09-10 15:45:43 | INFO | bdc.gold.fato_analise_credito | Notas quantitativas CPURA calculadas. CNPJ=16587133000146 NOTA_PD=A NOTA_FCO_ROL=D NOTA_ROE=D NOTA_ROA=D
2026-09-10 15:45:43 | INFO | bdc.gold.fato_analise_credito | Iniciando score qualitativo CPURA. CNPJ=16587133000146
2026-09-10 15:45:43 | INFO | bdc.gold.fato_analise_credito | Score qualitativo CPURA calculado. CNPJ=16587133000146 SCORE_QUALITATIVO=2.6
2026-09-10 15:45:43 | INFO | bdc.gold.fato_analise_credito | Iniciando score quantitativo CPURA. CNPJ=16587133000146
2026-09-10 15:45:43 | INFO | bdc.gold.fato_analise_credito | Score quantitativo CPURA calculado. CNPJ=16587133000146 SCORE_QUANTITATIVO=4.354
2026-09-10 15:45:43 | INFO | bdc.gold.fato_analise_credito | Score total CPURA calculado. SCORE_TOTAL=6.954000000000001
2026-09-10 15:45:43 | INFO | bdc.gold.fato_analise_credito | Iniciando cálculo de PD final CPURA. CNPJ=16587133000146 rating=C pd_min=0.0076 pd_max=0.0417
2026-09-10 15:45:43 | INFO | bdc.gold.fato_analise_credito | PD final CPURA calculada com sucesso. CNPJ=16587133000146 score_total=6.954000000000001 score_truncado=6.954000000000001 u=0.045999999999999375 pd_bruta=0.009168599999999978 pd_final=0.00916859999999998
2026-09-10 15:45:43 | INFO | bdc.gold.fato_analise_credito | PD ajustada calculada com sucesso. CNPJ=16587133000146 SEGMENTO_PD=CPURA PD_BASE=0.001015 RATING_FINAL=None SCORE_TOTAL=6.954000000000001 PD_FINAL=0.00916859999999998 METODO=INTERPOLACAO_INTRA_RATING_CPURA
2026-09-10 15:45:43 | INFO | bdc.gold.fato_analise_credito | Iniciando cálculo de PD ajustada. CNPJ=16775973000132 SEGMENTO_PD=CPURA
2026-09-10 15:45:43 | WARNING | bdc.gold.fato_analise_credito | Cálculo CPURA suspenso por Falha Segura. Rating nulo. CNPJ=16775973000132
2026-09-10 15:45:43 | INFO | bdc.gold.fato_analise_credito | Iniciando cálculo de PD ajustada. CNPJ=16775973000132 SEGMENTO_PD=CPURA
2026-09-10 15:45:43 | WARNING | bdc.gold.fato_analise_credito | Cálculo CPURA suspenso por Falha Segura. Rating nulo. CNPJ=16775973000132
2026-09-10 15:45:43 | INFO | bdc.gold.fato_analise_credito | Iniciando cálculo de PD ajustada. CNPJ=16974249000138 SEGMENTO_PD=CPURA
2026-09-10 15:45:43 | WARNING | bdc.gold.fato_analise_credito | Cálculo CPURA suspenso por Falha Segura. Rating nulo. CNPJ=16974249000138
2026-09-10 15:45:43 | INFO | bdc.gold.fato_analise_credito | Iniciando cálculo de PD ajustada. CNPJ=16974249000138 SEGMENTO_PD=CPURA
2026-09-10 15:45:43 | WARNING | bdc.gold.fato_analise_credito | Cálculo CPURA suspenso por Falha Segura. Rating nulo. CNPJ=16974249000138
2026-09-10 15:45:43 | INFO | bdc.gold.fato_analise_credito | Iniciando cálculo de PD ajustada. CNPJ=16974249000138 SEGMENTO_PD=CPURA
2026-09-10 15:45:43 | WARNING | bdc.gold.fato_analise_credito | Cálculo CPURA suspenso por Falha Segura. Rating nulo. CNPJ=16974249000138
2026-09-10 15:45:43 | INFO | bdc.gold.fato_analise_credito | Iniciando cálculo de PD ajustada. CNPJ=17040615000144 SEGMENTO_PD=CPURA
2026-09-10 15:45:43 | WARNING | bdc.gold.fato_analise_credito | Cálculo CPURA suspenso por Falha Segura. Rating nulo. CNPJ=17040615000144
2026-09-10 15:45:43 | INFO | bdc.gold.fato_analise_credito | Iniciando cálculo de PD ajustada. CNPJ=17070597000143 SEGMENTO_PD=CPURA
2026-09-10 15:45:43 | WARNING | bdc.gold.fato_analise_credito | Cálculo CPURA suspenso por Falha Segura. Rating nulo. CNPJ=17070597000143
2026-09-10 15:45:43 | INFO | bdc.gold.fato_analise_credito | Iniciando cálculo de PD ajustada. CNPJ=17070597000143 SEGMENTO_PD=CPURA
2026-09-10 15:45:43 | WARNING | bdc.gold.fato_analise_credito | Cálculo CPURA suspenso por Falha Segura. Rating nulo. CNPJ=17070597000143
2026-09-10 15:45:43 | INFO | bdc.gold.fato_analise_credito | Iniciando cálculo de PD ajustada. CNPJ=17077752000153 SEGMENTO_PD=CPURA
2026-09-10 15:45:43 | WARNING | bdc.gold.fato_analise_credito | Cálculo CPURA suspenso por Falha Segura. Rating nulo. CNPJ=17077752000153
2026-09-10 15:45:43 | INFO | bdc.gold.fato_analise_credito | Iniciando cálculo de PD ajustada. CNPJ=17077752000153 SEGMENTO_PD=CPURA
2026-09-10 15:45:43 | WARNING | bdc.gold.fato_analise_credito | Cálculo CPURA suspenso por Falha Segura. Rating nulo. CNPJ=17077752000153
2026-09-10 15:45:43 | INFO | bdc.gold.fato_analise_credito | Iniciando cálculo de PD ajustada. CNPJ=17077752000153 SEGMENTO_PD=CPURA
2026-09-10 15:45:43 | WARNING | bdc.gold.fato_analise_credito | Cálculo CPURA suspenso por Falha Segura. Rating nulo. CNPJ=17077752000153
2026-09-10 15:45:43 | INFO | bdc.gold.fato_analise_credito | Iniciando cálculo de PD ajustada. CNPJ=17112981000161 SEGMENTO_PD=CPURA
2026-09-10 15:45:43 | WARNING | bdc.gold.fato_analise_credito | Cálculo CPURA suspenso por Falha Segura. Rating nulo. CNPJ=17112981000161
2026-09-10 15:45:43 | INFO | bdc.gold.fato_analise_credito | Iniciando cálculo de PD ajustada. CNPJ=17112981000161 SEGMENTO_PD=CPURA
2026-09-10 15:45:43 | WARNING | bdc.gold.fato_analise_credito | Cálculo CPURA suspenso por Falha Segura. Rating nulo. CNPJ=17112981000161
2026-09-10 15:45:43 | INFO | bdc.gold.fato_analise_credito | Iniciando cálculo de PD ajustada. CNPJ=17112981000161 SEGMENTO_PD=CPURA
2026-09-10 15:45:43 | WARNING | bdc.gold.fato_analise_credito | Cálculo CPURA suspenso por Falha Segura. Rating nulo. CNPJ=17112981000161
2026-09-10 15:45:43 | INFO | bdc.gold.fato_analise_credito | Iniciando cálculo de PD ajustada. CNPJ=17112981000161 SEGMENTO_PD=CPURA
2026-09-10 15:45:43 | WARNING | bdc.gold.fato_analise_credito | Cálculo CPURA suspenso por Falha Segura. Rating nulo. CNPJ=17112981000161
2026-09-10 15:45:43 | INFO | bdc.gold.fato_analise_credito | Iniciando cálculo de PD ajustada. CNPJ=17155730000164 SEGMENTO_PD=CGRUPO
2026-09-10 15:45:43 | INFO | bdc.gold.fato_analise_credito | PD ajustada calculada com sucesso. CNPJ=17155730000164 SEGMENTO_PD=CGRUPO PD_BASE=0.005 RATING_FINAL=A SCORE_TOTAL=None PD_FINAL=0.005 METODO=FIXED_PD
2026-09-10 15:45:43 | INFO | bdc.gold.fato_analise_credito | Iniciando cálculo de PD ajustada. CNPJ=17155730000164 SEGMENTO_PD=CGRUPO
2026-09-10 15:45:43 | INFO | bdc.gold.fato_analise_credito | PD ajustada calculada com sucesso. CNPJ=17155730000164 SEGMENTO_PD=CGRUPO PD_BASE=0.005 RATING_FINAL=A SCORE_TOTAL=None PD_FINAL=0.005 METODO=FIXED_PD
2026-09-10 15:45:43 | INFO | bdc.gold.fato_analise_credito | Iniciando cálculo de PD ajustada. CNPJ=17155730000164 SEGMENTO_PD=CGRUPO
2026-09-10 15:45:43 | INFO | bdc.gold.fato_analise_credito | PD ajustada calculada com sucesso. CNPJ=17155730000164 SEGMENTO_PD=CGRUPO PD_BASE=0.005 RATING_FINAL=A SCORE_TOTAL=None PD_FINAL=0.005 METODO=FIXED_PD
2026-09-10 15:45:43 | INFO | bdc.gold.fato_analise_credito | Iniciando cálculo de PD ajustada. CNPJ=17204923000168 SEGMENTO_PD=CPURA
2026-09-10 15:45:43 | WARNING | bdc.gold.fato_analise_credito | Cálculo CPURA suspenso por Falha Segura. Rating nulo. CNPJ=17204923000168
2026-09-10 15:45:43 | INFO | bdc.gold.fato_analise_credito | Iniciando cálculo de PD ajustada. CNPJ=17204923000168 SEGMENTO_PD=CPURA
2026-09-10 15:45:43 | INFO | bdc.gold.fato_analise_credito | Iniciando cálculo das notas quantitativas CPURA. CNPJ=17204923000168
2026-09-10 15:45:43 | INFO | bdc.gold.fato_analise_credito | Notas quantitativas CPURA calculadas. CNPJ=17204923000168 NOTA_PD=E NOTA_FCO_ROL=C NOTA_ROE=E NOTA_ROA=D
2026-09-10 15:45:43 | INFO | bdc.gold.fato_analise_credito | Iniciando score qualitativo CPURA. CNPJ=17204923000168
2026-09-10 15:45:43 | INFO | bdc.gold.fato_analise_credito | Score qualitativo CPURA calculado. CNPJ=17204923000168 SCORE_QUALITATIVO=0.65
2026-09-10 15:45:43 | INFO | bdc.gold.fato_analise_credito | Iniciando score quantitativo CPURA. CNPJ=17204923000168
2026-09-10 15:45:43 | INFO | bdc.gold.fato_analise_credito | Score quantitativo CPURA calculado. CNPJ=17204923000168 SCORE_QUANTITATIVO=1.638
2026-09-10 15:45:43 | INFO | bdc.gold.fato_analise_credito | Score total CPURA calculado. SCORE_TOTAL=2.288
2026-09-10 15:45:43 | INFO | bdc.gold.fato_analise_credito | Iniciando cálculo de PD final CPURA. CNPJ=17204923000168 rating=E pd_min=0.1 pd_max=1.0
2026-09-10 15:45:43 | INFO | bdc.gold.fato_analise_credito | PD final CPURA calculada com sucesso. CNPJ=17204923000168 score_total=2.288 score_truncado=2.288 u=0.5424 pd_bruta=0.58816 pd_final=0.58816
2026-09-10 15:45:43 | INFO | bdc.gold.fato_analise_credito | PD ajustada calculada com sucesso. CNPJ=17204923000168 SEGMENTO_PD=CPURA PD_BASE=0.97802 RATING_FINAL=None SCORE_TOTAL=2.288 PD_FINAL=0.58816 METODO=INTERPOLACAO_INTRA_RATING_CPURA
2026-09-10 15:45:43 | INFO | bdc.gold.fato_analise_credito | Iniciando cálculo de PD ajustada. CNPJ=17204923000168 SEGMENTO_PD=CPURA
2026-09-10 15:45:43 | WARNING | bdc.gold.fato_analise_credito | Cálculo CPURA suspenso por Falha Segura. Rating nulo. CNPJ=17204923000168
2026-09-10 15:45:43 | INFO | bdc.gold.fato_analise_credito | Iniciando cálculo de PD ajustada. CNPJ=17204923000168 SEGMENTO_PD=CPURA
2026-09-10 15:45:43 | INFO | bdc.gold.fato_analise_credito | Iniciando cálculo das notas quantitativas CPURA. CNPJ=17204923000168
2026-09-10 15:45:43 | INFO | bdc.gold.fato_analise_credito | Notas quantitativas CPURA calculadas. CNPJ=17204923000168 NOTA_PD=E NOTA_FCO_ROL=C NOTA_ROE=E NOTA_ROA=D
2026-09-10 15:45:43 | INFO | bdc.gold.fato_analise_credito | Iniciando score qualitativo CPURA. CNPJ=17204923000168
2026-09-10 15:45:43 | INFO | bdc.gold.fato_analise_credito | Score qualitativo CPURA calculado. CNPJ=17204923000168 SCORE_QUALITATIVO=0.65
2026-09-10 15:45:43 | INFO | bdc.gold.fato_analise_credito | Iniciando score quantitativo CPURA. CNPJ=17204923000168
2026-09-10 15:45:43 | INFO | bdc.gold.fato_analise_credito | Score quantitativo CPURA calculado. CNPJ=17204923000168 SCORE_QUANTITATIVO=1.638
2026-09-10 15:45:43 | INFO | bdc.gold.fato_analise_credito | Score total CPURA calculado. SCORE_TOTAL=2.288
2026-09-10 15:45:43 | INFO | bdc.gold.fato_analise_credito | Iniciando cálculo de PD final CPURA. CNPJ=17204923000168 rating=E pd_min=0.1 pd_max=1.0
2026-09-10 15:45:43 | INFO | bdc.gold.fato_analise_credito | PD final CPURA calculada com sucesso. CNPJ=17204923000168 score_total=2.288 score_truncado=2.288 u=0.5424 pd_bruta=0.58816 pd_final=0.58816
2026-09-10 15:45:43 | INFO | bdc.gold.fato_analise_credito | PD ajustada calculada com sucesso. CNPJ=17204923000168 SEGMENTO_PD=CPURA PD_BASE=0.989906 RATING_FINAL=None SCORE_TOTAL=2.288 PD_FINAL=0.58816 METODO=INTERPOLACAO_INTRA_RATING_CPURA
2026-09-10 15:45:43 | INFO | bdc.gold.fato_analise_credito | Iniciando cálculo de PD ajustada. CNPJ=17302990000115 SEGMENTO_PD=CPURA
2026-09-10 15:45:43 | INFO | bdc.gold.fato_analise_credito | Iniciando cálculo das notas quantitativas CPURA. CNPJ=17302990000115
2026-09-10 15:45:43 | INFO | bdc.gold.fato_analise_credito | Notas quantitativas CPURA calculadas. CNPJ=17302990000115 NOTA_PD=C NOTA_FCO_ROL=E NOTA_ROE=E NOTA_ROA=E
2026-09-10 15:45:43 | INFO | bdc.gold.fato_analise_credito | Iniciando score qualitativo CPURA. CNPJ=17302990000115
2026-09-10 15:45:43 | INFO | bdc.gold.fato_analise_credito | Score qualitativo CPURA calculado. CNPJ=17302990000115 SCORE_QUALITATIVO=2.2
2026-09-10 15:45:43 | INFO | bdc.gold.fato_analise_credito | Iniciando score quantitativo CPURA. CNPJ=17302990000115
2026-09-10 15:45:43 | INFO | bdc.gold.fato_analise_credito | Score quantitativo CPURA calculado. CNPJ=17302990000115 SCORE_QUANTITATIVO=1.932
2026-09-10 15:45:43 | INFO | bdc.gold.fato_analise_credito | Score total CPURA calculado. SCORE_TOTAL=4.132
2026-09-10 15:45:43 | INFO | bdc.gold.fato_analise_credito | Iniciando cálculo de PD final CPURA. CNPJ=17302990000115 rating=E pd_min=0.1 pd_max=1.0
2026-09-10 15:45:43 | INFO | bdc.gold.fato_analise_credito | PD final CPURA calculada com sucesso. CNPJ=17302990000115 score_total=4.132 score_truncado=4.132 u=0.17360000000000006 pd_bruta=0.25624 pd_final=0.25624
2026-09-10 15:45:43 | INFO | bdc.gold.fato_analise_credito | PD ajustada calculada com sucesso. CNPJ=17302990000115 SEGMENTO_PD=CPURA PD_BASE=0.029747 RATING_FINAL=None SCORE_TOTAL=4.132 PD_FINAL=0.25624 METODO=INTERPOLACAO_INTRA_RATING_CPURA
2026-09-10 15:45:43 | INFO | bdc.gold.fato_analise_credito | Iniciando cálculo de PD ajustada. CNPJ=17386017000121 SEGMENTO_PD=CPURA
2026-09-10 15:45:43 | WARNING | bdc.gold.fato_analise_credito | Cálculo CPURA suspenso por Falha Segura. Rating nulo. CNPJ=17386017000121
2026-09-10 15:45:43 | INFO | bdc.gold.fato_analise_credito | Iniciando cálculo de PD ajustada. CNPJ=17386017000121 SEGMENTO_PD=CPURA
2026-09-10 15:45:43 | WARNING | bdc.gold.fato_analise_credito | Cálculo CPURA suspenso por Falha Segura. Rating nulo. CNPJ=17386017000121
2026-09-10 15:45:43 | INFO | bdc.gold.fato_analise_credito | Iniciando cálculo de PD ajustada. CNPJ=17386017000121 SEGMENTO_PD=CPURA
2026-09-10 15:45:43 | WARNING | bdc.gold.fato_analise_credito | Cálculo CPURA suspenso por Falha Segura. Rating nulo. CNPJ=17386017000121
2026-09-10 15:45:43 | INFO | bdc.gold.fato_analise_credito | Iniciando cálculo de PD ajustada. CNPJ=17469701000177 SEGMENTO_PD=CPURA
2026-09-10 15:45:43 | WARNING | bdc.gold.fato_analise_credito | Cálculo CPURA suspenso por Falha Segura. Rating nulo. CNPJ=17469701000177
2026-09-10 15:45:43 | INFO | bdc.gold.fato_analise_credito | Iniciando cálculo de PD ajustada. CNPJ=17858631000149 SEGMENTO_PD=CPURA
2026-09-10 15:45:43 | WARNING | bdc.gold.fato_analise_credito | Cálculo CPURA suspenso por Falha Segura. Rating nulo. CNPJ=17858631000149
2026-09-10 15:45:43 | INFO | bdc.gold.fato_analise_credito | Iniciando cálculo de PD ajustada. CNPJ=17858631000149 SEGMENTO_PD=CPURA
2026-09-10 15:45:43 | WARNING | bdc.gold.fato_analise_credito | Cálculo CPURA suspenso por Falha Segura. Rating nulo. CNPJ=17858631000149
2026-09-10 15:45:43 | INFO | bdc.gold.fato_analise_credito | Iniciando cálculo de PD ajustada. CNPJ=17858631000149 SEGMENTO_PD=CGRUPO
2026-09-10 15:45:43 | INFO | bdc.gold.fato_analise_credito | PD ajustada calculada com sucesso. CNPJ=17858631000149 SEGMENTO_PD=CGRUPO PD_BASE=0.005 RATING_FINAL=B SCORE_TOTAL=None PD_FINAL=0.005 METODO=CLAMP
2026-09-10 15:45:43 | INFO | bdc.gold.fato_analise_credito | Iniciando cálculo de PD ajustada. CNPJ=17858631000149 SEGMENTO_PD=CPURA
2026-09-10 15:45:43 | WARNING | bdc.gold.fato_analise_credito | Cálculo CPURA suspenso por Falha Segura. Rating nulo. CNPJ=17858631000149
2026-09-10 15:45:43 | INFO | bdc.gold.fato_analise_credito | Iniciando cálculo de PD ajustada. CNPJ=17858631000149 SEGMENTO_PD=CPURA
2026-09-10 15:45:43 | WARNING | bdc.gold.fato_analise_credito | Cálculo CPURA suspenso por Falha Segura. Rating nulo. CNPJ=17858631000149
2026-09-10 15:45:43 | INFO | bdc.gold.fato_analise_credito | Iniciando cálculo de PD ajustada. CNPJ=17858631000149 SEGMENTO_PD=CGRUPO
2026-09-10 15:45:43 | INFO | bdc.gold.fato_analise_credito | PD ajustada calculada com sucesso. CNPJ=17858631000149 SEGMENTO_PD=CGRUPO PD_BASE=0.005 RATING_FINAL=B SCORE_TOTAL=None PD_FINAL=0.005 METODO=CLAMP
2026-09-10 15:45:43 | INFO | bdc.gold.fato_analise_credito | Iniciando cálculo de PD ajustada. CNPJ=17858631000149 SEGMENTO_PD=CPURA
2026-09-10 15:45:43 | INFO | bdc.gold.fato_analise_credito | Iniciando cálculo das notas quantitativas CPURA. CNPJ=17858631000149
2026-09-10 15:45:43 | INFO | bdc.gold.fato_analise_credito | Notas quantitativas CPURA calculadas. CNPJ=17858631000149 NOTA_PD=E NOTA_FCO_ROL=A NOTA_ROE=C NOTA_ROA=C
2026-09-10 15:45:43 | INFO | bdc.gold.fato_analise_credito | Iniciando score qualitativo CPURA. CNPJ=17858631000149
2026-09-10 15:45:43 | INFO | bdc.gold.fato_analise_credito | Score qualitativo CPURA calculado. CNPJ=17858631000149 SCORE_QUALITATIVO=1.5
2026-09-10 15:45:43 | INFO | bdc.gold.fato_analise_credito | Iniciando score quantitativo CPURA. CNPJ=17858631000149
2026-09-10 15:45:43 | INFO | bdc.gold.fato_analise_credito | Score quantitativo CPURA calculado. CNPJ=17858631000149 SCORE_QUANTITATIVO=3.2199999999999998
2026-09-10 15:45:43 | INFO | bdc.gold.fato_analise_credito | Score total CPURA calculado. SCORE_TOTAL=4.72
2026-09-10 15:45:43 | INFO | bdc.gold.fato_analise_credito | Iniciando cálculo de PD final CPURA. CNPJ=17858631000149 rating=E pd_min=0.1 pd_max=1.0
2026-09-10 15:45:43 | INFO | bdc.gold.fato_analise_credito | PD final CPURA calculada com sucesso. CNPJ=17858631000149 score_total=4.72 score_truncado=4.72 u=0.05600000000000005 pd_bruta=0.15040000000000006 pd_final=0.15040000000000006
2026-09-10 15:45:43 | INFO | bdc.gold.fato_analise_credito | PD ajustada calculada com sucesso. CNPJ=17858631000149 SEGMENTO_PD=CPURA PD_BASE=0.603141 RATING_FINAL=None SCORE_TOTAL=4.72 PD_FINAL=0.15040000000000006 METODO=INTERPOLACAO_INTRA_RATING_CPURA
2026-09-10 15:45:43 | INFO | bdc.gold.fato_analise_credito | Iniciando cálculo de PD ajustada. CNPJ=18185035000108 SEGMENTO_PD=CPURA
2026-09-10 15:45:43 | WARNING | bdc.gold.fato_analise_credito | Cálculo CPURA suspenso por Falha Segura. Rating nulo. CNPJ=18185035000108
2026-09-10 15:45:43 | INFO | bdc.gold.fato_analise_credito | Iniciando cálculo de PD ajustada. CNPJ=18185035000108 SEGMENTO_PD=CPURA
2026-09-10 15:45:43 | WARNING | bdc.gold.fato_analise_credito | Cálculo CPURA suspenso por Falha Segura. Rating nulo. CNPJ=18185035000108
2026-09-10 15:45:43 | INFO | bdc.gold.fato_analise_credito | Iniciando cálculo de PD ajustada. CNPJ=18185035000108 SEGMENTO_PD=CPURA
2026-09-10 15:45:43 | WARNING | bdc.gold.fato_analise_credito | Cálculo CPURA suspenso por Falha Segura. Rating nulo. CNPJ=18185035000108
2026-09-10 15:45:43 | INFO | bdc.gold.fato_analise_credito | Iniciando cálculo de PD ajustada. CNPJ=18185035000108 SEGMENTO_PD=CPURA
2026-09-10 15:45:43 | WARNING | bdc.gold.fato_analise_credito | Cálculo CPURA suspenso por Falha Segura. Rating nulo. CNPJ=18185035000108
2026-09-10 15:45:43 | INFO | bdc.gold.fato_analise_credito | Iniciando cálculo de PD ajustada. CNPJ=18185035000108 SEGMENTO_PD=CPURA
2026-09-10 15:45:43 | INFO | bdc.gold.fato_analise_credito | Iniciando cálculo das notas quantitativas CPURA. CNPJ=18185035000108
2026-09-10 15:45:43 | INFO | bdc.gold.fato_analise_credito | Notas quantitativas CPURA calculadas. CNPJ=18185035000108 NOTA_PD=A NOTA_FCO_ROL=C NOTA_ROE=A NOTA_ROA=C
2026-09-10 15:45:43 | INFO | bdc.gold.fato_analise_credito | Iniciando score qualitativo CPURA. CNPJ=18185035000108
2026-09-10 15:45:43 | INFO | bdc.gold.fato_analise_credito | Score qualitativo CPURA calculado. CNPJ=18185035000108 SCORE_QUALITATIVO=2.0
2026-09-10 15:45:43 | INFO | bdc.gold.fato_analise_credito | Iniciando score quantitativo CPURA. CNPJ=18185035000108
2026-09-10 15:45:43 | INFO | bdc.gold.fato_analise_credito | Score quantitativo CPURA calculado. CNPJ=18185035000108 SCORE_QUANTITATIVO=5.768
2026-09-10 15:45:43 | INFO | bdc.gold.fato_analise_credito | Score total CPURA calculado. SCORE_TOTAL=7.768
2026-09-10 15:45:43 | INFO | bdc.gold.fato_analise_credito | Iniciando cálculo de PD final CPURA. CNPJ=18185035000108 rating=B pd_min=0.005 pd_max=0.0076
2026-09-10 15:45:43 | INFO | bdc.gold.fato_analise_credito | PD final CPURA calculada com sucesso. CNPJ=18185035000108 score_total=7.768 score_truncado=7.768 u=0.2320000000000002 pd_bruta=0.005603200000000001 pd_final=0.0056032000000000035
2026-09-10 15:45:43 | INFO | bdc.gold.fato_analise_credito | PD ajustada calculada com sucesso. CNPJ=18185035000108 SEGMENTO_PD=CPURA PD_BASE=0.000698 RATING_FINAL=None SCORE_TOTAL=7.768 PD_FINAL=0.0056032000000000035 METODO=INTERPOLACAO_INTRA_RATING_CPURA
2026-09-10 15:45:43 | INFO | bdc.gold.fato_analise_credito | Iniciando cálculo de PD ajustada. CNPJ=18384740000134 SEGMENTO_PD=CPURA
2026-09-10 15:45:43 | WARNING | bdc.gold.fato_analise_credito | Cálculo CPURA suspenso por Falha Segura. Rating nulo. CNPJ=18384740000134
2026-09-10 15:45:43 | INFO | bdc.gold.fato_analise_credito | Iniciando cálculo de PD ajustada. CNPJ=18384740000134 SEGMENTO_PD=CPURA
2026-09-10 15:45:43 | WARNING | bdc.gold.fato_analise_credito | Cálculo CPURA suspenso por Falha Segura. Rating nulo. CNPJ=18384740000134
2026-09-10 15:45:43 | INFO | bdc.gold.fato_analise_credito | Iniciando cálculo de PD ajustada. CNPJ=18384740000134 SEGMENTO_PD=CPURA
2026-09-10 15:45:43 | INFO | bdc.gold.fato_analise_credito | Iniciando cálculo das notas quantitativas CPURA. CNPJ=18384740000134
2026-09-10 15:45:43 | INFO | bdc.gold.fato_analise_credito | Notas quantitativas CPURA calculadas. CNPJ=18384740000134 NOTA_PD=E NOTA_FCO_ROL=C NOTA_ROE=A NOTA_ROA=B
2026-09-10 15:45:43 | INFO | bdc.gold.fato_analise_credito | Iniciando score qualitativo CPURA. CNPJ=18384740000134
2026-09-10 15:45:43 | INFO | bdc.gold.fato_analise_credito | Score qualitativo CPURA calculado. CNPJ=18384740000134 SCORE_QUALITATIVO=2.8
2026-09-10 15:45:43 | INFO | bdc.gold.fato_analise_credito | Iniciando score quantitativo CPURA. CNPJ=18384740000134
2026-09-10 15:45:43 | INFO | bdc.gold.fato_analise_credito | Score quantitativo CPURA calculado. CNPJ=18384740000134 SCORE_QUANTITATIVO=2.688
2026-09-10 15:45:43 | INFO | bdc.gold.fato_analise_credito | Score total CPURA calculado. SCORE_TOTAL=5.4879999999999995
2026-09-10 15:45:43 | INFO | bdc.gold.fato_analise_credito | Iniciando cálculo de PD final CPURA. CNPJ=18384740000134 rating=D pd_min=0.0417 pd_max=0.1
2026-09-10 15:45:43 | INFO | bdc.gold.fato_analise_credito | PD final CPURA calculada com sucesso. CNPJ=18384740000134 score_total=5.4879999999999995 score_truncado=5.4879999999999995 u=0.5120000000000005 pd_bruta=0.07154960000000003 pd_final=0.07154960000000003
2026-09-10 15:45:43 | INFO | bdc.gold.fato_analise_credito | PD ajustada calculada com sucesso. CNPJ=18384740000134 SEGMENTO_PD=CPURA PD_BASE=0.721959 RATING_FINAL=None SCORE_TOTAL=5.4879999999999995 PD_FINAL=0.07154960000000003 METODO=INTERPOLACAO_INTRA_RATING_CPURA
2026-09-10 15:45:43 | INFO | bdc.gold.fato_analise_credito | Iniciando cálculo de PD ajustada. CNPJ=18416364000112 SEGMENTO_PD=CPURA
2026-09-10 15:45:43 | WARNING | bdc.gold.fato_analise_credito | Cálculo CPURA suspenso por Falha Segura. Rating nulo. CNPJ=18416364000112
2026-09-10 15:45:43 | INFO | bdc.gold.fato_analise_credito | Iniciando cálculo de PD ajustada. CNPJ=18416364000112 SEGMENTO_PD=CPURA
2026-09-10 15:45:43 | WARNING | bdc.gold.fato_analise_credito | Cálculo CPURA suspenso por Falha Segura. Rating nulo. CNPJ=18416364000112
2026-09-10 15:45:43 | INFO | bdc.gold.fato_analise_credito | Iniciando cálculo de PD ajustada. CNPJ=18416364000112 SEGMENTO_PD=CPURA
2026-09-10 15:45:43 | WARNING | bdc.gold.fato_analise_credito | Cálculo CPURA suspenso por Falha Segura. Rating nulo. CNPJ=18416364000112
2026-09-10 15:45:43 | INFO | bdc.gold.fato_analise_credito | Iniciando cálculo de PD ajustada. CNPJ=18416364000112 SEGMENTO_PD=CPURA
2026-09-10 15:45:43 | WARNING | bdc.gold.fato_analise_credito | Cálculo CPURA suspenso por Falha Segura. Rating nulo. CNPJ=18416364000112
2026-09-10 15:45:43 | INFO | bdc.gold.fato_analise_credito | Iniciando cálculo de PD ajustada. CNPJ=18416364000112 SEGMENTO_PD=CPURA
2026-09-10 15:45:43 | INFO | bdc.gold.fato_analise_credito | Iniciando cálculo das notas quantitativas CPURA. CNPJ=18416364000112
2026-09-10 15:45:43 | INFO | bdc.gold.fato_analise_credito | Notas quantitativas CPURA calculadas. CNPJ=18416364000112 NOTA_PD=A NOTA_FCO_ROL=C NOTA_ROE=C NOTA_ROA=C
2026-09-10 15:45:43 | INFO | bdc.gold.fato_analise_credito | Iniciando score qualitativo CPURA. CNPJ=18416364000112
2026-09-10 15:45:43 | INFO | bdc.gold.fato_analise_credito | Score qualitativo CPURA calculado. CNPJ=18416364000112 SCORE_QUALITATIVO=1.4000000000000001
2026-09-10 15:45:43 | INFO | bdc.gold.fato_analise_credito | Iniciando score quantitativo CPURA. CNPJ=18416364000112
2026-09-10 15:45:43 | INFO | bdc.gold.fato_analise_credito | Score quantitativo CPURA calculado. CNPJ=18416364000112 SCORE_QUANTITATIVO=5.4879999999999995
2026-09-10 15:45:43 | INFO | bdc.gold.fato_analise_credito | Score total CPURA calculado. SCORE_TOTAL=6.888
2026-09-10 15:45:43 | INFO | bdc.gold.fato_analise_credito | Iniciando cálculo de PD final CPURA. CNPJ=18416364000112 rating=C pd_min=0.0076 pd_max=0.0417
2026-09-10 15:45:43 | INFO | bdc.gold.fato_analise_credito | PD final CPURA calculada com sucesso. CNPJ=18416364000112 score_total=6.888 score_truncado=6.888 u=0.1120000000000001 pd_bruta=0.011419200000000003 pd_final=0.011419200000000006
2026-09-10 15:45:43 | INFO | bdc.gold.fato_analise_credito | PD ajustada calculada com sucesso. CNPJ=18416364000112 SEGMENTO_PD=CPURA PD_BASE=9.7e-05 RATING_FINAL=None SCORE_TOTAL=6.888 PD_FINAL=0.011419200000000006 METODO=INTERPOLACAO_INTRA_RATING_CPURA
2026-09-10 15:45:43 | INFO | bdc.gold.fato_analise_credito | Iniciando cálculo de PD ajustada. CNPJ=18483400000160 SEGMENTO_PD=CPURA
2026-09-10 15:45:43 | WARNING | bdc.gold.fato_analise_credito | Cálculo CPURA suspenso por Falha Segura. Rating nulo. CNPJ=18483400000160
2026-09-10 15:45:43 | INFO | bdc.gold.fato_analise_credito | Iniciando cálculo de PD ajustada. CNPJ=18483400000160 SEGMENTO_PD=CPURA
2026-09-10 15:45:43 | WARNING | bdc.gold.fato_analise_credito | Cálculo CPURA suspenso por Falha Segura. Rating nulo. CNPJ=18483400000160
2026-09-10 15:45:43 | INFO | bdc.gold.fato_analise_credito | Iniciando cálculo de PD ajustada. CNPJ=18483400000160 SEGMENTO_PD=CPURA
2026-09-10 15:45:43 | WARNING | bdc.gold.fato_analise_credito | Cálculo CPURA suspenso por Falha Segura. Rating nulo. CNPJ=18483400000160
2026-09-10 15:45:43 | INFO | bdc.gold.fato_analise_credito | Iniciando cálculo de PD ajustada. CNPJ=18483400000160 SEGMENTO_PD=CPURA
2026-09-10 15:45:43 | WARNING | bdc.gold.fato_analise_credito | Cálculo CPURA suspenso por Falha Segura. Rating nulo. CNPJ=18483400000160
2026-09-10 15:45:43 | INFO | bdc.gold.fato_analise_credito | Iniciando cálculo de PD ajustada. CNPJ=18483400000160 SEGMENTO_PD=CPURA
2026-09-10 15:45:43 | WARNING | bdc.gold.fato_analise_credito | Cálculo CPURA suspenso por Falha Segura. Rating nulo. CNPJ=18483400000160
2026-09-10 15:45:43 | INFO | bdc.gold.fato_analise_credito | Iniciando cálculo de PD ajustada. CNPJ=18483400000160 SEGMENTO_PD=CPURA
2026-09-10 15:45:43 | INFO | bdc.gold.fato_analise_credito | Iniciando cálculo das notas quantitativas CPURA. CNPJ=18483400000160
2026-09-10 15:45:43 | INFO | bdc.gold.fato_analise_credito | Notas quantitativas CPURA calculadas. CNPJ=18483400000160 NOTA_PD=E NOTA_FCO_ROL=A NOTA_ROE=E NOTA_ROA=D
2026-09-10 15:45:43 | INFO | bdc.gold.fato_analise_credito | Iniciando score qualitativo CPURA. CNPJ=18483400000160
2026-09-10 15:45:43 | INFO | bdc.gold.fato_analise_credito | Score qualitativo CPURA calculado. CNPJ=18483400000160 SCORE_QUALITATIVO=1.5
2026-09-10 15:45:43 | INFO | bdc.gold.fato_analise_credito | Iniciando score quantitativo CPURA. CNPJ=18483400000160
2026-09-10 15:45:43 | INFO | bdc.gold.fato_analise_credito | Score quantitativo CPURA calculado. CNPJ=18483400000160 SCORE_QUANTITATIVO=2.59
2026-09-10 15:45:43 | INFO | bdc.gold.fato_analise_credito | Score total CPURA calculado. SCORE_TOTAL=4.09
2026-09-10 15:45:43 | INFO | bdc.gold.fato_analise_credito | Iniciando cálculo de PD final CPURA. CNPJ=18483400000160 rating=E pd_min=0.1 pd_max=1.0
2026-09-10 15:45:43 | INFO | bdc.gold.fato_analise_credito | PD final CPURA calculada com sucesso. CNPJ=18483400000160 score_total=4.09 score_truncado=4.09 u=0.18200000000000002 pd_bruta=0.26380000000000003 pd_final=0.26380000000000003
2026-09-10 15:45:43 | INFO | bdc.gold.fato_analise_credito | PD ajustada calculada com sucesso. CNPJ=18483400000160 SEGMENTO_PD=CPURA PD_BASE=0.921576 RATING_FINAL=None SCORE_TOTAL=4.09 PD_FINAL=0.26380000000000003 METODO=INTERPOLACAO_INTRA_RATING_CPURA
2026-09-10 15:45:43 | INFO | bdc.gold.fato_analise_credito | Iniciando cálculo de PD ajustada. CNPJ=19125927000186 SEGMENTO_PD=CPURA
2026-09-10 15:45:43 | WARNING | bdc.gold.fato_analise_credito | Cálculo CPURA suspenso por Falha Segura. Rating nulo. CNPJ=19125927000186
2026-09-10 15:45:43 | INFO | bdc.gold.fato_analise_credito | Iniciando cálculo de PD ajustada. CNPJ=19125927000186 SEGMENTO_PD=CGRUPO
2026-09-10 15:45:43 | INFO | bdc.gold.fato_analise_credito | PD ajustada calculada com sucesso. CNPJ=19125927000186 SEGMENTO_PD=CGRUPO PD_BASE=0.005 RATING_FINAL=A SCORE_TOTAL=None PD_FINAL=0.005 METODO=FIXED_PD
2026-09-10 15:45:43 | INFO | bdc.gold.fato_analise_credito | Iniciando cálculo de PD ajustada. CNPJ=19502690000105 SEGMENTO_PD=CPURA
2026-09-10 15:45:43 | INFO | bdc.gold.fato_analise_credito | Iniciando cálculo das notas quantitativas CPURA. CNPJ=19502690000105
2026-09-10 15:45:43 | INFO | bdc.gold.fato_analise_credito | Notas quantitativas CPURA calculadas. CNPJ=19502690000105 NOTA_PD=A NOTA_FCO_ROL=C NOTA_ROE=C NOTA_ROA=C
2026-09-10 15:45:43 | INFO | bdc.gold.fato_analise_credito | Iniciando score qualitativo CPURA. CNPJ=19502690000105
2026-09-10 15:45:43 | INFO | bdc.gold.fato_analise_credito | Score qualitativo CPURA calculado. CNPJ=19502690000105 SCORE_QUALITATIVO=1.1500000000000001
2026-09-10 15:45:43 | INFO | bdc.gold.fato_analise_credito | Iniciando score quantitativo CPURA. CNPJ=19502690000105
2026-09-10 15:45:43 | INFO | bdc.gold.fato_analise_credito | Score quantitativo CPURA calculado. CNPJ=19502690000105 SCORE_QUANTITATIVO=5.4879999999999995
2026-09-10 15:45:43 | INFO | bdc.gold.fato_analise_credito | Score total CPURA calculado. SCORE_TOTAL=6.638
2026-09-10 15:45:43 | INFO | bdc.gold.fato_analise_credito | Iniciando cálculo de PD final CPURA. CNPJ=19502690000105 rating=C pd_min=0.0076 pd_max=0.0417
2026-09-10 15:45:43 | INFO | bdc.gold.fato_analise_credito | PD final CPURA calculada com sucesso. CNPJ=19502690000105 score_total=6.638 score_truncado=6.638 u=0.3620000000000001 pd_bruta=0.019944200000000002 pd_final=0.019944200000000006
2026-09-10 15:45:43 | INFO | bdc.gold.fato_analise_credito | PD ajustada calculada com sucesso. CNPJ=19502690000105 SEGMENTO_PD=CPURA PD_BASE=0.004943 RATING_FINAL=None SCORE_TOTAL=6.638 PD_FINAL=0.019944200000000006 METODO=INTERPOLACAO_INTRA_RATING_CPURA
2026-09-10 15:45:43 | INFO | bdc.gold.fato_analise_credito | Iniciando cálculo de PD ajustada. CNPJ=20557422000170 SEGMENTO_PD=CPURA
2026-09-10 15:45:43 | WARNING | bdc.gold.fato_analise_credito | Cálculo CPURA suspenso por Falha Segura. Rating nulo. CNPJ=20557422000170
2026-09-10 15:45:43 | INFO | bdc.gold.fato_analise_credito | Iniciando cálculo de PD ajustada. CNPJ=20557422000170 SEGMENTO_PD=CPURA
2026-09-10 15:45:43 | WARNING | bdc.gold.fato_analise_credito | Cálculo CPURA suspenso por Falha Segura. Rating nulo. CNPJ=20557422000170
2026-09-10 15:45:43 | INFO | bdc.gold.fato_analise_credito | Iniciando cálculo de PD ajustada. CNPJ=20557422000170 SEGMENTO_PD=CPURA
2026-09-10 15:45:43 | WARNING | bdc.gold.fato_analise_credito | Cálculo CPURA suspenso por Falha Segura. Rating nulo. CNPJ=20557422000170
2026-09-10 15:45:43 | INFO | bdc.gold.fato_analise_credito | Iniciando cálculo de PD ajustada. CNPJ=20557422000170 SEGMENTO_PD=CPURA
2026-09-10 15:45:43 | WARNING | bdc.gold.fato_analise_credito | Cálculo CPURA suspenso por Falha Segura. Rating nulo. CNPJ=20557422000170
2026-09-10 15:45:43 | INFO | bdc.gold.fato_analise_credito | Iniciando cálculo de PD ajustada. CNPJ=20557422000170 SEGMENTO_PD=CPURA
2026-09-10 15:45:43 | INFO | bdc.gold.fato_analise_credito | Iniciando cálculo das notas quantitativas CPURA. CNPJ=20557422000170
2026-09-10 15:45:43 | INFO | bdc.gold.fato_analise_credito | Notas quantitativas CPURA calculadas. CNPJ=20557422000170 NOTA_PD=A NOTA_FCO_ROL=B NOTA_ROE=A NOTA_ROA=C
2026-09-10 15:45:43 | INFO | bdc.gold.fato_analise_credito | Iniciando score qualitativo CPURA. CNPJ=20557422000170
2026-09-10 15:45:43 | INFO | bdc.gold.fato_analise_credito | Score qualitativo CPURA calculado. CNPJ=20557422000170 SCORE_QUALITATIVO=1.6
2026-09-10 15:45:43 | INFO | bdc.gold.fato_analise_credito | Iniciando score quantitativo CPURA. CNPJ=20557422000170
2026-09-10 15:45:43 | INFO | bdc.gold.fato_analise_credito | Score quantitativo CPURA calculado. CNPJ=20557422000170 SCORE_QUANTITATIVO=6.244000000000001
2026-09-10 15:45:43 | INFO | bdc.gold.fato_analise_credito | Score total CPURA calculado. SCORE_TOTAL=7.844000000000001
2026-09-10 15:45:43 | INFO | bdc.gold.fato_analise_credito | Iniciando cálculo de PD final CPURA. CNPJ=20557422000170 rating=B pd_min=0.005 pd_max=0.0076
2026-09-10 15:45:43 | INFO | bdc.gold.fato_analise_credito | PD final CPURA calculada com sucesso. CNPJ=20557422000170 score_total=7.844000000000001 score_truncado=7.844000000000001 u=0.1559999999999988 pd_bruta=0.005405599999999997 pd_final=0.005405599999999996
2026-09-10 15:45:43 | INFO | bdc.gold.fato_analise_credito | PD ajustada calculada com sucesso. CNPJ=20557422000170 SEGMENTO_PD=CPURA PD_BASE=0.00119 RATING_FINAL=None SCORE_TOTAL=7.844000000000001 PD_FINAL=0.005405599999999996 METODO=INTERPOLACAO_INTRA_RATING_CPURA
2026-09-10 15:45:43 | INFO | bdc.gold.fato_analise_credito | Iniciando cálculo de PD ajustada. CNPJ=20557422000170 SEGMENTO_PD=CPURA
2026-09-10 15:45:43 | WARNING | bdc.gold.fato_analise_credito | Cálculo CPURA suspenso por Falha Segura. Rating nulo. CNPJ=20557422000170
2026-09-10 15:45:43 | INFO | bdc.gold.fato_analise_credito | Iniciando cálculo de PD ajustada. CNPJ=20557422000170 SEGMENTO_PD=CPURA
2026-09-10 15:45:43 | INFO | bdc.gold.fato_analise_credito | Iniciando cálculo das notas quantitativas CPURA. CNPJ=20557422000170
2026-09-10 15:45:43 | INFO | bdc.gold.fato_analise_credito | Notas quantitativas CPURA calculadas. CNPJ=20557422000170 NOTA_PD=A NOTA_FCO_ROL=D NOTA_ROE=E NOTA_ROA=D
2026-09-10 15:45:43 | INFO | bdc.gold.fato_analise_credito | Iniciando score qualitativo CPURA. CNPJ=20557422000170
2026-09-10 15:45:43 | INFO | bdc.gold.fato_analise_credito | Score qualitativo CPURA calculado. CNPJ=20557422000170 SCORE_QUALITATIVO=2.2
2026-09-10 15:45:43 | INFO | bdc.gold.fato_analise_credito | Iniciando score quantitativo CPURA. CNPJ=20557422000170
2026-09-10 15:45:43 | INFO | bdc.gold.fato_analise_credito | Score quantitativo CPURA calculado. CNPJ=20557422000170 SCORE_QUANTITATIVO=4.144
2026-09-10 15:45:43 | INFO | bdc.gold.fato_analise_credito | Score total CPURA calculado. SCORE_TOTAL=6.344
2026-09-10 15:45:43 | INFO | bdc.gold.fato_analise_credito | Iniciando cálculo de PD final CPURA. CNPJ=20557422000170 rating=C pd_min=0.0076 pd_max=0.0417
2026-09-10 15:45:43 | INFO | bdc.gold.fato_analise_credito | PD final CPURA calculada com sucesso. CNPJ=20557422000170 score_total=6.344 score_truncado=6.344 u=0.6559999999999997 pd_bruta=0.02996959999999999 pd_final=0.02996959999999999
2026-09-10 15:45:43 | INFO | bdc.gold.fato_analise_credito | PD ajustada calculada com sucesso. CNPJ=20557422000170 SEGMENTO_PD=CPURA PD_BASE=0.001809 RATING_FINAL=None SCORE_TOTAL=6.344 PD_FINAL=0.02996959999999999 METODO=INTERPOLACAO_INTRA_RATING_CPURA
2026-09-10 15:45:43 | INFO | bdc.gold.fato_analise_credito | Iniciando cálculo de PD ajustada. CNPJ=20591154000102 SEGMENTO_PD=CPURA
2026-09-10 15:45:43 | INFO | bdc.gold.fato_analise_credito | Iniciando cálculo das notas quantitativas CPURA. CNPJ=20591154000102
2026-09-10 15:45:43 | INFO | bdc.gold.fato_analise_credito | Notas quantitativas CPURA calculadas. CNPJ=20591154000102 NOTA_PD=A NOTA_FCO_ROL=E NOTA_ROE=B NOTA_ROA=A
2026-09-10 15:45:43 | INFO | bdc.gold.fato_analise_credito | Iniciando score qualitativo CPURA. CNPJ=20591154000102
2026-09-10 15:45:43 | INFO | bdc.gold.fato_analise_credito | Score qualitativo CPURA calculado. CNPJ=20591154000102 SCORE_QUALITATIVO=0.5
2026-09-10 15:45:43 | INFO | bdc.gold.fato_analise_credito | Iniciando score quantitativo CPURA. CNPJ=20591154000102
2026-09-10 15:45:43 | INFO | bdc.gold.fato_analise_credito | Score quantitativo CPURA calculado. CNPJ=20591154000102 SCORE_QUANTITATIVO=4.48
2026-09-10 15:45:43 | INFO | bdc.gold.fato_analise_credito | Score total CPURA calculado. SCORE_TOTAL=4.98
2026-09-10 15:45:43 | INFO | bdc.gold.fato_analise_credito | Iniciando cálculo de PD final CPURA. CNPJ=20591154000102 rating=E pd_min=0.1 pd_max=1.0
2026-09-10 15:45:43 | INFO | bdc.gold.fato_analise_credito | PD final CPURA calculada com sucesso. CNPJ=20591154000102 score_total=4.98 score_truncado=4.98 u=0.003999999999999915 pd_bruta=0.10359999999999993 pd_final=0.10359999999999993
2026-09-10 15:45:43 | INFO | bdc.gold.fato_analise_credito | PD ajustada calculada com sucesso. CNPJ=20591154000102 SEGMENTO_PD=CPURA PD_BASE=0.000515 RATING_FINAL=None SCORE_TOTAL=4.98 PD_FINAL=0.10359999999999993 METODO=INTERPOLACAO_INTRA_RATING_CPURA
2026-09-10 15:45:43 | INFO | bdc.gold.fato_analise_credito | Iniciando cálculo de PD ajustada. CNPJ=20726794000182 SEGMENTO_PD=CPURA
2026-09-10 15:45:43 | WARNING | bdc.gold.fato_analise_credito | Cálculo CPURA suspenso por Falha Segura. Rating nulo. CNPJ=20726794000182
2026-09-10 15:45:43 | INFO | bdc.gold.fato_analise_credito | Iniciando cálculo de PD ajustada. CNPJ=20978264000121 SEGMENTO_PD=CPURA
2026-09-10 15:45:43 | WARNING | bdc.gold.fato_analise_credito | Cálculo CPURA suspenso por Falha Segura. Rating nulo. CNPJ=20978264000121
2026-09-10 15:45:43 | INFO | bdc.gold.fato_analise_credito | Iniciando cálculo de PD ajustada. CNPJ=21256386000177 SEGMENTO_PD=CPURA
2026-09-10 15:45:43 | WARNING | bdc.gold.fato_analise_credito | Cálculo CPURA suspenso por Falha Segura. Rating nulo. CNPJ=21256386000177
2026-09-10 15:45:43 | INFO | bdc.gold.fato_analise_credito | Iniciando cálculo de PD ajustada. CNPJ=21256386000177 SEGMENTO_PD=CPURA
2026-09-10 15:45:43 | WARNING | bdc.gold.fato_analise_credito | Cálculo CPURA suspenso por Falha Segura. Rating nulo. CNPJ=21256386000177
2026-09-10 15:45:43 | INFO | bdc.gold.fato_analise_credito | Iniciando cálculo de PD ajustada. CNPJ=21366458000139 SEGMENTO_PD=CPURA
2026-09-10 15:45:43 | INFO | bdc.gold.fato_analise_credito | Iniciando cálculo das notas quantitativas CPURA. CNPJ=21366458000139
2026-09-10 15:45:43 | INFO | bdc.gold.fato_analise_credito | Notas quantitativas CPURA calculadas. CNPJ=21366458000139 NOTA_PD=A NOTA_FCO_ROL=B NOTA_ROE=A NOTA_ROA=B
2026-09-10 15:45:43 | INFO | bdc.gold.fato_analise_credito | Iniciando score qualitativo CPURA. CNPJ=21366458000139
2026-09-10 15:45:43 | INFO | bdc.gold.fato_analise_credito | Score qualitativo CPURA calculado. CNPJ=21366458000139 SCORE_QUALITATIVO=1.1
2026-09-10 15:45:43 | INFO | bdc.gold.fato_analise_credito | Iniciando score quantitativo CPURA. CNPJ=21366458000139
2026-09-10 15:45:43 | INFO | bdc.gold.fato_analise_credito | Score quantitativo CPURA calculado. CNPJ=21366458000139 SCORE_QUANTITATIVO=6.384
2026-09-10 15:45:43 | INFO | bdc.gold.fato_analise_credito | Score total CPURA calculado. SCORE_TOTAL=7.484
2026-09-10 15:45:43 | INFO | bdc.gold.fato_analise_credito | Iniciando cálculo de PD final CPURA. CNPJ=21366458000139 rating=B pd_min=0.005 pd_max=0.0076
2026-09-10 15:45:43 | INFO | bdc.gold.fato_analise_credito | PD final CPURA calculada com sucesso. CNPJ=21366458000139 score_total=7.484 score_truncado=7.484 u=0.516 pd_bruta=0.0063416 pd_final=0.006341599999999998
2026-09-10 15:45:43 | INFO | bdc.gold.fato_analise_credito | PD ajustada calculada com sucesso. CNPJ=21366458000139 SEGMENTO_PD=CPURA PD_BASE=0.000139 RATING_FINAL=None SCORE_TOTAL=7.484 PD_FINAL=0.006341599999999998 METODO=INTERPOLACAO_INTRA_RATING_CPURA
2026-09-10 15:45:43 | INFO | bdc.gold.fato_analise_credito | Iniciando cálculo de PD ajustada. CNPJ=21467516000110 SEGMENTO_PD=CPURA
2026-09-10 15:45:43 | INFO | bdc.gold.fato_analise_credito | Iniciando cálculo das notas quantitativas CPURA. CNPJ=21467516000110
2026-09-10 15:45:43 | INFO | bdc.gold.fato_analise_credito | Notas quantitativas CPURA calculadas. CNPJ=21467516000110 NOTA_PD=A NOTA_FCO_ROL=A NOTA_ROE=C NOTA_ROA=C
2026-09-10 15:45:43 | INFO | bdc.gold.fato_analise_credito | Iniciando score qualitativo CPURA. CNPJ=21467516000110
2026-09-10 15:45:43 | INFO | bdc.gold.fato_analise_credito | Score qualitativo CPURA calculado. CNPJ=21467516000110 SCORE_QUALITATIVO=2.5
2026-09-10 15:45:43 | INFO | bdc.gold.fato_analise_credito | Iniciando score quantitativo CPURA. CNPJ=21467516000110
2026-09-10 15:45:43 | INFO | bdc.gold.fato_analise_credito | Score quantitativo CPURA calculado. CNPJ=21467516000110 SCORE_QUANTITATIVO=6.4399999999999995
2026-09-10 15:45:43 | INFO | bdc.gold.fato_analise_credito | Score total CPURA calculado. SCORE_TOTAL=8.94
2026-09-10 15:45:43 | INFO | bdc.gold.fato_analise_credito | Iniciando cálculo de PD final CPURA. CNPJ=21467516000110 rating=A pd_min=0.0 pd_max=0.005
2026-09-10 15:45:43 | INFO | bdc.gold.fato_analise_credito | PD final CPURA calculada com sucesso. CNPJ=21467516000110 score_total=8.94 score_truncado=8.94 u=0.5300000000000002 pd_bruta=0.0026500000000000013 pd_final=0.0026500000000000013
2026-09-10 15:45:43 | INFO | bdc.gold.fato_analise_credito | PD ajustada calculada com sucesso. CNPJ=21467516000110 SEGMENTO_PD=CPURA PD_BASE=0.0 RATING_FINAL=None SCORE_TOTAL=8.94 PD_FINAL=0.0026500000000000013 METODO=INTERPOLACAO_INTRA_RATING_CPURA
2026-09-10 15:45:43 | INFO | bdc.gold.fato_analise_credito | Iniciando cálculo de PD ajustada. CNPJ=21484454000155 SEGMENTO_PD=CPURA
2026-09-10 15:45:43 | WARNING | bdc.gold.fato_analise_credito | Cálculo CPURA suspenso por Falha Segura. Rating nulo. CNPJ=21484454000155
2026-09-10 15:45:43 | INFO | bdc.gold.fato_analise_credito | Iniciando cálculo de PD ajustada. CNPJ=21484454000155 SEGMENTO_PD=CPURA
2026-09-10 15:45:43 | INFO | bdc.gold.fato_analise_credito | Iniciando cálculo das notas quantitativas CPURA. CNPJ=21484454000155
2026-09-10 15:45:43 | INFO | bdc.gold.fato_analise_credito | Notas quantitativas CPURA calculadas. CNPJ=21484454000155 NOTA_PD=E NOTA_FCO_ROL=C NOTA_ROE=C NOTA_ROA=C
2026-09-10 15:45:43 | INFO | bdc.gold.fato_analise_credito | Iniciando score qualitativo CPURA. CNPJ=21484454000155
2026-09-10 15:45:43 | INFO | bdc.gold.fato_analise_credito | Score qualitativo CPURA calculado. CNPJ=21484454000155 SCORE_QUALITATIVO=0.5
2026-09-10 15:45:43 | INFO | bdc.gold.fato_analise_credito | Iniciando score quantitativo CPURA. CNPJ=21484454000155
2026-09-10 15:45:43 | INFO | bdc.gold.fato_analise_credito | Score quantitativo CPURA calculado. CNPJ=21484454000155 SCORE_QUANTITATIVO=2.268
2026-09-10 15:45:43 | INFO | bdc.gold.fato_analise_credito | Score total CPURA calculado. SCORE_TOTAL=2.768
2026-09-10 15:45:43 | INFO | bdc.gold.fato_analise_credito | Iniciando cálculo de PD final CPURA. CNPJ=21484454000155 rating=E pd_min=0.1 pd_max=1.0
2026-09-10 15:45:43 | INFO | bdc.gold.fato_analise_credito | PD final CPURA calculada com sucesso. CNPJ=21484454000155 score_total=2.768 score_truncado=2.768 u=0.4464 pd_bruta=0.50176 pd_final=0.50176
2026-09-10 15:45:43 | INFO | bdc.gold.fato_analise_credito | PD ajustada calculada com sucesso. CNPJ=21484454000155 SEGMENTO_PD=CPURA PD_BASE=0.978095 RATING_FINAL=None SCORE_TOTAL=2.768 PD_FINAL=0.50176 METODO=INTERPOLACAO_INTRA_RATING_CPURA
2026-09-10 15:45:43 | INFO | bdc.gold.fato_analise_credito | Iniciando cálculo de PD ajustada. CNPJ=21642355000154 SEGMENTO_PD=CPURA
2026-09-10 15:45:43 | WARNING | bdc.gold.fato_analise_credito | Cálculo CPURA suspenso por Falha Segura. Rating nulo. CNPJ=21642355000154
2026-09-10 15:45:43 | INFO | bdc.gold.fato_analise_credito | Iniciando cálculo de PD ajustada. CNPJ=21812954000179 SEGMENTO_PD=CPURA
2026-09-10 15:45:43 | INFO | bdc.gold.fato_analise_credito | Iniciando cálculo das notas quantitativas CPURA. CNPJ=21812954000179
2026-09-10 15:45:43 | INFO | bdc.gold.fato_analise_credito | Notas quantitativas CPURA calculadas. CNPJ=21812954000179 NOTA_PD=E NOTA_FCO_ROL=A NOTA_ROE=E NOTA_ROA=D
2026-09-10 15:45:43 | INFO | bdc.gold.fato_analise_credito | Iniciando score qualitativo CPURA. CNPJ=21812954000179
2026-09-10 15:45:43 | INFO | bdc.gold.fato_analise_credito | Score qualitativo CPURA calculado. CNPJ=21812954000179 SCORE_QUALITATIVO=3.0
2026-09-10 15:45:43 | INFO | bdc.gold.fato_analise_credito | Iniciando score quantitativo CPURA. CNPJ=21812954000179
2026-09-10 15:45:43 | INFO | bdc.gold.fato_analise_credito | Score quantitativo CPURA calculado. CNPJ=21812954000179 SCORE_QUANTITATIVO=2.59
2026-09-10 15:45:43 | INFO | bdc.gold.fato_analise_credito | Score total CPURA calculado. SCORE_TOTAL=5.59
2026-09-10 15:45:43 | INFO | bdc.gold.fato_analise_credito | Iniciando cálculo de PD final CPURA. CNPJ=21812954000179 rating=D pd_min=0.0417 pd_max=0.1
2026-09-10 15:45:43 | INFO | bdc.gold.fato_analise_credito | PD final CPURA calculada com sucesso. CNPJ=21812954000179 score_total=5.59 score_truncado=5.59 u=0.41000000000000014 pd_bruta=0.06560300000000001 pd_final=0.06560300000000001
2026-09-10 15:45:43 | INFO | bdc.gold.fato_analise_credito | PD ajustada calculada com sucesso. CNPJ=21812954000179 SEGMENTO_PD=CPURA PD_BASE=0.999887 RATING_FINAL=None SCORE_TOTAL=5.59 PD_FINAL=0.06560300000000001 METODO=INTERPOLACAO_INTRA_RATING_CPURA
2026-09-10 15:45:43 | INFO | bdc.gold.fato_analise_credito | Iniciando cálculo de PD ajustada. CNPJ=22109465000118 SEGMENTO_PD=CPURA
2026-09-10 15:45:43 | WARNING | bdc.gold.fato_analise_credito | Cálculo CPURA suspenso por Falha Segura. Rating nulo. CNPJ=22109465000118
2026-09-10 15:45:43 | INFO | bdc.gold.fato_analise_credito | Iniciando cálculo de PD ajustada. CNPJ=22109465000118 SEGMENTO_PD=CPURA
2026-09-10 15:45:43 | WARNING | bdc.gold.fato_analise_credito | Cálculo CPURA suspenso por Falha Segura. Rating nulo. CNPJ=22109465000118
2026-09-10 15:45:43 | INFO | bdc.gold.fato_analise_credito | Iniciando cálculo de PD ajustada. CNPJ=22109465000118 SEGMENTO_PD=CPURA
2026-09-10 15:45:43 | WARNING | bdc.gold.fato_analise_credito | Cálculo CPURA suspenso por Falha Segura. Rating nulo. CNPJ=22109465000118
2026-09-10 15:45:43 | INFO | bdc.gold.fato_analise_credito | Iniciando cálculo de PD ajustada. CNPJ=22109465000118 SEGMENTO_PD=CPURA
2026-09-10 15:45:43 | INFO | bdc.gold.fato_analise_credito | Iniciando cálculo das notas quantitativas CPURA. CNPJ=22109465000118
2026-09-10 15:45:43 | INFO | bdc.gold.fato_analise_credito | Notas quantitativas CPURA calculadas. CNPJ=22109465000118 NOTA_PD=A NOTA_FCO_ROL=C NOTA_ROE=E NOTA_ROA=E
2026-09-10 15:45:43 | INFO | bdc.gold.fato_analise_credito | Iniciando score qualitativo CPURA. CNPJ=22109465000118
2026-09-10 15:45:43 | INFO | bdc.gold.fato_analise_credito | Score qualitativo CPURA calculado. CNPJ=22109465000118 SCORE_QUALITATIVO=2.6
2026-09-10 15:45:43 | INFO | bdc.gold.fato_analise_credito | Iniciando score quantitativo CPURA. CNPJ=22109465000118
2026-09-10 15:45:43 | INFO | bdc.gold.fato_analise_credito | Score quantitativo CPURA calculado. CNPJ=22109465000118 SCORE_QUANTITATIVO=4.648
2026-09-10 15:45:43 | INFO | bdc.gold.fato_analise_credito | Score total CPURA calculado. SCORE_TOTAL=7.247999999999999
2026-09-10 15:45:43 | INFO | bdc.gold.fato_analise_credito | Iniciando cálculo de PD final CPURA. CNPJ=22109465000118 rating=B pd_min=0.005 pd_max=0.0076
2026-09-10 15:45:43 | INFO | bdc.gold.fato_analise_credito | PD final CPURA calculada com sucesso. CNPJ=22109465000118 score_total=7.247999999999999 score_truncado=7.247999999999999 u=0.7520000000000007 pd_bruta=0.006955200000000002 pd_final=0.006955200000000004
2026-09-10 15:45:43 | INFO | bdc.gold.fato_analise_credito | PD ajustada calculada com sucesso. CNPJ=22109465000118 SEGMENTO_PD=CPURA PD_BASE=0.003091 RATING_FINAL=None SCORE_TOTAL=7.247999999999999 PD_FINAL=0.006955200000000004 METODO=INTERPOLACAO_INTRA_RATING_CPURA
2026-09-10 15:45:43 | INFO | bdc.gold.fato_analise_credito | Iniciando cálculo de PD ajustada. CNPJ=22109465000118 SEGMENTO_PD=CPURA
2026-09-10 15:45:43 | INFO | bdc.gold.fato_analise_credito | Iniciando cálculo das notas quantitativas CPURA. CNPJ=22109465000118
2026-09-10 15:45:43 | INFO | bdc.gold.fato_analise_credito | Notas quantitativas CPURA calculadas. CNPJ=22109465000118 NOTA_PD=A NOTA_FCO_ROL=A NOTA_ROE=E NOTA_ROA=D
2026-09-10 15:45:43 | INFO | bdc.gold.fato_analise_credito | Iniciando score qualitativo CPURA. CNPJ=22109465000118
2026-09-10 15:45:43 | INFO | bdc.gold.fato_analise_credito | Score qualitativo CPURA calculado. CNPJ=22109465000118 SCORE_QUALITATIVO=2.6
2026-09-10 15:45:43 | INFO | bdc.gold.fato_analise_credito | Iniciando score quantitativo CPURA. CNPJ=22109465000118
2026-09-10 15:45:43 | INFO | bdc.gold.fato_analise_credito | Score quantitativo CPURA calculado. CNPJ=22109465000118 SCORE_QUANTITATIVO=5.81
2026-09-10 15:45:43 | INFO | bdc.gold.fato_analise_credito | Score total CPURA calculado. SCORE_TOTAL=8.41
2026-09-10 15:45:43 | INFO | bdc.gold.fato_analise_credito | Iniciando cálculo de PD final CPURA. CNPJ=22109465000118 rating=A pd_min=0.0 pd_max=0.005
2026-09-10 15:45:43 | INFO | bdc.gold.fato_analise_credito | PD final CPURA calculada com sucesso. CNPJ=22109465000118 score_total=8.41 score_truncado=8.41 u=0.7949999999999999 pd_bruta=0.003974999999999999 pd_final=0.0039749999999999985
2026-09-10 15:45:43 | INFO | bdc.gold.fato_analise_credito | PD ajustada calculada com sucesso. CNPJ=22109465000118 SEGMENTO_PD=CPURA PD_BASE=0.002917 RATING_FINAL=None SCORE_TOTAL=8.41 PD_FINAL=0.0039749999999999985 METODO=INTERPOLACAO_INTRA_RATING_CPURA
2026-09-10 15:45:43 | INFO | bdc.gold.fato_analise_credito | Iniciando cálculo de PD ajustada. CNPJ=22153641000119 SEGMENTO_PD=CPURA
2026-09-10 15:45:43 | WARNING | bdc.gold.fato_analise_credito | Cálculo CPURA suspenso por Falha Segura. Rating nulo. CNPJ=22153641000119
2026-09-10 15:45:43 | WARNING | bdc.gold.fato_analise_credito | [CNPJ: 22587687000146] Falha no cálculo (Insumo Inválido): Comercializadora sem TIPO_COMERCIALIZADORA válido.
2026-09-10 15:45:43 | INFO | bdc.gold.fato_analise_credito | Iniciando cálculo de PD ajustada. CNPJ=22976970000160 SEGMENTO_PD=CPURA
2026-09-10 15:45:43 | INFO | bdc.gold.fato_analise_credito | Iniciando cálculo das notas quantitativas CPURA. CNPJ=22976970000160
2026-09-10 15:45:43 | INFO | bdc.gold.fato_analise_credito | Notas quantitativas CPURA calculadas. CNPJ=22976970000160 NOTA_PD=E NOTA_FCO_ROL=A NOTA_ROE=C NOTA_ROA=C
2026-09-10 15:45:43 | INFO | bdc.gold.fato_analise_credito | Iniciando score qualitativo CPURA. CNPJ=22976970000160
2026-09-10 15:45:43 | INFO | bdc.gold.fato_analise_credito | Score qualitativo CPURA calculado. CNPJ=22976970000160 SCORE_QUALITATIVO=0.5
2026-09-10 15:45:43 | INFO | bdc.gold.fato_analise_credito | Iniciando score quantitativo CPURA. CNPJ=22976970000160
2026-09-10 15:45:43 | INFO | bdc.gold.fato_analise_credito | Score quantitativo CPURA calculado. CNPJ=22976970000160 SCORE_QUANTITATIVO=3.2199999999999998
2026-09-10 15:45:43 | INFO | bdc.gold.fato_analise_credito | Score total CPURA calculado. SCORE_TOTAL=3.7199999999999998
2026-09-10 15:45:43 | INFO | bdc.gold.fato_analise_credito | Iniciando cálculo de PD final CPURA. CNPJ=22976970000160 rating=E pd_min=0.1 pd_max=1.0
2026-09-10 15:45:43 | INFO | bdc.gold.fato_analise_credito | PD final CPURA calculada com sucesso. CNPJ=22976970000160 score_total=3.7199999999999998 score_truncado=3.7199999999999998 u=0.25600000000000006 pd_bruta=0.3304 pd_final=0.3304
2026-09-10 15:45:43 | INFO | bdc.gold.fato_analise_credito | PD ajustada calculada com sucesso. CNPJ=22976970000160 SEGMENTO_PD=CPURA PD_BASE=0.998081 RATING_FINAL=None SCORE_TOTAL=3.7199999999999998 PD_FINAL=0.3304 METODO=INTERPOLACAO_INTRA_RATING_CPURA
2026-09-10 15:45:43 | WARNING | bdc.gold.fato_analise_credito | [CNPJ: 22976970000160] Falha no cálculo (Insumo Inválido): Comercializadora sem TIPO_COMERCIALIZADORA válido.
2026-09-10 15:45:43 | INFO | bdc.gold.fato_analise_credito | Iniciando cálculo de PD ajustada. CNPJ=23096269000119 SEGMENTO_PD=CGRUPO
2026-09-10 15:45:43 | INFO | bdc.gold.fato_analise_credito | PD ajustada calculada com sucesso. CNPJ=23096269000119 SEGMENTO_PD=CGRUPO PD_BASE=0.005 RATING_FINAL=A SCORE_TOTAL=None PD_FINAL=0.005 METODO=FIXED_PD
2026-09-10 15:45:43 | INFO | bdc.gold.fato_analise_credito | Iniciando cálculo de PD ajustada. CNPJ=23412242000198 SEGMENTO_PD=CPURA
2026-09-10 15:45:43 | WARNING | bdc.gold.fato_analise_credito | Cálculo CPURA suspenso por Falha Segura. Rating nulo. CNPJ=23412242000198
2026-09-10 15:45:43 | INFO | bdc.gold.fato_analise_credito | Iniciando cálculo de PD ajustada. CNPJ=23412242000198 SEGMENTO_PD=CPURA
2026-09-10 15:45:43 | WARNING | bdc.gold.fato_analise_credito | Cálculo CPURA suspenso por Falha Segura. Rating nulo. CNPJ=23412242000198
2026-09-10 15:45:43 | INFO | bdc.gold.fato_analise_credito | Iniciando cálculo de PD ajustada. CNPJ=23412242000198 SEGMENTO_PD=CPURA
2026-09-10 15:45:43 | WARNING | bdc.gold.fato_analise_credito | Cálculo CPURA suspenso por Falha Segura. Rating nulo. CNPJ=23412242000198
2026-09-10 15:45:43 | INFO | bdc.gold.fato_analise_credito | Iniciando cálculo de PD ajustada. CNPJ=23412242000198 SEGMENTO_PD=CPURA
2026-09-10 15:45:43 | INFO | bdc.gold.fato_analise_credito | Iniciando cálculo das notas quantitativas CPURA. CNPJ=23412242000198
2026-09-10 15:45:43 | INFO | bdc.gold.fato_analise_credito | Notas quantitativas CPURA calculadas. CNPJ=23412242000198 NOTA_PD=E NOTA_FCO_ROL=E NOTA_ROE=E NOTA_ROA=E
2026-09-10 15:45:43 | INFO | bdc.gold.fato_analise_credito | Iniciando score qualitativo CPURA. CNPJ=23412242000198
2026-09-10 15:45:43 | INFO | bdc.gold.fato_analise_credito | Score qualitativo CPURA calculado. CNPJ=23412242000198 SCORE_QUALITATIVO=0.9
2026-09-10 15:45:43 | INFO | bdc.gold.fato_analise_credito | Iniciando score quantitativo CPURA. CNPJ=23412242000198
2026-09-10 15:45:43 | INFO | bdc.gold.fato_analise_credito | Score quantitativo CPURA calculado. CNPJ=23412242000198 SCORE_QUANTITATIVO=0.0
2026-09-10 15:45:43 | INFO | bdc.gold.fato_analise_credito | Score total CPURA calculado. SCORE_TOTAL=0.9
2026-09-10 15:45:43 | INFO | bdc.gold.fato_analise_credito | Iniciando cálculo de PD final CPURA. CNPJ=23412242000198 rating=E pd_min=0.1 pd_max=1.0
2026-09-10 15:45:43 | INFO | bdc.gold.fato_analise_credito | PD final CPURA calculada com sucesso. CNPJ=23412242000198 score_total=0.9 score_truncado=0.9 u=0.82 pd_bruta=0.838 pd_final=0.8379999999999999
2026-09-10 15:45:43 | INFO | bdc.gold.fato_analise_credito | PD ajustada calculada com sucesso. CNPJ=23412242000198 SEGMENTO_PD=CPURA PD_BASE=0.128408 RATING_FINAL=None SCORE_TOTAL=0.9 PD_FINAL=0.8379999999999999 METODO=INTERPOLACAO_INTRA_RATING_CPURA
2026-09-10 15:45:43 | INFO | bdc.gold.fato_analise_credito | Iniciando cálculo de PD ajustada. CNPJ=23422037000103 SEGMENTO_PD=CPURA
2026-09-10 15:45:43 | WARNING | bdc.gold.fato_analise_credito | Cálculo CPURA suspenso por Falha Segura. Rating nulo. CNPJ=23422037000103
2026-09-10 15:45:43 | INFO | bdc.gold.fato_analise_credito | Iniciando cálculo de PD ajustada. CNPJ=24011952000179 SEGMENTO_PD=CPURA
2026-09-10 15:45:43 | INFO | bdc.gold.fato_analise_credito | Iniciando cálculo das notas quantitativas CPURA. CNPJ=24011952000179
2026-09-10 15:45:43 | INFO | bdc.gold.fato_analise_credito | Notas quantitativas CPURA calculadas. CNPJ=24011952000179 NOTA_PD=E NOTA_FCO_ROL=A NOTA_ROE=D NOTA_ROA=D
2026-09-10 15:45:43 | INFO | bdc.gold.fato_analise_credito | Iniciando score qualitativo CPURA. CNPJ=24011952000179
2026-09-10 15:45:43 | INFO | bdc.gold.fato_analise_credito | Score qualitativo CPURA calculado. CNPJ=24011952000179 SCORE_QUALITATIVO=2.1
2026-09-10 15:45:43 | INFO | bdc.gold.fato_analise_credito | Iniciando score quantitativo CPURA. CNPJ=24011952000179
2026-09-10 15:45:43 | INFO | bdc.gold.fato_analise_credito | Score quantitativo CPURA calculado. CNPJ=24011952000179 SCORE_QUANTITATIVO=2.8
2026-09-10 15:45:43 | INFO | bdc.gold.fato_analise_credito | Score total CPURA calculado. SCORE_TOTAL=4.9
2026-09-10 15:45:43 | INFO | bdc.gold.fato_analise_credito | Iniciando cálculo de PD final CPURA. CNPJ=24011952000179 rating=E pd_min=0.1 pd_max=1.0
2026-09-10 15:45:43 | INFO | bdc.gold.fato_analise_credito | PD final CPURA calculada com sucesso. CNPJ=24011952000179 score_total=4.9 score_truncado=4.9 u=0.019999999999999928 pd_bruta=0.11799999999999994 pd_final=0.11799999999999992
2026-09-10 15:45:43 | INFO | bdc.gold.fato_analise_credito | PD ajustada calculada com sucesso. CNPJ=24011952000179 SEGMENTO_PD=CPURA PD_BASE=1.0 RATING_FINAL=None SCORE_TOTAL=4.9 PD_FINAL=0.11799999999999992 METODO=INTERPOLACAO_INTRA_RATING_CPURA
2026-09-10 15:45:43 | INFO | bdc.gold.fato_analise_credito | Iniciando cálculo de PD ajustada. CNPJ=24222394000190 SEGMENTO_PD=CPURA
2026-09-10 15:45:43 | INFO | bdc.gold.fato_analise_credito | Iniciando cálculo das notas quantitativas CPURA. CNPJ=24222394000190
2026-09-10 15:45:43 | INFO | bdc.gold.fato_analise_credito | Notas quantitativas CPURA calculadas. CNPJ=24222394000190 NOTA_PD=A NOTA_FCO_ROL=A NOTA_ROE=A NOTA_ROA=A
2026-09-10 15:45:43 | INFO | bdc.gold.fato_analise_credito | Iniciando score qualitativo CPURA. CNPJ=24222394000190
2026-09-10 15:45:43 | INFO | bdc.gold.fato_analise_credito | Score qualitativo CPURA calculado. CNPJ=24222394000190 SCORE_QUALITATIVO=3.0
2026-09-10 15:45:43 | INFO | bdc.gold.fato_analise_credito | Iniciando score quantitativo CPURA. CNPJ=24222394000190
2026-09-10 15:45:43 | INFO | bdc.gold.fato_analise_credito | Score quantitativo CPURA calculado. CNPJ=24222394000190 SCORE_QUANTITATIVO=7.0
2026-09-10 15:45:43 | INFO | bdc.gold.fato_analise_credito | Score total CPURA calculado. SCORE_TOTAL=10.0
2026-09-10 15:45:43 | INFO | bdc.gold.fato_analise_credito | Iniciando cálculo de PD final CPURA. CNPJ=24222394000190 rating=A pd_min=0.0 pd_max=0.005
2026-09-10 15:45:43 | INFO | bdc.gold.fato_analise_credito | PD final CPURA calculada com sucesso. CNPJ=24222394000190 score_total=10.0 score_truncado=10.0 u=0.0 pd_bruta=0.0 pd_final=2.2603242979035746e-06
2026-09-10 15:45:43 | INFO | bdc.gold.fato_analise_credito | PD ajustada calculada com sucesso. CNPJ=24222394000190 SEGMENTO_PD=CPURA PD_BASE=5.6e-05 RATING_FINAL=None SCORE_TOTAL=10.0 PD_FINAL=2.2603242979035746e-06 METODO=INTERPOLACAO_INTRA_RATING_CPURA
2026-09-10 15:45:43 | INFO | bdc.gold.fato_analise_credito | Iniciando cálculo de PD ajustada. CNPJ=24337192000194 SEGMENTO_PD=CGRUPO
2026-09-10 15:45:43 | INFO | bdc.gold.fato_analise_credito | PD ajustada calculada com sucesso. CNPJ=24337192000194 SEGMENTO_PD=CGRUPO PD_BASE=0.005 RATING_FINAL=A SCORE_TOTAL=None PD_FINAL=0.005 METODO=FIXED_PD
2026-09-10 15:45:43 | INFO | bdc.gold.fato_analise_credito | Iniciando cálculo de PD ajustada. CNPJ=24479976000157 SEGMENTO_PD=CPURA
2026-09-10 15:45:43 | WARNING | bdc.gold.fato_analise_credito | Cálculo CPURA suspenso por Falha Segura. Rating nulo. CNPJ=24479976000157
2026-09-10 15:45:43 | INFO | bdc.gold.fato_analise_credito | Iniciando cálculo de PD ajustada. CNPJ=24479976000157 SEGMENTO_PD=CPURA
2026-09-10 15:45:43 | WARNING | bdc.gold.fato_analise_credito | Cálculo CPURA suspenso por Falha Segura. Rating nulo. CNPJ=24479976000157
2026-09-10 15:45:43 | INFO | bdc.gold.fato_analise_credito | Iniciando cálculo de PD ajustada. CNPJ=24479976000157 SEGMENTO_PD=CPURA
2026-09-10 15:45:43 | WARNING | bdc.gold.fato_analise_credito | Cálculo CPURA suspenso por Falha Segura. Rating nulo. CNPJ=24479976000157
2026-09-10 15:45:43 | INFO | bdc.gold.fato_analise_credito | Iniciando cálculo de PD ajustada. CNPJ=24479976000157 SEGMENTO_PD=CPURA
2026-09-10 15:45:43 | INFO | bdc.gold.fato_analise_credito | Iniciando cálculo das notas quantitativas CPURA. CNPJ=24479976000157
2026-09-10 15:45:43 | INFO | bdc.gold.fato_analise_credito | Notas quantitativas CPURA calculadas. CNPJ=24479976000157 NOTA_PD=C NOTA_FCO_ROL=C NOTA_ROE=E NOTA_ROA=E
2026-09-10 15:45:43 | INFO | bdc.gold.fato_analise_credito | Iniciando score qualitativo CPURA. CNPJ=24479976000157
2026-09-10 15:45:43 | INFO | bdc.gold.fato_analise_credito | Score qualitativo CPURA calculado. CNPJ=24479976000157 SCORE_QUALITATIVO=1.4000000000000001
2026-09-10 15:45:43 | INFO | bdc.gold.fato_analise_credito | Iniciando score quantitativo CPURA. CNPJ=24479976000157
2026-09-10 15:45:43 | INFO | bdc.gold.fato_analise_credito | Score quantitativo CPURA calculado. CNPJ=24479976000157 SCORE_QUANTITATIVO=3.36
2026-09-10 15:45:43 | INFO | bdc.gold.fato_analise_credito | Score total CPURA calculado. SCORE_TOTAL=4.76
2026-09-10 15:45:43 | INFO | bdc.gold.fato_analise_credito | Iniciando cálculo de PD final CPURA. CNPJ=24479976000157 rating=E pd_min=0.1 pd_max=1.0
2026-09-10 15:45:43 | INFO | bdc.gold.fato_analise_credito | PD final CPURA calculada com sucesso. CNPJ=24479976000157 score_total=4.76 score_truncado=4.76 u=0.04800000000000004 pd_bruta=0.14320000000000005 pd_final=0.14320000000000002
2026-09-10 15:45:43 | INFO | bdc.gold.fato_analise_credito | PD ajustada calculada com sucesso. CNPJ=24479976000157 SEGMENTO_PD=CPURA PD_BASE=0.035194 RATING_FINAL=None SCORE_TOTAL=4.76 PD_FINAL=0.14320000000000002 METODO=INTERPOLACAO_INTRA_RATING_CPURA
2026-09-10 15:45:43 | INFO | bdc.gold.fato_analise_credito | Iniciando cálculo de PD ajustada. CNPJ=24510849000173 SEGMENTO_PD=CPURA
2026-09-10 15:45:43 | WARNING | bdc.gold.fato_analise_credito | Cálculo CPURA suspenso por Falha Segura. Rating nulo. CNPJ=24510849000173
2026-09-10 15:45:43 | INFO | bdc.gold.fato_analise_credito | Iniciando cálculo de PD ajustada. CNPJ=24510849000173 SEGMENTO_PD=CPURA
2026-09-10 15:45:43 | WARNING | bdc.gold.fato_analise_credito | Cálculo CPURA suspenso por Falha Segura. Rating nulo. CNPJ=24510849000173
2026-09-10 15:45:43 | INFO | bdc.gold.fato_analise_credito | Iniciando cálculo de PD ajustada. CNPJ=24510849000173 SEGMENTO_PD=CPURA
2026-09-10 15:45:43 | WARNING | bdc.gold.fato_analise_credito | Cálculo CPURA suspenso por Falha Segura. Rating nulo. CNPJ=24510849000173
2026-09-10 15:45:43 | INFO | bdc.gold.fato_analise_credito | Iniciando cálculo de PD ajustada. CNPJ=24510849000173 SEGMENTO_PD=CPURA
2026-09-10 15:45:43 | WARNING | bdc.gold.fato_analise_credito | Cálculo CPURA suspenso por Falha Segura. Rating nulo. CNPJ=24510849000173
2026-09-10 15:45:43 | INFO | bdc.gold.fato_analise_credito | Iniciando cálculo de PD ajustada. CNPJ=24510849000173 SEGMENTO_PD=CPURA
2026-09-10 15:45:43 | WARNING | bdc.gold.fato_analise_credito | Cálculo CPURA suspenso por Falha Segura. Rating nulo. CNPJ=24510849000173
2026-09-10 15:45:43 | INFO | bdc.gold.fato_analise_credito | Iniciando cálculo de PD ajustada. CNPJ=24510849000173 SEGMENTO_PD=CPURA
2026-09-10 15:45:43 | INFO | bdc.gold.fato_analise_credito | Iniciando cálculo das notas quantitativas CPURA. CNPJ=24510849000173
2026-09-10 15:45:43 | INFO | bdc.gold.fato_analise_credito | Notas quantitativas CPURA calculadas. CNPJ=24510849000173 NOTA_PD=C NOTA_FCO_ROL=A NOTA_ROE=E NOTA_ROA=E
2026-09-10 15:45:43 | INFO | bdc.gold.fato_analise_credito | Iniciando score qualitativo CPURA. CNPJ=24510849000173
2026-09-10 15:45:43 | INFO | bdc.gold.fato_analise_credito | Score qualitativo CPURA calculado. CNPJ=24510849000173 SCORE_QUALITATIVO=2.8
2026-09-10 15:45:43 | INFO | bdc.gold.fato_analise_credito | Iniciando score quantitativo CPURA. CNPJ=24510849000173
2026-09-10 15:45:43 | INFO | bdc.gold.fato_analise_credito | Score quantitativo CPURA calculado. CNPJ=24510849000173 SCORE_QUANTITATIVO=4.311999999999999
2026-09-10 15:45:43 | INFO | bdc.gold.fato_analise_credito | Score total CPURA calculado. SCORE_TOTAL=7.111999999999999
2026-09-10 15:45:43 | INFO | bdc.gold.fato_analise_credito | Iniciando cálculo de PD final CPURA. CNPJ=24510849000173 rating=B pd_min=0.005 pd_max=0.0076
2026-09-10 15:45:43 | INFO | bdc.gold.fato_analise_credito | PD final CPURA calculada com sucesso. CNPJ=24510849000173 score_total=7.111999999999999 score_truncado=7.111999999999999 u=0.8880000000000008 pd_bruta=0.0073088000000000024 pd_final=0.007308800000000004
2026-09-10 15:45:43 | INFO | bdc.gold.fato_analise_credito | PD ajustada calculada com sucesso. CNPJ=24510849000173 SEGMENTO_PD=CPURA PD_BASE=0.01039 RATING_FINAL=None SCORE_TOTAL=7.111999999999999 PD_FINAL=0.007308800000000004 METODO=INTERPOLACAO_INTRA_RATING_CPURA
2026-09-10 15:45:43 | INFO | bdc.gold.fato_analise_credito | Iniciando cálculo de PD ajustada. CNPJ=24550050000100 SEGMENTO_PD=CPURA
2026-09-10 15:45:43 | INFO | bdc.gold.fato_analise_credito | Iniciando cálculo das notas quantitativas CPURA. CNPJ=24550050000100
2026-09-10 15:45:43 | INFO | bdc.gold.fato_analise_credito | Notas quantitativas CPURA calculadas. CNPJ=24550050000100 NOTA_PD=E NOTA_FCO_ROL=A NOTA_ROE=E NOTA_ROA=D
2026-09-10 15:45:43 | INFO | bdc.gold.fato_analise_credito | Iniciando score qualitativo CPURA. CNPJ=24550050000100
2026-09-10 15:45:43 | INFO | bdc.gold.fato_analise_credito | Score qualitativo CPURA calculado. CNPJ=24550050000100 SCORE_QUALITATIVO=0.5
2026-09-10 15:45:43 | INFO | bdc.gold.fato_analise_credito | Iniciando score quantitativo CPURA. CNPJ=24550050000100
2026-09-10 15:45:43 | INFO | bdc.gold.fato_analise_credito | Score quantitativo CPURA calculado. CNPJ=24550050000100 SCORE_QUANTITATIVO=2.59
2026-09-10 15:45:43 | INFO | bdc.gold.fato_analise_credito | Score total CPURA calculado. SCORE_TOTAL=3.09
2026-09-10 15:45:43 | INFO | bdc.gold.fato_analise_credito | Iniciando cálculo de PD final CPURA. CNPJ=24550050000100 rating=E pd_min=0.1 pd_max=1.0
2026-09-10 15:45:43 | INFO | bdc.gold.fato_analise_credito | PD final CPURA calculada com sucesso. CNPJ=24550050000100 score_total=3.09 score_truncado=3.09 u=0.382 pd_bruta=0.4438 pd_final=0.4438
2026-09-10 15:45:43 | INFO | bdc.gold.fato_analise_credito | PD ajustada calculada com sucesso. CNPJ=24550050000100 SEGMENTO_PD=CPURA PD_BASE=0.974037 RATING_FINAL=None SCORE_TOTAL=3.09 PD_FINAL=0.4438 METODO=INTERPOLACAO_INTRA_RATING_CPURA
2026-09-10 15:45:43 | INFO | bdc.gold.fato_analise_credito | Iniciando cálculo de PD ajustada. CNPJ=24743678000122 SEGMENTO_PD=CPURA
2026-09-10 15:45:43 | WARNING | bdc.gold.fato_analise_credito | Cálculo CPURA suspenso por Falha Segura. Rating nulo. CNPJ=24743678000122
2026-09-10 15:45:43 | INFO | bdc.gold.fato_analise_credito | Iniciando cálculo de PD ajustada. CNPJ=25099255000184 SEGMENTO_PD=CPURA
2026-09-10 15:45:43 | WARNING | bdc.gold.fato_analise_credito | Cálculo CPURA suspenso por Falha Segura. Rating nulo. CNPJ=25099255000184
2026-09-10 15:45:43 | INFO | bdc.gold.fato_analise_credito | Iniciando cálculo de PD ajustada. CNPJ=25099255000184 SEGMENTO_PD=CPURA
2026-09-10 15:45:43 | WARNING | bdc.gold.fato_analise_credito | Cálculo CPURA suspenso por Falha Segura. Rating nulo. CNPJ=25099255000184
2026-09-10 15:45:43 | INFO | bdc.gold.fato_analise_credito | Iniciando cálculo de PD ajustada. CNPJ=25099255000184 SEGMENTO_PD=CPURA
2026-09-10 15:45:43 | WARNING | bdc.gold.fato_analise_credito | Cálculo CPURA suspenso por Falha Segura. Rating nulo. CNPJ=25099255000184
2026-09-10 15:45:43 | INFO | bdc.gold.fato_analise_credito | Iniciando cálculo de PD ajustada. CNPJ=25099255000184 SEGMENTO_PD=CPURA
2026-09-10 15:45:43 | WARNING | bdc.gold.fato_analise_credito | Cálculo CPURA suspenso por Falha Segura. Rating nulo. CNPJ=25099255000184
2026-09-10 15:45:43 | INFO | bdc.gold.fato_analise_credito | Iniciando cálculo de PD ajustada. CNPJ=25099255000184 SEGMENTO_PD=CPURA
2026-09-10 15:45:43 | WARNING | bdc.gold.fato_analise_credito | Cálculo CPURA suspenso por Falha Segura. Rating nulo. CNPJ=25099255000184
2026-09-10 15:45:43 | INFO | bdc.gold.fato_analise_credito | Iniciando cálculo de PD ajustada. CNPJ=25318541000193 SEGMENTO_PD=CPURA
2026-09-10 15:45:43 | WARNING | bdc.gold.fato_analise_credito | Cálculo CPURA suspenso por Falha Segura. Rating nulo. CNPJ=25318541000193
2026-09-10 15:45:43 | INFO | bdc.gold.fato_analise_credito | Iniciando cálculo de PD ajustada. CNPJ=25319200000132 SEGMENTO_PD=CPURA
2026-09-10 15:45:43 | WARNING | bdc.gold.fato_analise_credito | Cálculo CPURA suspenso por Falha Segura. Rating nulo. CNPJ=25319200000132
2026-09-10 15:45:43 | INFO | bdc.gold.fato_analise_credito | Iniciando cálculo de PD ajustada. CNPJ=25369840000157 SEGMENTO_PD=CGRUPO
2026-09-10 15:45:43 | INFO | bdc.gold.fato_analise_credito | PD ajustada calculada com sucesso. CNPJ=25369840000157 SEGMENTO_PD=CGRUPO PD_BASE=0.005 RATING_FINAL=E SCORE_TOTAL=None PD_FINAL=0.1 METODO=CLAMP
2026-09-10 15:45:43 | INFO | bdc.gold.fato_analise_credito | Iniciando cálculo de PD ajustada. CNPJ=25369840000157 SEGMENTO_PD=CGRUPO
2026-09-10 15:45:43 | INFO | bdc.gold.fato_analise_credito | PD ajustada calculada com sucesso. CNPJ=25369840000157 SEGMENTO_PD=CGRUPO PD_BASE=0.005 RATING_FINAL=E SCORE_TOTAL=None PD_FINAL=0.1 METODO=CLAMP
2026-09-10 15:45:43 | INFO | bdc.gold.fato_analise_credito | Iniciando cálculo de PD ajustada. CNPJ=25369840000157 SEGMENTO_PD=CGRUPO
2026-09-10 15:45:43 | INFO | bdc.gold.fato_analise_credito | PD ajustada calculada com sucesso. CNPJ=25369840000157 SEGMENTO_PD=CGRUPO PD_BASE=0.017464 RATING_FINAL=A SCORE_TOTAL=None PD_FINAL=0.005 METODO=FIXED_PD
2026-09-10 15:45:43 | INFO | bdc.gold.fato_analise_credito | Iniciando cálculo de PD ajustada. CNPJ=25369840000157 SEGMENTO_PD=CGRUPO
2026-09-10 15:45:43 | INFO | bdc.gold.fato_analise_credito | PD ajustada calculada com sucesso. CNPJ=25369840000157 SEGMENTO_PD=CGRUPO PD_BASE=0.005 RATING_FINAL=A SCORE_TOTAL=None PD_FINAL=0.005 METODO=FIXED_PD
2026-09-10 15:45:43 | INFO | bdc.gold.fato_analise_credito | Iniciando cálculo de PD ajustada. CNPJ=25466251000197 SEGMENTO_PD=CPURA
2026-09-10 15:45:43 | WARNING | bdc.gold.fato_analise_credito | Cálculo CPURA suspenso por Falha Segura. Rating nulo. CNPJ=25466251000197
2026-09-10 15:45:43 | INFO | bdc.gold.fato_analise_credito | Iniciando cálculo de PD ajustada. CNPJ=25466251000197 SEGMENTO_PD=CPURA
2026-09-10 15:45:43 | WARNING | bdc.gold.fato_analise_credito | Cálculo CPURA suspenso por Falha Segura. Rating nulo. CNPJ=25466251000197
2026-09-10 15:45:43 | INFO | bdc.gold.fato_analise_credito | Iniciando cálculo de PD ajustada. CNPJ=26215280000149 SEGMENTO_PD=CPURA
2026-09-10 15:45:43 | INFO | bdc.gold.fato_analise_credito | Iniciando cálculo das notas quantitativas CPURA. CNPJ=26215280000149
2026-09-10 15:45:43 | INFO | bdc.gold.fato_analise_credito | Notas quantitativas CPURA calculadas. CNPJ=26215280000149 NOTA_PD=E NOTA_FCO_ROL=E NOTA_ROE=E NOTA_ROA=E
2026-09-10 15:45:43 | INFO | bdc.gold.fato_analise_credito | Iniciando score qualitativo CPURA. CNPJ=26215280000149
2026-09-10 15:45:43 | INFO | bdc.gold.fato_analise_credito | Score qualitativo CPURA calculado. CNPJ=26215280000149 SCORE_QUALITATIVO=1.0
2026-09-10 15:45:43 | INFO | bdc.gold.fato_analise_credito | Iniciando score quantitativo CPURA. CNPJ=26215280000149
2026-09-10 15:45:43 | INFO | bdc.gold.fato_analise_credito | Score quantitativo CPURA calculado. CNPJ=26215280000149 SCORE_QUANTITATIVO=0.0
2026-09-10 15:45:43 | INFO | bdc.gold.fato_analise_credito | Score total CPURA calculado. SCORE_TOTAL=1.0
2026-09-10 15:45:43 | INFO | bdc.gold.fato_analise_credito | Iniciando cálculo de PD final CPURA. CNPJ=26215280000149 rating=E pd_min=0.1 pd_max=1.0
2026-09-10 15:45:43 | INFO | bdc.gold.fato_analise_credito | PD final CPURA calculada com sucesso. CNPJ=26215280000149 score_total=1.0 score_truncado=1.0 u=0.8 pd_bruta=0.8200000000000001 pd_final=0.8200000000000001
2026-09-10 15:45:43 | INFO | bdc.gold.fato_analise_credito | PD ajustada calculada com sucesso. CNPJ=26215280000149 SEGMENTO_PD=CPURA PD_BASE=0.999999 RATING_FINAL=None SCORE_TOTAL=1.0 PD_FINAL=0.8200000000000001 METODO=INTERPOLACAO_INTRA_RATING_CPURA
2026-09-10 15:45:43 | INFO | bdc.gold.fato_analise_credito | Iniciando cálculo de PD ajustada. CNPJ=26474919000100 SEGMENTO_PD=CPURA
2026-09-10 15:45:43 | WARNING | bdc.gold.fato_analise_credito | Cálculo CPURA suspenso por Falha Segura. Rating nulo. CNPJ=26474919000100
2026-09-10 15:45:43 | INFO | bdc.gold.fato_analise_credito | Iniciando cálculo de PD ajustada. CNPJ=26474919000100 SEGMENTO_PD=CPURA
2026-09-10 15:45:43 | WARNING | bdc.gold.fato_analise_credito | Cálculo CPURA suspenso por Falha Segura. Rating nulo. CNPJ=26474919000100
2026-09-10 15:45:43 | INFO | bdc.gold.fato_analise_credito | Iniciando cálculo de PD ajustada. CNPJ=26537119000191 SEGMENTO_PD=CPURA
2026-09-10 15:45:43 | WARNING | bdc.gold.fato_analise_credito | Cálculo CPURA suspenso por Falha Segura. Rating nulo. CNPJ=26537119000191
2026-09-10 15:45:43 | INFO | bdc.gold.fato_analise_credito | Iniciando cálculo de PD ajustada. CNPJ=26562346000177 SEGMENTO_PD=CPURA
2026-09-10 15:45:43 | WARNING | bdc.gold.fato_analise_credito | Cálculo CPURA suspenso por Falha Segura. Rating nulo. CNPJ=26562346000177
2026-09-10 15:45:43 | INFO | bdc.gold.fato_analise_credito | Iniciando cálculo de PD ajustada. CNPJ=26562346000177 SEGMENTO_PD=CPURA
2026-09-10 15:45:43 | WARNING | bdc.gold.fato_analise_credito | Cálculo CPURA suspenso por Falha Segura. Rating nulo. CNPJ=26562346000177
2026-09-10 15:45:43 | INFO | bdc.gold.fato_analise_credito | Iniciando cálculo de PD ajustada. CNPJ=26562346000177 SEGMENTO_PD=CPURA
2026-09-10 15:45:43 | WARNING | bdc.gold.fato_analise_credito | Cálculo CPURA suspenso por Falha Segura. Rating nulo. CNPJ=26562346000177
2026-09-10 15:45:43 | INFO | bdc.gold.fato_analise_credito | Iniciando cálculo de PD ajustada. CNPJ=26562346000177 SEGMENTO_PD=CPURA
2026-09-10 15:45:43 | WARNING | bdc.gold.fato_analise_credito | Cálculo CPURA suspenso por Falha Segura. Rating nulo. CNPJ=26562346000177
2026-09-10 15:45:43 | INFO | bdc.gold.fato_analise_credito | Iniciando cálculo de PD ajustada. CNPJ=26562346000177 SEGMENTO_PD=CPURA
2026-09-10 15:45:43 | INFO | bdc.gold.fato_analise_credito | Iniciando cálculo das notas quantitativas CPURA. CNPJ=26562346000177
2026-09-10 15:45:43 | INFO | bdc.gold.fato_analise_credito | Notas quantitativas CPURA calculadas. CNPJ=26562346000177 NOTA_PD=A NOTA_FCO_ROL=C NOTA_ROE=E NOTA_ROA=E
2026-09-10 15:45:43 | INFO | bdc.gold.fato_analise_credito | Iniciando score qualitativo CPURA. CNPJ=26562346000177
2026-09-10 15:45:43 | INFO | bdc.gold.fato_analise_credito | Score qualitativo CPURA calculado. CNPJ=26562346000177 SCORE_QUALITATIVO=1.0
2026-09-10 15:45:43 | INFO | bdc.gold.fato_analise_credito | Iniciando score quantitativo CPURA. CNPJ=26562346000177
2026-09-10 15:45:43 | INFO | bdc.gold.fato_analise_credito | Score quantitativo CPURA calculado. CNPJ=26562346000177 SCORE_QUANTITATIVO=4.648
2026-09-10 15:45:43 | INFO | bdc.gold.fato_analise_credito | Score total CPURA calculado. SCORE_TOTAL=5.648
2026-09-10 15:45:43 | INFO | bdc.gold.fato_analise_credito | Iniciando cálculo de PD final CPURA. CNPJ=26562346000177 rating=D pd_min=0.0417 pd_max=0.1
2026-09-10 15:45:43 | INFO | bdc.gold.fato_analise_credito | PD final CPURA calculada com sucesso. CNPJ=26562346000177 score_total=5.648 score_truncado=5.648 u=0.3520000000000003 pd_bruta=0.062221600000000016 pd_final=0.062221600000000016
2026-09-10 15:45:43 | INFO | bdc.gold.fato_analise_credito | PD ajustada calculada com sucesso. CNPJ=26562346000177 SEGMENTO_PD=CPURA PD_BASE=0.003542 RATING_FINAL=None SCORE_TOTAL=5.648 PD_FINAL=0.062221600000000016 METODO=INTERPOLACAO_INTRA_RATING_CPURA
2026-09-10 15:45:43 | INFO | bdc.gold.fato_analise_credito | Iniciando cálculo de PD ajustada. CNPJ=26914969000161 SEGMENTO_PD=CPURA
2026-09-10 15:45:43 | WARNING | bdc.gold.fato_analise_credito | Cálculo CPURA suspenso por Falha Segura. Rating nulo. CNPJ=26914969000161
2026-09-10 15:45:43 | INFO | bdc.gold.fato_analise_credito | Iniciando cálculo de PD ajustada. CNPJ=26914969000161 SEGMENTO_PD=CPURA
2026-09-10 15:45:43 | WARNING | bdc.gold.fato_analise_credito | Cálculo CPURA suspenso por Falha Segura. Rating nulo. CNPJ=26914969000161
2026-09-10 15:45:43 | INFO | bdc.gold.fato_analise_credito | Iniciando cálculo de PD ajustada. CNPJ=26914969000161 SEGMENTO_PD=CGRUPO
2026-09-10 15:45:43 | INFO | bdc.gold.fato_analise_credito | PD ajustada calculada com sucesso. CNPJ=26914969000161 SEGMENTO_PD=CGRUPO PD_BASE=0.005 RATING_FINAL=A SCORE_TOTAL=None PD_FINAL=0.005 METODO=FIXED_PD
2026-09-10 15:45:43 | INFO | bdc.gold.fato_analise_credito | Iniciando cálculo de PD ajustada. CNPJ=26914969000161 SEGMENTO_PD=CGRUPO
2026-09-10 15:45:43 | INFO | bdc.gold.fato_analise_credito | PD ajustada calculada com sucesso. CNPJ=26914969000161 SEGMENTO_PD=CGRUPO PD_BASE=0.017464 RATING_FINAL=A SCORE_TOTAL=None PD_FINAL=0.005 METODO=FIXED_PD
2026-09-10 15:45:43 | INFO | bdc.gold.fato_analise_credito | Iniciando cálculo de PD ajustada. CNPJ=26914969000161 SEGMENTO_PD=CGRUPO
2026-09-10 15:45:43 | INFO | bdc.gold.fato_analise_credito | PD ajustada calculada com sucesso. CNPJ=26914969000161 SEGMENTO_PD=CGRUPO PD_BASE=0.005 RATING_FINAL=A SCORE_TOTAL=None PD_FINAL=0.005 METODO=FIXED_PD
2026-09-10 15:45:43 | INFO | bdc.gold.fato_analise_credito | Iniciando cálculo de PD ajustada. CNPJ=26940979000171 SEGMENTO_PD=CPURA
2026-09-10 15:45:43 | WARNING | bdc.gold.fato_analise_credito | Cálculo CPURA suspenso por Falha Segura. Rating nulo. CNPJ=26940979000171
2026-09-10 15:45:43 | INFO | bdc.gold.fato_analise_credito | Iniciando cálculo de PD ajustada. CNPJ=26940979000171 SEGMENTO_PD=CPURA
2026-09-10 15:45:43 | WARNING | bdc.gold.fato_analise_credito | Cálculo CPURA suspenso por Falha Segura. Rating nulo. CNPJ=26940979000171
2026-09-10 15:45:43 | INFO | bdc.gold.fato_analise_credito | Iniciando cálculo de PD ajustada. CNPJ=26940979000171 SEGMENTO_PD=CPURA
2026-09-10 15:45:43 | WARNING | bdc.gold.fato_analise_credito | Cálculo CPURA suspenso por Falha Segura. Rating nulo. CNPJ=26940979000171
2026-09-10 15:45:43 | INFO | bdc.gold.fato_analise_credito | Iniciando cálculo de PD ajustada. CNPJ=26986376000100 SEGMENTO_PD=CPURA
2026-09-10 15:45:43 | INFO | bdc.gold.fato_analise_credito | Iniciando cálculo das notas quantitativas CPURA. CNPJ=26986376000100
2026-09-10 15:45:43 | INFO | bdc.gold.fato_analise_credito | Notas quantitativas CPURA calculadas. CNPJ=26986376000100 NOTA_PD=E NOTA_FCO_ROL=E NOTA_ROE=C NOTA_ROA=C
2026-09-10 15:45:43 | INFO | bdc.gold.fato_analise_credito | Iniciando score qualitativo CPURA. CNPJ=26986376000100
2026-09-10 15:45:43 | INFO | bdc.gold.fato_analise_credito | Score qualitativo CPURA calculado. CNPJ=26986376000100 SCORE_QUALITATIVO=0.5
2026-09-10 15:45:43 | INFO | bdc.gold.fato_analise_credito | Iniciando score quantitativo CPURA. CNPJ=26986376000100
2026-09-10 15:45:43 | INFO | bdc.gold.fato_analise_credito | Score quantitativo CPURA calculado. CNPJ=26986376000100 SCORE_QUANTITATIVO=0.8400000000000001
2026-09-10 15:45:43 | INFO | bdc.gold.fato_analise_credito | Score total CPURA calculado. SCORE_TOTAL=1.34
2026-09-10 15:45:43 | INFO | bdc.gold.fato_analise_credito | Iniciando cálculo de PD final CPURA. CNPJ=26986376000100 rating=E pd_min=0.1 pd_max=1.0
2026-09-10 15:45:43 | INFO | bdc.gold.fato_analise_credito | PD final CPURA calculada com sucesso. CNPJ=26986376000100 score_total=1.34 score_truncado=1.34 u=0.732 pd_bruta=0.7588 pd_final=0.7588
2026-09-10 15:45:43 | INFO | bdc.gold.fato_analise_credito | PD ajustada calculada com sucesso. CNPJ=26986376000100 SEGMENTO_PD=CPURA PD_BASE=0.999955 RATING_FINAL=None SCORE_TOTAL=1.34 PD_FINAL=0.7588 METODO=INTERPOLACAO_INTRA_RATING_CPURA
2026-09-10 15:45:43 | INFO | bdc.gold.fato_analise_credito | Iniciando cálculo de PD ajustada. CNPJ=27184790000169 SEGMENTO_PD=CPURA
2026-09-10 15:45:43 | INFO | bdc.gold.fato_analise_credito | Iniciando cálculo das notas quantitativas CPURA. CNPJ=27184790000169
2026-09-10 15:45:43 | INFO | bdc.gold.fato_analise_credito | Notas quantitativas CPURA calculadas. CNPJ=27184790000169 NOTA_PD=A NOTA_FCO_ROL=A NOTA_ROE=E NOTA_ROA=D
2026-09-10 15:45:43 | INFO | bdc.gold.fato_analise_credito | Iniciando score qualitativo CPURA. CNPJ=27184790000169
2026-09-10 15:45:43 | INFO | bdc.gold.fato_analise_credito | Score qualitativo CPURA calculado. CNPJ=27184790000169 SCORE_QUALITATIVO=0.7000000000000001
2026-09-10 15:45:43 | INFO | bdc.gold.fato_analise_credito | Iniciando score quantitativo CPURA. CNPJ=27184790000169
2026-09-10 15:45:43 | INFO | bdc.gold.fato_analise_credito | Score quantitativo CPURA calculado. CNPJ=27184790000169 SCORE_QUANTITATIVO=5.81
2026-09-10 15:45:43 | INFO | bdc.gold.fato_analise_credito | Score total CPURA calculado. SCORE_TOTAL=6.51
2026-09-10 15:45:43 | INFO | bdc.gold.fato_analise_credito | Iniciando cálculo de PD final CPURA. CNPJ=27184790000169 rating=C pd_min=0.0076 pd_max=0.0417
2026-09-10 15:45:43 | INFO | bdc.gold.fato_analise_credito | PD final CPURA calculada com sucesso. CNPJ=27184790000169 score_total=6.51 score_truncado=6.51 u=0.4900000000000002 pd_bruta=0.024309000000000004 pd_final=0.024309000000000004
2026-09-10 15:45:43 | INFO | bdc.gold.fato_analise_credito | PD ajustada calculada com sucesso. CNPJ=27184790000169 SEGMENTO_PD=CPURA PD_BASE=2.4e-05 RATING_FINAL=None SCORE_TOTAL=6.51 PD_FINAL=0.024309000000000004 METODO=INTERPOLACAO_INTRA_RATING_CPURA
2026-09-10 15:45:43 | INFO | bdc.gold.fato_analise_credito | Iniciando cálculo de PD ajustada. CNPJ=27352303000120 SEGMENTO_PD=CGRUPO
2026-09-10 15:45:43 | INFO | bdc.gold.fato_analise_credito | PD ajustada calculada com sucesso. CNPJ=27352303000120 SEGMENTO_PD=CGRUPO PD_BASE=0.005 RATING_FINAL=A SCORE_TOTAL=None PD_FINAL=0.005 METODO=FIXED_PD
2026-09-10 15:45:43 | INFO | bdc.gold.fato_analise_credito | Iniciando cálculo de PD ajustada. CNPJ=27483435000190 SEGMENTO_PD=CPURA
2026-09-10 15:45:43 | WARNING | bdc.gold.fato_analise_credito | Cálculo CPURA suspenso por Falha Segura. Rating nulo. CNPJ=27483435000190
2026-09-10 15:45:43 | INFO | bdc.gold.fato_analise_credito | Iniciando cálculo de PD ajustada. CNPJ=27483435000190 SEGMENTO_PD=CPURA
2026-09-10 15:45:43 | WARNING | bdc.gold.fato_analise_credito | Cálculo CPURA suspenso por Falha Segura. Rating nulo. CNPJ=27483435000190
2026-09-10 15:45:43 | INFO | bdc.gold.fato_analise_credito | Iniciando cálculo de PD ajustada. CNPJ=27483435000190 SEGMENTO_PD=CPURA
2026-09-10 15:45:43 | WARNING | bdc.gold.fato_analise_credito | Cálculo CPURA suspenso por Falha Segura. Rating nulo. CNPJ=27483435000190
2026-09-10 15:45:43 | INFO | bdc.gold.fato_analise_credito | Iniciando cálculo de PD ajustada. CNPJ=27483435000190 SEGMENTO_PD=CPURA
2026-09-10 15:45:43 | INFO | bdc.gold.fato_analise_credito | Iniciando cálculo das notas quantitativas CPURA. CNPJ=27483435000190
2026-09-10 15:45:43 | INFO | bdc.gold.fato_analise_credito | Notas quantitativas CPURA calculadas. CNPJ=27483435000190 NOTA_PD=A NOTA_FCO_ROL=C NOTA_ROE=E NOTA_ROA=E
2026-09-10 15:45:43 | INFO | bdc.gold.fato_analise_credito | Iniciando score qualitativo CPURA. CNPJ=27483435000190
2026-09-10 15:45:43 | INFO | bdc.gold.fato_analise_credito | Score qualitativo CPURA calculado. CNPJ=27483435000190 SCORE_QUALITATIVO=2.1
2026-09-10 15:45:43 | INFO | bdc.gold.fato_analise_credito | Iniciando score quantitativo CPURA. CNPJ=27483435000190
2026-09-10 15:45:43 | INFO | bdc.gold.fato_analise_credito | Score quantitativo CPURA calculado. CNPJ=27483435000190 SCORE_QUANTITATIVO=4.648
2026-09-10 15:45:43 | INFO | bdc.gold.fato_analise_credito | Score total CPURA calculado. SCORE_TOTAL=6.747999999999999
2026-09-10 15:45:43 | INFO | bdc.gold.fato_analise_credito | Iniciando cálculo de PD final CPURA. CNPJ=27483435000190 rating=C pd_min=0.0076 pd_max=0.0417
2026-09-10 15:45:43 | INFO | bdc.gold.fato_analise_credito | PD final CPURA calculada com sucesso. CNPJ=27483435000190 score_total=6.747999999999999 score_truncado=6.747999999999999 u=0.25200000000000067 pd_bruta=0.016193200000000022 pd_final=0.016193200000000022
2026-09-10 15:45:43 | INFO | bdc.gold.fato_analise_credito | PD ajustada calculada com sucesso. CNPJ=27483435000190 SEGMENTO_PD=CPURA PD_BASE=6e-06 RATING_FINAL=None SCORE_TOTAL=6.747999999999999 PD_FINAL=0.016193200000000022 METODO=INTERPOLACAO_INTRA_RATING_CPURA
2026-09-10 15:45:43 | INFO | bdc.gold.fato_analise_credito | Iniciando cálculo de PD ajustada. CNPJ=27690671000188 SEGMENTO_PD=CPURA
2026-09-10 15:45:43 | WARNING | bdc.gold.fato_analise_credito | Cálculo CPURA suspenso por Falha Segura. Rating nulo. CNPJ=27690671000188
2026-09-10 15:45:43 | INFO | bdc.gold.fato_analise_credito | Iniciando cálculo de PD ajustada. CNPJ=27690671000188 SEGMENTO_PD=CPURA
2026-09-10 15:45:43 | WARNING | bdc.gold.fato_analise_credito | Cálculo CPURA suspenso por Falha Segura. Rating nulo. CNPJ=27690671000188
2026-09-10 15:45:43 | INFO | bdc.gold.fato_analise_credito | Iniciando cálculo de PD ajustada. CNPJ=27690671000188 SEGMENTO_PD=CPURA
2026-09-10 15:45:43 | WARNING | bdc.gold.fato_analise_credito | Cálculo CPURA suspenso por Falha Segura. Rating nulo. CNPJ=27690671000188
2026-09-10 15:45:43 | INFO | bdc.gold.fato_analise_credito | Iniciando cálculo de PD ajustada. CNPJ=27690671000188 SEGMENTO_PD=CPURA
2026-09-10 15:45:43 | WARNING | bdc.gold.fato_analise_credito | Cálculo CPURA suspenso por Falha Segura. Rating nulo. CNPJ=27690671000188
2026-09-10 15:45:43 | INFO | bdc.gold.fato_analise_credito | Iniciando cálculo de PD ajustada. CNPJ=27690671000188 SEGMENTO_PD=CPURA
2026-09-10 15:45:43 | WARNING | bdc.gold.fato_analise_credito | Cálculo CPURA suspenso por Falha Segura. Rating nulo. CNPJ=27690671000188
2026-09-10 15:45:43 | INFO | bdc.gold.fato_analise_credito | Iniciando cálculo de PD ajustada. CNPJ=27796415000170 SEGMENTO_PD=CPURA
2026-09-10 15:45:43 | WARNING | bdc.gold.fato_analise_credito | Cálculo CPURA suspenso por Falha Segura. Rating nulo. CNPJ=27796415000170
2026-09-10 15:45:43 | INFO | bdc.gold.fato_analise_credito | Iniciando cálculo de PD ajustada. CNPJ=27796415000170 SEGMENTO_PD=CGRUPO
2026-09-10 15:45:43 | INFO | bdc.gold.fato_analise_credito | PD ajustada calculada com sucesso. CNPJ=27796415000170 SEGMENTO_PD=CGRUPO PD_BASE=0.005 RATING_FINAL=E SCORE_TOTAL=None PD_FINAL=0.1 METODO=CLAMP
2026-09-10 15:45:43 | INFO | bdc.gold.fato_analise_credito | Iniciando cálculo de PD ajustada. CNPJ=27796415000170 SEGMENTO_PD=CPURA
2026-09-10 15:45:43 | WARNING | bdc.gold.fato_analise_credito | Cálculo CPURA suspenso por Falha Segura. Rating nulo. CNPJ=27796415000170
2026-09-10 15:45:43 | INFO | bdc.gold.fato_analise_credito | Iniciando cálculo de PD ajustada. CNPJ=27796415000170 SEGMENTO_PD=CPURA
2026-09-10 15:45:43 | WARNING | bdc.gold.fato_analise_credito | Cálculo CPURA suspenso por Falha Segura. Rating nulo. CNPJ=27796415000170
2026-09-10 15:45:43 | INFO | bdc.gold.fato_analise_credito | Iniciando cálculo de PD ajustada. CNPJ=27796415000170 SEGMENTO_PD=CPURA
2026-09-10 15:45:43 | INFO | bdc.gold.fato_analise_credito | Iniciando cálculo das notas quantitativas CPURA. CNPJ=27796415000170
2026-09-10 15:45:43 | INFO | bdc.gold.fato_analise_credito | Notas quantitativas CPURA calculadas. CNPJ=27796415000170 NOTA_PD=A NOTA_FCO_ROL=D NOTA_ROE=C NOTA_ROA=C
2026-09-10 15:45:43 | INFO | bdc.gold.fato_analise_credito | Iniciando score qualitativo CPURA. CNPJ=27796415000170
2026-09-10 15:45:43 | INFO | bdc.gold.fato_analise_credito | Score qualitativo CPURA calculado. CNPJ=27796415000170 SCORE_QUALITATIVO=2.2
2026-09-10 15:45:43 | INFO | bdc.gold.fato_analise_credito | Iniciando score quantitativo CPURA. CNPJ=27796415000170
2026-09-10 15:45:43 | INFO | bdc.gold.fato_analise_credito | Score quantitativo CPURA calculado. CNPJ=27796415000170 SCORE_QUANTITATIVO=4.774
2026-09-10 15:45:43 | INFO | bdc.gold.fato_analise_credito | Score total CPURA calculado. SCORE_TOTAL=6.974
2026-09-10 15:45:43 | INFO | bdc.gold.fato_analise_credito | Iniciando cálculo de PD final CPURA. CNPJ=27796415000170 rating=C pd_min=0.0076 pd_max=0.0417
2026-09-10 15:45:43 | INFO | bdc.gold.fato_analise_credito | PD final CPURA calculada com sucesso. CNPJ=27796415000170 score_total=6.974 score_truncado=6.974 u=0.0259999999999998 pd_bruta=0.008486599999999993 pd_final=0.008486599999999992
2026-09-10 15:45:43 | INFO | bdc.gold.fato_analise_credito | PD ajustada calculada com sucesso. CNPJ=27796415000170 SEGMENTO_PD=CPURA PD_BASE=0.001273 RATING_FINAL=None SCORE_TOTAL=6.974 PD_FINAL=0.008486599999999992 METODO=INTERPOLACAO_INTRA_RATING_CPURA
2026-09-10 15:45:43 | INFO | bdc.gold.fato_analise_credito | Iniciando cálculo de PD ajustada. CNPJ=27796415000250 SEGMENTO_PD=CGRUPO
2026-09-10 15:45:43 | INFO | bdc.gold.fato_analise_credito | PD ajustada calculada com sucesso. CNPJ=27796415000250 SEGMENTO_PD=CGRUPO PD_BASE=0.005 RATING_FINAL=E SCORE_TOTAL=None PD_FINAL=0.1 METODO=CLAMP
2026-09-10 15:45:43 | INFO | bdc.gold.fato_analise_credito | Iniciando cálculo de PD ajustada. CNPJ=28120534000170 SEGMENTO_PD=CPURA
2026-09-10 15:45:43 | WARNING | bdc.gold.fato_analise_credito | Cálculo CPURA suspenso por Falha Segura. Rating nulo. CNPJ=28120534000170
2026-09-10 15:45:43 | INFO | bdc.gold.fato_analise_credito | Iniciando cálculo de PD ajustada. CNPJ=28120534000170 SEGMENTO_PD=CPURA
2026-09-10 15:45:43 | WARNING | bdc.gold.fato_analise_credito | Cálculo CPURA suspenso por Falha Segura. Rating nulo. CNPJ=28120534000170
2026-09-10 15:45:43 | INFO | bdc.gold.fato_analise_credito | Iniciando cálculo de PD ajustada. CNPJ=28133664000148 SEGMENTO_PD=CGRUPO
2026-09-10 15:45:43 | INFO | bdc.gold.fato_analise_credito | PD ajustada calculada com sucesso. CNPJ=28133664000148 SEGMENTO_PD=CGRUPO PD_BASE=0.005 RATING_FINAL=E SCORE_TOTAL=None PD_FINAL=0.1 METODO=CLAMP
2026-09-10 15:45:43 | INFO | bdc.gold.fato_analise_credito | Iniciando cálculo de PD ajustada. CNPJ=28397998000129 SEGMENTO_PD=CPURA
2026-09-10 15:45:43 | WARNING | bdc.gold.fato_analise_credito | Cálculo CPURA suspenso por Falha Segura. Rating nulo. CNPJ=28397998000129
2026-09-10 15:45:43 | INFO | bdc.gold.fato_analise_credito | Iniciando cálculo de PD ajustada. CNPJ=28397998000129 SEGMENTO_PD=CPURA
2026-09-10 15:45:43 | WARNING | bdc.gold.fato_analise_credito | Cálculo CPURA suspenso por Falha Segura. Rating nulo. CNPJ=28397998000129
2026-09-10 15:45:43 | INFO | bdc.gold.fato_analise_credito | Iniciando cálculo de PD ajustada. CNPJ=28397998000129 SEGMENTO_PD=CPURA
2026-09-10 15:45:43 | WARNING | bdc.gold.fato_analise_credito | Cálculo CPURA suspenso por Falha Segura. Rating nulo. CNPJ=28397998000129
2026-09-10 15:45:43 | INFO | bdc.gold.fato_analise_credito | Iniciando cálculo de PD ajustada. CNPJ=28397998000129 SEGMENTO_PD=CPURA
2026-09-10 15:45:43 | WARNING | bdc.gold.fato_analise_credito | Cálculo CPURA suspenso por Falha Segura. Rating nulo. CNPJ=28397998000129
2026-09-10 15:45:43 | INFO | bdc.gold.fato_analise_credito | Iniciando cálculo de PD ajustada. CNPJ=28397998000129 SEGMENTO_PD=CPURA
2026-09-10 15:45:43 | INFO | bdc.gold.fato_analise_credito | Iniciando cálculo das notas quantitativas CPURA. CNPJ=28397998000129
2026-09-10 15:45:43 | INFO | bdc.gold.fato_analise_credito | Notas quantitativas CPURA calculadas. CNPJ=28397998000129 NOTA_PD=A NOTA_FCO_ROL=C NOTA_ROE=C NOTA_ROA=C
2026-09-10 15:45:43 | INFO | bdc.gold.fato_analise_credito | Iniciando score qualitativo CPURA. CNPJ=28397998000129
2026-09-10 15:45:43 | INFO | bdc.gold.fato_analise_credito | Score qualitativo CPURA calculado. CNPJ=28397998000129 SCORE_QUALITATIVO=2.3000000000000003
2026-09-10 15:45:43 | INFO | bdc.gold.fato_analise_credito | Iniciando score quantitativo CPURA. CNPJ=28397998000129
2026-09-10 15:45:43 | INFO | bdc.gold.fato_analise_credito | Score quantitativo CPURA calculado. CNPJ=28397998000129 SCORE_QUANTITATIVO=5.4879999999999995
2026-09-10 15:45:43 | INFO | bdc.gold.fato_analise_credito | Score total CPURA calculado. SCORE_TOTAL=7.788
2026-09-10 15:45:43 | INFO | bdc.gold.fato_analise_credito | Iniciando cálculo de PD final CPURA. CNPJ=28397998000129 rating=B pd_min=0.005 pd_max=0.0076
2026-09-10 15:45:43 | INFO | bdc.gold.fato_analise_credito | PD final CPURA calculada com sucesso. CNPJ=28397998000129 score_total=7.788 score_truncado=7.788 u=0.21199999999999974 pd_bruta=0.005551199999999999 pd_final=0.0055512
2026-09-10 15:45:43 | INFO | bdc.gold.fato_analise_credito | PD ajustada calculada com sucesso. CNPJ=28397998000129 SEGMENTO_PD=CPURA PD_BASE=0.002661 RATING_FINAL=None SCORE_TOTAL=7.788 PD_FINAL=0.0055512 METODO=INTERPOLACAO_INTRA_RATING_CPURA
2026-09-10 15:45:43 | INFO | bdc.gold.fato_analise_credito | Iniciando cálculo de PD ajustada. CNPJ=28397998000129 SEGMENTO_PD=CPURA
2026-09-10 15:45:43 | INFO | bdc.gold.fato_analise_credito | Iniciando cálculo das notas quantitativas CPURA. CNPJ=28397998000129
2026-09-10 15:45:43 | INFO | bdc.gold.fato_analise_credito | Notas quantitativas CPURA calculadas. CNPJ=28397998000129 NOTA_PD=A NOTA_FCO_ROL=A NOTA_ROE=E NOTA_ROA=D
2026-09-10 15:45:43 | INFO | bdc.gold.fato_analise_credito | Iniciando score qualitativo CPURA. CNPJ=28397998000129
2026-09-10 15:45:43 | INFO | bdc.gold.fato_analise_credito | Score qualitativo CPURA calculado. CNPJ=28397998000129 SCORE_QUALITATIVO=2.0
2026-09-10 15:45:43 | INFO | bdc.gold.fato_analise_credito | Iniciando score quantitativo CPURA. CNPJ=28397998000129
2026-09-10 15:45:43 | INFO | bdc.gold.fato_analise_credito | Score quantitativo CPURA calculado. CNPJ=28397998000129 SCORE_QUANTITATIVO=5.81
2026-09-10 15:45:43 | INFO | bdc.gold.fato_analise_credito | Score total CPURA calculado. SCORE_TOTAL=7.81
2026-09-10 15:45:43 | INFO | bdc.gold.fato_analise_credito | Iniciando cálculo de PD final CPURA. CNPJ=28397998000129 rating=B pd_min=0.005 pd_max=0.0076
2026-09-10 15:45:43 | INFO | bdc.gold.fato_analise_credito | PD final CPURA calculada com sucesso. CNPJ=28397998000129 score_total=7.81 score_truncado=7.81 u=0.1900000000000004 pd_bruta=0.005494000000000001 pd_final=0.005494
2026-09-10 15:45:43 | INFO | bdc.gold.fato_analise_credito | PD ajustada calculada com sucesso. CNPJ=28397998000129 SEGMENTO_PD=CPURA PD_BASE=0.004743 RATING_FINAL=None SCORE_TOTAL=7.81 PD_FINAL=0.005494 METODO=INTERPOLACAO_INTRA_RATING_CPURA
2026-09-10 15:45:43 | INFO | bdc.gold.fato_analise_credito | Iniciando cálculo de PD ajustada. CNPJ=28423185000166 SEGMENTO_PD=CPURA
2026-09-10 15:45:43 | WARNING | bdc.gold.fato_analise_credito | Cálculo CPURA suspenso por Falha Segura. Rating nulo. CNPJ=28423185000166
2026-09-10 15:45:43 | INFO | bdc.gold.fato_analise_credito | Iniciando cálculo de PD ajustada. CNPJ=28640358000106 SEGMENTO_PD=CPURA
2026-09-10 15:45:43 | WARNING | bdc.gold.fato_analise_credito | Cálculo CPURA suspenso por Falha Segura. Rating nulo. CNPJ=28640358000106
2026-09-10 15:45:43 | INFO | bdc.gold.fato_analise_credito | Iniciando cálculo de PD ajustada. CNPJ=28640358000106 SEGMENTO_PD=CPURA
2026-09-10 15:45:43 | WARNING | bdc.gold.fato_analise_credito | Cálculo CPURA suspenso por Falha Segura. Rating nulo. CNPJ=28640358000106
2026-09-10 15:45:43 | INFO | bdc.gold.fato_analise_credito | Iniciando cálculo de PD ajustada. CNPJ=28758086000135 SEGMENTO_PD=CPURA
2026-09-10 15:45:43 | WARNING | bdc.gold.fato_analise_credito | Cálculo CPURA suspenso por Falha Segura. Rating nulo. CNPJ=28758086000135
2026-09-10 15:45:43 | INFO | bdc.gold.fato_analise_credito | Iniciando cálculo de PD ajustada. CNPJ=28758086000135 SEGMENTO_PD=CPURA
2026-09-10 15:45:43 | WARNING | bdc.gold.fato_analise_credito | Cálculo CPURA suspenso por Falha Segura. Rating nulo. CNPJ=28758086000135
2026-09-10 15:45:43 | INFO | bdc.gold.fato_analise_credito | Iniciando cálculo de PD ajustada. CNPJ=28758086000135 SEGMENTO_PD=CGRUPO
2026-09-10 15:45:43 | INFO | bdc.gold.fato_analise_credito | PD ajustada calculada com sucesso. CNPJ=28758086000135 SEGMENTO_PD=CGRUPO PD_BASE=0.005 RATING_FINAL=E SCORE_TOTAL=None PD_FINAL=0.1 METODO=CLAMP
2026-09-10 15:45:43 | INFO | bdc.gold.fato_analise_credito | Iniciando cálculo de PD ajustada. CNPJ=28758086000135 SEGMENTO_PD=CPURA
2026-09-10 15:45:43 | INFO | bdc.gold.fato_analise_credito | Iniciando cálculo das notas quantitativas CPURA. CNPJ=28758086000135
2026-09-10 15:45:44 | INFO | bdc.gold.fato_analise_credito | Notas quantitativas CPURA calculadas. CNPJ=28758086000135 NOTA_PD=A NOTA_FCO_ROL=D NOTA_ROE=E NOTA_ROA=E
2026-09-10 15:45:44 | INFO | bdc.gold.fato_analise_credito | Iniciando score qualitativo CPURA. CNPJ=28758086000135
2026-09-10 15:45:44 | INFO | bdc.gold.fato_analise_credito | Score qualitativo CPURA calculado. CNPJ=28758086000135 SCORE_QUALITATIVO=2.2
2026-09-10 15:45:44 | INFO | bdc.gold.fato_analise_credito | Iniciando score quantitativo CPURA. CNPJ=28758086000135
2026-09-10 15:45:44 | INFO | bdc.gold.fato_analise_credito | Score quantitativo CPURA calculado. CNPJ=28758086000135 SCORE_QUANTITATIVO=3.934
2026-09-10 15:45:44 | INFO | bdc.gold.fato_analise_credito | Score total CPURA calculado. SCORE_TOTAL=6.134
2026-09-10 15:45:44 | INFO | bdc.gold.fato_analise_credito | Iniciando cálculo de PD final CPURA. CNPJ=28758086000135 rating=C pd_min=0.0076 pd_max=0.0417
2026-09-10 15:45:44 | INFO | bdc.gold.fato_analise_credito | PD final CPURA calculada com sucesso. CNPJ=28758086000135 score_total=6.134 score_truncado=6.134 u=0.8659999999999997 pd_bruta=0.037130599999999986 pd_final=0.03713059999999999
2026-09-10 15:45:44 | INFO | bdc.gold.fato_analise_credito | PD ajustada calculada com sucesso. CNPJ=28758086000135 SEGMENTO_PD=CPURA PD_BASE=3.5e-05 RATING_FINAL=None SCORE_TOTAL=6.134 PD_FINAL=0.03713059999999999 METODO=INTERPOLACAO_INTRA_RATING_CPURA
2026-09-10 15:45:44 | INFO | bdc.gold.fato_analise_credito | Iniciando cálculo de PD ajustada. CNPJ=28803705000166 SEGMENTO_PD=CPURA
2026-09-10 15:45:44 | WARNING | bdc.gold.fato_analise_credito | Cálculo CPURA suspenso por Falha Segura. Rating nulo. CNPJ=28803705000166
2026-09-10 15:45:44 | INFO | bdc.gold.fato_analise_credito | Iniciando cálculo de PD ajustada. CNPJ=28803705000166 SEGMENTO_PD=CPURA
2026-09-10 15:45:44 | WARNING | bdc.gold.fato_analise_credito | Cálculo CPURA suspenso por Falha Segura. Rating nulo. CNPJ=28803705000166
2026-09-10 15:45:44 | INFO | bdc.gold.fato_analise_credito | Iniciando cálculo de PD ajustada. CNPJ=29000095000125 SEGMENTO_PD=CPURA
2026-09-10 15:45:44 | WARNING | bdc.gold.fato_analise_credito | Cálculo CPURA suspenso por Falha Segura. Rating nulo. CNPJ=29000095000125
2026-09-10 15:45:44 | INFO | bdc.gold.fato_analise_credito | Iniciando cálculo de PD ajustada. CNPJ=29000095000125 SEGMENTO_PD=CPURA
2026-09-10 15:45:44 | WARNING | bdc.gold.fato_analise_credito | Cálculo CPURA suspenso por Falha Segura. Rating nulo. CNPJ=29000095000125
2026-09-10 15:45:44 | INFO | bdc.gold.fato_analise_credito | Iniciando cálculo de PD ajustada. CNPJ=29000095000125 SEGMENTO_PD=CPURA
2026-09-10 15:45:44 | WARNING | bdc.gold.fato_analise_credito | Cálculo CPURA suspenso por Falha Segura. Rating nulo. CNPJ=29000095000125
2026-09-10 15:45:44 | INFO | bdc.gold.fato_analise_credito | Iniciando cálculo de PD ajustada. CNPJ=29000095000125 SEGMENTO_PD=CPURA
2026-09-10 15:45:44 | WARNING | bdc.gold.fato_analise_credito | Cálculo CPURA suspenso por Falha Segura. Rating nulo. CNPJ=29000095000125
2026-09-10 15:45:44 | INFO | bdc.gold.fato_analise_credito | Iniciando cálculo de PD ajustada. CNPJ=29198324000168 SEGMENTO_PD=CGRUPO
2026-09-10 15:45:44 | INFO | bdc.gold.fato_analise_credito | PD ajustada calculada com sucesso. CNPJ=29198324000168 SEGMENTO_PD=CGRUPO PD_BASE=0.005 RATING_FINAL=A SCORE_TOTAL=None PD_FINAL=0.005 METODO=FIXED_PD
2026-09-10 15:45:44 | INFO | bdc.gold.fato_analise_credito | Iniciando cálculo de PD ajustada. CNPJ=29198324000168 SEGMENTO_PD=CGRUPO
2026-09-10 15:45:44 | INFO | bdc.gold.fato_analise_credito | PD ajustada calculada com sucesso. CNPJ=29198324000168 SEGMENTO_PD=CGRUPO PD_BASE=0.005 RATING_FINAL=E SCORE_TOTAL=None PD_FINAL=0.1 METODO=CLAMP
2026-09-10 15:45:44 | INFO | bdc.gold.fato_analise_credito | Iniciando cálculo de PD ajustada. CNPJ=29198324000168 SEGMENTO_PD=CGRUPO
2026-09-10 15:45:44 | INFO | bdc.gold.fato_analise_credito | PD ajustada calculada com sucesso. CNPJ=29198324000168 SEGMENTO_PD=CGRUPO PD_BASE=0.005 RATING_FINAL=A SCORE_TOTAL=None PD_FINAL=0.005 METODO=FIXED_PD
2026-09-10 15:45:44 | INFO | bdc.gold.fato_analise_credito | Iniciando cálculo de PD ajustada. CNPJ=29198324000168 SEGMENTO_PD=CGRUPO
2026-09-10 15:45:44 | INFO | bdc.gold.fato_analise_credito | PD ajustada calculada com sucesso. CNPJ=29198324000168 SEGMENTO_PD=CGRUPO PD_BASE=0.005 RATING_FINAL=A SCORE_TOTAL=None PD_FINAL=0.005 METODO=FIXED_PD
2026-09-10 15:45:44 | INFO | bdc.gold.fato_analise_credito | Iniciando cálculo de PD ajustada. CNPJ=29270235000185 SEGMENTO_PD=CPURA
2026-09-10 15:45:44 | WARNING | bdc.gold.fato_analise_credito | Cálculo CPURA suspenso por Falha Segura. Rating nulo. CNPJ=29270235000185
2026-09-10 15:45:44 | INFO | bdc.gold.fato_analise_credito | Iniciando cálculo de PD ajustada. CNPJ=29270235000185 SEGMENTO_PD=CPURA
2026-09-10 15:45:44 | WARNING | bdc.gold.fato_analise_credito | Cálculo CPURA suspenso por Falha Segura. Rating nulo. CNPJ=29270235000185
2026-09-10 15:45:44 | INFO | bdc.gold.fato_analise_credito | Iniciando cálculo de PD ajustada. CNPJ=29270235000185 SEGMENTO_PD=CPURA
2026-09-10 15:45:44 | WARNING | bdc.gold.fato_analise_credito | Cálculo CPURA suspenso por Falha Segura. Rating nulo. CNPJ=29270235000185
2026-09-10 15:45:44 | INFO | bdc.gold.fato_analise_credito | Iniciando cálculo de PD ajustada. CNPJ=29270235000185 SEGMENTO_PD=CPURA
2026-09-10 15:45:44 | WARNING | bdc.gold.fato_analise_credito | Cálculo CPURA suspenso por Falha Segura. Rating nulo. CNPJ=29270235000185
2026-09-10 15:45:44 | INFO | bdc.gold.fato_analise_credito | Iniciando cálculo de PD ajustada. CNPJ=29270235000185 SEGMENTO_PD=CPURA
2026-09-10 15:45:44 | WARNING | bdc.gold.fato_analise_credito | Cálculo CPURA suspenso por Falha Segura. Rating nulo. CNPJ=29270235000185
2026-09-10 15:45:44 | WARNING | bdc.gold.fato_analise_credito | [CNPJ: 29316596000115] Falha no cálculo (Insumo Inválido): Comercializadora sem TIPO_COMERCIALIZADORA válido.
2026-09-10 15:45:44 | INFO | bdc.gold.fato_analise_credito | Iniciando cálculo de PD ajustada. CNPJ=29340729000199 SEGMENTO_PD=CPURA
2026-09-10 15:45:44 | WARNING | bdc.gold.fato_analise_credito | Cálculo CPURA suspenso por Falha Segura. Rating nulo. CNPJ=29340729000199
2026-09-10 15:45:44 | INFO | bdc.gold.fato_analise_credito | Iniciando cálculo de PD ajustada. CNPJ=29340729000199 SEGMENTO_PD=CPURA
2026-09-10 15:45:44 | WARNING | bdc.gold.fato_analise_credito | Cálculo CPURA suspenso por Falha Segura. Rating nulo. CNPJ=29340729000199
2026-09-10 15:45:44 | INFO | bdc.gold.fato_analise_credito | Iniciando cálculo de PD ajustada. CNPJ=29340729000199 SEGMENTO_PD=CPURA
2026-09-10 15:45:44 | WARNING | bdc.gold.fato_analise_credito | Cálculo CPURA suspenso por Falha Segura. Rating nulo. CNPJ=29340729000199
2026-09-10 15:45:44 | INFO | bdc.gold.fato_analise_credito | Iniciando cálculo de PD ajustada. CNPJ=29340729000199 SEGMENTO_PD=CPURA
2026-09-10 15:45:44 | WARNING | bdc.gold.fato_analise_credito | Cálculo CPURA suspenso por Falha Segura. Rating nulo. CNPJ=29340729000199
2026-09-10 15:45:44 | INFO | bdc.gold.fato_analise_credito | Iniciando cálculo de PD ajustada. CNPJ=29340729000199 SEGMENTO_PD=CPURA
2026-09-10 15:45:44 | WARNING | bdc.gold.fato_analise_credito | Cálculo CPURA suspenso por Falha Segura. Rating nulo. CNPJ=29340729000199
2026-09-10 15:45:44 | INFO | bdc.gold.fato_analise_credito | Iniciando cálculo de PD ajustada. CNPJ=29340729000199 SEGMENTO_PD=CPURA
2026-09-10 15:45:44 | INFO | bdc.gold.fato_analise_credito | Iniciando cálculo das notas quantitativas CPURA. CNPJ=29340729000199
2026-09-10 15:45:44 | INFO | bdc.gold.fato_analise_credito | Notas quantitativas CPURA calculadas. CNPJ=29340729000199 NOTA_PD=A NOTA_FCO_ROL=C NOTA_ROE=E NOTA_ROA=D
2026-09-10 15:45:44 | INFO | bdc.gold.fato_analise_credito | Iniciando score qualitativo CPURA. CNPJ=29340729000199
2026-09-10 15:45:44 | INFO | bdc.gold.fato_analise_credito | Score qualitativo CPURA calculado. CNPJ=29340729000199 SCORE_QUALITATIVO=2.0
2026-09-10 15:45:44 | INFO | bdc.gold.fato_analise_credito | Iniciando score quantitativo CPURA. CNPJ=29340729000199
2026-09-10 15:45:44 | INFO | bdc.gold.fato_analise_credito | Score quantitativo CPURA calculado. CNPJ=29340729000199 SCORE_QUANTITATIVO=4.858
2026-09-10 15:45:44 | INFO | bdc.gold.fato_analise_credito | Score total CPURA calculado. SCORE_TOTAL=6.858
2026-09-10 15:45:44 | INFO | bdc.gold.fato_analise_credito | Iniciando cálculo de PD final CPURA. CNPJ=29340729000199 rating=C pd_min=0.0076 pd_max=0.0417
2026-09-10 15:45:44 | INFO | bdc.gold.fato_analise_credito | PD final CPURA calculada com sucesso. CNPJ=29340729000199 score_total=6.858 score_truncado=6.858 u=0.14200000000000035 pd_bruta=0.012442200000000011 pd_final=0.012442200000000007
2026-09-10 15:45:44 | INFO | bdc.gold.fato_analise_credito | PD ajustada calculada com sucesso. CNPJ=29340729000199 SEGMENTO_PD=CPURA PD_BASE=0.004244 RATING_FINAL=None SCORE_TOTAL=6.858 PD_FINAL=0.012442200000000007 METODO=INTERPOLACAO_INTRA_RATING_CPURA
2026-09-10 15:45:44 | INFO | bdc.gold.fato_analise_credito | Iniciando cálculo de PD ajustada. CNPJ=29340729000199 SEGMENTO_PD=CPURA
2026-09-10 15:45:44 | INFO | bdc.gold.fato_analise_credito | Iniciando cálculo das notas quantitativas CPURA. CNPJ=29340729000199
2026-09-10 15:45:44 | INFO | bdc.gold.fato_analise_credito | Notas quantitativas CPURA calculadas. CNPJ=29340729000199 NOTA_PD=B NOTA_FCO_ROL=C NOTA_ROE=D NOTA_ROA=D
2026-09-10 15:45:44 | INFO | bdc.gold.fato_analise_credito | Iniciando score qualitativo CPURA. CNPJ=29340729000199
2026-09-10 15:45:44 | INFO | bdc.gold.fato_analise_credito | Score qualitativo CPURA calculado. CNPJ=29340729000199 SCORE_QUALITATIVO=1.4000000000000001
2026-09-10 15:45:44 | INFO | bdc.gold.fato_analise_credito | Iniciando score quantitativo CPURA. CNPJ=29340729000199
2026-09-10 15:45:44 | INFO | bdc.gold.fato_analise_credito | Score quantitativo CPURA calculado. CNPJ=29340729000199 SCORE_QUANTITATIVO=4.4239999999999995
2026-09-10 15:45:44 | INFO | bdc.gold.fato_analise_credito | Score total CPURA calculado. SCORE_TOTAL=5.824
2026-09-10 15:45:44 | INFO | bdc.gold.fato_analise_credito | Iniciando cálculo de PD final CPURA. CNPJ=29340729000199 rating=D pd_min=0.0417 pd_max=0.1
2026-09-10 15:45:44 | INFO | bdc.gold.fato_analise_credito | PD final CPURA calculada com sucesso. CNPJ=29340729000199 score_total=5.824 score_truncado=5.824 u=0.17600000000000016 pd_bruta=0.05196080000000001 pd_final=0.05196080000000001
2026-09-10 15:45:44 | INFO | bdc.gold.fato_analise_credito | PD ajustada calculada com sucesso. CNPJ=29340729000199 SEGMENTO_PD=CPURA PD_BASE=0.005255 RATING_FINAL=None SCORE_TOTAL=5.824 PD_FINAL=0.05196080000000001 METODO=INTERPOLACAO_INTRA_RATING_CPURA
2026-09-10 15:45:44 | INFO | bdc.gold.fato_analise_credito | Iniciando cálculo de PD ajustada. CNPJ=29350168000109 SEGMENTO_PD=CPURA
2026-09-10 15:45:44 | WARNING | bdc.gold.fato_analise_credito | Cálculo CPURA suspenso por Falha Segura. Rating nulo. CNPJ=29350168000109
2026-09-10 15:45:44 | INFO | bdc.gold.fato_analise_credito | Iniciando cálculo de PD ajustada. CNPJ=29350168000109 SEGMENTO_PD=CGRUPO
2026-09-10 15:45:44 | INFO | bdc.gold.fato_analise_credito | PD ajustada calculada com sucesso. CNPJ=29350168000109 SEGMENTO_PD=CGRUPO PD_BASE=0.017464 RATING_FINAL=A SCORE_TOTAL=None PD_FINAL=0.005 METODO=FIXED_PD
2026-09-10 15:45:44 | INFO | bdc.gold.fato_analise_credito | Iniciando cálculo de PD ajustada. CNPJ=29350168000109 SEGMENTO_PD=CGRUPO
2026-09-10 15:45:44 | INFO | bdc.gold.fato_analise_credito | PD ajustada calculada com sucesso. CNPJ=29350168000109 SEGMENTO_PD=CGRUPO PD_BASE=0.005 RATING_FINAL=A SCORE_TOTAL=None PD_FINAL=0.005 METODO=FIXED_PD
2026-09-10 15:45:44 | INFO | bdc.gold.fato_analise_credito | Iniciando cálculo de PD ajustada. CNPJ=29362082000104 SEGMENTO_PD=CPURA
2026-09-10 15:45:44 | WARNING | bdc.gold.fato_analise_credito | Cálculo CPURA suspenso por Falha Segura. Rating nulo. CNPJ=29362082000104
2026-09-10 15:45:44 | INFO | bdc.gold.fato_analise_credito | Iniciando cálculo de PD ajustada. CNPJ=29362082000104 SEGMENTO_PD=CPURA
2026-09-10 15:45:44 | WARNING | bdc.gold.fato_analise_credito | Cálculo CPURA suspenso por Falha Segura. Rating nulo. CNPJ=29362082000104
2026-09-10 15:45:44 | INFO | bdc.gold.fato_analise_credito | Iniciando cálculo de PD ajustada. CNPJ=29883520000171 SEGMENTO_PD=CPURA
2026-09-10 15:45:44 | WARNING | bdc.gold.fato_analise_credito | Cálculo CPURA suspenso por Falha Segura. Rating nulo. CNPJ=29883520000171
2026-09-10 15:45:44 | INFO | bdc.gold.fato_analise_credito | Iniciando cálculo de PD ajustada. CNPJ=29883520000171 SEGMENTO_PD=CPURA
2026-09-10 15:45:44 | WARNING | bdc.gold.fato_analise_credito | Cálculo CPURA suspenso por Falha Segura. Rating nulo. CNPJ=29883520000171
2026-09-10 15:45:44 | WARNING | bdc.gold.fato_analise_credito | [CNPJ: 29915125000123] Falha no cálculo (Insumo Inválido): Comercializadora sem TIPO_COMERCIALIZADORA válido.
2026-09-10 15:45:44 | INFO | bdc.gold.fato_analise_credito | Iniciando cálculo de PD ajustada. CNPJ=29993083000149 SEGMENTO_PD=CPURA
2026-09-10 15:45:44 | WARNING | bdc.gold.fato_analise_credito | Cálculo CPURA suspenso por Falha Segura. Rating nulo. CNPJ=29993083000149
2026-09-10 15:45:44 | INFO | bdc.gold.fato_analise_credito | Iniciando cálculo de PD ajustada. CNPJ=29993083000149 SEGMENTO_PD=CPURA
2026-09-10 15:45:44 | WARNING | bdc.gold.fato_analise_credito | Cálculo CPURA suspenso por Falha Segura. Rating nulo. CNPJ=29993083000149
2026-09-10 15:45:44 | INFO | bdc.gold.fato_analise_credito | Iniciando cálculo de PD ajustada. CNPJ=29993083000149 SEGMENTO_PD=CPURA
2026-09-10 15:45:44 | WARNING | bdc.gold.fato_analise_credito | Cálculo CPURA suspenso por Falha Segura. Rating nulo. CNPJ=29993083000149
2026-09-10 15:45:44 | INFO | bdc.gold.fato_analise_credito | Iniciando cálculo de PD ajustada. CNPJ=30124679000191 SEGMENTO_PD=CPURA
2026-09-10 15:45:44 | WARNING | bdc.gold.fato_analise_credito | Cálculo CPURA suspenso por Falha Segura. Rating nulo. CNPJ=30124679000191
2026-09-10 15:45:44 | INFO | bdc.gold.fato_analise_credito | Iniciando cálculo de PD ajustada. CNPJ=30195195000133 SEGMENTO_PD=CPURA
2026-09-10 15:45:44 | WARNING | bdc.gold.fato_analise_credito | Cálculo CPURA suspenso por Falha Segura. Rating nulo. CNPJ=30195195000133
2026-09-10 15:45:44 | INFO | bdc.gold.fato_analise_credito | Iniciando cálculo de PD ajustada. CNPJ=30195195000133 SEGMENTO_PD=CPURA
2026-09-10 15:45:44 | WARNING | bdc.gold.fato_analise_credito | Cálculo CPURA suspenso por Falha Segura. Rating nulo. CNPJ=30195195000133
2026-09-10 15:45:44 | INFO | bdc.gold.fato_analise_credito | Iniciando cálculo de PD ajustada. CNPJ=30206620000142 SEGMENTO_PD=CPURA
2026-09-10 15:45:44 | WARNING | bdc.gold.fato_analise_credito | Cálculo CPURA suspenso por Falha Segura. Rating nulo. CNPJ=30206620000142
2026-09-10 15:45:44 | INFO | bdc.gold.fato_analise_credito | Iniciando cálculo de PD ajustada. CNPJ=30248458000125 SEGMENTO_PD=CGRUPO
2026-09-10 15:45:44 | INFO | bdc.gold.fato_analise_credito | PD ajustada calculada com sucesso. CNPJ=30248458000125 SEGMENTO_PD=CGRUPO PD_BASE=0.005 RATING_FINAL=A SCORE_TOTAL=None PD_FINAL=0.005 METODO=FIXED_PD
2026-09-10 15:45:44 | INFO | bdc.gold.fato_analise_credito | Iniciando cálculo de PD ajustada. CNPJ=30248458000125 SEGMENTO_PD=CGRUPO
2026-09-10 15:45:44 | INFO | bdc.gold.fato_analise_credito | PD ajustada calculada com sucesso. CNPJ=30248458000125 SEGMENTO_PD=CGRUPO PD_BASE=0.005 RATING_FINAL=A SCORE_TOTAL=None PD_FINAL=0.005 METODO=FIXED_PD
2026-09-10 15:45:44 | INFO | bdc.gold.fato_analise_credito | Iniciando cálculo de PD ajustada. CNPJ=30248458000125 SEGMENTO_PD=CGRUPO
2026-09-10 15:45:44 | INFO | bdc.gold.fato_analise_credito | PD ajustada calculada com sucesso. CNPJ=30248458000125 SEGMENTO_PD=CGRUPO PD_BASE=0.005 RATING_FINAL=A SCORE_TOTAL=None PD_FINAL=0.005 METODO=FIXED_PD
2026-09-10 15:45:44 | INFO | bdc.gold.fato_analise_credito | Iniciando cálculo de PD ajustada. CNPJ=30306294000145 SEGMENTO_PD=CGRUPO
2026-09-10 15:45:44 | INFO | bdc.gold.fato_analise_credito | PD ajustada calculada com sucesso. CNPJ=30306294000145 SEGMENTO_PD=CGRUPO PD_BASE=0.005 RATING_FINAL=A SCORE_TOTAL=None PD_FINAL=0.005 METODO=FIXED_PD
2026-09-10 15:45:44 | INFO | bdc.gold.fato_analise_credito | Iniciando cálculo de PD ajustada. CNPJ=30306294000226 SEGMENTO_PD=CGRUPO
2026-09-10 15:45:44 | INFO | bdc.gold.fato_analise_credito | PD ajustada calculada com sucesso. CNPJ=30306294000226 SEGMENTO_PD=CGRUPO PD_BASE=0.005 RATING_FINAL=A SCORE_TOTAL=None PD_FINAL=0.005 METODO=FIXED_PD
2026-09-10 15:45:44 | INFO | bdc.gold.fato_analise_credito | Iniciando cálculo de PD ajustada. CNPJ=30483222000173 SEGMENTO_PD=CPURA
2026-09-10 15:45:44 | WARNING | bdc.gold.fato_analise_credito | Cálculo CPURA suspenso por Falha Segura. Rating nulo. CNPJ=30483222000173
2026-09-10 15:45:44 | INFO | bdc.gold.fato_analise_credito | Iniciando cálculo de PD ajustada. CNPJ=30483222000173 SEGMENTO_PD=CPURA
2026-09-10 15:45:44 | WARNING | bdc.gold.fato_analise_credito | Cálculo CPURA suspenso por Falha Segura. Rating nulo. CNPJ=30483222000173
2026-09-10 15:45:44 | INFO | bdc.gold.fato_analise_credito | Iniciando cálculo de PD ajustada. CNPJ=30483222000173 SEGMENTO_PD=CPURA
2026-09-10 15:45:44 | WARNING | bdc.gold.fato_analise_credito | Cálculo CPURA suspenso por Falha Segura. Rating nulo. CNPJ=30483222000173
2026-09-10 15:45:44 | INFO | bdc.gold.fato_analise_credito | Iniciando cálculo de PD ajustada. CNPJ=30483222000173 SEGMENTO_PD=CPURA
2026-09-10 15:45:44 | WARNING | bdc.gold.fato_analise_credito | Cálculo CPURA suspenso por Falha Segura. Rating nulo. CNPJ=30483222000173
2026-09-10 15:45:44 | INFO | bdc.gold.fato_analise_credito | Iniciando cálculo de PD ajustada. CNPJ=30693787000185 SEGMENTO_PD=CPURA
2026-09-10 15:45:44 | WARNING | bdc.gold.fato_analise_credito | Cálculo CPURA suspenso por Falha Segura. Rating nulo. CNPJ=30693787000185
2026-09-10 15:45:44 | INFO | bdc.gold.fato_analise_credito | Iniciando cálculo de PD ajustada. CNPJ=30693787000185 SEGMENTO_PD=CPURA
2026-09-10 15:45:44 | WARNING | bdc.gold.fato_analise_credito | Cálculo CPURA suspenso por Falha Segura. Rating nulo. CNPJ=30693787000185
2026-09-10 15:45:44 | INFO | bdc.gold.fato_analise_credito | Iniciando cálculo de PD ajustada. CNPJ=30834939000112 SEGMENTO_PD=CPURA
2026-09-10 15:45:44 | WARNING | bdc.gold.fato_analise_credito | Cálculo CPURA suspenso por Falha Segura. Rating nulo. CNPJ=30834939000112
2026-09-10 15:45:44 | INFO | bdc.gold.fato_analise_credito | Iniciando cálculo de PD ajustada. CNPJ=30834939000112 SEGMENTO_PD=CPURA
2026-09-10 15:45:44 | WARNING | bdc.gold.fato_analise_credito | Cálculo CPURA suspenso por Falha Segura. Rating nulo. CNPJ=30834939000112
2026-09-10 15:45:44 | INFO | bdc.gold.fato_analise_credito | Iniciando cálculo de PD ajustada. CNPJ=30840548000100 SEGMENTO_PD=CPURA
2026-09-10 15:45:44 | WARNING | bdc.gold.fato_analise_credito | Cálculo CPURA suspenso por Falha Segura. Rating nulo. CNPJ=30840548000100
2026-09-10 15:45:44 | INFO | bdc.gold.fato_analise_credito | Iniciando cálculo de PD ajustada. CNPJ=30840548000100 SEGMENTO_PD=CPURA
2026-09-10 15:45:44 | WARNING | bdc.gold.fato_analise_credito | Cálculo CPURA suspenso por Falha Segura. Rating nulo. CNPJ=30840548000100
2026-09-10 15:45:44 | INFO | bdc.gold.fato_analise_credito | Iniciando cálculo de PD ajustada. CNPJ=30840548000100 SEGMENTO_PD=CPURA
2026-09-10 15:45:44 | WARNING | bdc.gold.fato_analise_credito | Cálculo CPURA suspenso por Falha Segura. Rating nulo. CNPJ=30840548000100
2026-09-10 15:45:44 | INFO | bdc.gold.fato_analise_credito | Iniciando cálculo de PD ajustada. CNPJ=30902608000172 SEGMENTO_PD=CPURA
2026-09-10 15:45:44 | WARNING | bdc.gold.fato_analise_credito | Cálculo CPURA suspenso por Falha Segura. Rating nulo. CNPJ=30902608000172
2026-09-10 15:45:44 | INFO | bdc.gold.fato_analise_credito | Iniciando cálculo de PD ajustada. CNPJ=30902608000172 SEGMENTO_PD=CPURA
2026-09-10 15:45:44 | WARNING | bdc.gold.fato_analise_credito | Cálculo CPURA suspenso por Falha Segura. Rating nulo. CNPJ=30902608000172
2026-09-10 15:45:44 | INFO | bdc.gold.fato_analise_credito | Iniciando cálculo de PD ajustada. CNPJ=30902608000172 SEGMENTO_PD=CPURA
2026-09-10 15:45:44 | WARNING | bdc.gold.fato_analise_credito | Cálculo CPURA suspenso por Falha Segura. Rating nulo. CNPJ=30902608000172
2026-09-10 15:45:44 | INFO | bdc.gold.fato_analise_credito | Iniciando cálculo de PD ajustada. CNPJ=30902608000172 SEGMENTO_PD=CPURA
2026-09-10 15:45:44 | WARNING | bdc.gold.fato_analise_credito | Cálculo CPURA suspenso por Falha Segura. Rating nulo. CNPJ=30902608000172
2026-09-10 15:45:44 | INFO | bdc.gold.fato_analise_credito | Iniciando cálculo de PD ajustada. CNPJ=30902608000172 SEGMENTO_PD=CPURA
2026-09-10 15:45:44 | WARNING | bdc.gold.fato_analise_credito | Cálculo CPURA suspenso por Falha Segura. Rating nulo. CNPJ=30902608000172
2026-09-10 15:45:44 | INFO | bdc.gold.fato_analise_credito | Iniciando cálculo de PD ajustada. CNPJ=30929117000115 SEGMENTO_PD=CPURA
2026-09-10 15:45:44 | WARNING | bdc.gold.fato_analise_credito | Cálculo CPURA suspenso por Falha Segura. Rating nulo. CNPJ=30929117000115
2026-09-10 15:45:44 | INFO | bdc.gold.fato_analise_credito | Iniciando cálculo de PD ajustada. CNPJ=30929117000115 SEGMENTO_PD=CPURA
2026-09-10 15:45:44 | WARNING | bdc.gold.fato_analise_credito | Cálculo CPURA suspenso por Falha Segura. Rating nulo. CNPJ=30929117000115
2026-09-10 15:45:44 | INFO | bdc.gold.fato_analise_credito | Iniciando cálculo de PD ajustada. CNPJ=30966130000144 SEGMENTO_PD=CPURA
2026-09-10 15:45:44 | WARNING | bdc.gold.fato_analise_credito | Cálculo CPURA suspenso por Falha Segura. Rating nulo. CNPJ=30966130000144
2026-09-10 15:45:44 | INFO | bdc.gold.fato_analise_credito | Iniciando cálculo de PD ajustada. CNPJ=30966130000144 SEGMENTO_PD=CPURA
2026-09-10 15:45:44 | WARNING | bdc.gold.fato_analise_credito | Cálculo CPURA suspenso por Falha Segura. Rating nulo. CNPJ=30966130000144
2026-09-10 15:45:44 | INFO | bdc.gold.fato_analise_credito | Iniciando cálculo de PD ajustada. CNPJ=30966130000144 SEGMENTO_PD=CPURA
2026-09-10 15:45:44 | WARNING | bdc.gold.fato_analise_credito | Cálculo CPURA suspenso por Falha Segura. Rating nulo. CNPJ=30966130000144
2026-09-10 15:45:44 | INFO | bdc.gold.fato_analise_credito | Iniciando cálculo de PD ajustada. CNPJ=30966130000144 SEGMENTO_PD=CPURA
2026-09-10 15:45:44 | WARNING | bdc.gold.fato_analise_credito | Cálculo CPURA suspenso por Falha Segura. Rating nulo. CNPJ=30966130000144
2026-09-10 15:45:44 | INFO | bdc.gold.fato_analise_credito | Iniciando cálculo de PD ajustada. CNPJ=30983948000175 SEGMENTO_PD=CPURA
2026-09-10 15:45:44 | WARNING | bdc.gold.fato_analise_credito | Cálculo CPURA suspenso por Falha Segura. Rating nulo. CNPJ=30983948000175
2026-09-10 15:45:44 | INFO | bdc.gold.fato_analise_credito | Iniciando cálculo de PD ajustada. CNPJ=30983948000175 SEGMENTO_PD=CPURA
2026-09-10 15:45:44 | WARNING | bdc.gold.fato_analise_credito | Cálculo CPURA suspenso por Falha Segura. Rating nulo. CNPJ=30983948000175
2026-09-10 15:45:44 | INFO | bdc.gold.fato_analise_credito | Iniciando cálculo de PD ajustada. CNPJ=30983948000175 SEGMENTO_PD=CPURA
2026-09-10 15:45:44 | WARNING | bdc.gold.fato_analise_credito | Cálculo CPURA suspenso por Falha Segura. Rating nulo. CNPJ=30983948000175
2026-09-10 15:45:44 | INFO | bdc.gold.fato_analise_credito | Iniciando cálculo de PD ajustada. CNPJ=31102147000116 SEGMENTO_PD=CPURA
2026-09-10 15:45:44 | WARNING | bdc.gold.fato_analise_credito | Cálculo CPURA suspenso por Falha Segura. Rating nulo. CNPJ=31102147000116
2026-09-10 15:45:44 | INFO | bdc.gold.fato_analise_credito | Iniciando cálculo de PD ajustada. CNPJ=31102147000116 SEGMENTO_PD=CPURA
2026-09-10 15:45:44 | WARNING | bdc.gold.fato_analise_credito | Cálculo CPURA suspenso por Falha Segura. Rating nulo. CNPJ=31102147000116
2026-09-10 15:45:44 | INFO | bdc.gold.fato_analise_credito | Iniciando cálculo de PD ajustada. CNPJ=31102147000116 SEGMENTO_PD=CPURA
2026-09-10 15:45:44 | WARNING | bdc.gold.fato_analise_credito | Cálculo CPURA suspenso por Falha Segura. Rating nulo. CNPJ=31102147000116
2026-09-10 15:45:44 | INFO | bdc.gold.fato_analise_credito | Iniciando cálculo de PD ajustada. CNPJ=31102147000116 SEGMENTO_PD=CPURA
2026-09-10 15:45:44 | WARNING | bdc.gold.fato_analise_credito | Cálculo CPURA suspenso por Falha Segura. Rating nulo. CNPJ=31102147000116
2026-09-10 15:45:44 | INFO | bdc.gold.fato_analise_credito | Iniciando cálculo de PD ajustada. CNPJ=31233530000103 SEGMENTO_PD=CPURA
2026-09-10 15:45:44 | WARNING | bdc.gold.fato_analise_credito | Cálculo CPURA suspenso por Falha Segura. Rating nulo. CNPJ=31233530000103
2026-09-10 15:45:44 | INFO | bdc.gold.fato_analise_credito | Iniciando cálculo de PD ajustada. CNPJ=31512081000132 SEGMENTO_PD=CPURA
2026-09-10 15:45:44 | WARNING | bdc.gold.fato_analise_credito | Cálculo CPURA suspenso por Falha Segura. Rating nulo. CNPJ=31512081000132
2026-09-10 15:45:44 | INFO | bdc.gold.fato_analise_credito | Iniciando cálculo de PD ajustada. CNPJ=31512081000132 SEGMENTO_PD=CPURA
2026-09-10 15:45:44 | WARNING | bdc.gold.fato_analise_credito | Cálculo CPURA suspenso por Falha Segura. Rating nulo. CNPJ=31512081000132
2026-09-10 15:45:44 | INFO | bdc.gold.fato_analise_credito | Iniciando cálculo de PD ajustada. CNPJ=31512081000132 SEGMENTO_PD=CPURA
2026-09-10 15:45:44 | WARNING | bdc.gold.fato_analise_credito | Cálculo CPURA suspenso por Falha Segura. Rating nulo. CNPJ=31512081000132
2026-09-10 15:45:44 | INFO | bdc.gold.fato_analise_credito | Iniciando cálculo de PD ajustada. CNPJ=31512081000132 SEGMENTO_PD=CPURA
2026-09-10 15:45:44 | WARNING | bdc.gold.fato_analise_credito | Cálculo CPURA suspenso por Falha Segura. Rating nulo. CNPJ=31512081000132
2026-09-10 15:45:44 | INFO | bdc.gold.fato_analise_credito | Iniciando cálculo de PD ajustada. CNPJ=31512081000132 SEGMENTO_PD=CPURA
2026-09-10 15:45:44 | INFO | bdc.gold.fato_analise_credito | Iniciando cálculo das notas quantitativas CPURA. CNPJ=31512081000132
2026-09-10 15:45:44 | INFO | bdc.gold.fato_analise_credito | Notas quantitativas CPURA calculadas. CNPJ=31512081000132 NOTA_PD=A NOTA_FCO_ROL=C NOTA_ROE=C NOTA_ROA=C
2026-09-10 15:45:44 | INFO | bdc.gold.fato_analise_credito | Iniciando score qualitativo CPURA. CNPJ=31512081000132
2026-09-10 15:45:44 | INFO | bdc.gold.fato_analise_credito | Score qualitativo CPURA calculado. CNPJ=31512081000132 SCORE_QUALITATIVO=2.0
2026-09-10 15:45:44 | INFO | bdc.gold.fato_analise_credito | Iniciando score quantitativo CPURA. CNPJ=31512081000132
2026-09-10 15:45:44 | INFO | bdc.gold.fato_analise_credito | Score quantitativo CPURA calculado. CNPJ=31512081000132 SCORE_QUANTITATIVO=5.4879999999999995
2026-09-10 15:45:44 | INFO | bdc.gold.fato_analise_credito | Score total CPURA calculado. SCORE_TOTAL=7.4879999999999995
2026-09-10 15:45:44 | INFO | bdc.gold.fato_analise_credito | Iniciando cálculo de PD final CPURA. CNPJ=31512081000132 rating=B pd_min=0.005 pd_max=0.0076
2026-09-10 15:45:44 | INFO | bdc.gold.fato_analise_credito | PD final CPURA calculada com sucesso. CNPJ=31512081000132 score_total=7.4879999999999995 score_truncado=7.4879999999999995 u=0.5120000000000005 pd_bruta=0.006331200000000001 pd_final=0.006331200000000003
2026-09-10 15:45:44 | INFO | bdc.gold.fato_analise_credito | PD ajustada calculada com sucesso. CNPJ=31512081000132 SEGMENTO_PD=CPURA PD_BASE=7.3e-05 RATING_FINAL=None SCORE_TOTAL=7.4879999999999995 PD_FINAL=0.006331200000000003 METODO=INTERPOLACAO_INTRA_RATING_CPURA
2026-09-10 15:45:44 | INFO | bdc.gold.fato_analise_credito | Iniciando cálculo de PD ajustada. CNPJ=31557781000143 SEGMENTO_PD=CPURA
2026-09-10 15:45:44 | WARNING | bdc.gold.fato_analise_credito | Cálculo CPURA suspenso por Falha Segura. Rating nulo. CNPJ=31557781000143
2026-09-10 15:45:44 | INFO | bdc.gold.fato_analise_credito | Iniciando cálculo de PD ajustada. CNPJ=31627849000113 SEGMENTO_PD=CPURA
2026-09-10 15:45:44 | WARNING | bdc.gold.fato_analise_credito | Cálculo CPURA suspenso por Falha Segura. Rating nulo. CNPJ=31627849000113
2026-09-10 15:45:44 | INFO | bdc.gold.fato_analise_credito | Iniciando cálculo de PD ajustada. CNPJ=31627849000113 SEGMENTO_PD=CPURA
2026-09-10 15:45:44 | WARNING | bdc.gold.fato_analise_credito | Cálculo CPURA suspenso por Falha Segura. Rating nulo. CNPJ=31627849000113
2026-09-10 15:45:44 | INFO | bdc.gold.fato_analise_credito | Iniciando cálculo de PD ajustada. CNPJ=31627849000113 SEGMENTO_PD=CPURA
2026-09-10 15:45:44 | WARNING | bdc.gold.fato_analise_credito | Cálculo CPURA suspenso por Falha Segura. Rating nulo. CNPJ=31627849000113
2026-09-10 15:45:44 | INFO | bdc.gold.fato_analise_credito | Iniciando cálculo de PD ajustada. CNPJ=31627849000113 SEGMENTO_PD=CGRUPO
2026-09-10 15:45:44 | INFO | bdc.gold.fato_analise_credito | PD ajustada calculada com sucesso. CNPJ=31627849000113 SEGMENTO_PD=CGRUPO PD_BASE=0.005 RATING_FINAL=A SCORE_TOTAL=None PD_FINAL=0.005 METODO=FIXED_PD
2026-09-10 15:45:44 | INFO | bdc.gold.fato_analise_credito | Iniciando cálculo de PD ajustada. CNPJ=31627849000113 SEGMENTO_PD=CPURA
2026-09-10 15:45:44 | INFO | bdc.gold.fato_analise_credito | Iniciando cálculo das notas quantitativas CPURA. CNPJ=31627849000113
2026-09-10 15:45:44 | INFO | bdc.gold.fato_analise_credito | Notas quantitativas CPURA calculadas. CNPJ=31627849000113 NOTA_PD=C NOTA_FCO_ROL=C NOTA_ROE=C NOTA_ROA=C
2026-09-10 15:45:44 | INFO | bdc.gold.fato_analise_credito | Iniciando score qualitativo CPURA. CNPJ=31627849000113
2026-09-10 15:45:44 | INFO | bdc.gold.fato_analise_credito | Score qualitativo CPURA calculado. CNPJ=31627849000113 SCORE_QUALITATIVO=2.5
2026-09-10 15:45:44 | INFO | bdc.gold.fato_analise_credito | Iniciando score quantitativo CPURA. CNPJ=31627849000113
2026-09-10 15:45:44 | INFO | bdc.gold.fato_analise_credito | Score quantitativo CPURA calculado. CNPJ=31627849000113 SCORE_QUANTITATIVO=4.2
2026-09-10 15:45:44 | INFO | bdc.gold.fato_analise_credito | Score total CPURA calculado. SCORE_TOTAL=6.7
2026-09-10 15:45:44 | INFO | bdc.gold.fato_analise_credito | Iniciando cálculo de PD final CPURA. CNPJ=31627849000113 rating=C pd_min=0.0076 pd_max=0.0417
2026-09-10 15:45:44 | INFO | bdc.gold.fato_analise_credito | PD final CPURA calculada com sucesso. CNPJ=31627849000113 score_total=6.7 score_truncado=6.7 u=0.2999999999999998 pd_bruta=0.017829999999999995 pd_final=0.017829999999999995
2026-09-10 15:45:44 | INFO | bdc.gold.fato_analise_credito | PD ajustada calculada com sucesso. CNPJ=31627849000113 SEGMENTO_PD=CPURA PD_BASE=0.017464 RATING_FINAL=None SCORE_TOTAL=6.7 PD_FINAL=0.017829999999999995 METODO=INTERPOLACAO_INTRA_RATING_CPURA
2026-09-10 15:45:44 | INFO | bdc.gold.fato_analise_credito | Iniciando cálculo de PD ajustada. CNPJ=31635668000139 SEGMENTO_PD=CGRUPO
2026-09-10 15:45:44 | INFO | bdc.gold.fato_analise_credito | PD ajustada calculada com sucesso. CNPJ=31635668000139 SEGMENTO_PD=CGRUPO PD_BASE=0.005 RATING_FINAL=A SCORE_TOTAL=None PD_FINAL=0.005 METODO=FIXED_PD
2026-09-10 15:45:44 | INFO | bdc.gold.fato_analise_credito | Iniciando cálculo de PD ajustada. CNPJ=31635668000139 SEGMENTO_PD=CGRUPO
2026-09-10 15:45:44 | INFO | bdc.gold.fato_analise_credito | PD ajustada calculada com sucesso. CNPJ=31635668000139 SEGMENTO_PD=CGRUPO PD_BASE=0.005 RATING_FINAL=A SCORE_TOTAL=None PD_FINAL=0.005 METODO=FIXED_PD
2026-09-10 15:45:44 | INFO | bdc.gold.fato_analise_credito | Iniciando cálculo de PD ajustada. CNPJ=31781135000165 SEGMENTO_PD=CGRUPO
2026-09-10 15:45:44 | INFO | bdc.gold.fato_analise_credito | PD ajustada calculada com sucesso. CNPJ=31781135000165 SEGMENTO_PD=CGRUPO PD_BASE=0.005 RATING_FINAL=A SCORE_TOTAL=None PD_FINAL=0.005 METODO=FIXED_PD
2026-09-10 15:45:44 | INFO | bdc.gold.fato_analise_credito | Iniciando cálculo de PD ajustada. CNPJ=31781135000165 SEGMENTO_PD=CGRUPO
2026-09-10 15:45:44 | INFO | bdc.gold.fato_analise_credito | PD ajustada calculada com sucesso. CNPJ=31781135000165 SEGMENTO_PD=CGRUPO PD_BASE=0.005 RATING_FINAL=A SCORE_TOTAL=None PD_FINAL=0.005 METODO=FIXED_PD
2026-09-10 15:45:44 | INFO | bdc.gold.fato_analise_credito | Iniciando cálculo de PD ajustada. CNPJ=31781135000165 SEGMENTO_PD=CGRUPO
2026-09-10 15:45:44 | INFO | bdc.gold.fato_analise_credito | PD ajustada calculada com sucesso. CNPJ=31781135000165 SEGMENTO_PD=CGRUPO PD_BASE=0.017464 RATING_FINAL=A SCORE_TOTAL=None PD_FINAL=0.005 METODO=FIXED_PD
2026-09-10 15:45:44 | INFO | bdc.gold.fato_analise_credito | Iniciando cálculo de PD ajustada. CNPJ=31781135000165 SEGMENTO_PD=CGRUPO
2026-09-10 15:45:44 | INFO | bdc.gold.fato_analise_credito | PD ajustada calculada com sucesso. CNPJ=31781135000165 SEGMENTO_PD=CGRUPO PD_BASE=0.005 RATING_FINAL=A SCORE_TOTAL=None PD_FINAL=0.005 METODO=FIXED_PD
2026-09-10 15:45:44 | INFO | bdc.gold.fato_analise_credito | Iniciando cálculo de PD ajustada. CNPJ=31864869000108 SEGMENTO_PD=CPURA
2026-09-10 15:45:44 | WARNING | bdc.gold.fato_analise_credito | Cálculo CPURA suspenso por Falha Segura. Rating nulo. CNPJ=31864869000108
2026-09-10 15:45:44 | INFO | bdc.gold.fato_analise_credito | Iniciando cálculo de PD ajustada. CNPJ=31864869000108 SEGMENTO_PD=CPURA
2026-09-10 15:45:44 | WARNING | bdc.gold.fato_analise_credito | Cálculo CPURA suspenso por Falha Segura. Rating nulo. CNPJ=31864869000108
2026-09-10 15:45:44 | INFO | bdc.gold.fato_analise_credito | Iniciando cálculo de PD ajustada. CNPJ=31864869000108 SEGMENTO_PD=CGRUPO
2026-09-10 15:45:44 | INFO | bdc.gold.fato_analise_credito | PD ajustada calculada com sucesso. CNPJ=31864869000108 SEGMENTO_PD=CGRUPO PD_BASE=0.005 RATING_FINAL=A SCORE_TOTAL=None PD_FINAL=0.005 METODO=FIXED_PD
2026-09-10 15:45:44 | INFO | bdc.gold.fato_analise_credito | Iniciando cálculo de PD ajustada. CNPJ=31897236000104 SEGMENTO_PD=CPURA
2026-09-10 15:45:44 | WARNING | bdc.gold.fato_analise_credito | Cálculo CPURA suspenso por Falha Segura. Rating nulo. CNPJ=31897236000104
2026-09-10 15:45:44 | INFO | bdc.gold.fato_analise_credito | Iniciando cálculo de PD ajustada. CNPJ=31932088000103 SEGMENTO_PD=CPURA
2026-09-10 15:45:44 | WARNING | bdc.gold.fato_analise_credito | Cálculo CPURA suspenso por Falha Segura. Rating nulo. CNPJ=31932088000103
2026-09-10 15:45:44 | INFO | bdc.gold.fato_analise_credito | Iniciando cálculo de PD ajustada. CNPJ=31932088000103 SEGMENTO_PD=CGRUPO
2026-09-10 15:45:44 | INFO | bdc.gold.fato_analise_credito | PD ajustada calculada com sucesso. CNPJ=31932088000103 SEGMENTO_PD=CGRUPO PD_BASE=0.005 RATING_FINAL=A SCORE_TOTAL=None PD_FINAL=0.005 METODO=FIXED_PD
2026-09-10 15:45:44 | INFO | bdc.gold.fato_analise_credito | Iniciando cálculo de PD ajustada. CNPJ=31932088000103 SEGMENTO_PD=CGRUPO
2026-09-10 15:45:44 | INFO | bdc.gold.fato_analise_credito | PD ajustada calculada com sucesso. CNPJ=31932088000103 SEGMENTO_PD=CGRUPO PD_BASE=0.005 RATING_FINAL=A SCORE_TOTAL=None PD_FINAL=0.005 METODO=FIXED_PD
2026-09-10 15:45:44 | INFO | bdc.gold.fato_analise_credito | Iniciando cálculo de PD ajustada. CNPJ=31932088000103 SEGMENTO_PD=CPURA
2026-09-10 15:45:44 | INFO | bdc.gold.fato_analise_credito | Iniciando cálculo das notas quantitativas CPURA. CNPJ=31932088000103
2026-09-10 15:45:44 | INFO | bdc.gold.fato_analise_credito | Notas quantitativas CPURA calculadas. CNPJ=31932088000103 NOTA_PD=C NOTA_FCO_ROL=C NOTA_ROE=C NOTA_ROA=C
2026-09-10 15:45:44 | INFO | bdc.gold.fato_analise_credito | Iniciando score qualitativo CPURA. CNPJ=31932088000103
2026-09-10 15:45:44 | INFO | bdc.gold.fato_analise_credito | Score qualitativo CPURA calculado. CNPJ=31932088000103 SCORE_QUALITATIVO=2.5
2026-09-10 15:45:44 | INFO | bdc.gold.fato_analise_credito | Iniciando score quantitativo CPURA. CNPJ=31932088000103
2026-09-10 15:45:44 | INFO | bdc.gold.fato_analise_credito | Score quantitativo CPURA calculado. CNPJ=31932088000103 SCORE_QUANTITATIVO=4.2
2026-09-10 15:45:44 | INFO | bdc.gold.fato_analise_credito | Score total CPURA calculado. SCORE_TOTAL=6.7
2026-09-10 15:45:44 | INFO | bdc.gold.fato_analise_credito | Iniciando cálculo de PD final CPURA. CNPJ=31932088000103 rating=C pd_min=0.0076 pd_max=0.0417
2026-09-10 15:45:44 | INFO | bdc.gold.fato_analise_credito | PD final CPURA calculada com sucesso. CNPJ=31932088000103 score_total=6.7 score_truncado=6.7 u=0.2999999999999998 pd_bruta=0.017829999999999995 pd_final=0.017829999999999995
2026-09-10 15:45:44 | INFO | bdc.gold.fato_analise_credito | PD ajustada calculada com sucesso. CNPJ=31932088000103 SEGMENTO_PD=CPURA PD_BASE=0.017464 RATING_FINAL=None SCORE_TOTAL=6.7 PD_FINAL=0.017829999999999995 METODO=INTERPOLACAO_INTRA_RATING_CPURA
2026-09-10 15:45:44 | INFO | bdc.gold.fato_analise_credito | Iniciando cálculo de PD ajustada. CNPJ=32023463000165 SEGMENTO_PD=CPURA
2026-09-10 15:45:44 | WARNING | bdc.gold.fato_analise_credito | Cálculo CPURA suspenso por Falha Segura. Rating nulo. CNPJ=32023463000165
2026-09-10 15:45:44 | INFO | bdc.gold.fato_analise_credito | Iniciando cálculo de PD ajustada. CNPJ=32023463000165 SEGMENTO_PD=CPURA
2026-09-10 15:45:44 | WARNING | bdc.gold.fato_analise_credito | Cálculo CPURA suspenso por Falha Segura. Rating nulo. CNPJ=32023463000165
2026-09-10 15:45:44 | INFO | bdc.gold.fato_analise_credito | Iniciando cálculo de PD ajustada. CNPJ=32023463000165 SEGMENTO_PD=CPURA
2026-09-10 15:45:44 | WARNING | bdc.gold.fato_analise_credito | Cálculo CPURA suspenso por Falha Segura. Rating nulo. CNPJ=32023463000165
2026-09-10 15:45:44 | INFO | bdc.gold.fato_analise_credito | Iniciando cálculo de PD ajustada. CNPJ=32023463000165 SEGMENTO_PD=CPURA
2026-09-10 15:45:44 | INFO | bdc.gold.fato_analise_credito | Iniciando cálculo das notas quantitativas CPURA. CNPJ=32023463000165
2026-09-10 15:45:44 | INFO | bdc.gold.fato_analise_credito | Notas quantitativas CPURA calculadas. CNPJ=32023463000165 NOTA_PD=A NOTA_FCO_ROL=A NOTA_ROE=E NOTA_ROA=E
2026-09-10 15:45:44 | INFO | bdc.gold.fato_analise_credito | Iniciando score qualitativo CPURA. CNPJ=32023463000165
2026-09-10 15:45:44 | INFO | bdc.gold.fato_analise_credito | Score qualitativo CPURA calculado. CNPJ=32023463000165 SCORE_QUALITATIVO=2.1
2026-09-10 15:45:44 | INFO | bdc.gold.fato_analise_credito | Iniciando score quantitativo CPURA. CNPJ=32023463000165
2026-09-10 15:45:44 | INFO | bdc.gold.fato_analise_credito | Score quantitativo CPURA calculado. CNPJ=32023463000165 SCORE_QUANTITATIVO=5.6
2026-09-10 15:45:44 | INFO | bdc.gold.fato_analise_credito | Score total CPURA calculado. SCORE_TOTAL=7.699999999999999
2026-09-10 15:45:44 | INFO | bdc.gold.fato_analise_credito | Iniciando cálculo de PD final CPURA. CNPJ=32023463000165 rating=B pd_min=0.005 pd_max=0.0076
2026-09-10 15:45:44 | INFO | bdc.gold.fato_analise_credito | PD final CPURA calculada com sucesso. CNPJ=32023463000165 score_total=7.699999999999999 score_truncado=7.699999999999999 u=0.3000000000000007 pd_bruta=0.005780000000000002 pd_final=0.005780000000000004
2026-09-10 15:45:44 | INFO | bdc.gold.fato_analise_credito | PD ajustada calculada com sucesso. CNPJ=32023463000165 SEGMENTO_PD=CPURA PD_BASE=0.000132 RATING_FINAL=None SCORE_TOTAL=7.699999999999999 PD_FINAL=0.005780000000000004 METODO=INTERPOLACAO_INTRA_RATING_CPURA
2026-09-10 15:45:44 | INFO | bdc.gold.fato_analise_credito | Iniciando cálculo de PD ajustada. CNPJ=32168500000123 SEGMENTO_PD=CPURA
2026-09-10 15:45:44 | WARNING | bdc.gold.fato_analise_credito | Cálculo CPURA suspenso por Falha Segura. Rating nulo. CNPJ=32168500000123
2026-09-10 15:45:44 | INFO | bdc.gold.fato_analise_credito | Iniciando cálculo de PD ajustada. CNPJ=32168500000123 SEGMENTO_PD=CPURA
2026-09-10 15:45:44 | WARNING | bdc.gold.fato_analise_credito | Cálculo CPURA suspenso por Falha Segura. Rating nulo. CNPJ=32168500000123
2026-09-10 15:45:44 | INFO | bdc.gold.fato_analise_credito | Iniciando cálculo de PD ajustada. CNPJ=32168500000123 SEGMENTO_PD=CPURA
2026-09-10 15:45:44 | WARNING | bdc.gold.fato_analise_credito | Cálculo CPURA suspenso por Falha Segura. Rating nulo. CNPJ=32168500000123
2026-09-10 15:45:44 | INFO | bdc.gold.fato_analise_credito | Iniciando cálculo de PD ajustada. CNPJ=32185360000100 SEGMENTO_PD=CPURA
2026-09-10 15:45:44 | WARNING | bdc.gold.fato_analise_credito | Cálculo CPURA suspenso por Falha Segura. Rating nulo. CNPJ=32185360000100
2026-09-10 15:45:44 | INFO | bdc.gold.fato_analise_credito | Iniciando cálculo de PD ajustada. CNPJ=32185360000100 SEGMENTO_PD=CPURA
2026-09-10 15:45:44 | WARNING | bdc.gold.fato_analise_credito | Cálculo CPURA suspenso por Falha Segura. Rating nulo. CNPJ=32185360000100
2026-09-10 15:45:44 | INFO | bdc.gold.fato_analise_credito | Iniciando cálculo de PD ajustada. CNPJ=32185360000100 SEGMENTO_PD=CPURA
2026-09-10 15:45:44 | WARNING | bdc.gold.fato_analise_credito | Cálculo CPURA suspenso por Falha Segura. Rating nulo. CNPJ=32185360000100
2026-09-10 15:45:44 | INFO | bdc.gold.fato_analise_credito | Iniciando cálculo de PD ajustada. CNPJ=32185360000100 SEGMENTO_PD=CPURA
2026-09-10 15:45:44 | WARNING | bdc.gold.fato_analise_credito | Cálculo CPURA suspenso por Falha Segura. Rating nulo. CNPJ=32185360000100
2026-09-10 15:45:44 | INFO | bdc.gold.fato_analise_credito | Iniciando cálculo de PD ajustada. CNPJ=32234363000188 SEGMENTO_PD=CPURA
2026-09-10 15:45:44 | WARNING | bdc.gold.fato_analise_credito | Cálculo CPURA suspenso por Falha Segura. Rating nulo. CNPJ=32234363000188
2026-09-10 15:45:44 | WARNING | bdc.gold.fato_analise_credito | [CNPJ: 32234363000188] Falha no cálculo (Insumo Inválido): Comercializadora sem TIPO_COMERCIALIZADORA válido.
2026-09-10 15:45:44 | INFO | bdc.gold.fato_analise_credito | Iniciando cálculo de PD ajustada. CNPJ=32234363000188 SEGMENTO_PD=CPURA
2026-09-10 15:45:44 | INFO | bdc.gold.fato_analise_credito | Iniciando cálculo das notas quantitativas CPURA. CNPJ=32234363000188
2026-09-10 15:45:44 | INFO | bdc.gold.fato_analise_credito | Notas quantitativas CPURA calculadas. CNPJ=32234363000188 NOTA_PD=C NOTA_FCO_ROL=A NOTA_ROE=C NOTA_ROA=C
2026-09-10 15:45:44 | INFO | bdc.gold.fato_analise_credito | Iniciando score qualitativo CPURA. CNPJ=32234363000188
2026-09-10 15:45:44 | INFO | bdc.gold.fato_analise_credito | Score qualitativo CPURA calculado. CNPJ=32234363000188 SCORE_QUALITATIVO=2.8
2026-09-10 15:45:44 | INFO | bdc.gold.fato_analise_credito | Iniciando score quantitativo CPURA. CNPJ=32234363000188
2026-09-10 15:45:44 | INFO | bdc.gold.fato_analise_credito | Score quantitativo CPURA calculado. CNPJ=32234363000188 SCORE_QUANTITATIVO=5.151999999999999
2026-09-10 15:45:44 | INFO | bdc.gold.fato_analise_credito | Score total CPURA calculado. SCORE_TOTAL=7.951999999999999
2026-09-10 15:45:44 | INFO | bdc.gold.fato_analise_credito | Iniciando cálculo de PD final CPURA. CNPJ=32234363000188 rating=B pd_min=0.005 pd_max=0.0076
2026-09-10 15:45:44 | INFO | bdc.gold.fato_analise_credito | PD final CPURA calculada com sucesso. CNPJ=32234363000188 score_total=7.951999999999999 score_truncado=7.951999999999999 u=0.04800000000000093 pd_bruta=0.005124800000000002 pd_final=0.005124800000000001
2026-09-10 15:45:44 | INFO | bdc.gold.fato_analise_credito | PD ajustada calculada com sucesso. CNPJ=32234363000188 SEGMENTO_PD=CPURA PD_BASE=0.038248 RATING_FINAL=None SCORE_TOTAL=7.951999999999999 PD_FINAL=0.005124800000000001 METODO=INTERPOLACAO_INTRA_RATING_CPURA
2026-09-10 15:45:44 | INFO | bdc.gold.fato_analise_credito | Iniciando cálculo de PD ajustada. CNPJ=32235159000181 SEGMENTO_PD=CPURA
2026-09-10 15:45:44 | WARNING | bdc.gold.fato_analise_credito | Cálculo CPURA suspenso por Falha Segura. Rating nulo. CNPJ=32235159000181
2026-09-10 15:45:44 | INFO | bdc.gold.fato_analise_credito | Iniciando cálculo de PD ajustada. CNPJ=32312466000119 SEGMENTO_PD=CPURA
2026-09-10 15:45:44 | WARNING | bdc.gold.fato_analise_credito | Cálculo CPURA suspenso por Falha Segura. Rating nulo. CNPJ=32312466000119
2026-09-10 15:45:44 | INFO | bdc.gold.fato_analise_credito | Iniciando cálculo de PD ajustada. CNPJ=32312466000119 SEGMENTO_PD=CPURA
2026-09-10 15:45:44 | WARNING | bdc.gold.fato_analise_credito | Cálculo CPURA suspenso por Falha Segura. Rating nulo. CNPJ=32312466000119
2026-09-10 15:45:44 | INFO | bdc.gold.fato_analise_credito | Iniciando cálculo de PD ajustada. CNPJ=32312466000119 SEGMENTO_PD=CPURA
2026-09-10 15:45:44 | WARNING | bdc.gold.fato_analise_credito | Cálculo CPURA suspenso por Falha Segura. Rating nulo. CNPJ=32312466000119
2026-09-10 15:45:44 | INFO | bdc.gold.fato_analise_credito | Iniciando cálculo de PD ajustada. CNPJ=32312466000119 SEGMENTO_PD=CPURA
2026-09-10 15:45:44 | WARNING | bdc.gold.fato_analise_credito | Cálculo CPURA suspenso por Falha Segura. Rating nulo. CNPJ=32312466000119
2026-09-10 15:45:44 | INFO | bdc.gold.fato_analise_credito | Iniciando cálculo de PD ajustada. CNPJ=32618447000115 SEGMENTO_PD=CPURA
2026-09-10 15:45:44 | WARNING | bdc.gold.fato_analise_credito | Cálculo CPURA suspenso por Falha Segura. Rating nulo. CNPJ=32618447000115
2026-09-10 15:45:44 | INFO | bdc.gold.fato_analise_credito | Iniciando cálculo de PD ajustada. CNPJ=32618447000115 SEGMENTO_PD=CPURA
2026-09-10 15:45:44 | WARNING | bdc.gold.fato_analise_credito | Cálculo CPURA suspenso por Falha Segura. Rating nulo. CNPJ=32618447000115
2026-09-10 15:45:44 | INFO | bdc.gold.fato_analise_credito | Iniciando cálculo de PD ajustada. CNPJ=32618447000115 SEGMENTO_PD=CPURA
2026-09-10 15:45:44 | WARNING | bdc.gold.fato_analise_credito | Cálculo CPURA suspenso por Falha Segura. Rating nulo. CNPJ=32618447000115
2026-09-10 15:45:44 | INFO | bdc.gold.fato_analise_credito | Iniciando cálculo de PD ajustada. CNPJ=32618447000115 SEGMENTO_PD=CPURA
2026-09-10 15:45:44 | WARNING | bdc.gold.fato_analise_credito | Cálculo CPURA suspenso por Falha Segura. Rating nulo. CNPJ=32618447000115
2026-09-10 15:45:44 | INFO | bdc.gold.fato_analise_credito | Iniciando cálculo de PD ajustada. CNPJ=32618447000115 SEGMENTO_PD=CPURA
2026-09-10 15:45:44 | INFO | bdc.gold.fato_analise_credito | Iniciando cálculo das notas quantitativas CPURA. CNPJ=32618447000115
2026-09-10 15:45:44 | INFO | bdc.gold.fato_analise_credito | Notas quantitativas CPURA calculadas. CNPJ=32618447000115 NOTA_PD=C NOTA_FCO_ROL=C NOTA_ROE=A NOTA_ROA=B
2026-09-10 15:45:44 | INFO | bdc.gold.fato_analise_credito | Iniciando score qualitativo CPURA. CNPJ=32618447000115
2026-09-10 15:45:44 | INFO | bdc.gold.fato_analise_credito | Score qualitativo CPURA calculado. CNPJ=32618447000115 SCORE_QUALITATIVO=1.25
2026-09-10 15:45:44 | INFO | bdc.gold.fato_analise_credito | Iniciando score quantitativo CPURA. CNPJ=32618447000115
2026-09-10 15:45:44 | INFO | bdc.gold.fato_analise_credito | Score quantitativo CPURA calculado. CNPJ=32618447000115 SCORE_QUANTITATIVO=4.619999999999999
2026-09-10 15:45:44 | INFO | bdc.gold.fato_analise_credito | Score total CPURA calculado. SCORE_TOTAL=5.869999999999999
2026-09-10 15:45:44 | INFO | bdc.gold.fato_analise_credito | Iniciando cálculo de PD final CPURA. CNPJ=32618447000115 rating=D pd_min=0.0417 pd_max=0.1
2026-09-10 15:45:44 | INFO | bdc.gold.fato_analise_credito | PD final CPURA calculada com sucesso. CNPJ=32618447000115 score_total=5.869999999999999 score_truncado=5.869999999999999 u=0.13000000000000078 pd_bruta=0.049279000000000045 pd_final=0.04927900000000005
2026-09-10 15:45:44 | INFO | bdc.gold.fato_analise_credito | PD ajustada calculada com sucesso. CNPJ=32618447000115 SEGMENTO_PD=CPURA PD_BASE=0.017883 RATING_FINAL=None SCORE_TOTAL=5.869999999999999 PD_FINAL=0.04927900000000005 METODO=INTERPOLACAO_INTRA_RATING_CPURA
2026-09-10 15:45:44 | INFO | bdc.gold.fato_analise_credito | Iniciando cálculo de PD ajustada. CNPJ=32618447000620 SEGMENTO_PD=CPURA
2026-09-10 15:45:44 | WARNING | bdc.gold.fato_analise_credito | Cálculo CPURA suspenso por Falha Segura. Rating nulo. CNPJ=32618447000620
2026-09-10 15:45:44 | INFO | bdc.gold.fato_analise_credito | Iniciando cálculo de PD ajustada. CNPJ=32783106000103 SEGMENTO_PD=CPURA
2026-09-10 15:45:44 | WARNING | bdc.gold.fato_analise_credito | Cálculo CPURA suspenso por Falha Segura. Rating nulo. CNPJ=32783106000103
2026-09-10 15:45:44 | INFO | bdc.gold.fato_analise_credito | Iniciando cálculo de PD ajustada. CNPJ=33000167000101 SEGMENTO_PD=CGRUPO
2026-09-10 15:45:44 | INFO | bdc.gold.fato_analise_credito | PD ajustada calculada com sucesso. CNPJ=33000167000101 SEGMENTO_PD=CGRUPO PD_BASE=0.005 RATING_FINAL=A SCORE_TOTAL=None PD_FINAL=0.005 METODO=FIXED_PD
2026-09-10 15:45:44 | INFO | bdc.gold.fato_analise_credito | Iniciando cálculo de PD ajustada. CNPJ=33127947000117 SEGMENTO_PD=CPURA
2026-09-10 15:45:44 | WARNING | bdc.gold.fato_analise_credito | Cálculo CPURA suspenso por Falha Segura. Rating nulo. CNPJ=33127947000117
2026-09-10 15:45:44 | INFO | bdc.gold.fato_analise_credito | Iniciando cálculo de PD ajustada. CNPJ=33524912000111 SEGMENTO_PD=CPURA
2026-09-10 15:45:44 | INFO | bdc.gold.fato_analise_credito | Iniciando cálculo das notas quantitativas CPURA. CNPJ=33524912000111
2026-09-10 15:45:44 | INFO | bdc.gold.fato_analise_credito | Notas quantitativas CPURA calculadas. CNPJ=33524912000111 NOTA_PD=A NOTA_FCO_ROL=B NOTA_ROE=A NOTA_ROA=B
2026-09-10 15:45:44 | INFO | bdc.gold.fato_analise_credito | Iniciando score qualitativo CPURA. CNPJ=33524912000111
2026-09-10 15:45:44 | INFO | bdc.gold.fato_analise_credito | Score qualitativo CPURA calculado. CNPJ=33524912000111 SCORE_QUALITATIVO=1.6
2026-09-10 15:45:44 | INFO | bdc.gold.fato_analise_credito | Iniciando score quantitativo CPURA. CNPJ=33524912000111
2026-09-10 15:45:44 | INFO | bdc.gold.fato_analise_credito | Score quantitativo CPURA calculado. CNPJ=33524912000111 SCORE_QUANTITATIVO=6.384
2026-09-10 15:45:44 | INFO | bdc.gold.fato_analise_credito | Score total CPURA calculado. SCORE_TOTAL=7.984
2026-09-10 15:45:44 | INFO | bdc.gold.fato_analise_credito | Iniciando cálculo de PD final CPURA. CNPJ=33524912000111 rating=B pd_min=0.005 pd_max=0.0076
2026-09-10 15:45:44 | INFO | bdc.gold.fato_analise_credito | PD final CPURA calculada com sucesso. CNPJ=33524912000111 score_total=7.984 score_truncado=7.984 u=0.016000000000000014 pd_bruta=0.0050416 pd_final=0.005041600000000002
2026-09-10 15:45:44 | INFO | bdc.gold.fato_analise_credito | PD ajustada calculada com sucesso. CNPJ=33524912000111 SEGMENTO_PD=CPURA PD_BASE=1.8e-05 RATING_FINAL=None SCORE_TOTAL=7.984 PD_FINAL=0.005041600000000002 METODO=INTERPOLACAO_INTRA_RATING_CPURA
2026-09-10 15:45:44 | INFO | bdc.gold.fato_analise_credito | Iniciando cálculo de PD ajustada. CNPJ=33611500000119 SEGMENTO_PD=CGRUPO
2026-09-10 15:45:44 | INFO | bdc.gold.fato_analise_credito | PD ajustada calculada com sucesso. CNPJ=33611500000119 SEGMENTO_PD=CGRUPO PD_BASE=0.003475 RATING_FINAL=A SCORE_TOTAL=None PD_FINAL=0.005 METODO=FIXED_PD
2026-09-10 15:45:44 | WARNING | bdc.gold.fato_analise_credito | [CNPJ: 33664228000135] Falha no cálculo (Insumo Inválido): Comercializadora sem TIPO_COMERCIALIZADORA válido.
2026-09-10 15:45:44 | INFO | bdc.gold.fato_analise_credito | Iniciando cálculo de PD ajustada. CNPJ=33931753000170 SEGMENTO_PD=CPURA
2026-09-10 15:45:44 | WARNING | bdc.gold.fato_analise_credito | Cálculo CPURA suspenso por Falha Segura. Rating nulo. CNPJ=33931753000170
2026-09-10 15:45:44 | INFO | bdc.gold.fato_analise_credito | Iniciando cálculo de PD ajustada. CNPJ=33933760000100 SEGMENTO_PD=CPURA
2026-09-10 15:45:44 | WARNING | bdc.gold.fato_analise_credito | Cálculo CPURA suspenso por Falha Segura. Rating nulo. CNPJ=33933760000100
2026-09-10 15:45:44 | INFO | bdc.gold.fato_analise_credito | Iniciando cálculo de PD ajustada. CNPJ=33933760000100 SEGMENTO_PD=CGRUPO
2026-09-10 15:45:44 | INFO | bdc.gold.fato_analise_credito | PD ajustada calculada com sucesso. CNPJ=33933760000100 SEGMENTO_PD=CGRUPO PD_BASE=0.005 RATING_FINAL=A SCORE_TOTAL=None PD_FINAL=0.005 METODO=FIXED_PD
2026-09-10 15:45:44 | INFO | bdc.gold.fato_analise_credito | Iniciando cálculo de PD ajustada. CNPJ=33933760000100 SEGMENTO_PD=CGRUPO
2026-09-10 15:45:44 | INFO | bdc.gold.fato_analise_credito | PD ajustada calculada com sucesso. CNPJ=33933760000100 SEGMENTO_PD=CGRUPO PD_BASE=0.005 RATING_FINAL=A SCORE_TOTAL=None PD_FINAL=0.005 METODO=FIXED_PD
2026-09-10 15:45:44 | INFO | bdc.gold.fato_analise_credito | Iniciando cálculo de PD ajustada. CNPJ=33933760000100 SEGMENTO_PD=CGRUPO
2026-09-10 15:45:44 | INFO | bdc.gold.fato_analise_credito | PD ajustada calculada com sucesso. CNPJ=33933760000100 SEGMENTO_PD=CGRUPO PD_BASE=0.705473 RATING_FINAL=A SCORE_TOTAL=None PD_FINAL=0.005 METODO=FIXED_PD
2026-09-10 15:45:44 | INFO | bdc.gold.fato_analise_credito | Iniciando cálculo de PD ajustada. CNPJ=33933760000100 SEGMENTO_PD=CPURA
2026-09-10 15:45:44 | INFO | bdc.gold.fato_analise_credito | Iniciando cálculo das notas quantitativas CPURA. CNPJ=33933760000100
2026-09-10 15:45:44 | INFO | bdc.gold.fato_analise_credito | Notas quantitativas CPURA calculadas. CNPJ=33933760000100 NOTA_PD=B NOTA_FCO_ROL=A NOTA_ROE=A NOTA_ROA=B
2026-09-10 15:45:44 | INFO | bdc.gold.fato_analise_credito | Iniciando score qualitativo CPURA. CNPJ=33933760000100
2026-09-10 15:45:44 | INFO | bdc.gold.fato_analise_credito | Score qualitativo CPURA calculado. CNPJ=33933760000100 SCORE_QUALITATIVO=2.9
2026-09-10 15:45:44 | INFO | bdc.gold.fato_analise_credito | Iniciando score quantitativo CPURA. CNPJ=33933760000100
2026-09-10 15:45:44 | INFO | bdc.gold.fato_analise_credito | Score quantitativo CPURA calculado. CNPJ=33933760000100 SCORE_QUANTITATIVO=6.215999999999999
2026-09-10 15:45:44 | INFO | bdc.gold.fato_analise_credito | Score total CPURA calculado. SCORE_TOTAL=9.116
2026-09-10 15:45:44 | INFO | bdc.gold.fato_analise_credito | Iniciando cálculo de PD final CPURA. CNPJ=33933760000100 rating=A pd_min=0.0 pd_max=0.005
2026-09-10 15:45:44 | INFO | bdc.gold.fato_analise_credito | PD final CPURA calculada com sucesso. CNPJ=33933760000100 score_total=9.116 score_truncado=9.116 u=0.44200000000000017 pd_bruta=0.002210000000000001 pd_final=0.002210000000000001
2026-09-10 15:45:44 | INFO | bdc.gold.fato_analise_credito | PD ajustada calculada com sucesso. CNPJ=33933760000100 SEGMENTO_PD=CPURA PD_BASE=0.006219 RATING_FINAL=None SCORE_TOTAL=9.116 PD_FINAL=0.002210000000000001 METODO=INTERPOLACAO_INTRA_RATING_CPURA
2026-09-10 15:45:44 | INFO | bdc.gold.fato_analise_credito | Iniciando cálculo de PD ajustada. CNPJ=34475373000130 SEGMENTO_PD=CPURA
2026-09-10 15:45:44 | WARNING | bdc.gold.fato_analise_credito | Cálculo CPURA suspenso por Falha Segura. Rating nulo. CNPJ=34475373000130
2026-09-10 15:45:44 | INFO | bdc.gold.fato_analise_credito | Iniciando cálculo de PD ajustada. CNPJ=34475373000130 SEGMENTO_PD=CPURA
2026-09-10 15:45:44 | WARNING | bdc.gold.fato_analise_credito | Cálculo CPURA suspenso por Falha Segura. Rating nulo. CNPJ=34475373000130
2026-09-10 15:45:44 | INFO | bdc.gold.fato_analise_credito | Iniciando cálculo de PD ajustada. CNPJ=34475373000130 SEGMENTO_PD=CPURA
2026-09-10 15:45:44 | WARNING | bdc.gold.fato_analise_credito | Cálculo CPURA suspenso por Falha Segura. Rating nulo. CNPJ=34475373000130
2026-09-10 15:45:44 | INFO | bdc.gold.fato_analise_credito | Iniciando cálculo de PD ajustada. CNPJ=34475373000130 SEGMENTO_PD=CPURA
2026-09-10 15:45:44 | WARNING | bdc.gold.fato_analise_credito | Cálculo CPURA suspenso por Falha Segura. Rating nulo. CNPJ=34475373000130
2026-09-10 15:45:44 | INFO | bdc.gold.fato_analise_credito | Iniciando cálculo de PD ajustada. CNPJ=34475373000130 SEGMENTO_PD=CPURA
2026-09-10 15:45:44 | WARNING | bdc.gold.fato_analise_credito | Cálculo CPURA suspenso por Falha Segura. Rating nulo. CNPJ=34475373000130
2026-09-10 15:45:44 | INFO | bdc.gold.fato_analise_credito | Iniciando cálculo de PD ajustada. CNPJ=34475373000130 SEGMENTO_PD=CGRUPO
2026-09-10 15:45:44 | INFO | bdc.gold.fato_analise_credito | PD ajustada calculada com sucesso. CNPJ=34475373000130 SEGMENTO_PD=CGRUPO PD_BASE=0.017464 RATING_FINAL=A SCORE_TOTAL=None PD_FINAL=0.005 METODO=FIXED_PD
2026-09-10 15:45:44 | INFO | bdc.gold.fato_analise_credito | Iniciando cálculo de PD ajustada. CNPJ=34475373000130 SEGMENTO_PD=CGRUPO
2026-09-10 15:45:44 | INFO | bdc.gold.fato_analise_credito | PD ajustada calculada com sucesso. CNPJ=34475373000130 SEGMENTO_PD=CGRUPO PD_BASE=0.005 RATING_FINAL=A SCORE_TOTAL=None PD_FINAL=0.005 METODO=FIXED_PD
2026-09-10 15:45:44 | INFO | bdc.gold.fato_analise_credito | Iniciando cálculo de PD ajustada. CNPJ=34818458000174 SEGMENTO_PD=CPURA
2026-09-10 15:45:44 | WARNING | bdc.gold.fato_analise_credito | Cálculo CPURA suspenso por Falha Segura. Rating nulo. CNPJ=34818458000174
2026-09-10 15:45:44 | INFO | bdc.gold.fato_analise_credito | Iniciando cálculo de PD ajustada. CNPJ=34818597000106 SEGMENTO_PD=CPURA
2026-09-10 15:45:44 | WARNING | bdc.gold.fato_analise_credito | Cálculo CPURA suspenso por Falha Segura. Rating nulo. CNPJ=34818597000106
2026-09-10 15:45:44 | INFO | bdc.gold.fato_analise_credito | Iniciando cálculo de PD ajustada. CNPJ=34867956000107 SEGMENTO_PD=CPURA
2026-09-10 15:45:44 | WARNING | bdc.gold.fato_analise_credito | Cálculo CPURA suspenso por Falha Segura. Rating nulo. CNPJ=34867956000107
2026-09-10 15:45:44 | INFO | bdc.gold.fato_analise_credito | Iniciando cálculo de PD ajustada. CNPJ=34980728000149 SEGMENTO_PD=CPURA
2026-09-10 15:45:44 | WARNING | bdc.gold.fato_analise_credito | Cálculo CPURA suspenso por Falha Segura. Rating nulo. CNPJ=34980728000149
2026-09-10 15:45:44 | INFO | bdc.gold.fato_analise_credito | Iniciando cálculo de PD ajustada. CNPJ=35224835000100 SEGMENTO_PD=CPURA
2026-09-10 15:45:44 | INFO | bdc.gold.fato_analise_credito | Iniciando cálculo das notas quantitativas CPURA. CNPJ=35224835000100
2026-09-10 15:45:44 | INFO | bdc.gold.fato_analise_credito | Notas quantitativas CPURA calculadas. CNPJ=35224835000100 NOTA_PD=E NOTA_FCO_ROL=B NOTA_ROE=A NOTA_ROA=C
2026-09-10 15:45:44 | INFO | bdc.gold.fato_analise_credito | Iniciando score qualitativo CPURA. CNPJ=35224835000100
2026-09-10 15:45:44 | INFO | bdc.gold.fato_analise_credito | Score qualitativo CPURA calculado. CNPJ=35224835000100 SCORE_QUALITATIVO=1.6
2026-09-10 15:45:44 | INFO | bdc.gold.fato_analise_credito | Iniciando score quantitativo CPURA. CNPJ=35224835000100
2026-09-10 15:45:44 | INFO | bdc.gold.fato_analise_credito | Score quantitativo CPURA calculado. CNPJ=35224835000100 SCORE_QUANTITATIVO=3.024
2026-09-10 15:45:44 | INFO | bdc.gold.fato_analise_credito | Score total CPURA calculado. SCORE_TOTAL=4.6240000000000006
2026-09-10 15:45:44 | INFO | bdc.gold.fato_analise_credito | Iniciando cálculo de PD final CPURA. CNPJ=35224835000100 rating=E pd_min=0.1 pd_max=1.0
2026-09-10 15:45:44 | INFO | bdc.gold.fato_analise_credito | PD final CPURA calculada com sucesso. CNPJ=35224835000100 score_total=4.6240000000000006 score_truncado=4.6240000000000006 u=0.07519999999999989 pd_bruta=0.1676799999999999 pd_final=0.16767999999999994
2026-09-10 15:45:44 | INFO | bdc.gold.fato_analise_credito | PD ajustada calculada com sucesso. CNPJ=35224835000100 SEGMENTO_PD=CPURA PD_BASE=0.266609 RATING_FINAL=None SCORE_TOTAL=4.6240000000000006 PD_FINAL=0.16767999999999994 METODO=INTERPOLACAO_INTRA_RATING_CPURA
2026-09-10 15:45:44 | WARNING | bdc.gold.fato_analise_credito | [CNPJ: 35224835000100] Falha no cálculo (Insumo Inválido): Comercializadora sem TIPO_COMERCIALIZADORA válido.
2026-09-10 15:45:44 | INFO | bdc.gold.fato_analise_credito | Iniciando cálculo de PD ajustada. CNPJ=35458657000181 SEGMENTO_PD=CPURA
2026-09-10 15:45:44 | WARNING | bdc.gold.fato_analise_credito | Cálculo CPURA suspenso por Falha Segura. Rating nulo. CNPJ=35458657000181
2026-09-10 15:45:44 | INFO | bdc.gold.fato_analise_credito | Iniciando cálculo de PD ajustada. CNPJ=35487170000127 SEGMENTO_PD=CPURA
2026-09-10 15:45:44 | WARNING | bdc.gold.fato_analise_credito | Cálculo CPURA suspenso por Falha Segura. Rating nulo. CNPJ=35487170000127
2026-09-10 15:45:44 | INFO | bdc.gold.fato_analise_credito | Iniciando cálculo de PD ajustada. CNPJ=35487170000127 SEGMENTO_PD=CPURA
2026-09-10 15:45:44 | WARNING | bdc.gold.fato_analise_credito | Cálculo CPURA suspenso por Falha Segura. Rating nulo. CNPJ=35487170000127
2026-09-10 15:45:44 | INFO | bdc.gold.fato_analise_credito | Iniciando cálculo de PD ajustada. CNPJ=35487170000127 SEGMENTO_PD=CPURA
2026-09-10 15:45:44 | WARNING | bdc.gold.fato_analise_credito | Cálculo CPURA suspenso por Falha Segura. Rating nulo. CNPJ=35487170000127
2026-09-10 15:45:44 | INFO | bdc.gold.fato_analise_credito | Iniciando cálculo de PD ajustada. CNPJ=35487170000127 SEGMENTO_PD=CPURA
2026-09-10 15:45:44 | WARNING | bdc.gold.fato_analise_credito | Cálculo CPURA suspenso por Falha Segura. Rating nulo. CNPJ=35487170000127
2026-09-10 15:45:44 | INFO | bdc.gold.fato_analise_credito | Iniciando cálculo de PD ajustada. CNPJ=35823536000191 SEGMENTO_PD=CGRUPO
2026-09-10 15:45:44 | INFO | bdc.gold.fato_analise_credito | PD ajustada calculada com sucesso. CNPJ=35823536000191 SEGMENTO_PD=CGRUPO PD_BASE=0.005 RATING_FINAL=A SCORE_TOTAL=None PD_FINAL=0.005 METODO=FIXED_PD
2026-09-10 15:45:44 | INFO | bdc.gold.fato_analise_credito | Iniciando cálculo de PD ajustada. CNPJ=35823538000180 SEGMENTO_PD=CGRUPO
2026-09-10 15:45:44 | INFO | bdc.gold.fato_analise_credito | PD ajustada calculada com sucesso. CNPJ=35823538000180 SEGMENTO_PD=CGRUPO PD_BASE=0.005 RATING_FINAL=A SCORE_TOTAL=None PD_FINAL=0.005 METODO=FIXED_PD
2026-09-10 15:45:44 | INFO | bdc.gold.fato_analise_credito | Iniciando cálculo de PD ajustada. CNPJ=35823577000188 SEGMENTO_PD=CGRUPO
2026-09-10 15:45:44 | INFO | bdc.gold.fato_analise_credito | PD ajustada calculada com sucesso. CNPJ=35823577000188 SEGMENTO_PD=CGRUPO PD_BASE=0.005 RATING_FINAL=A SCORE_TOTAL=None PD_FINAL=0.005 METODO=FIXED_PD
2026-09-10 15:45:44 | INFO | bdc.gold.fato_analise_credito | Iniciando cálculo de PD ajustada. CNPJ=35824347000133 SEGMENTO_PD=CGRUPO
2026-09-10 15:45:44 | INFO | bdc.gold.fato_analise_credito | PD ajustada calculada com sucesso. CNPJ=35824347000133 SEGMENTO_PD=CGRUPO PD_BASE=0.005 RATING_FINAL=A SCORE_TOTAL=None PD_FINAL=0.005 METODO=FIXED_PD
2026-09-10 15:45:44 | INFO | bdc.gold.fato_analise_credito | Iniciando cálculo de PD ajustada. CNPJ=35881121000174 SEGMENTO_PD=CPURA
2026-09-10 15:45:44 | INFO | bdc.gold.fato_analise_credito | Iniciando cálculo das notas quantitativas CPURA. CNPJ=35881121000174
2026-09-10 15:45:44 | INFO | bdc.gold.fato_analise_credito | Notas quantitativas CPURA calculadas. CNPJ=35881121000174 NOTA_PD=B NOTA_FCO_ROL=A NOTA_ROE=C NOTA_ROA=C
2026-09-10 15:45:44 | INFO | bdc.gold.fato_analise_credito | Iniciando score qualitativo CPURA. CNPJ=35881121000174
2026-09-10 15:45:44 | INFO | bdc.gold.fato_analise_credito | Score qualitativo CPURA calculado. CNPJ=35881121000174 SCORE_QUALITATIVO=2.1
2026-09-10 15:45:44 | INFO | bdc.gold.fato_analise_credito | Iniciando score quantitativo CPURA. CNPJ=35881121000174
2026-09-10 15:45:44 | INFO | bdc.gold.fato_analise_credito | Score quantitativo CPURA calculado. CNPJ=35881121000174 SCORE_QUANTITATIVO=5.795999999999999
2026-09-10 15:45:44 | INFO | bdc.gold.fato_analise_credito | Score total CPURA calculado. SCORE_TOTAL=7.895999999999999
2026-09-10 15:45:44 | INFO | bdc.gold.fato_analise_credito | Iniciando cálculo de PD final CPURA. CNPJ=35881121000174 rating=B pd_min=0.005 pd_max=0.0076
2026-09-10 15:45:44 | INFO | bdc.gold.fato_analise_credito | PD final CPURA calculada com sucesso. CNPJ=35881121000174 score_total=7.895999999999999 score_truncado=7.895999999999999 u=0.10400000000000098 pd_bruta=0.005270400000000002 pd_final=0.005270400000000002
2026-09-10 15:45:44 | INFO | bdc.gold.fato_analise_credito | PD ajustada calculada com sucesso. CNPJ=35881121000174 SEGMENTO_PD=CPURA PD_BASE=0.006859 RATING_FINAL=None SCORE_TOTAL=7.895999999999999 PD_FINAL=0.005270400000000002 METODO=INTERPOLACAO_INTRA_RATING_CPURA
2026-09-10 15:45:44 | WARNING | bdc.gold.fato_analise_credito | [CNPJ: 35881121000174] Falha no cálculo (Insumo Inválido): Comercializadora sem TIPO_COMERCIALIZADORA válido.
2026-09-10 15:45:44 | INFO | bdc.gold.fato_analise_credito | Iniciando cálculo de PD ajustada. CNPJ=35984409000174 SEGMENTO_PD=CGRUPO
2026-09-10 15:45:44 | INFO | bdc.gold.fato_analise_credito | PD ajustada calculada com sucesso. CNPJ=35984409000174 SEGMENTO_PD=CGRUPO PD_BASE=0.005 RATING_FINAL=A SCORE_TOTAL=None PD_FINAL=0.005 METODO=FIXED_PD
2026-09-10 15:45:44 | INFO | bdc.gold.fato_analise_credito | Iniciando cálculo de PD ajustada. CNPJ=35984409000174 SEGMENTO_PD=CPURA
2026-09-10 15:45:44 | INFO | bdc.gold.fato_analise_credito | Iniciando cálculo das notas quantitativas CPURA. CNPJ=35984409000174
2026-09-10 15:45:44 | INFO | bdc.gold.fato_analise_credito | Notas quantitativas CPURA calculadas. CNPJ=35984409000174 NOTA_PD=C NOTA_FCO_ROL=C NOTA_ROE=C NOTA_ROA=C
2026-09-10 15:45:44 | INFO | bdc.gold.fato_analise_credito | Iniciando score qualitativo CPURA. CNPJ=35984409000174
2026-09-10 15:45:44 | INFO | bdc.gold.fato_analise_credito | Score qualitativo CPURA calculado. CNPJ=35984409000174 SCORE_QUALITATIVO=2.5
2026-09-10 15:45:44 | INFO | bdc.gold.fato_analise_credito | Iniciando score quantitativo CPURA. CNPJ=35984409000174
2026-09-10 15:45:44 | INFO | bdc.gold.fato_analise_credito | Score quantitativo CPURA calculado. CNPJ=35984409000174 SCORE_QUANTITATIVO=4.2
2026-09-10 15:45:44 | INFO | bdc.gold.fato_analise_credito | Score total CPURA calculado. SCORE_TOTAL=6.7
2026-09-10 15:45:44 | INFO | bdc.gold.fato_analise_credito | Iniciando cálculo de PD final CPURA. CNPJ=35984409000174 rating=C pd_min=0.0076 pd_max=0.0417
2026-09-10 15:45:44 | INFO | bdc.gold.fato_analise_credito | PD final CPURA calculada com sucesso. CNPJ=35984409000174 score_total=6.7 score_truncado=6.7 u=0.2999999999999998 pd_bruta=0.017829999999999995 pd_final=0.017829999999999995
2026-09-10 15:45:44 | INFO | bdc.gold.fato_analise_credito | PD ajustada calculada com sucesso. CNPJ=35984409000174 SEGMENTO_PD=CPURA PD_BASE=0.017464 RATING_FINAL=None SCORE_TOTAL=6.7 PD_FINAL=0.017829999999999995 METODO=INTERPOLACAO_INTRA_RATING_CPURA
2026-09-10 15:45:44 | INFO | bdc.gold.fato_analise_credito | Iniciando cálculo de PD ajustada. CNPJ=35984409000174 SEGMENTO_PD=CPURA
2026-09-10 15:45:44 | WARNING | bdc.gold.fato_analise_credito | Cálculo CPURA suspenso por Falha Segura. Rating nulo. CNPJ=35984409000174
2026-09-10 15:45:44 | INFO | bdc.gold.fato_analise_credito | Iniciando cálculo de PD ajustada. CNPJ=35984409000174 SEGMENTO_PD=CPURA
2026-09-10 15:45:44 | INFO | bdc.gold.fato_analise_credito | Iniciando cálculo das notas quantitativas CPURA. CNPJ=35984409000174
2026-09-10 15:45:44 | INFO | bdc.gold.fato_analise_credito | Notas quantitativas CPURA calculadas. CNPJ=35984409000174 NOTA_PD=A NOTA_FCO_ROL=A NOTA_ROE=E NOTA_ROA=E
2026-09-10 15:45:44 | INFO | bdc.gold.fato_analise_credito | Iniciando score qualitativo CPURA. CNPJ=35984409000174
2026-09-10 15:45:44 | INFO | bdc.gold.fato_analise_credito | Score qualitativo CPURA calculado. CNPJ=35984409000174 SCORE_QUALITATIVO=2.1
2026-09-10 15:45:44 | INFO | bdc.gold.fato_analise_credito | Iniciando score quantitativo CPURA. CNPJ=35984409000174
2026-09-10 15:45:44 | INFO | bdc.gold.fato_analise_credito | Score quantitativo CPURA calculado. CNPJ=35984409000174 SCORE_QUANTITATIVO=5.6
2026-09-10 15:45:44 | INFO | bdc.gold.fato_analise_credito | Score total CPURA calculado. SCORE_TOTAL=7.699999999999999
2026-09-10 15:45:44 | INFO | bdc.gold.fato_analise_credito | Iniciando cálculo de PD final CPURA. CNPJ=35984409000174 rating=B pd_min=0.005 pd_max=0.0076
2026-09-10 15:45:44 | INFO | bdc.gold.fato_analise_credito | PD final CPURA calculada com sucesso. CNPJ=35984409000174 score_total=7.699999999999999 score_truncado=7.699999999999999 u=0.3000000000000007 pd_bruta=0.005780000000000002 pd_final=0.005780000000000004
2026-09-10 15:45:44 | INFO | bdc.gold.fato_analise_credito | PD ajustada calculada com sucesso. CNPJ=35984409000174 SEGMENTO_PD=CPURA PD_BASE=0.000764 RATING_FINAL=None SCORE_TOTAL=7.699999999999999 PD_FINAL=0.005780000000000004 METODO=INTERPOLACAO_INTRA_RATING_CPURA
2026-09-10 15:45:44 | INFO | bdc.gold.fato_analise_credito | Iniciando cálculo de PD ajustada. CNPJ=36537518000106 SEGMENTO_PD=CPURA
2026-09-10 15:45:44 | WARNING | bdc.gold.fato_analise_credito | Cálculo CPURA suspenso por Falha Segura. Rating nulo. CNPJ=36537518000106
2026-09-10 15:45:44 | INFO | bdc.gold.fato_analise_credito | Iniciando cálculo de PD ajustada. CNPJ=37028928000194 SEGMENTO_PD=CPURA
2026-09-10 15:45:44 | WARNING | bdc.gold.fato_analise_credito | Cálculo CPURA suspenso por Falha Segura. Rating nulo. CNPJ=37028928000194
2026-09-10 15:45:44 | INFO | bdc.gold.fato_analise_credito | Iniciando cálculo de PD ajustada. CNPJ=37543498000149 SEGMENTO_PD=CGRUPO
2026-09-10 15:45:44 | INFO | bdc.gold.fato_analise_credito | PD ajustada calculada com sucesso. CNPJ=37543498000149 SEGMENTO_PD=CGRUPO PD_BASE=0.005 RATING_FINAL=E SCORE_TOTAL=None PD_FINAL=0.1 METODO=CLAMP
2026-09-10 15:45:44 | INFO | bdc.gold.fato_analise_credito | Iniciando cálculo de PD ajustada. CNPJ=37640312000170 SEGMENTO_PD=CPURA
2026-09-10 15:45:44 | WARNING | bdc.gold.fato_analise_credito | Cálculo CPURA suspenso por Falha Segura. Rating nulo. CNPJ=37640312000170
2026-09-10 15:45:44 | INFO | bdc.gold.fato_analise_credito | Iniciando cálculo de PD ajustada. CNPJ=38126813000103 SEGMENTO_PD=CPURA
2026-09-10 15:45:44 | INFO | bdc.gold.fato_analise_credito | Iniciando cálculo das notas quantitativas CPURA. CNPJ=38126813000103
2026-09-10 15:45:44 | INFO | bdc.gold.fato_analise_credito | Notas quantitativas CPURA calculadas. CNPJ=38126813000103 NOTA_PD=A NOTA_FCO_ROL=A NOTA_ROE=C NOTA_ROA=C
2026-09-10 15:45:44 | INFO | bdc.gold.fato_analise_credito | Iniciando score qualitativo CPURA. CNPJ=38126813000103
2026-09-10 15:45:44 | INFO | bdc.gold.fato_analise_credito | Score qualitativo CPURA calculado. CNPJ=38126813000103 SCORE_QUALITATIVO=2.4
2026-09-10 15:45:44 | INFO | bdc.gold.fato_analise_credito | Iniciando score quantitativo CPURA. CNPJ=38126813000103
2026-09-10 15:45:44 | INFO | bdc.gold.fato_analise_credito | Score quantitativo CPURA calculado. CNPJ=38126813000103 SCORE_QUANTITATIVO=6.4399999999999995
2026-09-10 15:45:44 | INFO | bdc.gold.fato_analise_credito | Score total CPURA calculado. SCORE_TOTAL=8.84
2026-09-10 15:45:44 | INFO | bdc.gold.fato_analise_credito | Iniciando cálculo de PD final CPURA. CNPJ=38126813000103 rating=A pd_min=0.0 pd_max=0.005
2026-09-10 15:45:44 | INFO | bdc.gold.fato_analise_credito | PD final CPURA calculada com sucesso. CNPJ=38126813000103 score_total=8.84 score_truncado=8.84 u=0.5800000000000001 pd_bruta=0.0029000000000000002 pd_final=0.0029000000000000007
2026-09-10 15:45:44 | INFO | bdc.gold.fato_analise_credito | PD ajustada calculada com sucesso. CNPJ=38126813000103 SEGMENTO_PD=CPURA PD_BASE=0.000552 RATING_FINAL=None SCORE_TOTAL=8.84 PD_FINAL=0.0029000000000000007 METODO=INTERPOLACAO_INTRA_RATING_CPURA
2026-09-10 15:45:44 | INFO | bdc.gold.fato_analise_credito | Iniciando cálculo de PD ajustada. CNPJ=38154005000141 SEGMENTO_PD=CPURA
2026-09-10 15:45:44 | WARNING | bdc.gold.fato_analise_credito | Cálculo CPURA suspenso por Falha Segura. Rating nulo. CNPJ=38154005000141
2026-09-10 15:45:44 | INFO | bdc.gold.fato_analise_credito | Iniciando cálculo de PD ajustada. CNPJ=38154005000141 SEGMENTO_PD=CPURA
2026-09-10 15:45:44 | WARNING | bdc.gold.fato_analise_credito | Cálculo CPURA suspenso por Falha Segura. Rating nulo. CNPJ=38154005000141
2026-09-10 15:45:44 | INFO | bdc.gold.fato_analise_credito | Iniciando cálculo de PD ajustada. CNPJ=38154005000141 SEGMENTO_PD=CPURA
2026-09-10 15:45:44 | WARNING | bdc.gold.fato_analise_credito | Cálculo CPURA suspenso por Falha Segura. Rating nulo. CNPJ=38154005000141
2026-09-10 15:45:44 | INFO | bdc.gold.fato_analise_credito | Iniciando cálculo de PD ajustada. CNPJ=38183972000131 SEGMENTO_PD=CPURA
2026-09-10 15:45:44 | WARNING | bdc.gold.fato_analise_credito | Cálculo CPURA suspenso por Falha Segura. Rating nulo. CNPJ=38183972000131
2026-09-10 15:45:44 | INFO | bdc.gold.fato_analise_credito | Iniciando cálculo de PD ajustada. CNPJ=39237248000106 SEGMENTO_PD=CPURA
2026-09-10 15:45:44 | WARNING | bdc.gold.fato_analise_credito | Cálculo CPURA suspenso por Falha Segura. Rating nulo. CNPJ=39237248000106
2026-09-10 15:45:44 | INFO | bdc.gold.fato_analise_credito | Iniciando cálculo de PD ajustada. CNPJ=39237248000106 SEGMENTO_PD=CPURA
2026-09-10 15:45:44 | WARNING | bdc.gold.fato_analise_credito | Cálculo CPURA suspenso por Falha Segura. Rating nulo. CNPJ=39237248000106
2026-09-10 15:45:44 | INFO | bdc.gold.fato_analise_credito | Iniciando cálculo de PD ajustada. CNPJ=39608949000104 SEGMENTO_PD=CPURA
2026-09-10 15:45:44 | WARNING | bdc.gold.fato_analise_credito | Cálculo CPURA suspenso por Falha Segura. Rating nulo. CNPJ=39608949000104
2026-09-10 15:45:44 | INFO | bdc.gold.fato_analise_credito | Iniciando cálculo de PD ajustada. CNPJ=39608949000104 SEGMENTO_PD=CPURA
2026-09-10 15:45:44 | WARNING | bdc.gold.fato_analise_credito | Cálculo CPURA suspenso por Falha Segura. Rating nulo. CNPJ=39608949000104
2026-09-10 15:45:44 | INFO | bdc.gold.fato_analise_credito | Iniciando cálculo de PD ajustada. CNPJ=39702802000189 SEGMENTO_PD=CPURA
2026-09-10 15:45:44 | WARNING | bdc.gold.fato_analise_credito | Cálculo CPURA suspenso por Falha Segura. Rating nulo. CNPJ=39702802000189
2026-09-10 15:45:44 | INFO | bdc.gold.fato_analise_credito | Iniciando cálculo de PD ajustada. CNPJ=39881421000104 SEGMENTO_PD=CGRUPO
2026-09-10 15:45:44 | INFO | bdc.gold.fato_analise_credito | PD ajustada calculada com sucesso. CNPJ=39881421000104 SEGMENTO_PD=CGRUPO PD_BASE=0.005 RATING_FINAL=B SCORE_TOTAL=None PD_FINAL=0.005 METODO=CLAMP
2026-09-10 15:45:44 | INFO | bdc.gold.fato_analise_credito | Iniciando cálculo de PD ajustada. CNPJ=39953546000100 SEGMENTO_PD=CPURA
2026-09-10 15:45:44 | WARNING | bdc.gold.fato_analise_credito | Cálculo CPURA suspenso por Falha Segura. Rating nulo. CNPJ=39953546000100
2026-09-10 15:45:44 | INFO | bdc.gold.fato_analise_credito | Iniciando cálculo de PD ajustada. CNPJ=39953546000100 SEGMENTO_PD=CPURA
2026-09-10 15:45:44 | WARNING | bdc.gold.fato_analise_credito | Cálculo CPURA suspenso por Falha Segura. Rating nulo. CNPJ=39953546000100
2026-09-10 15:45:44 | INFO | bdc.gold.fato_analise_credito | Iniciando cálculo de PD ajustada. CNPJ=40382949000118 SEGMENTO_PD=CPURA
2026-09-10 15:45:44 | WARNING | bdc.gold.fato_analise_credito | Cálculo CPURA suspenso por Falha Segura. Rating nulo. CNPJ=40382949000118
2026-09-10 15:45:44 | INFO | bdc.gold.fato_analise_credito | Iniciando cálculo de PD ajustada. CNPJ=40382949000118 SEGMENTO_PD=CPURA
2026-09-10 15:45:44 | WARNING | bdc.gold.fato_analise_credito | Cálculo CPURA suspenso por Falha Segura. Rating nulo. CNPJ=40382949000118
2026-09-10 15:45:44 | INFO | bdc.gold.fato_analise_credito | Iniciando cálculo de PD ajustada. CNPJ=40382949000118 SEGMENTO_PD=CPURA
2026-09-10 15:45:44 | INFO | bdc.gold.fato_analise_credito | Iniciando cálculo das notas quantitativas CPURA. CNPJ=40382949000118
2026-09-10 15:45:44 | INFO | bdc.gold.fato_analise_credito | Notas quantitativas CPURA calculadas. CNPJ=40382949000118 NOTA_PD=A NOTA_FCO_ROL=C NOTA_ROE=C NOTA_ROA=C
2026-09-10 15:45:44 | INFO | bdc.gold.fato_analise_credito | Iniciando score qualitativo CPURA. CNPJ=40382949000118
2026-09-10 15:45:44 | INFO | bdc.gold.fato_analise_credito | Score qualitativo CPURA calculado. CNPJ=40382949000118 SCORE_QUALITATIVO=3.0
2026-09-10 15:45:44 | INFO | bdc.gold.fato_analise_credito | Iniciando score quantitativo CPURA. CNPJ=40382949000118
2026-09-10 15:45:44 | INFO | bdc.gold.fato_analise_credito | Score quantitativo CPURA calculado. CNPJ=40382949000118 SCORE_QUANTITATIVO=5.4879999999999995
2026-09-10 15:45:44 | INFO | bdc.gold.fato_analise_credito | Score total CPURA calculado. SCORE_TOTAL=8.488
2026-09-10 15:45:44 | INFO | bdc.gold.fato_analise_credito | Iniciando cálculo de PD final CPURA. CNPJ=40382949000118 rating=A pd_min=0.0 pd_max=0.005
2026-09-10 15:45:44 | INFO | bdc.gold.fato_analise_credito | PD final CPURA calculada com sucesso. CNPJ=40382949000118 score_total=8.488 score_truncado=8.488 u=0.7560000000000002 pd_bruta=0.0037800000000000012 pd_final=0.0037800000000000017
2026-09-10 15:45:44 | INFO | bdc.gold.fato_analise_credito | PD ajustada calculada com sucesso. CNPJ=40382949000118 SEGMENTO_PD=CPURA PD_BASE=0.0 RATING_FINAL=None SCORE_TOTAL=8.488 PD_FINAL=0.0037800000000000017 METODO=INTERPOLACAO_INTRA_RATING_CPURA
2026-09-10 15:45:44 | INFO | bdc.gold.fato_analise_credito | Iniciando cálculo de PD ajustada. CNPJ=40382949000118 SEGMENTO_PD=CPURA
2026-09-10 15:45:44 | INFO | bdc.gold.fato_analise_credito | Iniciando cálculo das notas quantitativas CPURA. CNPJ=40382949000118
2026-09-10 15:45:44 | INFO | bdc.gold.fato_analise_credito | Notas quantitativas CPURA calculadas. CNPJ=40382949000118 NOTA_PD=A NOTA_FCO_ROL=A NOTA_ROE=E NOTA_ROA=E
2026-09-10 15:45:44 | INFO | bdc.gold.fato_analise_credito | Iniciando score qualitativo CPURA. CNPJ=40382949000118
2026-09-10 15:45:44 | INFO | bdc.gold.fato_analise_credito | Score qualitativo CPURA calculado. CNPJ=40382949000118 SCORE_QUALITATIVO=2.1
2026-09-10 15:45:44 | INFO | bdc.gold.fato_analise_credito | Iniciando score quantitativo CPURA. CNPJ=40382949000118
2026-09-10 15:45:44 | INFO | bdc.gold.fato_analise_credito | Score quantitativo CPURA calculado. CNPJ=40382949000118 SCORE_QUANTITATIVO=5.6
2026-09-10 15:45:44 | INFO | bdc.gold.fato_analise_credito | Score total CPURA calculado. SCORE_TOTAL=7.699999999999999
2026-09-10 15:45:44 | INFO | bdc.gold.fato_analise_credito | Iniciando cálculo de PD final CPURA. CNPJ=40382949000118 rating=B pd_min=0.005 pd_max=0.0076
2026-09-10 15:45:44 | INFO | bdc.gold.fato_analise_credito | PD final CPURA calculada com sucesso. CNPJ=40382949000118 score_total=7.699999999999999 score_truncado=7.699999999999999 u=0.3000000000000007 pd_bruta=0.005780000000000002 pd_final=0.005780000000000004
2026-09-10 15:45:44 | INFO | bdc.gold.fato_analise_credito | PD ajustada calculada com sucesso. CNPJ=40382949000118 SEGMENTO_PD=CPURA PD_BASE=2e-06 RATING_FINAL=None SCORE_TOTAL=7.699999999999999 PD_FINAL=0.005780000000000004 METODO=INTERPOLACAO_INTRA_RATING_CPURA
2026-09-10 15:45:44 | INFO | bdc.gold.fato_analise_credito | Iniciando cálculo de PD ajustada. CNPJ=41501877000143 SEGMENTO_PD=CPURA
2026-09-10 15:45:44 | INFO | bdc.gold.fato_analise_credito | Iniciando cálculo das notas quantitativas CPURA. CNPJ=41501877000143
2026-09-10 15:45:44 | INFO | bdc.gold.fato_analise_credito | Notas quantitativas CPURA calculadas. CNPJ=41501877000143 NOTA_PD=A NOTA_FCO_ROL=C NOTA_ROE=A NOTA_ROA=B
2026-09-10 15:45:44 | INFO | bdc.gold.fato_analise_credito | Iniciando score qualitativo CPURA. CNPJ=41501877000143
2026-09-10 15:45:44 | INFO | bdc.gold.fato_analise_credito | Score qualitativo CPURA calculado. CNPJ=41501877000143 SCORE_QUALITATIVO=2.65
2026-09-10 15:45:44 | INFO | bdc.gold.fato_analise_credito | Iniciando score quantitativo CPURA. CNPJ=41501877000143
2026-09-10 15:45:44 | INFO | bdc.gold.fato_analise_credito | Score quantitativo CPURA calculado. CNPJ=41501877000143 SCORE_QUANTITATIVO=5.9079999999999995
2026-09-10 15:45:44 | INFO | bdc.gold.fato_analise_credito | Score total CPURA calculado. SCORE_TOTAL=8.558
2026-09-10 15:45:44 | INFO | bdc.gold.fato_analise_credito | Iniciando cálculo de PD final CPURA. CNPJ=41501877000143 rating=A pd_min=0.0 pd_max=0.005
2026-09-10 15:45:44 | INFO | bdc.gold.fato_analise_credito | PD final CPURA calculada com sucesso. CNPJ=41501877000143 score_total=8.558 score_truncado=8.558 u=0.7210000000000001 pd_bruta=0.0036050000000000006 pd_final=0.0036050000000000006
2026-09-10 15:45:44 | INFO | bdc.gold.fato_analise_credito | PD ajustada calculada com sucesso. CNPJ=41501877000143 SEGMENTO_PD=CPURA PD_BASE=0.00014 RATING_FINAL=None SCORE_TOTAL=8.558 PD_FINAL=0.0036050000000000006 METODO=INTERPOLACAO_INTRA_RATING_CPURA
2026-09-10 15:45:44 | INFO | bdc.gold.fato_analise_credito | Iniciando cálculo de PD ajustada. CNPJ=41675130000101 SEGMENTO_PD=CPURA
2026-09-10 15:45:44 | INFO | bdc.gold.fato_analise_credito | Iniciando cálculo das notas quantitativas CPURA. CNPJ=41675130000101
2026-09-10 15:45:44 | INFO | bdc.gold.fato_analise_credito | Notas quantitativas CPURA calculadas. CNPJ=41675130000101 NOTA_PD=A NOTA_FCO_ROL=A NOTA_ROE=C NOTA_ROA=C
2026-09-10 15:45:44 | INFO | bdc.gold.fato_analise_credito | Iniciando score qualitativo CPURA. CNPJ=41675130000101
2026-09-10 15:45:44 | INFO | bdc.gold.fato_analise_credito | Score qualitativo CPURA calculado. CNPJ=41675130000101 SCORE_QUALITATIVO=2.3000000000000003
2026-09-10 15:45:44 | INFO | bdc.gold.fato_analise_credito | Iniciando score quantitativo CPURA. CNPJ=41675130000101
2026-09-10 15:45:44 | INFO | bdc.gold.fato_analise_credito | Score quantitativo CPURA calculado. CNPJ=41675130000101 SCORE_QUANTITATIVO=6.4399999999999995
2026-09-10 15:45:44 | INFO | bdc.gold.fato_analise_credito | Score total CPURA calculado. SCORE_TOTAL=8.74
2026-09-10 15:45:44 | INFO | bdc.gold.fato_analise_credito | Iniciando cálculo de PD final CPURA. CNPJ=41675130000101 rating=A pd_min=0.0 pd_max=0.005
2026-09-10 15:45:44 | INFO | bdc.gold.fato_analise_credito | PD final CPURA calculada com sucesso. CNPJ=41675130000101 score_total=8.74 score_truncado=8.74 u=0.6299999999999999 pd_bruta=0.0031499999999999996 pd_final=0.00315
2026-09-10 15:45:44 | INFO | bdc.gold.fato_analise_credito | PD ajustada calculada com sucesso. CNPJ=41675130000101 SEGMENTO_PD=CPURA PD_BASE=1e-06 RATING_FINAL=None SCORE_TOTAL=8.74 PD_FINAL=0.00315 METODO=INTERPOLACAO_INTRA_RATING_CPURA
2026-09-10 15:45:44 | INFO | bdc.gold.fato_analise_credito | Iniciando cálculo de PD ajustada. CNPJ=41806999000148 SEGMENTO_PD=CPURA
2026-09-10 15:45:44 | WARNING | bdc.gold.fato_analise_credito | Cálculo CPURA suspenso por Falha Segura. Rating nulo. CNPJ=41806999000148
2026-09-10 15:45:44 | INFO | bdc.gold.fato_analise_credito | Iniciando cálculo de PD ajustada. CNPJ=41808680000151 SEGMENTO_PD=CPURA
2026-09-10 15:45:44 | WARNING | bdc.gold.fato_analise_credito | Cálculo CPURA suspenso por Falha Segura. Rating nulo. CNPJ=41808680000151
2026-09-10 15:45:44 | INFO | bdc.gold.fato_analise_credito | Iniciando cálculo de PD ajustada. CNPJ=41808680000151 SEGMENTO_PD=CPURA
2026-09-10 15:45:44 | INFO | bdc.gold.fato_analise_credito | Iniciando cálculo das notas quantitativas CPURA. CNPJ=41808680000151
2026-09-10 15:45:44 | INFO | bdc.gold.fato_analise_credito | Notas quantitativas CPURA calculadas. CNPJ=41808680000151 NOTA_PD=C NOTA_FCO_ROL=A NOTA_ROE=C NOTA_ROA=C
2026-09-10 15:45:44 | INFO | bdc.gold.fato_analise_credito | Iniciando score qualitativo CPURA. CNPJ=41808680000151
2026-09-10 15:45:44 | INFO | bdc.gold.fato_analise_credito | Score qualitativo CPURA calculado. CNPJ=41808680000151 SCORE_QUALITATIVO=2.6
2026-09-10 15:45:44 | INFO | bdc.gold.fato_analise_credito | Iniciando score quantitativo CPURA. CNPJ=41808680000151
2026-09-10 15:45:44 | INFO | bdc.gold.fato_analise_credito | Score quantitativo CPURA calculado. CNPJ=41808680000151 SCORE_QUANTITATIVO=5.151999999999999
2026-09-10 15:45:44 | INFO | bdc.gold.fato_analise_credito | Score total CPURA calculado. SCORE_TOTAL=7.751999999999999
2026-09-10 15:45:44 | INFO | bdc.gold.fato_analise_credito | Iniciando cálculo de PD final CPURA. CNPJ=41808680000151 rating=B pd_min=0.005 pd_max=0.0076
2026-09-10 15:45:44 | INFO | bdc.gold.fato_analise_credito | PD final CPURA calculada com sucesso. CNPJ=41808680000151 score_total=7.751999999999999 score_truncado=7.751999999999999 u=0.2480000000000011 pd_bruta=0.005644800000000003 pd_final=0.005644800000000004
2026-09-10 15:45:44 | INFO | bdc.gold.fato_analise_credito | PD ajustada calculada com sucesso. CNPJ=41808680000151 SEGMENTO_PD=CPURA PD_BASE=0.029919 RATING_FINAL=None SCORE_TOTAL=7.751999999999999 PD_FINAL=0.005644800000000004 METODO=INTERPOLACAO_INTRA_RATING_CPURA
2026-09-10 15:45:44 | INFO | bdc.gold.fato_analise_credito | Iniciando cálculo de PD ajustada. CNPJ=42102025000146 SEGMENTO_PD=CPURA
2026-09-10 15:45:44 | INFO | bdc.gold.fato_analise_credito | Iniciando cálculo das notas quantitativas CPURA. CNPJ=42102025000146
2026-09-10 15:45:44 | INFO | bdc.gold.fato_analise_credito | Notas quantitativas CPURA calculadas. CNPJ=42102025000146 NOTA_PD=A NOTA_FCO_ROL=D NOTA_ROE=C NOTA_ROA=C
2026-09-10 15:45:44 | INFO | bdc.gold.fato_analise_credito | Iniciando score qualitativo CPURA. CNPJ=42102025000146
2026-09-10 15:45:44 | INFO | bdc.gold.fato_analise_credito | Score qualitativo CPURA calculado. CNPJ=42102025000146 SCORE_QUALITATIVO=1.1
2026-09-10 15:45:44 | INFO | bdc.gold.fato_analise_credito | Iniciando score quantitativo CPURA. CNPJ=42102025000146
2026-09-10 15:45:44 | INFO | bdc.gold.fato_analise_credito | Score quantitativo CPURA calculado. CNPJ=42102025000146 SCORE_QUANTITATIVO=4.774
2026-09-10 15:45:44 | INFO | bdc.gold.fato_analise_credito | Score total CPURA calculado. SCORE_TOTAL=5.8740000000000006
2026-09-10 15:45:44 | INFO | bdc.gold.fato_analise_credito | Iniciando cálculo de PD final CPURA. CNPJ=42102025000146 rating=D pd_min=0.0417 pd_max=0.1
2026-09-10 15:45:44 | INFO | bdc.gold.fato_analise_credito | PD final CPURA calculada com sucesso. CNPJ=42102025000146 score_total=5.8740000000000006 score_truncado=5.8740000000000006 u=0.12599999999999945 pd_bruta=0.04904579999999997 pd_final=0.04904579999999998
2026-09-10 15:45:44 | INFO | bdc.gold.fato_analise_credito | PD ajustada calculada com sucesso. CNPJ=42102025000146 SEGMENTO_PD=CPURA PD_BASE=0.000168 RATING_FINAL=None SCORE_TOTAL=5.8740000000000006 PD_FINAL=0.04904579999999998 METODO=INTERPOLACAO_INTRA_RATING_CPURA
2026-09-10 15:45:44 | INFO | bdc.gold.fato_analise_credito | Iniciando cálculo de PD ajustada. CNPJ=42126753000198 SEGMENTO_PD=CPURA
2026-09-10 15:45:44 | WARNING | bdc.gold.fato_analise_credito | Cálculo CPURA suspenso por Falha Segura. Rating nulo. CNPJ=42126753000198
2026-09-10 15:45:44 | INFO | bdc.gold.fato_analise_credito | Iniciando cálculo de PD ajustada. CNPJ=42311687000126 SEGMENTO_PD=CPURA
2026-09-10 15:45:44 | INFO | bdc.gold.fato_analise_credito | Iniciando cálculo das notas quantitativas CPURA. CNPJ=42311687000126
2026-09-10 15:45:44 | INFO | bdc.gold.fato_analise_credito | Notas quantitativas CPURA calculadas. CNPJ=42311687000126 NOTA_PD=E NOTA_FCO_ROL=B NOTA_ROE=C NOTA_ROA=C
2026-09-10 15:45:44 | INFO | bdc.gold.fato_analise_credito | Iniciando score qualitativo CPURA. CNPJ=42311687000126
2026-09-10 15:45:44 | INFO | bdc.gold.fato_analise_credito | Score qualitativo CPURA calculado. CNPJ=42311687000126 SCORE_QUALITATIVO=1.5
2026-09-10 15:45:44 | INFO | bdc.gold.fato_analise_credito | Iniciando score quantitativo CPURA. CNPJ=42311687000126
2026-09-10 15:45:44 | INFO | bdc.gold.fato_analise_credito | Score quantitativo CPURA calculado. CNPJ=42311687000126 SCORE_QUANTITATIVO=2.7439999999999998
2026-09-10 15:45:44 | INFO | bdc.gold.fato_analise_credito | Score total CPURA calculado. SCORE_TOTAL=4.244
2026-09-10 15:45:44 | INFO | bdc.gold.fato_analise_credito | Iniciando cálculo de PD final CPURA. CNPJ=42311687000126 rating=E pd_min=0.1 pd_max=1.0
2026-09-10 15:45:44 | INFO | bdc.gold.fato_analise_credito | PD final CPURA calculada com sucesso. CNPJ=42311687000126 score_total=4.244 score_truncado=4.244 u=0.15120000000000006 pd_bruta=0.23608000000000007 pd_final=0.23608000000000004
2026-09-10 15:45:44 | INFO | bdc.gold.fato_analise_credito | PD ajustada calculada com sucesso. CNPJ=42311687000126 SEGMENTO_PD=CPURA PD_BASE=0.5721 RATING_FINAL=None SCORE_TOTAL=4.244 PD_FINAL=0.23608000000000004 METODO=INTERPOLACAO_INTRA_RATING_CPURA
2026-09-10 15:45:44 | INFO | bdc.gold.fato_analise_credito | Iniciando cálculo de PD ajustada. CNPJ=42823087000147 SEGMENTO_PD=CPURA
2026-09-10 15:45:44 | WARNING | bdc.gold.fato_analise_credito | Cálculo CPURA suspenso por Falha Segura. Rating nulo. CNPJ=42823087000147
2026-09-10 15:45:44 | INFO | bdc.gold.fato_analise_credito | Iniciando cálculo de PD ajustada. CNPJ=42823087000147 SEGMENTO_PD=CPURA
2026-09-10 15:45:44 | WARNING | bdc.gold.fato_analise_credito | Cálculo CPURA suspenso por Falha Segura. Rating nulo. CNPJ=42823087000147
2026-09-10 15:45:44 | INFO | bdc.gold.fato_analise_credito | Iniciando cálculo de PD ajustada. CNPJ=42902392000124 SEGMENTO_PD=CGRUPO
2026-09-10 15:45:44 | INFO | bdc.gold.fato_analise_credito | PD ajustada calculada com sucesso. CNPJ=42902392000124 SEGMENTO_PD=CGRUPO PD_BASE=0.005 RATING_FINAL=A SCORE_TOTAL=None PD_FINAL=0.005 METODO=FIXED_PD
2026-09-10 15:45:44 | INFO | bdc.gold.fato_analise_credito | Iniciando cálculo de PD ajustada. CNPJ=42902392000124 SEGMENTO_PD=CPURA
2026-09-10 15:45:44 | WARNING | bdc.gold.fato_analise_credito | Cálculo CPURA suspenso por Falha Segura. Rating nulo. CNPJ=42902392000124
2026-09-10 15:45:44 | INFO | bdc.gold.fato_analise_credito | Iniciando cálculo de PD ajustada. CNPJ=42902392000124 SEGMENTO_PD=CGRUPO
2026-09-10 15:45:44 | INFO | bdc.gold.fato_analise_credito | PD ajustada calculada com sucesso. CNPJ=42902392000124 SEGMENTO_PD=CGRUPO PD_BASE=0.005 RATING_FINAL=A SCORE_TOTAL=None PD_FINAL=0.005 METODO=FIXED_PD
2026-09-10 15:45:44 | INFO | bdc.gold.fato_analise_credito | Iniciando cálculo de PD ajustada. CNPJ=43308969000137 SEGMENTO_PD=CPURA
2026-09-10 15:45:44 | WARNING | bdc.gold.fato_analise_credito | Cálculo CPURA suspenso por Falha Segura. Rating nulo. CNPJ=43308969000137
2026-09-10 15:45:44 | INFO | bdc.gold.fato_analise_credito | Iniciando cálculo de PD ajustada. CNPJ=43308969000137 SEGMENTO_PD=CPURA
2026-09-10 15:45:44 | WARNING | bdc.gold.fato_analise_credito | Cálculo CPURA suspenso por Falha Segura. Rating nulo. CNPJ=43308969000137
2026-09-10 15:45:44 | INFO | bdc.gold.fato_analise_credito | Iniciando cálculo de PD ajustada. CNPJ=43308969000137 SEGMENTO_PD=CPURA
2026-09-10 15:45:44 | WARNING | bdc.gold.fato_analise_credito | Cálculo CPURA suspenso por Falha Segura. Rating nulo. CNPJ=43308969000137
2026-09-10 15:45:44 | INFO | bdc.gold.fato_analise_credito | Iniciando cálculo de PD ajustada. CNPJ=43308969000137 SEGMENTO_PD=CPURA
2026-09-10 15:45:44 | INFO | bdc.gold.fato_analise_credito | Iniciando cálculo das notas quantitativas CPURA. CNPJ=43308969000137
2026-09-10 15:45:44 | INFO | bdc.gold.fato_analise_credito | Notas quantitativas CPURA calculadas. CNPJ=43308969000137 NOTA_PD=A NOTA_FCO_ROL=C NOTA_ROE=C NOTA_ROA=C
2026-09-10 15:45:44 | INFO | bdc.gold.fato_analise_credito | Iniciando score qualitativo CPURA. CNPJ=43308969000137
2026-09-10 15:45:44 | INFO | bdc.gold.fato_analise_credito | Score qualitativo CPURA calculado. CNPJ=43308969000137 SCORE_QUALITATIVO=3.0
2026-09-10 15:45:44 | INFO | bdc.gold.fato_analise_credito | Iniciando score quantitativo CPURA. CNPJ=43308969000137
2026-09-10 15:45:44 | INFO | bdc.gold.fato_analise_credito | Score quantitativo CPURA calculado. CNPJ=43308969000137 SCORE_QUANTITATIVO=5.4879999999999995
2026-09-10 15:45:44 | INFO | bdc.gold.fato_analise_credito | Score total CPURA calculado. SCORE_TOTAL=8.488
2026-09-10 15:45:44 | INFO | bdc.gold.fato_analise_credito | Iniciando cálculo de PD final CPURA. CNPJ=43308969000137 rating=A pd_min=0.0 pd_max=0.005
2026-09-10 15:45:44 | INFO | bdc.gold.fato_analise_credito | PD final CPURA calculada com sucesso. CNPJ=43308969000137 score_total=8.488 score_truncado=8.488 u=0.7560000000000002 pd_bruta=0.0037800000000000012 pd_final=0.0037800000000000017
2026-09-10 15:45:44 | INFO | bdc.gold.fato_analise_credito | PD ajustada calculada com sucesso. CNPJ=43308969000137 SEGMENTO_PD=CPURA PD_BASE=0.000242 RATING_FINAL=None SCORE_TOTAL=8.488 PD_FINAL=0.0037800000000000017 METODO=INTERPOLACAO_INTRA_RATING_CPURA
2026-09-10 15:45:44 | INFO | bdc.gold.fato_analise_credito | Iniciando cálculo de PD ajustada. CNPJ=43308969000137 SEGMENTO_PD=CPURA
2026-09-10 15:45:44 | INFO | bdc.gold.fato_analise_credito | Iniciando cálculo das notas quantitativas CPURA. CNPJ=43308969000137
2026-09-10 15:45:44 | INFO | bdc.gold.fato_analise_credito | Notas quantitativas CPURA calculadas. CNPJ=43308969000137 NOTA_PD=A NOTA_FCO_ROL=C NOTA_ROE=B NOTA_ROA=C
2026-09-10 15:45:44 | INFO | bdc.gold.fato_analise_credito | Iniciando score qualitativo CPURA. CNPJ=43308969000137
2026-09-10 15:45:44 | INFO | bdc.gold.fato_analise_credito | Score qualitativo CPURA calculado. CNPJ=43308969000137 SCORE_QUALITATIVO=2.1
2026-09-10 15:45:44 | INFO | bdc.gold.fato_analise_credito | Iniciando score quantitativo CPURA. CNPJ=43308969000137
2026-09-10 15:45:44 | INFO | bdc.gold.fato_analise_credito | Score quantitativo CPURA calculado. CNPJ=43308969000137 SCORE_QUANTITATIVO=5.628
2026-09-10 15:45:44 | INFO | bdc.gold.fato_analise_credito | Score total CPURA calculado. SCORE_TOTAL=7.728
2026-09-10 15:45:44 | INFO | bdc.gold.fato_analise_credito | Iniciando cálculo de PD final CPURA. CNPJ=43308969000137 rating=B pd_min=0.005 pd_max=0.0076
2026-09-10 15:45:44 | INFO | bdc.gold.fato_analise_credito | PD final CPURA calculada com sucesso. CNPJ=43308969000137 score_total=7.728 score_truncado=7.728 u=0.27200000000000024 pd_bruta=0.005707200000000001 pd_final=0.005707199999999999
2026-09-10 15:45:44 | INFO | bdc.gold.fato_analise_credito | PD ajustada calculada com sucesso. CNPJ=43308969000137 SEGMENTO_PD=CPURA PD_BASE=0.000543 RATING_FINAL=None SCORE_TOTAL=7.728 PD_FINAL=0.005707199999999999 METODO=INTERPOLACAO_INTRA_RATING_CPURA
2026-09-10 15:45:44 | INFO | bdc.gold.fato_analise_credito | Iniciando cálculo de PD ajustada. CNPJ=43308969000137 SEGMENTO_PD=CPURA
2026-09-10 15:45:44 | INFO | bdc.gold.fato_analise_credito | Iniciando cálculo das notas quantitativas CPURA. CNPJ=43308969000137
2026-09-10 15:45:44 | INFO | bdc.gold.fato_analise_credito | Notas quantitativas CPURA calculadas. CNPJ=43308969000137 NOTA_PD=A NOTA_FCO_ROL=A NOTA_ROE=B NOTA_ROA=C
2026-09-10 15:45:44 | INFO | bdc.gold.fato_analise_credito | Iniciando score qualitativo CPURA. CNPJ=43308969000137
2026-09-10 15:45:44 | INFO | bdc.gold.fato_analise_credito | Score qualitativo CPURA calculado. CNPJ=43308969000137 SCORE_QUALITATIVO=2.1
2026-09-10 15:45:44 | INFO | bdc.gold.fato_analise_credito | Iniciando score quantitativo CPURA. CNPJ=43308969000137
2026-09-10 15:45:44 | INFO | bdc.gold.fato_analise_credito | Score quantitativo CPURA calculado. CNPJ=43308969000137 SCORE_QUANTITATIVO=6.58
2026-09-10 15:45:44 | INFO | bdc.gold.fato_analise_credito | Score total CPURA calculado. SCORE_TOTAL=8.68
2026-09-10 15:45:44 | INFO | bdc.gold.fato_analise_credito | Iniciando cálculo de PD final CPURA. CNPJ=43308969000137 rating=A pd_min=0.0 pd_max=0.005
2026-09-10 15:45:44 | INFO | bdc.gold.fato_analise_credito | PD final CPURA calculada com sucesso. CNPJ=43308969000137 score_total=8.68 score_truncado=8.68 u=0.6600000000000001 pd_bruta=0.003300000000000001 pd_final=0.0033000000000000004
2026-09-10 15:45:44 | INFO | bdc.gold.fato_analise_credito | PD ajustada calculada com sucesso. CNPJ=43308969000137 SEGMENTO_PD=CPURA PD_BASE=0.000543 RATING_FINAL=None SCORE_TOTAL=8.68 PD_FINAL=0.0033000000000000004 METODO=INTERPOLACAO_INTRA_RATING_CPURA
2026-09-10 15:45:44 | INFO | bdc.gold.fato_analise_credito | Iniciando cálculo de PD ajustada. CNPJ=43344428000164 SEGMENTO_PD=CPURA
2026-09-10 15:45:44 | WARNING | bdc.gold.fato_analise_credito | Cálculo CPURA suspenso por Falha Segura. Rating nulo. CNPJ=43344428000164
2026-09-10 15:45:44 | INFO | bdc.gold.fato_analise_credito | Iniciando cálculo de PD ajustada. CNPJ=43344428000164 SEGMENTO_PD=CPURA
2026-09-10 15:45:44 | INFO | bdc.gold.fato_analise_credito | Iniciando cálculo das notas quantitativas CPURA. CNPJ=43344428000164
2026-09-10 15:45:44 | INFO | bdc.gold.fato_analise_credito | Notas quantitativas CPURA calculadas. CNPJ=43344428000164 NOTA_PD=A NOTA_FCO_ROL=D NOTA_ROE=C NOTA_ROA=C
2026-09-10 15:45:44 | INFO | bdc.gold.fato_analise_credito | Iniciando score qualitativo CPURA. CNPJ=43344428000164
2026-09-10 15:45:44 | INFO | bdc.gold.fato_analise_credito | Score qualitativo CPURA calculado. CNPJ=43344428000164 SCORE_QUALITATIVO=0.5
2026-09-10 15:45:44 | INFO | bdc.gold.fato_analise_credito | Iniciando score quantitativo CPURA. CNPJ=43344428000164
2026-09-10 15:45:44 | INFO | bdc.gold.fato_analise_credito | Score quantitativo CPURA calculado. CNPJ=43344428000164 SCORE_QUANTITATIVO=4.774
2026-09-10 15:45:44 | INFO | bdc.gold.fato_analise_credito | Score total CPURA calculado. SCORE_TOTAL=5.274
2026-09-10 15:45:44 | INFO | bdc.gold.fato_analise_credito | Iniciando cálculo de PD final CPURA. CNPJ=43344428000164 rating=D pd_min=0.0417 pd_max=0.1
2026-09-10 15:45:44 | INFO | bdc.gold.fato_analise_credito | PD final CPURA calculada com sucesso. CNPJ=43344428000164 score_total=5.274 score_truncado=5.274 u=0.726 pd_bruta=0.08402580000000001 pd_final=0.0840258
2026-09-10 15:45:44 | INFO | bdc.gold.fato_analise_credito | PD ajustada calculada com sucesso. CNPJ=43344428000164 SEGMENTO_PD=CPURA PD_BASE=0.004391 RATING_FINAL=None SCORE_TOTAL=5.274 PD_FINAL=0.0840258 METODO=INTERPOLACAO_INTRA_RATING_CPURA
2026-09-10 15:45:44 | INFO | bdc.gold.fato_analise_credito | Iniciando cálculo de PD ajustada. CNPJ=43412008000178 SEGMENTO_PD=CGRUPO
2026-09-10 15:45:44 | INFO | bdc.gold.fato_analise_credito | PD ajustada calculada com sucesso. CNPJ=43412008000178 SEGMENTO_PD=CGRUPO PD_BASE=0.005 RATING_FINAL=A SCORE_TOTAL=None PD_FINAL=0.005 METODO=FIXED_PD
2026-09-10 15:45:44 | INFO | bdc.gold.fato_analise_credito | Iniciando cálculo de PD ajustada. CNPJ=43412008000178 SEGMENTO_PD=CGRUPO
2026-09-10 15:45:44 | INFO | bdc.gold.fato_analise_credito | PD ajustada calculada com sucesso. CNPJ=43412008000178 SEGMENTO_PD=CGRUPO PD_BASE=0.005 RATING_FINAL=E SCORE_TOTAL=None PD_FINAL=0.1 METODO=CLAMP
2026-09-10 15:45:44 | INFO | bdc.gold.fato_analise_credito | Iniciando cálculo de PD ajustada. CNPJ=45829681000133 SEGMENTO_PD=CPURA
2026-09-10 15:45:44 | WARNING | bdc.gold.fato_analise_credito | Cálculo CPURA suspenso por Falha Segura. Rating nulo. CNPJ=45829681000133
2026-09-10 15:45:44 | INFO | bdc.gold.fato_analise_credito | Iniciando cálculo de PD ajustada. CNPJ=45829681000133 SEGMENTO_PD=CPURA
2026-09-10 15:45:44 | WARNING | bdc.gold.fato_analise_credito | Cálculo CPURA suspenso por Falha Segura. Rating nulo. CNPJ=45829681000133
2026-09-10 15:45:44 | INFO | bdc.gold.fato_analise_credito | Iniciando cálculo de PD ajustada. CNPJ=45836050000141 SEGMENTO_PD=CPURA
2026-09-10 15:45:44 | WARNING | bdc.gold.fato_analise_credito | Cálculo CPURA suspenso por Falha Segura. Rating nulo. CNPJ=45836050000141
2026-09-10 15:45:44 | INFO | bdc.gold.fato_analise_credito | Iniciando cálculo de PD ajustada. CNPJ=46494301000110 SEGMENTO_PD=CPURA
2026-09-10 15:45:44 | WARNING | bdc.gold.fato_analise_credito | Cálculo CPURA suspenso por Falha Segura. Rating nulo. CNPJ=46494301000110
2026-09-10 15:45:44 | INFO | bdc.gold.fato_analise_credito | Iniciando cálculo de PD ajustada. CNPJ=46494301000110 SEGMENTO_PD=CPURA
2026-09-10 15:45:44 | WARNING | bdc.gold.fato_analise_credito | Cálculo CPURA suspenso por Falha Segura. Rating nulo. CNPJ=46494301000110
2026-09-10 15:45:44 | INFO | bdc.gold.fato_analise_credito | Iniciando cálculo de PD ajustada. CNPJ=46494301000110 SEGMENTO_PD=CPURA
2026-09-10 15:45:44 | INFO | bdc.gold.fato_analise_credito | Iniciando cálculo das notas quantitativas CPURA. CNPJ=46494301000110
2026-09-10 15:45:44 | INFO | bdc.gold.fato_analise_credito | Notas quantitativas CPURA calculadas. CNPJ=46494301000110 NOTA_PD=A NOTA_FCO_ROL=E NOTA_ROE=D NOTA_ROA=D
2026-09-10 15:45:44 | INFO | bdc.gold.fato_analise_credito | Iniciando score qualitativo CPURA. CNPJ=46494301000110
2026-09-10 15:45:44 | INFO | bdc.gold.fato_analise_credito | Score qualitativo CPURA calculado. CNPJ=46494301000110 SCORE_QUALITATIVO=2.6
2026-09-10 15:45:44 | INFO | bdc.gold.fato_analise_credito | Iniciando score quantitativo CPURA. CNPJ=46494301000110
2026-09-10 15:45:44 | INFO | bdc.gold.fato_analise_credito | Score quantitativo CPURA calculado. CNPJ=46494301000110 SCORE_QUANTITATIVO=3.64
2026-09-10 15:45:44 | INFO | bdc.gold.fato_analise_credito | Score total CPURA calculado. SCORE_TOTAL=6.24
2026-09-10 15:45:44 | INFO | bdc.gold.fato_analise_credito | Iniciando cálculo de PD final CPURA. CNPJ=46494301000110 rating=C pd_min=0.0076 pd_max=0.0417
2026-09-10 15:45:44 | INFO | bdc.gold.fato_analise_credito | PD final CPURA calculada com sucesso. CNPJ=46494301000110 score_total=6.24 score_truncado=6.24 u=0.7599999999999998 pd_bruta=0.03351599999999999 pd_final=0.03351599999999998
2026-09-10 15:45:44 | INFO | bdc.gold.fato_analise_credito | PD ajustada calculada com sucesso. CNPJ=46494301000110 SEGMENTO_PD=CPURA PD_BASE=0.000831 RATING_FINAL=None SCORE_TOTAL=6.24 PD_FINAL=0.03351599999999998 METODO=INTERPOLACAO_INTRA_RATING_CPURA
2026-09-10 15:45:44 | INFO | bdc.gold.fato_analise_credito | Iniciando cálculo de PD ajustada. CNPJ=46494301000110 SEGMENTO_PD=CPURA
2026-09-10 15:45:44 | WARNING | bdc.gold.fato_analise_credito | Cálculo CPURA suspenso por Falha Segura. Rating nulo. CNPJ=46494301000110
2026-09-10 15:45:44 | INFO | bdc.gold.fato_analise_credito | Iniciando cálculo de PD ajustada. CNPJ=46494301000110 SEGMENTO_PD=CPURA
2026-09-10 15:45:44 | INFO | bdc.gold.fato_analise_credito | Iniciando cálculo das notas quantitativas CPURA. CNPJ=46494301000110
2026-09-10 15:45:44 | INFO | bdc.gold.fato_analise_credito | Notas quantitativas CPURA calculadas. CNPJ=46494301000110 NOTA_PD=A NOTA_FCO_ROL=A NOTA_ROE=C NOTA_ROA=C
2026-09-10 15:45:44 | INFO | bdc.gold.fato_analise_credito | Iniciando score qualitativo CPURA. CNPJ=46494301000110
2026-09-10 15:45:44 | INFO | bdc.gold.fato_analise_credito | Score qualitativo CPURA calculado. CNPJ=46494301000110 SCORE_QUALITATIVO=2.0
2026-09-10 15:45:44 | INFO | bdc.gold.fato_analise_credito | Iniciando score quantitativo CPURA. CNPJ=46494301000110
2026-09-10 15:45:44 | INFO | bdc.gold.fato_analise_credito | Score quantitativo CPURA calculado. CNPJ=46494301000110 SCORE_QUANTITATIVO=6.4399999999999995
2026-09-10 15:45:44 | INFO | bdc.gold.fato_analise_credito | Score total CPURA calculado. SCORE_TOTAL=8.44
2026-09-10 15:45:44 | INFO | bdc.gold.fato_analise_credito | Iniciando cálculo de PD final CPURA. CNPJ=46494301000110 rating=A pd_min=0.0 pd_max=0.005
2026-09-10 15:45:44 | INFO | bdc.gold.fato_analise_credito | PD final CPURA calculada com sucesso. CNPJ=46494301000110 score_total=8.44 score_truncado=8.44 u=0.7800000000000002 pd_bruta=0.003900000000000001 pd_final=0.003899999999999999
2026-09-10 15:45:44 | INFO | bdc.gold.fato_analise_credito | PD ajustada calculada com sucesso. CNPJ=46494301000110 SEGMENTO_PD=CPURA PD_BASE=0.004141 RATING_FINAL=None SCORE_TOTAL=8.44 PD_FINAL=0.003899999999999999 METODO=INTERPOLACAO_INTRA_RATING_CPURA
2026-09-10 15:45:44 | INFO | bdc.gold.fato_analise_credito | Iniciando cálculo de PD ajustada. CNPJ=48251703000119 SEGMENTO_PD=CPURA
2026-09-10 15:45:44 | WARNING | bdc.gold.fato_analise_credito | Cálculo CPURA suspenso por Falha Segura. Rating nulo. CNPJ=48251703000119
2026-09-10 15:45:44 | INFO | bdc.gold.fato_analise_credito | Iniciando cálculo de PD ajustada. CNPJ=48251703000119 SEGMENTO_PD=CPURA
2026-09-10 15:45:44 | INFO | bdc.gold.fato_analise_credito | Iniciando cálculo das notas quantitativas CPURA. CNPJ=48251703000119
2026-09-10 15:45:44 | INFO | bdc.gold.fato_analise_credito | Notas quantitativas CPURA calculadas. CNPJ=48251703000119 NOTA_PD=E NOTA_FCO_ROL=D NOTA_ROE=C NOTA_ROA=C
2026-09-10 15:45:44 | INFO | bdc.gold.fato_analise_credito | Iniciando score qualitativo CPURA. CNPJ=48251703000119
2026-09-10 15:45:44 | INFO | bdc.gold.fato_analise_credito | Score qualitativo CPURA calculado. CNPJ=48251703000119 SCORE_QUALITATIVO=0.9
2026-09-10 15:45:44 | INFO | bdc.gold.fato_analise_credito | Iniciando score quantitativo CPURA. CNPJ=48251703000119
2026-09-10 15:45:44 | INFO | bdc.gold.fato_analise_credito | Score quantitativo CPURA calculado. CNPJ=48251703000119 SCORE_QUANTITATIVO=1.5539999999999998
2026-09-10 15:45:44 | INFO | bdc.gold.fato_analise_credito | Score total CPURA calculado. SCORE_TOTAL=2.4539999999999997
2026-09-10 15:45:44 | INFO | bdc.gold.fato_analise_credito | Iniciando cálculo de PD final CPURA. CNPJ=48251703000119 rating=E pd_min=0.1 pd_max=1.0
2026-09-10 15:45:44 | INFO | bdc.gold.fato_analise_credito | PD final CPURA calculada com sucesso. CNPJ=48251703000119 score_total=2.4539999999999997 score_truncado=2.4539999999999997 u=0.5092000000000001 pd_bruta=0.5582800000000001 pd_final=0.5582800000000002
2026-09-10 15:45:44 | INFO | bdc.gold.fato_analise_credito | PD ajustada calculada com sucesso. CNPJ=48251703000119 SEGMENTO_PD=CPURA PD_BASE=0.32439 RATING_FINAL=None SCORE_TOTAL=2.4539999999999997 PD_FINAL=0.5582800000000002 METODO=INTERPOLACAO_INTRA_RATING_CPURA
2026-09-10 15:45:44 | INFO | bdc.gold.fato_analise_credito | Iniciando cálculo de PD ajustada. CNPJ=48400908000119 SEGMENTO_PD=CGRUPO
2026-09-10 15:45:44 | INFO | bdc.gold.fato_analise_credito | PD ajustada calculada com sucesso. CNPJ=48400908000119 SEGMENTO_PD=CGRUPO PD_BASE=0.005 RATING_FINAL=A SCORE_TOTAL=None PD_FINAL=0.005 METODO=FIXED_PD
2026-09-10 15:45:44 | INFO | bdc.gold.fato_analise_credito | Iniciando cálculo de PD ajustada. CNPJ=48563988000123 SEGMENTO_PD=CGRUPO
2026-09-10 15:45:44 | INFO | bdc.gold.fato_analise_credito | PD ajustada calculada com sucesso. CNPJ=48563988000123 SEGMENTO_PD=CGRUPO PD_BASE=0.005 RATING_FINAL=A SCORE_TOTAL=None PD_FINAL=0.005 METODO=FIXED_PD
2026-09-10 15:45:44 | INFO | bdc.gold.fato_analise_credito | Iniciando cálculo de PD ajustada. CNPJ=48563988000123 SEGMENTO_PD=CGRUPO
2026-09-10 15:45:44 | INFO | bdc.gold.fato_analise_credito | PD ajustada calculada com sucesso. CNPJ=48563988000123 SEGMENTO_PD=CGRUPO PD_BASE=0.005 RATING_FINAL=A SCORE_TOTAL=None PD_FINAL=0.005 METODO=FIXED_PD
2026-09-10 15:45:44 | INFO | bdc.gold.fato_analise_credito | Iniciando cálculo de PD ajustada. CNPJ=48563988000123 SEGMENTO_PD=CGRUPO
2026-09-10 15:45:44 | INFO | bdc.gold.fato_analise_credito | PD ajustada calculada com sucesso. CNPJ=48563988000123 SEGMENTO_PD=CGRUPO PD_BASE=0.017464 RATING_FINAL=A SCORE_TOTAL=None PD_FINAL=0.005 METODO=FIXED_PD
2026-09-10 15:45:44 | INFO | bdc.gold.fato_analise_credito | Iniciando cálculo de PD ajustada. CNPJ=48563988000123 SEGMENTO_PD=CPURA
2026-09-10 15:45:44 | INFO | bdc.gold.fato_analise_credito | Iniciando cálculo das notas quantitativas CPURA. CNPJ=48563988000123
2026-09-10 15:45:44 | INFO | bdc.gold.fato_analise_credito | Notas quantitativas CPURA calculadas. CNPJ=48563988000123 NOTA_PD=B NOTA_FCO_ROL=A NOTA_ROE=E NOTA_ROA=D
2026-09-10 15:45:44 | INFO | bdc.gold.fato_analise_credito | Iniciando score qualitativo CPURA. CNPJ=48563988000123
2026-09-10 15:45:44 | INFO | bdc.gold.fato_analise_credito | Score qualitativo CPURA calculado. CNPJ=48563988000123 SCORE_QUALITATIVO=2.1
2026-09-10 15:45:44 | INFO | bdc.gold.fato_analise_credito | Iniciando score quantitativo CPURA. CNPJ=48563988000123
2026-09-10 15:45:44 | INFO | bdc.gold.fato_analise_credito | Score quantitativo CPURA calculado. CNPJ=48563988000123 SCORE_QUANTITATIVO=5.1659999999999995
2026-09-10 15:45:44 | INFO | bdc.gold.fato_analise_credito | Score total CPURA calculado. SCORE_TOTAL=7.266
2026-09-10 15:45:44 | INFO | bdc.gold.fato_analise_credito | Iniciando cálculo de PD final CPURA. CNPJ=48563988000123 rating=B pd_min=0.005 pd_max=0.0076
2026-09-10 15:45:44 | INFO | bdc.gold.fato_analise_credito | PD final CPURA calculada com sucesso. CNPJ=48563988000123 score_total=7.266 score_truncado=7.266 u=0.734 pd_bruta=0.0069084 pd_final=0.006908400000000002
2026-09-10 15:45:44 | INFO | bdc.gold.fato_analise_credito | PD ajustada calculada com sucesso. CNPJ=48563988000123 SEGMENTO_PD=CPURA PD_BASE=0.005059 RATING_FINAL=None SCORE_TOTAL=7.266 PD_FINAL=0.006908400000000002 METODO=INTERPOLACAO_INTRA_RATING_CPURA
2026-09-10 15:45:44 | INFO | bdc.gold.fato_analise_credito | Iniciando cálculo de PD ajustada. CNPJ=48591179000125 SEGMENTO_PD=CPURA
2026-09-10 15:45:44 | WARNING | bdc.gold.fato_analise_credito | Cálculo CPURA suspenso por Falha Segura. Rating nulo. CNPJ=48591179000125
2026-09-10 15:45:44 | INFO | bdc.gold.fato_analise_credito | Iniciando cálculo de PD ajustada. CNPJ=48591179000125 SEGMENTO_PD=CPURA
2026-09-10 15:45:44 | INFO | bdc.gold.fato_analise_credito | Iniciando cálculo das notas quantitativas CPURA. CNPJ=48591179000125
2026-09-10 15:45:44 | INFO | bdc.gold.fato_analise_credito | Notas quantitativas CPURA calculadas. CNPJ=48591179000125 NOTA_PD=A NOTA_FCO_ROL=C NOTA_ROE=C NOTA_ROA=C
2026-09-10 15:45:44 | INFO | bdc.gold.fato_analise_credito | Iniciando score qualitativo CPURA. CNPJ=48591179000125
2026-09-10 15:45:44 | INFO | bdc.gold.fato_analise_credito | Score qualitativo CPURA calculado. CNPJ=48591179000125 SCORE_QUALITATIVO=1.3000000000000003
2026-09-10 15:45:44 | INFO | bdc.gold.fato_analise_credito | Iniciando score quantitativo CPURA. CNPJ=48591179000125
2026-09-10 15:45:44 | INFO | bdc.gold.fato_analise_credito | Score quantitativo CPURA calculado. CNPJ=48591179000125 SCORE_QUANTITATIVO=5.4879999999999995
2026-09-10 15:45:44 | INFO | bdc.gold.fato_analise_credito | Score total CPURA calculado. SCORE_TOTAL=6.788
2026-09-10 15:45:44 | INFO | bdc.gold.fato_analise_credito | Iniciando cálculo de PD final CPURA. CNPJ=48591179000125 rating=C pd_min=0.0076 pd_max=0.0417
2026-09-10 15:45:44 | INFO | bdc.gold.fato_analise_credito | PD final CPURA calculada com sucesso. CNPJ=48591179000125 score_total=6.788 score_truncado=6.788 u=0.21199999999999974 pd_bruta=0.01482919999999999 pd_final=0.014829199999999994
2026-09-10 15:45:44 | INFO | bdc.gold.fato_analise_credito | PD ajustada calculada com sucesso. CNPJ=48591179000125 SEGMENTO_PD=CPURA PD_BASE=0.001361 RATING_FINAL=None SCORE_TOTAL=6.788 PD_FINAL=0.014829199999999994 METODO=INTERPOLACAO_INTRA_RATING_CPURA
2026-09-10 15:45:44 | INFO | bdc.gold.fato_analise_credito | Iniciando cálculo de PD ajustada. CNPJ=49983274000137 SEGMENTO_PD=CPURA
2026-09-10 15:45:44 | WARNING | bdc.gold.fato_analise_credito | Cálculo CPURA suspenso por Falha Segura. Rating nulo. CNPJ=49983274000137
2026-09-10 15:45:44 | INFO | bdc.gold.fato_analise_credito | Iniciando cálculo de PD ajustada. CNPJ=50729198000117 SEGMENTO_PD=CPURA
2026-09-10 15:45:44 | INFO | bdc.gold.fato_analise_credito | Iniciando cálculo das notas quantitativas CPURA. CNPJ=50729198000117
2026-09-10 15:45:44 | INFO | bdc.gold.fato_analise_credito | Notas quantitativas CPURA calculadas. CNPJ=50729198000117 NOTA_PD=A NOTA_FCO_ROL=E NOTA_ROE=E NOTA_ROA=E
2026-09-10 15:45:44 | INFO | bdc.gold.fato_analise_credito | Iniciando score qualitativo CPURA. CNPJ=50729198000117
2026-09-10 15:45:44 | INFO | bdc.gold.fato_analise_credito | Score qualitativo CPURA calculado. CNPJ=50729198000117 SCORE_QUALITATIVO=0.5
2026-09-10 15:45:44 | INFO | bdc.gold.fato_analise_credito | Iniciando score quantitativo CPURA. CNPJ=50729198000117
2026-09-10 15:45:44 | INFO | bdc.gold.fato_analise_credito | Score quantitativo CPURA calculado. CNPJ=50729198000117 SCORE_QUANTITATIVO=3.22
2026-09-10 15:45:44 | INFO | bdc.gold.fato_analise_credito | Score total CPURA calculado. SCORE_TOTAL=3.72
2026-09-10 15:45:44 | INFO | bdc.gold.fato_analise_credito | Iniciando cálculo de PD final CPURA. CNPJ=50729198000117 rating=E pd_min=0.1 pd_max=1.0
2026-09-10 15:45:44 | INFO | bdc.gold.fato_analise_credito | PD final CPURA calculada com sucesso. CNPJ=50729198000117 score_total=3.72 score_truncado=3.72 u=0.25599999999999995 pd_bruta=0.33039999999999997 pd_final=0.33039999999999997
2026-09-10 15:45:44 | INFO | bdc.gold.fato_analise_credito | PD ajustada calculada com sucesso. CNPJ=50729198000117 SEGMENTO_PD=CPURA PD_BASE=0.000627 RATING_FINAL=None SCORE_TOTAL=3.72 PD_FINAL=0.33039999999999997 METODO=INTERPOLACAO_INTRA_RATING_CPURA
2026-09-10 15:45:44 | INFO | bdc.gold.fato_analise_credito | Iniciando cálculo de PD ajustada. CNPJ=52177777000120 SEGMENTO_PD=CPURA
2026-09-10 15:45:44 | WARNING | bdc.gold.fato_analise_credito | Cálculo CPURA suspenso por Falha Segura. Rating nulo. CNPJ=52177777000120
2026-09-10 15:45:44 | INFO | bdc.gold.fato_analise_credito | Iniciando cálculo de PD ajustada. CNPJ=53012414000105 SEGMENTO_PD=CPURA
2026-09-10 15:45:44 | WARNING | bdc.gold.fato_analise_credito | Cálculo CPURA suspenso por Falha Segura. Rating nulo. CNPJ=53012414000105
2026-09-10 15:45:44 | INFO | bdc.gold.fato_analise_credito | Iniciando cálculo de PD ajustada. CNPJ=53012414000105 SEGMENTO_PD=CGRUPO
2026-09-10 15:45:44 | INFO | bdc.gold.fato_analise_credito | PD ajustada calculada com sucesso. CNPJ=53012414000105 SEGMENTO_PD=CGRUPO PD_BASE=0.005 RATING_FINAL=A SCORE_TOTAL=None PD_FINAL=0.005 METODO=FIXED_PD
2026-09-10 15:45:44 | INFO | bdc.gold.fato_analise_credito | Iniciando cálculo de PD ajustada. CNPJ=54252354000152 SEGMENTO_PD=CPURA
2026-09-10 15:45:44 | INFO | bdc.gold.fato_analise_credito | Iniciando cálculo das notas quantitativas CPURA. CNPJ=54252354000152
2026-09-10 15:45:44 | INFO | bdc.gold.fato_analise_credito | Notas quantitativas CPURA calculadas. CNPJ=54252354000152 NOTA_PD=C NOTA_FCO_ROL=C NOTA_ROE=B NOTA_ROA=B
2026-09-10 15:45:44 | INFO | bdc.gold.fato_analise_credito | Iniciando score qualitativo CPURA. CNPJ=54252354000152
2026-09-10 15:45:44 | INFO | bdc.gold.fato_analise_credito | Score qualitativo CPURA calculado. CNPJ=54252354000152 SCORE_QUALITATIVO=0.7000000000000001
2026-09-10 15:45:44 | INFO | bdc.gold.fato_analise_credito | Iniciando score quantitativo CPURA. CNPJ=54252354000152
2026-09-10 15:45:44 | INFO | bdc.gold.fato_analise_credito | Score quantitativo CPURA calculado. CNPJ=54252354000152 SCORE_QUANTITATIVO=4.48
2026-09-10 15:45:44 | INFO | bdc.gold.fato_analise_credito | Score total CPURA calculado. SCORE_TOTAL=5.180000000000001
2026-09-10 15:45:44 | INFO | bdc.gold.fato_analise_credito | Iniciando cálculo de PD final CPURA. CNPJ=54252354000152 rating=D pd_min=0.0417 pd_max=0.1
2026-09-10 15:45:44 | INFO | bdc.gold.fato_analise_credito | PD final CPURA calculada com sucesso. CNPJ=54252354000152 score_total=5.180000000000001 score_truncado=5.180000000000001 u=0.8199999999999994 pd_bruta=0.08950599999999997 pd_final=0.08950599999999997
2026-09-10 15:45:44 | INFO | bdc.gold.fato_analise_credito | PD ajustada calculada com sucesso. CNPJ=54252354000152 SEGMENTO_PD=CPURA PD_BASE=0.026502 RATING_FINAL=None SCORE_TOTAL=5.180000000000001 PD_FINAL=0.08950599999999997 METODO=INTERPOLACAO_INTRA_RATING_CPURA
2026-09-10 15:45:44 | INFO | bdc.gold.fato_analise_credito | Iniciando cálculo de PD ajustada. CNPJ=54252354000152 SEGMENTO_PD=CPURA
2026-09-10 15:45:44 | INFO | bdc.gold.fato_analise_credito | Iniciando cálculo das notas quantitativas CPURA. CNPJ=54252354000152
2026-09-10 15:45:44 | INFO | bdc.gold.fato_analise_credito | Notas quantitativas CPURA calculadas. CNPJ=54252354000152 NOTA_PD=C NOTA_FCO_ROL=A NOTA_ROE=B NOTA_ROA=B
2026-09-10 15:45:44 | INFO | bdc.gold.fato_analise_credito | Iniciando score qualitativo CPURA. CNPJ=54252354000152
2026-09-10 15:45:44 | INFO | bdc.gold.fato_analise_credito | Score qualitativo CPURA calculado. CNPJ=54252354000152 SCORE_QUALITATIVO=1.4000000000000001
2026-09-10 15:45:44 | INFO | bdc.gold.fato_analise_credito | Iniciando score quantitativo CPURA. CNPJ=54252354000152
2026-09-10 15:45:44 | INFO | bdc.gold.fato_analise_credito | Score quantitativo CPURA calculado. CNPJ=54252354000152 SCORE_QUANTITATIVO=5.432
2026-09-10 15:45:44 | INFO | bdc.gold.fato_analise_credito | Score total CPURA calculado. SCORE_TOTAL=6.832000000000001
2026-09-10 15:45:44 | INFO | bdc.gold.fato_analise_credito | Iniciando cálculo de PD final CPURA. CNPJ=54252354000152 rating=C pd_min=0.0076 pd_max=0.0417
2026-09-10 15:45:44 | INFO | bdc.gold.fato_analise_credito | PD final CPURA calculada com sucesso. CNPJ=54252354000152 score_total=6.832000000000001 score_truncado=6.832000000000001 u=0.16799999999999926 pd_bruta=0.013328799999999974 pd_final=0.01332879999999998
2026-09-10 15:45:44 | INFO | bdc.gold.fato_analise_credito | PD ajustada calculada com sucesso. CNPJ=54252354000152 SEGMENTO_PD=CPURA PD_BASE=0.026502 RATING_FINAL=None SCORE_TOTAL=6.832000000000001 PD_FINAL=0.01332879999999998 METODO=INTERPOLACAO_INTRA_RATING_CPURA
2026-09-10 15:45:44 | INFO | bdc.gold.fato_analise_credito | Iniciando cálculo de PD ajustada. CNPJ=55935046000194 SEGMENTO_PD=CPURA
2026-09-10 15:45:44 | INFO | bdc.gold.fato_analise_credito | Iniciando cálculo das notas quantitativas CPURA. CNPJ=55935046000194
2026-09-10 15:45:44 | INFO | bdc.gold.fato_analise_credito | Notas quantitativas CPURA calculadas. CNPJ=55935046000194 NOTA_PD=E NOTA_FCO_ROL=C NOTA_ROE=C NOTA_ROA=C
2026-09-10 15:45:44 | INFO | bdc.gold.fato_analise_credito | Iniciando score qualitativo CPURA. CNPJ=55935046000194
2026-09-10 15:45:44 | INFO | bdc.gold.fato_analise_credito | Score qualitativo CPURA calculado. CNPJ=55935046000194 SCORE_QUALITATIVO=0.5
2026-09-10 15:45:44 | INFO | bdc.gold.fato_analise_credito | Iniciando score quantitativo CPURA. CNPJ=55935046000194
2026-09-10 15:45:44 | INFO | bdc.gold.fato_analise_credito | Score quantitativo CPURA calculado. CNPJ=55935046000194 SCORE_QUANTITATIVO=2.268
2026-09-10 15:45:44 | INFO | bdc.gold.fato_analise_credito | Score total CPURA calculado. SCORE_TOTAL=2.768
2026-09-10 15:45:44 | INFO | bdc.gold.fato_analise_credito | Iniciando cálculo de PD final CPURA. CNPJ=55935046000194 rating=E pd_min=0.1 pd_max=1.0
2026-09-10 15:45:44 | INFO | bdc.gold.fato_analise_credito | PD final CPURA calculada com sucesso. CNPJ=55935046000194 score_total=2.768 score_truncado=2.768 u=0.4464 pd_bruta=0.50176 pd_final=0.50176
2026-09-10 15:45:44 | INFO | bdc.gold.fato_analise_credito | PD ajustada calculada com sucesso. CNPJ=55935046000194 SEGMENTO_PD=CPURA PD_BASE=0.396752 RATING_FINAL=None SCORE_TOTAL=2.768 PD_FINAL=0.50176 METODO=INTERPOLACAO_INTRA_RATING_CPURA
2026-09-10 15:45:44 | INFO | bdc.gold.fato_analise_credito | Iniciando cálculo de PD ajustada. CNPJ=58177643000195 SEGMENTO_PD=CPURA
2026-09-10 15:45:44 | WARNING | bdc.gold.fato_analise_credito | Cálculo CPURA suspenso por Falha Segura. Rating nulo. CNPJ=58177643000195
2026-09-10 15:45:44 | INFO | bdc.gold.fato_analise_credito | Iniciando cálculo de PD ajustada. CNPJ=58177643000195 SEGMENTO_PD=CPURA
2026-09-10 15:45:44 | WARNING | bdc.gold.fato_analise_credito | Cálculo CPURA suspenso por Falha Segura. Rating nulo. CNPJ=58177643000195
2026-09-10 15:45:44 | INFO | bdc.gold.fato_analise_credito | Iniciando cálculo de PD ajustada. CNPJ=76108349003200 SEGMENTO_PD=CPURA
2026-09-10 15:45:44 | WARNING | bdc.gold.fato_analise_credito | Cálculo CPURA suspenso por Falha Segura. Rating nulo. CNPJ=76108349003200
2026-09-10 15:45:44 | INFO | bdc.gold.fato_analise_credito | Iniciando cálculo de PD ajustada. CNPJ=76108349003200 SEGMENTO_PD=CPURA
2026-09-10 15:45:44 | INFO | bdc.gold.fato_analise_credito | Iniciando cálculo das notas quantitativas CPURA. CNPJ=76108349003200
2026-09-10 15:45:44 | INFO | bdc.gold.fato_analise_credito | Notas quantitativas CPURA calculadas. CNPJ=76108349003200 NOTA_PD=D NOTA_FCO_ROL=C NOTA_ROE=B NOTA_ROA=C
2026-09-10 15:45:44 | INFO | bdc.gold.fato_analise_credito | Iniciando score qualitativo CPURA. CNPJ=76108349003200
2026-09-10 15:45:44 | INFO | bdc.gold.fato_analise_credito | Score qualitativo CPURA calculado. CNPJ=76108349003200 SCORE_QUALITATIVO=3.0
2026-09-10 15:45:44 | INFO | bdc.gold.fato_analise_credito | Iniciando score quantitativo CPURA. CNPJ=76108349003200
2026-09-10 15:45:44 | INFO | bdc.gold.fato_analise_credito | Score quantitativo CPURA calculado. CNPJ=76108349003200 SCORE_QUANTITATIVO=3.374
2026-09-10 15:45:44 | INFO | bdc.gold.fato_analise_credito | Score total CPURA calculado. SCORE_TOTAL=6.3740000000000006
2026-09-10 15:45:44 | INFO | bdc.gold.fato_analise_credito | Iniciando cálculo de PD final CPURA. CNPJ=76108349003200 rating=C pd_min=0.0076 pd_max=0.0417
2026-09-10 15:45:44 | INFO | bdc.gold.fato_analise_credito | PD final CPURA calculada com sucesso. CNPJ=76108349003200 score_total=6.3740000000000006 score_truncado=6.3740000000000006 u=0.6259999999999994 pd_bruta=0.02894659999999998 pd_final=0.02894659999999997
2026-09-10 15:45:44 | INFO | bdc.gold.fato_analise_credito | PD ajustada calculada com sucesso. CNPJ=76108349003200 SEGMENTO_PD=CPURA PD_BASE=0.057073 RATING_FINAL=None SCORE_TOTAL=6.3740000000000006 PD_FINAL=0.02894659999999997 METODO=INTERPOLACAO_INTRA_RATING_CPURA
2026-09-10 15:45:44 | INFO | bdc.gold.fato_analise_credito | Iniciando cálculo de PD ajustada. CNPJ=76879295000180 SEGMENTO_PD=CPURA
2026-09-10 15:45:44 | INFO | bdc.gold.fato_analise_credito | Iniciando cálculo das notas quantitativas CPURA. CNPJ=76879295000180
2026-09-10 15:45:44 | INFO | bdc.gold.fato_analise_credito | Notas quantitativas CPURA calculadas. CNPJ=76879295000180 NOTA_PD=A NOTA_FCO_ROL=A NOTA_ROE=C NOTA_ROA=C
2026-09-10 15:45:44 | INFO | bdc.gold.fato_analise_credito | Iniciando score qualitativo CPURA. CNPJ=76879295000180
2026-09-10 15:45:44 | INFO | bdc.gold.fato_analise_credito | Score qualitativo CPURA calculado. CNPJ=76879295000180 SCORE_QUALITATIVO=2.5
2026-09-10 15:45:44 | INFO | bdc.gold.fato_analise_credito | Iniciando score quantitativo CPURA. CNPJ=76879295000180
2026-09-10 15:45:44 | INFO | bdc.gold.fato_analise_credito | Score quantitativo CPURA calculado. CNPJ=76879295000180 SCORE_QUANTITATIVO=6.4399999999999995
2026-09-10 15:45:44 | INFO | bdc.gold.fato_analise_credito | Score total CPURA calculado. SCORE_TOTAL=8.94
2026-09-10 15:45:44 | INFO | bdc.gold.fato_analise_credito | Iniciando cálculo de PD final CPURA. CNPJ=76879295000180 rating=A pd_min=0.0 pd_max=0.005
2026-09-10 15:45:44 | INFO | bdc.gold.fato_analise_credito | PD final CPURA calculada com sucesso. CNPJ=76879295000180 score_total=8.94 score_truncado=8.94 u=0.5300000000000002 pd_bruta=0.0026500000000000013 pd_final=0.0026500000000000013
2026-09-10 15:45:44 | INFO | bdc.gold.fato_analise_credito | PD ajustada calculada com sucesso. CNPJ=76879295000180 SEGMENTO_PD=CPURA PD_BASE=0.0 RATING_FINAL=None SCORE_TOTAL=8.94 PD_FINAL=0.0026500000000000013 METODO=INTERPOLACAO_INTRA_RATING_CPURA
2026-09-10 15:45:44 | INFO | bdc.gold.fato_analise_credito | Iniciando cálculo de PD ajustada. CNPJ=85235430000145 SEGMENTO_PD=CPURA
2026-09-10 15:45:44 | WARNING | bdc.gold.fato_analise_credito | Cálculo CPURA suspenso por Falha Segura. Rating nulo. CNPJ=85235430000145
2026-09-10 15:45:44 | INFO | bdc.gold.fato_analise_credito | Iniciando cálculo de PD ajustada. CNPJ=85235430000145 SEGMENTO_PD=CPURA
2026-09-10 15:45:44 | WARNING | bdc.gold.fato_analise_credito | Cálculo CPURA suspenso por Falha Segura. Rating nulo. CNPJ=85235430000145
2026-09-10 15:45:44 | INFO | bdc.gold.fato_analise_credito | Foram registradas 618 pendências em ctl_validacao_qualidade_credito
