2026-09-10 15:45:14 | INFO | bdc.receita | Iniciando consulta na BrasilAPI para 2903 CNPJ(s). Pode levar alguns minutos (Cache ativo)...
2026-09-10 15:45:14 | INFO | bdc.receita | [RECEITA FEDERAL] Processando 2903 CNPJs...
2026-09-10 15:45:14 | INFO | bdc.receita | --- INICIANDO CONSULTA RECEITA FEDERAL (2903 CNPJs) ---
2026-09-10 15:45:14 | INFO | bdc.receita | [1/2903] CNPJ 10387288000152 -> CACHE (ATIVA)
2026-09-10 15:45:14 | INFO | bdc.receita | [2/2903] CNPJ 76491836001250 -> CACHE (ATIVA)
2026-09-10 15:45:14 | INFO | bdc.receita | [3/2903] CNPJ 32593445000119 -> CACHE (ATIVA)
2026-09-10 15:45:14 | INFO | bdc.receita | [4/2903] CNPJ 76089523000118 -> CACHE (ATIVA)
2026-09-10 15:45:14 | INFO | bdc.receita | [5/2903] CNPJ 05620523000154 -> CACHE (ATIVA)
2026-09-10 15:45:14 | INFO | bdc.receita | [6/2903] CNPJ 33933760000100 -> CACHE (ATIVA)
2026-09-10 15:45:14 | INFO | bdc.receita | [7/2903] CNPJ 75263921001037 -> CACHE (ATIVA)
2026-09-10 15:45:14 | INFO | bdc.receita | [8/2903] CNPJ 97544269000170 -> CACHE (ATIVA)
2026-09-10 15:45:14 | INFO | bdc.receita | [9/2903] CNPJ 43121086000113 -> CACHE (ATIVA)
2026-09-10 15:45:14 | INFO | bdc.receita | [10/2903] CNPJ 42956441000101 -> CACHE (ATIVA)
2026-09-10 15:45:14 | INFO | bdc.receita | [11/2903] CNPJ 95824322000161 -> CACHE (ATIVA)
2026-09-10 15:45:14 | INFO | bdc.receita | [12/2903] CNPJ 77424992000290 -> CACHE (ATIVA)
2026-09-10 15:45:14 | INFO | bdc.receita | [13/2903] CNPJ 01594992000195 -> CACHE (ATIVA)
2026-09-10 15:45:14 | INFO | bdc.receita | [14/2903] CNPJ 39913479000192 -> CACHE (ATIVA)
2026-09-10 15:45:14 | INFO | bdc.receita | [15/2903] CNPJ 15373395000145 -> CACHE (ATIVA)
2026-09-10 15:45:14 | INFO | bdc.receita | [16/2903] CNPJ 33931478000194 -> CACHE (ATIVA)
2026-09-10 15:45:14 | INFO | bdc.receita | [17/2903] CNPJ 04134670000151 -> CACHE (ATIVA)
2026-09-10 15:45:14 | INFO | bdc.receita | [18/2903] CNPJ 00979768000159 -> CACHE (ATIVA)
2026-09-10 15:45:14 | INFO | bdc.receita | [19/2903] CNPJ 19570655000123 -> CACHE (ATIVA)
2026-09-10 15:45:14 | INFO | bdc.receita | [20/2903] CNPJ 84693183000168 -> CACHE (ATIVA)
2026-09-10 15:45:14 | INFO | bdc.receita | [21/2903] CNPJ 02846056000197 -> CACHE (ATIVA)
2026-09-10 15:45:14 | INFO | bdc.receita | [22/2903] CNPJ 03883369000188 -> CACHE (ATIVA)
2026-09-10 15:45:14 | INFO | bdc.receita | [23/2903] CNPJ 64119865000154 -> CACHE (ATIVA)
2026-09-10 15:45:14 | INFO | bdc.receita | [24/2903] CNPJ 19890579000133 -> CACHE (ATIVA)
2026-09-10 15:45:14 | INFO | bdc.receita | [25/2903] CNPJ 52618139002221 -> CACHE (ATIVA)
2026-09-10 15:45:14 | INFO | bdc.receita | [26/2903] CNPJ 29270235000185 -> CACHE (ATIVA)
2026-09-10 15:45:14 | INFO | bdc.receita | [27/2903] CNPJ 05552102000133 -> CACHE (ATIVA)
2026-09-10 15:45:14 | INFO | bdc.receita | [28/2903] CNPJ 04423567000121 -> CACHE (ATIVA)
2026-09-10 15:45:14 | INFO | bdc.receita | [29/2903] CNPJ 80418205000120 -> CACHE (ATIVA)
2026-09-10 15:45:14 | INFO | bdc.receita | [30/2903] CNPJ 72058241000364 -> CACHE (ATIVA)
2026-09-10 15:45:14 | INFO | bdc.receita | [31/2903] CNPJ 83731927004116 -> CACHE (ATIVA)
2026-09-10 15:45:14 | INFO | bdc.receita | [32/2903] CNPJ 47080619001199 -> CACHE (ATIVA)
2026-09-10 15:45:14 | INFO | bdc.receita | [33/2903] CNPJ 28601551000120 -> CACHE (ATIVA)
2026-09-10 15:45:14 | INFO | bdc.receita | [34/2903] CNPJ 09088053000180 -> CACHE (ATIVA)
2026-09-10 15:45:14 | INFO | bdc.receita | [35/2903] CNPJ 38441355000199 -> CACHE (BAIXADA)
2026-09-10 15:45:14 | INFO | bdc.receita | [36/2903] CNPJ 05039806000107 -> CACHE (ATIVA)
2026-09-10 15:45:14 | INFO | bdc.receita | [37/2903] CNPJ 14675270000107 -> CACHE (ATIVA)
2026-09-10 15:45:14 | INFO | bdc.receita | [38/2903] CNPJ 31273842000140 -> CACHE (ATIVA)
2026-09-10 15:45:14 | INFO | bdc.receita | [39/2903] CNPJ 37543498000149 -> CACHE (ATIVA)
2026-09-10 15:45:14 | INFO | bdc.receita | [40/2903] CNPJ 27352303000120 -> CACHE (ATIVA)
2026-09-10 15:45:14 | INFO | bdc.receita | [41/2903] CNPJ 07605075000145 -> CACHE (ATIVA)
2026-09-10 15:45:14 | INFO | bdc.receita | [42/2903] CNPJ 93028173000107 -> CACHE (ATIVA)
2026-09-10 15:45:14 | INFO | bdc.receita | [43/2903] CNPJ 02749513000125 -> CACHE (ATIVA)
2026-09-10 15:45:14 | INFO | bdc.receita | [44/2903] CNPJ 03935003000105 -> CACHE (ATIVA)
2026-09-10 15:45:14 | INFO | bdc.receita | [45/2903] CNPJ 02683365000193 -> CACHE (ATIVA)
2026-09-10 15:45:14 | INFO | bdc.receita | [46/2903] CNPJ 79939450000102 -> CACHE (ATIVA)
2026-09-10 15:45:14 | INFO | bdc.receita | [47/2903] CNPJ 00767659000178 -> CACHE (ATIVA)
2026-09-10 15:45:14 | INFO | bdc.receita | [48/2903] CNPJ 72230071000191 -> CACHE (ATIVA)
2026-09-10 15:45:14 | INFO | bdc.receita | [49/2903] CNPJ 03852972000100 -> CACHE (ATIVA)
2026-09-10 15:45:14 | INFO | bdc.receita | [50/2903] CNPJ 08320017000138 -> CACHE (ATIVA)
2026-09-10 15:45:14 | INFO | bdc.receita | [51/2903] CNPJ 09467816000102 -> CACHE (ATIVA)
2026-09-10 15:45:14 | INFO | bdc.receita | [52/2903] CNPJ 79435020000145 -> CACHE (ATIVA)
2026-09-10 15:45:14 | INFO | bdc.receita | [53/2903] CNPJ 03538572000117 -> CACHE (ATIVA)
2026-09-10 15:45:14 | INFO | bdc.receita | [54/2903] CNPJ 03054730000163 -> CACHE (ATIVA)
2026-09-10 15:45:14 | INFO | bdc.receita | [55/2903] CNPJ 01354988000150 -> CACHE (ATIVA)
2026-09-10 15:45:14 | INFO | bdc.receita | [56/2903] CNPJ 07626763000191 -> CACHE (ATIVA)
2026-09-10 15:45:14 | INFO | bdc.receita | [57/2903] CNPJ 60745411000642 -> CACHE (ATIVA)
2026-09-10 15:45:14 | INFO | bdc.receita | [58/2903] CNPJ 75034645000144 -> CACHE (ATIVA)
2026-09-10 15:45:14 | INFO | bdc.receita | [59/2903] CNPJ 25018972000134 -> CACHE (ATIVA)
2026-09-10 15:45:14 | INFO | bdc.receita | [60/2903] CNPJ 72202773000161 -> CACHE (ATIVA)
2026-09-10 15:45:14 | INFO | bdc.receita | [61/2903] CNPJ 78160934000188 -> CACHE (ATIVA)
2026-09-10 15:45:14 | INFO | bdc.receita | [62/2903] CNPJ 75104422000106 -> CACHE (ATIVA)
2026-09-10 15:45:14 | INFO | bdc.receita | [63/2903] CNPJ 22303462000544 -> CACHE (ATIVA)
2026-09-10 15:45:14 | INFO | bdc.receita | [64/2903] CNPJ 14799060000120 -> CACHE (ATIVA)
2026-09-10 15:45:14 | INFO | bdc.receita | [65/2903] CNPJ 73586976000161 -> CACHE (ATIVA)
2026-09-10 15:45:14 | INFO | bdc.receita | [66/2903] CNPJ 33352394000104 -> CACHE (ATIVA)
2026-09-10 15:45:14 | INFO | bdc.receita | [67/2903] CNPJ 20557422000170 -> CACHE (ATIVA)
2026-09-10 15:45:14 | INFO | bdc.receita | [68/2903] CNPJ 59970947000178 -> CACHE (ATIVA)
2026-09-10 15:45:14 | INFO | bdc.receita | [69/2903] CNPJ 30694272000108 -> CACHE (ATIVA)
2026-09-10 15:45:14 | INFO | bdc.receita | [70/2903] CNPJ 05787792000100 -> CACHE (ATIVA)
2026-09-10 15:45:14 | INFO | bdc.receita | [71/2903] CNPJ 00934658000170 -> CACHE (ATIVA)
2026-09-10 15:45:14 | INFO | bdc.receita | [72/2903] CNPJ 07013199000131 -> CACHE (ATIVA)
2026-09-10 15:45:14 | INFO | bdc.receita | [73/2903] CNPJ 05437703000103 -> CACHE (ATIVA)
2026-09-10 15:45:14 | INFO | bdc.receita | [74/2903] CNPJ 23455342000100 -> CACHE (ATIVA)
2026-09-10 15:45:14 | INFO | bdc.receita | [75/2903] CNPJ 02460752000160 -> CACHE (ATIVA)
2026-09-10 15:45:14 | INFO | bdc.receita | [76/2903] CNPJ 33050071000158 -> CACHE (ATIVA)
2026-09-10 15:45:14 | INFO | bdc.receita | [77/2903] CNPJ 60136249000150 -> CACHE (ATIVA)
2026-09-10 15:45:14 | INFO | bdc.receita | [78/2903] CNPJ 00349443000192 -> CACHE (ATIVA)
2026-09-10 15:45:14 | INFO | bdc.receita | [79/2903] CNPJ 33897820000187 -> CACHE (ATIVA)
2026-09-10 15:45:14 | INFO | bdc.receita | [80/2903] CNPJ 26437612000130 -> CACHE (ATIVA)
2026-09-10 15:45:14 | INFO | bdc.receita | [81/2903] CNPJ 07143575000102 -> CACHE (ATIVA)
2026-09-10 15:45:14 | INFO | bdc.receita | [82/2903] CNPJ 17210843000115 -> CACHE (ATIVA)
2026-09-10 15:45:14 | INFO | bdc.receita | [83/2903] CNPJ 76097989000165 -> CACHE (ATIVA)
2026-09-10 15:45:14 | INFO | bdc.receita | [84/2903] CNPJ 04846140000136 -> CACHE (ATIVA)
2026-09-10 15:45:14 | INFO | bdc.receita | [85/2903] CNPJ 14522178000107 -> CACHE (ATIVA)
2026-09-10 15:45:14 | INFO | bdc.receita | [86/2903] CNPJ 15397093000107 -> CACHE (ATIVA)
2026-09-10 15:45:14 | INFO | bdc.receita | [87/2903] CNPJ 49983274000137 -> CACHE (ATIVA)
2026-09-10 15:45:14 | INFO | bdc.receita | [88/2903] CNPJ 16965684000104 -> CACHE (ATIVA)
2026-09-10 15:45:14 | INFO | bdc.receita | [89/2903] CNPJ 19629444000119 -> CACHE (ATIVA)
2026-09-10 15:45:14 | INFO | bdc.receita | [90/2903] CNPJ 05848387000154 -> CACHE (ATIVA)
2026-09-10 15:45:14 | INFO | bdc.receita | [91/2903] CNPJ 01333984000195 -> CACHE (ATIVA)
2026-09-10 15:45:14 | INFO | bdc.receita | [92/2903] CNPJ 03941878000110 -> CACHE (ATIVA)
2026-09-10 15:45:14 | INFO | bdc.receita | [93/2903] CNPJ 05883919000194 -> CACHE (ATIVA)
2026-09-10 15:45:14 | INFO | bdc.receita | [94/2903] CNPJ 07210771000152 -> CACHE (ATIVA)
2026-09-10 15:45:14 | INFO | bdc.receita | [95/2903] CNPJ 09341337000137 -> CACHE (ATIVA)
2026-09-10 15:45:14 | INFO | bdc.receita | [96/2903] CNPJ 28829543000135 -> CACHE (ATIVA)
2026-09-10 15:45:14 | INFO | bdc.receita | [97/2903] CNPJ 04831281000185 -> CACHE (ATIVA)
2026-09-10 15:45:14 | INFO | bdc.receita | [98/2903] CNPJ 11283356000287 -> CACHE (ATIVA)
2026-09-10 15:45:14 | INFO | bdc.receita | [99/2903] CNPJ 80474042000101 -> CACHE (ATIVA)
2026-09-10 15:45:14 | INFO | bdc.receita | [100/2903] CNPJ 07804938000103 -> CACHE (ATIVA)
2026-09-10 15:45:14 | INFO | bdc.receita | [101/2903] CNPJ 81671125000145 -> CACHE (ATIVA)
2026-09-10 15:45:14 | INFO | bdc.receita | [102/2903] CNPJ 35742218000104 -> CACHE (ATIVA)
2026-09-10 15:45:14 | INFO | bdc.receita | [103/2903] CNPJ 02916265037837 -> CACHE (ATIVA)
2026-09-10 15:45:14 | INFO | bdc.receita | [104/2903] CNPJ 86046612000130 -> CACHE (ATIVA)
2026-09-10 15:45:14 | INFO | bdc.receita | [105/2903] CNPJ 83062174000106 -> CACHE (ATIVA)
2026-09-10 15:45:14 | INFO | bdc.receita | [106/2903] CNPJ 17469701000177 -> CACHE (ATIVA)
2026-09-10 15:45:14 | INFO | bdc.receita | [107/2903] CNPJ 10763227000142 -> CACHE (ATIVA)
2026-09-10 15:45:14 | INFO | bdc.receita | [108/2903] CNPJ 13459301000120 -> CACHE (ATIVA)
2026-09-10 15:45:14 | INFO | bdc.receita | [109/2903] CNPJ 23876304000112 -> CACHE (ATIVA)
2026-09-10 15:45:14 | INFO | bdc.receita | [110/2903] CNPJ 62829510000123 -> CACHE (ATIVA)
2026-09-10 15:45:14 | INFO | bdc.receita | [111/2903] CNPJ 07757548000120 -> CACHE (ATIVA)
2026-09-10 15:45:14 | INFO | bdc.receita | [112/2903] CNPJ 02671595000132 -> CACHE (ATIVA)
2026-09-10 15:45:14 | INFO | bdc.receita | [113/2903] CNPJ 61190096000869 -> CACHE (ATIVA)
2026-09-10 15:45:14 | INFO | bdc.receita | [114/2903] CNPJ 31897236000104 -> CACHE (ATIVA)
2026-09-10 15:45:14 | INFO | bdc.receita | [115/2903] CNPJ 35774326000231 -> CACHE (ATIVA)
2026-09-10 15:45:14 | INFO | bdc.receita | [116/2903] CNPJ 79865366000183 -> CACHE (ATIVA)
2026-09-10 15:45:14 | INFO | bdc.receita | [117/2903] CNPJ 11477713000167 -> CACHE (ATIVA)
2026-09-10 15:45:14 | INFO | bdc.receita | [118/2903] CNPJ 02421421000111 -> CACHE (ATIVA)
2026-09-10 15:45:14 | INFO | bdc.receita | [119/2903] CNPJ 61409892000920 -> CACHE (ATIVA)
2026-09-10 15:45:14 | INFO | bdc.receita | [120/2903] CNPJ 18866111000493 -> CACHE (ATIVA)
2026-09-10 15:45:14 | INFO | bdc.receita | [121/2903] CNPJ 12300288000107 -> CACHE (ATIVA)
2026-09-10 15:45:14 | INFO | bdc.receita | [122/2903] CNPJ 05140162000149 -> CACHE (ATIVA)
2026-09-10 15:45:14 | INFO | bdc.receita | [123/2903] CNPJ 29591504000105 -> CACHE (ATIVA)
2026-09-10 15:45:14 | INFO | bdc.receita | [124/2903] CNPJ 18483400000160 -> CACHE (ATIVA)
2026-09-10 15:45:14 | INFO | bdc.receita | [125/2903] CNPJ 83731927005945 -> CACHE (ATIVA)
2026-09-10 15:45:14 | INFO | bdc.receita | [126/2903] CNPJ 76490572000168 -> CACHE (ATIVA)
2026-09-10 15:45:14 | INFO | bdc.receita | [127/2903] CNPJ 66081894000108 -> CACHE (ATIVA)
2026-09-10 15:45:14 | INFO | bdc.receita | [128/2903] CNPJ 08803452000113 -> CACHE (ATIVA)
2026-09-10 15:45:14 | INFO | bdc.receita | [129/2903] CNPJ 07414848000106 -> CACHE (ATIVA)
2026-09-10 15:45:14 | INFO | bdc.receita | [130/2903] CNPJ 29527877000117 -> CACHE (ATIVA)
2026-09-10 15:45:14 | INFO | bdc.receita | [131/2903] CNPJ 46664330000182 -> CACHE (ATIVA)
2026-09-10 15:45:14 | INFO | bdc.receita | [132/2903] CNPJ 11283356000104 -> CACHE (ATIVA)
2026-09-10 15:45:14 | INFO | bdc.receita | [133/2903] CNPJ 07764436000104 -> CACHE (ATIVA)
2026-09-10 15:45:14 | INFO | bdc.receita | [134/2903] CNPJ 19868024000195 -> CACHE (ATIVA)
2026-09-10 15:45:14 | INFO | bdc.receita | [135/2903] CNPJ 10622118000105 -> CACHE (ATIVA)
2026-09-10 15:45:14 | INFO | bdc.receita | [136/2903] CNPJ 28672996000605 -> CACHE (ATIVA)
2026-09-10 15:45:14 | INFO | bdc.receita | [137/2903] CNPJ 73500480000123 -> CACHE (ATIVA)
2026-09-10 15:45:14 | INFO | bdc.receita | [138/2903] CNPJ 13896054000129 -> CACHE (ATIVA)
2026-09-10 15:45:14 | INFO | bdc.receita | [139/2903] CNPJ 22356415000135 -> CACHE (ATIVA)
2026-09-10 15:45:14 | INFO | bdc.receita | [140/2903] CNPJ 00056633000111 -> CACHE (ATIVA)
2026-09-10 15:45:14 | INFO | bdc.receita | [141/2903] CNPJ 93651958000123 -> CACHE (ATIVA)
2026-09-10 15:45:14 | INFO | bdc.receita | [142/2903] CNPJ 14614080000341 -> CACHE (ATIVA)
2026-09-10 15:45:14 | INFO | bdc.receita | [143/2903] CNPJ 09375285000110 -> CACHE (ATIVA)
2026-09-10 15:45:14 | INFO | bdc.receita | [144/2903] CNPJ 92226026000170 -> CACHE (ATIVA)
2026-09-10 15:45:14 | INFO | bdc.receita | [145/2903] CNPJ 07036421000111 -> CACHE (ATIVA)
2026-09-10 15:45:14 | INFO | bdc.receita | [146/2903] CNPJ 00868626000114 -> CACHE (ATIVA)
2026-09-10 15:45:14 | INFO | bdc.receita | [147/2903] CNPJ 01886356000137 -> CACHE (ATIVA)
2026-09-10 15:45:14 | INFO | bdc.receita | [148/2903] CNPJ 32235159000181 -> CACHE (INAPTA)
2026-09-10 15:45:14 | INFO | bdc.receita | [149/2903] CNPJ 46241741000165 -> CACHE (ATIVA)
2026-09-10 15:45:14 | INFO | bdc.receita | [150/2903] CNPJ 02749435000169 -> CACHE (ATIVA)
2026-09-10 15:45:14 | INFO | bdc.receita | [151/2903] CNPJ 03821074000187 -> CACHE (ATIVA)
2026-09-10 15:45:14 | INFO | bdc.receita | [152/2903] CNPJ 02916265037322 -> CACHE (ATIVA)
2026-09-10 15:45:14 | INFO | bdc.receita | [153/2903] CNPJ 13816470000170 -> CACHE (ATIVA)
2026-09-10 15:45:14 | INFO | bdc.receita | [154/2903] CNPJ 76107770000108 -> CACHE (ATIVA)
2026-09-10 15:45:14 | INFO | bdc.receita | [155/2903] CNPJ 37538262000114 -> CACHE (ATIVA)
2026-09-10 15:45:14 | INFO | bdc.receita | [156/2903] CNPJ 04647226000130 -> CACHE (ATIVA)
2026-09-10 15:45:14 | INFO | bdc.receita | [157/2903] CNPJ 61585865000151 -> CACHE (ATIVA)
2026-09-10 15:45:14 | INFO | bdc.receita | [158/2903] CNPJ 08827501000158 -> CACHE (ATIVA)
2026-09-10 15:45:14 | INFO | bdc.receita | [159/2903] CNPJ 77215606000179 -> CACHE (ATIVA)
2026-09-10 15:45:14 | INFO | bdc.receita | [160/2903] CNPJ 76591569000130 -> CACHE (ATIVA)
2026-09-10 15:45:14 | INFO | bdc.receita | [161/2903] CNPJ 44944668000162 -> CACHE (ATIVA)
2026-09-10 15:45:14 | INFO | bdc.receita | [162/2903] CNPJ 76093731008256 -> CACHE (ATIVA)
2026-09-10 15:45:14 | INFO | bdc.receita | [163/2903] CNPJ 01209357000147 -> CACHE (ATIVA)
2026-09-10 15:45:14 | INFO | bdc.receita | [164/2903] CNPJ 83743138000108 -> CACHE (ATIVA)
2026-09-10 15:45:14 | INFO | bdc.receita | [165/2903] CNPJ 79621439000191 -> CACHE (ATIVA)
2026-09-10 15:45:14 | INFO | bdc.receita | [166/2903] CNPJ 00194724000113 -> CACHE (ATIVA)
2026-09-10 15:45:14 | INFO | bdc.receita | [167/2903] CNPJ 76194091000105 -> CACHE (ATIVA)
2026-09-10 15:45:14 | INFO | bdc.receita | [168/2903] CNPJ 82096124000187 -> CACHE (ATIVA)
2026-09-10 15:45:14 | INFO | bdc.receita | [169/2903] CNPJ 56548753000190 -> CACHE (ATIVA)
2026-09-10 15:45:14 | INFO | bdc.receita | [170/2903] CNPJ 13374270000104 -> CACHE (ATIVA)
2026-09-10 15:45:14 | INFO | bdc.receita | [171/2903] CNPJ 06094065000120 -> CACHE (ATIVA)
2026-09-10 15:45:14 | INFO | bdc.receita | [172/2903] CNPJ 02917571000110 -> CACHE (ATIVA)
2026-09-10 15:45:14 | INFO | bdc.receita | [173/2903] CNPJ 20494564000216 -> CACHE (ATIVA)
2026-09-10 15:45:14 | INFO | bdc.receita | [174/2903] CNPJ 07142188000151 -> CACHE (ATIVA)
2026-09-10 15:45:14 | INFO | bdc.receita | [175/2903] CNPJ 17385003000193 -> CACHE (ATIVA)
2026-09-10 15:45:14 | INFO | bdc.receita | [176/2903] CNPJ 00822488000132 -> CACHE (ATIVA)
2026-09-10 15:45:14 | INFO | bdc.receita | [177/2903] CNPJ 14769946000121 -> CACHE (ATIVA)
2026-09-10 15:45:14 | INFO | bdc.receita | [178/2903] CNPJ 13633390000189 -> CACHE (ATIVA)
2026-09-10 15:45:14 | INFO | bdc.receita | [179/2903] CNPJ 00350763000162 -> CACHE (ATIVA)
2026-09-10 15:45:14 | INFO | bdc.receita | [180/2903] CNPJ 62576327000830 -> CACHE (ATIVA)
2026-09-10 15:45:14 | INFO | bdc.receita | [181/2903] CNPJ 35881121000174 -> CACHE (ATIVA)
2026-09-10 15:45:14 | INFO | bdc.receita | [182/2903] CNPJ 77595395005106 -> CACHE (ATIVA)
2026-09-10 15:45:14 | INFO | bdc.receita | [183/2903] CNPJ 03594475000141 -> CACHE (ATIVA)
2026-09-10 15:45:14 | INFO | bdc.receita | [184/2903] CNPJ 81716144001031 -> CACHE (ATIVA)
2026-09-10 15:45:14 | INFO | bdc.receita | [185/2903] CNPJ 71805063000163 -> CACHE (ATIVA)
2026-09-10 15:45:14 | INFO | bdc.receita | [186/2903] CNPJ 82310046000171 -> CACHE (ATIVA)
2026-09-10 15:45:14 | INFO | bdc.receita | [187/2903] CNPJ 30124679000191 -> CACHE (ATIVA)
2026-09-10 15:45:14 | INFO | bdc.receita | [188/2903] CNPJ 04027894000164 -> CACHE (ATIVA)
2026-09-10 15:45:14 | INFO | bdc.receita | [189/2903] CNPJ 23026776000186 -> CACHE (ATIVA)
2026-09-10 15:45:14 | INFO | bdc.receita | [190/2903] CNPJ 80028194000172 -> CACHE (ATIVA)
2026-09-10 15:45:14 | INFO | bdc.receita | [191/2903] CNPJ 59275792000150 -> CACHE (ATIVA)
2026-09-10 15:45:14 | INFO | bdc.receita | [192/2903] CNPJ 10239097000143 -> CACHE (ATIVA)
2026-09-10 15:45:14 | INFO | bdc.receita | [193/2903] CNPJ 04143008000400 -> CACHE (ATIVA)
2026-09-10 15:45:14 | INFO | bdc.receita | [194/2903] CNPJ 08048078000198 -> CACHE (ATIVA)
2026-09-10 15:45:14 | INFO | bdc.receita | [195/2903] CNPJ 42150391000170 -> CACHE (ATIVA)
2026-09-10 15:45:14 | INFO | bdc.receita | [196/2903] CNPJ 07255191000181 -> CACHE (ATIVA)
2026-09-10 15:45:14 | INFO | bdc.receita | [197/2903] CNPJ 85494201000145 -> CACHE (ATIVA)
2026-09-10 15:45:14 | INFO | bdc.receita | [198/2903] CNPJ 80718984000180 -> CACHE (ATIVA)
2026-09-10 15:45:14 | INFO | bdc.receita | [199/2903] CNPJ 46025722002730 -> CACHE (ATIVA)
2026-09-10 15:45:14 | INFO | bdc.receita | [200/2903] CNPJ 06886749000407 -> CACHE (ATIVA)
2026-09-10 15:45:14 | INFO | bdc.receita | [201/2903] CNPJ 76888767000160 -> CACHE (ATIVA)
2026-09-10 15:45:14 | INFO | bdc.receita | [202/2903] CNPJ 31557781000143 -> CACHE (ATIVA)
2026-09-10 15:45:14 | INFO | bdc.receita | [203/2903] CNPJ 03733880000101 -> CACHE (ATIVA)
2026-09-10 15:45:14 | INFO | bdc.receita | [204/2903] CNPJ 09175059000195 -> CACHE (ATIVA)
2026-09-10 15:45:14 | INFO | bdc.receita | [205/2903] CNPJ 75584193000174 -> CACHE (ATIVA)
2026-09-10 15:45:14 | INFO | bdc.receita | [206/2903] CNPJ 18852832000100 -> CACHE (ATIVA)
2026-09-10 15:45:14 | INFO | bdc.receita | [207/2903] CNPJ 45399961000230 -> CACHE (ATIVA)
2026-09-10 15:45:14 | INFO | bdc.receita | [208/2903] CNPJ 14245894000194 -> CACHE (ATIVA)
2026-09-10 15:45:14 | INFO | bdc.receita | [209/2903] CNPJ 04956796000101 -> CACHE (ATIVA)
2026-09-10 15:45:14 | INFO | bdc.receita | [210/2903] CNPJ 44039210000169 -> CACHE (ATIVA)
2026-09-10 15:45:14 | INFO | bdc.receita | [211/2903] CNPJ 32460679000198 -> CACHE (ATIVA)
2026-09-10 15:45:14 | INFO | bdc.receita | [212/2903] CNPJ 44145845000140 -> CACHE (ATIVA)
2026-09-10 15:45:14 | INFO | bdc.receita | [213/2903] CNPJ 28423185000166 -> CACHE (ATIVA)
2026-09-10 15:45:14 | INFO | bdc.receita | [214/2903] CNPJ 76902204000180 -> CACHE (ATIVA)
2026-09-10 15:45:14 | INFO | bdc.receita | [215/2903] CNPJ 00074569000100 -> CACHE (ATIVA)
2026-09-10 15:45:14 | INFO | bdc.receita | [216/2903] CNPJ 04208296000191 -> CACHE (ATIVA)
2026-09-10 15:45:14 | INFO | bdc.receita | [217/2903] CNPJ 07607884000196 -> CACHE (ATIVA)
2026-09-10 15:45:14 | INFO | bdc.receita | [218/2903] CNPJ 03476643000102 -> CACHE (ATIVA)
2026-09-10 15:45:14 | INFO | bdc.receita | [219/2903] CNPJ 31893778000109 -> CACHE (ATIVA)
2026-09-10 15:45:14 | INFO | bdc.receita | [220/2903] CNPJ 03428728000107 -> CACHE (ATIVA)
2026-09-10 15:45:14 | INFO | bdc.receita | [221/2903] CNPJ 05643764000119 -> CACHE (ATIVA)
2026-09-10 15:45:14 | INFO | bdc.receita | [222/2903] CNPJ 01616929000102 -> CACHE (ATIVA)
2026-09-10 15:45:14 | INFO | bdc.receita | [223/2903] CNPJ 04976303000103 -> CACHE (ATIVA)
2026-09-10 15:45:14 | INFO | bdc.receita | [224/2903] CNPJ 78943321000117 -> CACHE (ATIVA)
2026-09-10 15:45:14 | INFO | bdc.receita | [225/2903] CNPJ 11182210000164 -> CACHE (ATIVA)
2026-09-10 15:45:14 | INFO | bdc.receita | [226/2903] CNPJ 60476884000187 -> CACHE (ATIVA)
2026-09-10 15:45:14 | INFO | bdc.receita | [227/2903] CNPJ 17313041000130 -> CACHE (ATIVA)
2026-09-10 15:45:14 | INFO | bdc.receita | [228/2903] CNPJ 75047498000147 -> CACHE (ATIVA)
2026-09-10 15:45:14 | INFO | bdc.receita | [229/2903] CNPJ 12073475000197 -> CACHE (ATIVA)
2026-09-10 15:45:14 | INFO | bdc.receita | [230/2903] CNPJ 15344283000166 -> CACHE (ATIVA)
2026-09-10 15:45:14 | INFO | bdc.receita | [231/2903] CNPJ 61528030000160 -> CACHE (ATIVA)
2026-09-10 15:45:14 | INFO | bdc.receita | [232/2903] CNPJ 08070566001769 -> CACHE (ATIVA)
2026-09-10 15:45:14 | INFO | bdc.receita | [233/2903] CNPJ 04023261000188 -> CACHE (ATIVA)
2026-09-10 15:45:14 | INFO | bdc.receita | [234/2903] CNPJ 41675130000101 -> CACHE (ATIVA)
2026-09-10 15:45:14 | INFO | bdc.receita | [235/2903] CNPJ 43468701000162 -> CACHE (ATIVA)
2026-09-10 15:45:14 | INFO | bdc.receita | [236/2903] CNPJ 21411283000134 -> CACHE (ATIVA)
2026-09-10 15:45:14 | INFO | bdc.receita | [237/2903] CNPJ 15141799000103 -> CACHE (ATIVA)
2026-09-10 15:45:14 | INFO | bdc.receita | [238/2903] CNPJ 58275042000115 -> CACHE (ATIVA)
2026-09-10 15:45:14 | INFO | bdc.receita | [239/2903] CNPJ 82130956000172 -> CACHE (ATIVA)
2026-09-10 15:45:14 | INFO | bdc.receita | [240/2903] CNPJ 63967640000195 -> CACHE (ATIVA)
2026-09-10 15:45:14 | INFO | bdc.receita | [241/2903] CNPJ 92262203000174 -> CACHE (ATIVA)
2026-09-10 15:45:14 | INFO | bdc.receita | [242/2903] CNPJ 62375191000123 -> CACHE (ATIVA)
2026-09-10 15:45:14 | INFO | bdc.receita | [243/2903] CNPJ 82472481000100 -> CACHE (ATIVA)
2026-09-10 15:45:14 | INFO | bdc.receita | [244/2903] CNPJ 03058852000128 -> CACHE (ATIVA)
2026-09-10 15:45:14 | INFO | bdc.receita | [245/2903] CNPJ 00082024000137 -> CACHE (ATIVA)
2026-09-10 15:45:14 | INFO | bdc.receita | [246/2903] CNPJ 04176791000247 -> CACHE (ATIVA)
2026-09-10 15:45:14 | INFO | bdc.receita | [247/2903] CNPJ 08290831000157 -> CACHE (ATIVA)
2026-09-10 15:45:14 | INFO | bdc.receita | [248/2903] CNPJ 92016757000191 -> CACHE (ATIVA)
2026-09-10 15:45:14 | INFO | bdc.receita | [249/2903] CNPJ 19813045000103 -> CACHE (ATIVA)
2026-09-10 15:45:14 | INFO | bdc.receita | [250/2903] CNPJ 14807945000124 -> CACHE (ATIVA)
2026-09-10 15:45:14 | INFO | bdc.receita | [251/2903] CNPJ 55895031000140 -> CACHE (ATIVA)
2026-09-10 15:45:14 | INFO | bdc.receita | [252/2903] CNPJ 42902392000124 -> CACHE (ATIVA)
2026-09-10 15:45:14 | INFO | bdc.receita | [253/2903] CNPJ 02447928000306 -> CACHE (ATIVA)
2026-09-10 15:45:14 | INFO | bdc.receita | [254/2903] CNPJ 04801086000102 -> CACHE (ATIVA)
2026-09-10 15:45:14 | INFO | bdc.receita | [255/2903] CNPJ 03499903000157 -> CACHE (ATIVA)
2026-09-10 15:45:14 | INFO | bdc.receita | [256/2903] CNPJ 25079719000190 -> CACHE (ATIVA)
2026-09-10 15:45:14 | INFO | bdc.receita | [257/2903] CNPJ 81662462000176 -> CACHE (ATIVA)
2026-09-10 15:45:14 | INFO | bdc.receita | [258/2903] CNPJ 79578068000102 -> CACHE (ATIVA)
2026-09-10 15:45:14 | INFO | bdc.receita | [259/2903] CNPJ 61728804000104 -> CACHE (ATIVA)
2026-09-10 15:45:14 | INFO | bdc.receita | [260/2903] CNPJ 77163749000184 -> CACHE (ATIVA)
2026-09-10 15:45:14 | INFO | bdc.receita | [261/2903] CNPJ 43248129000126 -> CACHE (ATIVA)
2026-09-10 15:45:14 | INFO | bdc.receita | [262/2903] CNPJ 76947126000130 -> CACHE (ATIVA)
2026-09-10 15:45:14 | INFO | bdc.receita | [263/2903] CNPJ 10285760000146 -> CACHE (ATIVA)
2026-09-10 15:45:14 | INFO | bdc.receita | [264/2903] CNPJ 04533831000180 -> CACHE (ATIVA)
2026-09-10 15:45:14 | INFO | bdc.receita | [265/2903] CNPJ 03691432000184 -> CACHE (ATIVA)
2026-09-10 15:45:14 | INFO | bdc.receita | [266/2903] CNPJ 22492169000149 -> CACHE (ATIVA)
2026-09-10 15:45:14 | INFO | bdc.receita | [267/2903] CNPJ 13693873000179 -> CACHE (ATIVA)
2026-09-10 15:45:14 | INFO | bdc.receita | [268/2903] CNPJ 30902608000172 -> CACHE (ATIVA)
2026-09-10 15:45:14 | INFO | bdc.receita | [269/2903] CNPJ 35823577000188 -> CACHE (ATIVA)
2026-09-10 15:45:14 | INFO | bdc.receita | [270/2903] CNPJ 34818597000106 -> CACHE (ATIVA)
2026-09-10 15:45:14 | INFO | bdc.receita | [271/2903] CNPJ 07358761005632 -> CACHE (ATIVA)
2026-09-10 15:45:14 | INFO | bdc.receita | [272/2903] CNPJ 48540421000131 -> CACHE (ATIVA)
2026-09-10 15:45:14 | INFO | bdc.receita | [273/2903] CNPJ 08542795000171 -> CACHE (ATIVA)
2026-09-10 15:45:14 | INFO | bdc.receita | [274/2903] CNPJ 54218054000157 -> CACHE (ATIVA)
2026-09-10 15:45:14 | INFO | bdc.receita | [275/2903] CNPJ 03926572000194 -> CACHE (ATIVA)
2026-09-10 15:45:14 | INFO | bdc.receita | [276/2903] CNPJ 27796415000250 -> CACHE (ATIVA)
2026-09-10 15:45:14 | INFO | bdc.receita | [277/2903] CNPJ 80213705000126 -> CACHE (ATIVA)
2026-09-10 15:45:14 | INFO | bdc.receita | [278/2903] CNPJ 82827007000146 -> CACHE (ATIVA)
2026-09-10 15:45:14 | INFO | bdc.receita | [279/2903] CNPJ 17170822000113 -> CACHE (ATIVA)
2026-09-10 15:45:14 | INFO | bdc.receita | [280/2903] CNPJ 05876349000377 -> CACHE (ATIVA)
2026-09-10 15:45:14 | INFO | bdc.receita | [281/2903] CNPJ 37427691000114 -> CACHE (ATIVA)
2026-09-10 15:45:14 | INFO | bdc.receita | [282/2903] CNPJ 77152338000193 -> CACHE (ATIVA)
2026-09-10 15:45:14 | INFO | bdc.receita | [283/2903] CNPJ 50524289000116 -> CACHE (ATIVA)
2026-09-10 15:45:14 | INFO | bdc.receita | [284/2903] CNPJ 01581464000100 -> CACHE (ATIVA)
2026-09-10 15:45:14 | INFO | bdc.receita | [285/2903] CNPJ 23459749000105 -> CACHE (ATIVA)
2026-09-10 15:45:14 | INFO | bdc.receita | [286/2903] CNPJ 19166180000376 -> CACHE (ATIVA)
2026-09-10 15:45:14 | INFO | bdc.receita | [287/2903] CNPJ 23892355000138 -> CACHE (ATIVA)
2026-09-10 15:45:14 | INFO | bdc.receita | [288/2903] CNPJ 54363072000122 -> CACHE (ATIVA)
2026-09-10 15:45:14 | INFO | bdc.receita | [289/2903] CNPJ 12163581000161 -> CACHE (ATIVA)
2026-09-10 15:45:14 | INFO | bdc.receita | [290/2903] CNPJ 06303603000149 -> CACHE (ATIVA)
2026-09-10 15:45:14 | INFO | bdc.receita | [291/2903] CNPJ 35835582000100 -> CACHE (ATIVA)
2026-09-10 15:45:14 | INFO | bdc.receita | [292/2903] CNPJ 77804599000140 -> CACHE (ATIVA)
2026-09-10 15:45:14 | INFO | bdc.receita | [293/2903] CNPJ 07450031000193 -> CACHE (ATIVA)
2026-09-10 15:45:14 | INFO | bdc.receita | [294/2903] CNPJ 27001247000189 -> CACHE (ATIVA)
2026-09-10 15:45:14 | INFO | bdc.receita | [295/2903] CNPJ 26073629000155 -> CACHE (ATIVA)
2026-09-10 15:45:14 | INFO | bdc.receita | [296/2903] CNPJ 17645625000103 -> CACHE (ATIVA)
2026-09-10 15:45:14 | INFO | bdc.receita | [297/2903] CNPJ 42184226001969 -> CACHE (ATIVA)
2026-09-10 15:45:14 | INFO | bdc.receita | [298/2903] CNPJ 05007043000112 -> CACHE (ATIVA)
2026-09-10 15:45:14 | INFO | bdc.receita | [299/2903] CNPJ 81270548000153 -> CACHE (ATIVA)
2026-09-10 15:45:14 | INFO | bdc.receita | [300/2903] CNPJ 82196510000140 -> CACHE (ATIVA)
2026-09-10 15:45:14 | INFO | bdc.receita | [301/2903] CNPJ 11384227000102 -> CACHE (ATIVA)
2026-09-10 15:45:14 | INFO | bdc.receita | [302/2903] CNPJ 71832679000123 -> CACHE (ATIVA)
2026-09-10 15:45:14 | INFO | bdc.receita | [303/2903] CNPJ 43474212000113 -> CACHE (ATIVA)
2026-09-10 15:45:14 | INFO | bdc.receita | [304/2903] CNPJ 16775973000132 -> CACHE (ATIVA)
2026-09-10 15:45:14 | INFO | bdc.receita | [305/2903] CNPJ 87870952000144 -> CACHE (ATIVA)
2026-09-10 15:45:14 | INFO | bdc.receita | [306/2903] CNPJ 83305235002324 -> CACHE (ATIVA)
2026-09-10 15:45:14 | INFO | bdc.receita | [307/2903] CNPJ 04326452000119 -> CACHE (ATIVA)
2026-09-10 15:45:14 | INFO | bdc.receita | [308/2903] CNPJ 01615814000101 -> CACHE (ATIVA)
2026-09-10 15:45:14 | INFO | bdc.receita | [309/2903] CNPJ 79613030000123 -> CACHE (ATIVA)
2026-09-10 15:45:14 | INFO | bdc.receita | [310/2903] CNPJ 01304124000123 -> CACHE (ATIVA)
2026-09-10 15:45:14 | INFO | bdc.receita | [311/2903] CNPJ 04365525000181 -> CACHE (ATIVA)
2026-09-10 15:45:14 | INFO | bdc.receita | [312/2903] CNPJ 08935629000305 -> CACHE (ATIVA)
2026-09-10 15:45:14 | INFO | bdc.receita | [313/2903] CNPJ 60659166000146 -> CACHE (ATIVA)
2026-09-10 15:45:14 | INFO | bdc.receita | [314/2903] CNPJ 01191198000109 -> CACHE (ATIVA)
2026-09-10 15:45:14 | INFO | bdc.receita | [315/2903] CNPJ 00001180000207 -> CACHE (ATIVA)
2026-09-10 15:45:14 | INFO | bdc.receita | [316/2903] CNPJ 04630268000168 -> CACHE (ATIVA)
2026-09-10 15:45:14 | INFO | bdc.receita | [317/2903] CNPJ 04280481000197 -> CACHE (ATIVA)
2026-09-10 15:45:14 | INFO | bdc.receita | [318/2903] CNPJ 53859112000169 -> CACHE (ATIVA)
2026-09-10 15:45:14 | INFO | bdc.receita | [319/2903] CNPJ 02744832000148 -> CACHE (ATIVA)
2026-09-10 15:45:14 | INFO | bdc.receita | [320/2903] CNPJ 04906823000131 -> CACHE (ATIVA)
2026-09-10 15:45:14 | INFO | bdc.receita | [321/2903] CNPJ 26986376000100 -> CACHE (ATIVA)
2026-09-10 15:45:14 | INFO | bdc.receita | [322/2903] CNPJ 32140332000168 -> CACHE (ATIVA)
2026-09-10 15:45:14 | INFO | bdc.receita | [323/2903] CNPJ 43594977000197 -> CACHE (ATIVA)
2026-09-10 15:45:14 | INFO | bdc.receita | [324/2903] CNPJ 01397555000181 -> CACHE (ATIVA)
2026-09-10 15:45:14 | INFO | bdc.receita | [325/2903] CNPJ 10835932000108 -> CACHE (ATIVA)
2026-09-10 15:45:14 | INFO | bdc.receita | [326/2903] CNPJ 51665073000133 -> CACHE (ATIVA)
2026-09-10 15:45:14 | INFO | bdc.receita | [327/2903] CNPJ 10915021000190 -> CACHE (ATIVA)
2026-09-10 15:45:14 | INFO | bdc.receita | [328/2903] CNPJ 05738907000176 -> CACHE (ATIVA)
2026-09-10 15:45:14 | INFO | bdc.receita | [329/2903] CNPJ 10740245000109 -> CACHE (ATIVA)
2026-09-10 15:45:14 | INFO | bdc.receita | [330/2903] CNPJ 23253637000195 -> CACHE (ATIVA)
2026-09-10 15:45:14 | INFO | bdc.receita | [331/2903] CNPJ 28758086000135 -> CACHE (ATIVA)
2026-09-10 15:45:14 | INFO | bdc.receita | [332/2903] CNPJ 49021009000178 -> CACHE (ATIVA)
2026-09-10 15:45:14 | INFO | bdc.receita | [333/2903] CNPJ 04137003000122 -> CACHE (ATIVA)
2026-09-10 15:45:14 | INFO | bdc.receita | [334/2903] CNPJ 19631099000158 -> CACHE (ATIVA)
2026-09-10 15:45:14 | INFO | bdc.receita | [335/2903] CNPJ 13844786000175 -> CACHE (ATIVA)
2026-09-10 15:45:14 | INFO | bdc.receita | [336/2903] CNPJ 13573332000107 -> CACHE (ATIVA)
2026-09-10 15:45:14 | INFO | bdc.receita | [337/2903] CNPJ 46766812000143 -> CACHE (ATIVA)
2026-09-10 15:45:14 | INFO | bdc.receita | [338/2903] CNPJ 18371025000167 -> CACHE (ATIVA)
2026-09-10 15:45:14 | INFO | bdc.receita | [339/2903] CNPJ 75962886000900 -> CACHE (ATIVA)
2026-09-10 15:45:14 | INFO | bdc.receita | [340/2903] CNPJ 21256386000177 -> CACHE (ATIVA)
2026-09-10 15:45:14 | INFO | bdc.receita | [341/2903] CNPJ 77863223000107 -> CACHE (ATIVA)
2026-09-10 15:45:14 | INFO | bdc.receita | [342/2903] CNPJ 01525323000161 -> CACHE (ATIVA)
2026-09-10 15:45:14 | INFO | bdc.receita | [343/2903] CNPJ 09170802000114 -> CACHE (ATIVA)
2026-09-10 15:45:14 | INFO | bdc.receita | [344/2903] CNPJ 79264628000154 -> CACHE (ATIVA)
2026-09-10 15:45:14 | INFO | bdc.receita | [345/2903] CNPJ 88582291000114 -> CACHE (ATIVA)
2026-09-10 15:45:14 | INFO | bdc.receita | [346/2903] CNPJ 80565161000161 -> CACHE (ATIVA)
2026-09-10 15:45:14 | INFO | bdc.receita | [347/2903] CNPJ 07206816000115 -> CACHE (ATIVA)
2026-09-10 15:45:14 | INFO | bdc.receita | [348/2903] CNPJ 35823538000180 -> CACHE (ATIVA)
2026-09-10 15:45:14 | INFO | bdc.receita | [349/2903] CNPJ 18185035000108 -> CACHE (ATIVA)
2026-09-10 15:45:14 | INFO | bdc.receita | [350/2903] CNPJ 07670111000154 -> CACHE (ATIVA)
2026-09-10 15:45:14 | INFO | bdc.receita | [351/2903] CNPJ 13243573000198 -> CACHE (ATIVA)
2026-09-10 15:45:14 | INFO | bdc.receita | [352/2903] CNPJ 51466860002957 -> CACHE (ATIVA)
2026-09-10 15:45:14 | INFO | bdc.receita | [353/2903] CNPJ 30840548000100 -> CACHE (ATIVA)
2026-09-10 15:45:14 | INFO | bdc.receita | [354/2903] CNPJ 28120534000170 -> CACHE (ATIVA)
2026-09-10 15:45:14 | INFO | bdc.receita | [355/2903] CNPJ 21316271000120 -> CACHE (ATIVA)
2026-09-10 15:45:14 | INFO | bdc.receita | [356/2903] CNPJ 77887917000184 -> CACHE (ATIVA)
2026-09-10 15:45:14 | INFO | bdc.receita | [357/2903] CNPJ 13478113000149 -> CACHE (ATIVA)
2026-09-10 15:45:14 | INFO | bdc.receita | [358/2903] CNPJ 14475006000120 -> CACHE (ATIVA)
2026-09-10 15:45:14 | INFO | bdc.receita | [359/2903] CNPJ 76743012000178 -> CACHE (ATIVA)
2026-09-10 15:45:14 | INFO | bdc.receita | [360/2903] CNPJ 60498706000157 -> CACHE (ATIVA)
2026-09-10 15:45:14 | INFO | bdc.receita | [361/2903] CNPJ 09091832000135 -> CACHE (ATIVA)
2026-09-10 15:45:14 | INFO | bdc.receita | [362/2903] CNPJ 12999196000159 -> CACHE (ATIVA)
2026-09-10 15:45:14 | INFO | bdc.receita | [363/2903] CNPJ 03731548000108 -> CACHE (ATIVA)
2026-09-10 15:45:14 | INFO | bdc.receita | [364/2903] CNPJ 04023387000152 -> CACHE (ATIVA)
2026-09-10 15:45:14 | INFO | bdc.receita | [365/2903] CNPJ 02883512000179 -> CACHE (ATIVA)
2026-09-10 15:45:14 | INFO | bdc.receita | [366/2903] CNPJ 31864869000108 -> CACHE (ATIVA)
2026-09-10 15:45:14 | INFO | bdc.receita | [367/2903] CNPJ 35224835000100 -> CACHE (ATIVA)
2026-09-10 15:45:14 | INFO | bdc.receita | [368/2903] CNPJ 12091809000155 -> CACHE (ATIVA)
2026-09-10 15:45:14 | INFO | bdc.receita | [369/2903] CNPJ 82292053000198 -> CACHE (ATIVA)
2026-09-10 15:45:14 | INFO | bdc.receita | [370/2903] CNPJ 37275625000419 -> CACHE (ATIVA)
2026-09-10 15:45:14 | INFO | bdc.receita | [371/2903] CNPJ 01974675000102 -> CACHE (ATIVA)
2026-09-10 15:45:14 | INFO | bdc.receita | [372/2903] CNPJ 51135705000157 -> CACHE (ATIVA)
2026-09-10 15:45:14 | INFO | bdc.receita | [373/2903] CNPJ 02269763000168 -> CACHE (ATIVA)
2026-09-10 15:45:14 | INFO | bdc.receita | [374/2903] CNPJ 03351783000146 -> CACHE (ATIVA)
2026-09-10 15:45:14 | INFO | bdc.receita | [375/2903] CNPJ 20726794000182 -> CACHE (ATIVA)
2026-09-10 15:45:14 | INFO | bdc.receita | [376/2903] CNPJ 29872616000134 -> CACHE (ATIVA)
2026-09-10 15:45:14 | INFO | bdc.receita | [377/2903] CNPJ 11517841000197 -> CACHE (ATIVA)
2026-09-10 15:45:14 | INFO | bdc.receita | [378/2903] CNPJ 22084882000153 -> CACHE (ATIVA)
2026-09-10 15:45:14 | INFO | bdc.receita | [379/2903] CNPJ 51354314000123 -> CACHE (ATIVA)
2026-09-10 15:45:14 | INFO | bdc.receita | [380/2903] CNPJ 53918116000170 -> CACHE (ATIVA)
2026-09-10 15:45:14 | INFO | bdc.receita | [381/2903] CNPJ 76109594000135 -> CACHE (ATIVA)
2026-09-10 15:45:14 | INFO | bdc.receita | [382/2903] CNPJ 19535258000110 -> CACHE (ATIVA)
2026-09-10 15:45:14 | INFO | bdc.receita | [383/2903] CNPJ 32314495000110 -> CACHE (ATIVA)
2026-09-10 15:45:14 | INFO | bdc.receita | [384/2903] CNPJ 03358698000100 -> CACHE (ATIVA)
2026-09-10 15:45:14 | INFO | bdc.receita | [385/2903] CNPJ 38126813000103 -> CACHE (ATIVA)
2026-09-10 15:45:14 | INFO | bdc.receita | [386/2903] CNPJ 08598391000108 -> CACHE (ATIVA)
2026-09-10 15:45:14 | INFO | bdc.receita | [387/2903] CNPJ 32185360000100 -> CACHE (ATIVA)
2026-09-10 15:45:14 | INFO | bdc.receita | [388/2903] CNPJ 72451917000113 -> CACHE (ATIVA)
2026-09-10 15:45:14 | INFO | bdc.receita | [389/2903] CNPJ 01261681000104 -> CACHE (ATIVA)
2026-09-10 15:45:14 | INFO | bdc.receita | [390/2903] CNPJ 32122715000103 -> CACHE (ATIVA)
2026-09-10 15:45:14 | INFO | bdc.receita | [391/2903] CNPJ 31102147000116 -> CACHE (ATIVA)
2026-09-10 15:45:14 | INFO | bdc.receita | [392/2903] CNPJ 76214022000388 -> CACHE (ATIVA)
2026-09-10 15:45:14 | INFO | bdc.receita | [393/2903] CNPJ 02036483000614 -> CACHE (ATIVA)
2026-09-10 15:45:14 | INFO | bdc.receita | [394/2903] CNPJ 07911773000179 -> CACHE (ATIVA)
2026-09-10 15:45:14 | INFO | bdc.receita | [395/2903] CNPJ 32633074000151 -> CACHE (ATIVA)
2026-09-10 15:45:14 | INFO | bdc.receita | [396/2903] CNPJ 00831373000104 -> CACHE (ATIVA)
2026-09-10 15:45:14 | INFO | bdc.receita | [397/2903] CNPJ 80742307000105 -> CACHE (ATIVA)
2026-09-10 15:45:14 | INFO | bdc.receita | [398/2903] CNPJ 08735007000244 -> CACHE (ATIVA)
2026-09-10 15:45:14 | INFO | bdc.receita | [399/2903] CNPJ 15087610000141 -> CACHE (ATIVA)
2026-09-10 15:45:14 | INFO | bdc.receita | [400/2903] CNPJ 55924836000174 -> CACHE (ATIVA)
2026-09-10 15:45:14 | INFO | bdc.receita | [401/2903] CNPJ 14295008000137 -> CACHE (ATIVA)
2026-09-10 15:45:14 | INFO | bdc.receita | [402/2903] CNPJ 12116917000216 -> CACHE (ATIVA)
2026-09-10 15:45:14 | INFO | bdc.receita | [403/2903] CNPJ 03953509000147 -> CACHE (BAIXADA)
2026-09-10 15:45:14 | INFO | bdc.receita | [404/2903] CNPJ 00001180000126 -> CACHE (ATIVA)
2026-09-10 15:45:14 | INFO | bdc.receita | [405/2903] CNPJ 16928294000156 -> CACHE (ATIVA)
2026-09-10 15:45:14 | INFO | bdc.receita | [406/2903] CNPJ 02898246000158 -> CACHE (ATIVA)
2026-09-10 15:45:14 | INFO | bdc.receita | [407/2903] CNPJ 76396159000139 -> CACHE (ATIVA)
2026-09-10 15:45:14 | INFO | bdc.receita | [408/2903] CNPJ 75025734000124 -> CACHE (ATIVA)
2026-09-10 15:45:14 | INFO | bdc.receita | [409/2903] CNPJ 57031061000133 -> CACHE (ATIVA)
2026-09-10 15:45:14 | INFO | bdc.receita | [410/2903] CNPJ 02021672000109 -> CACHE (ATIVA)
2026-09-10 15:45:14 | INFO | bdc.receita | [411/2903] CNPJ 83816694000167 -> CACHE (ATIVA)
2026-09-10 15:45:14 | INFO | bdc.receita | [412/2903] CNPJ 02202020000170 -> CACHE (ATIVA)
2026-09-10 15:45:14 | INFO | bdc.receita | [413/2903] CNPJ 04475667000100 -> CACHE (ATIVA)
2026-09-10 15:45:14 | INFO | bdc.receita | [414/2903] CNPJ 58290545000160 -> CACHE (ATIVA)
2026-09-10 15:45:14 | INFO | bdc.receita | [415/2903] CNPJ 34805807000113 -> CACHE (ATIVA)
2026-09-10 15:45:14 | INFO | bdc.receita | [416/2903] CNPJ 53355004000159 -> CACHE (ATIVA)
2026-09-10 15:45:14 | INFO | bdc.receita | [417/2903] CNPJ 08788247000126 -> CACHE (ATIVA)
2026-09-10 15:45:14 | INFO | bdc.receita | [418/2903] CNPJ 62644505000570 -> CACHE (ATIVA)
2026-09-10 15:45:14 | INFO | bdc.receita | [419/2903] CNPJ 02886685000140 -> CACHE (ATIVA)
2026-09-10 15:45:14 | INFO | bdc.receita | [420/2903] CNPJ 88369889000120 -> CACHE (ATIVA)
2026-09-10 15:45:14 | INFO | bdc.receita | [421/2903] CNPJ 92685833000151 -> CACHE (ATIVA)
2026-09-10 15:45:14 | INFO | bdc.receita | [422/2903] CNPJ 07202226000114 -> CACHE (ATIVA)
2026-09-10 15:45:14 | INFO | bdc.receita | [423/2903] CNPJ 60619202000148 -> CACHE (ATIVA)
2026-09-10 15:45:14 | INFO | bdc.receita | [424/2903] CNPJ 83096123000103 -> CACHE (ATIVA)
2026-09-10 15:45:14 | INFO | bdc.receita | [425/2903] CNPJ 12630054000110 -> CACHE (ATIVA)
2026-09-10 15:45:14 | INFO | bdc.receita | [426/2903] CNPJ 33033556000133 -> CACHE (ATIVA)
2026-09-10 15:45:14 | INFO | bdc.receita | [427/2903] CNPJ 30471204000171 -> CACHE (ATIVA)
2026-09-10 15:45:14 | INFO | bdc.receita | [428/2903] CNPJ 05311209000190 -> CACHE (ATIVA)
2026-09-10 15:45:14 | INFO | bdc.receita | [429/2903] CNPJ 04753947000124 -> CACHE (ATIVA)
2026-09-10 15:45:14 | INFO | bdc.receita | [430/2903] CNPJ 92802784000190 -> CACHE (ATIVA)
2026-09-10 15:45:14 | INFO | bdc.receita | [431/2903] CNPJ 03315918000541 -> CACHE (ATIVA)
2026-09-10 15:45:14 | INFO | bdc.receita | [432/2903] CNPJ 32135359000910 -> CACHE (ATIVA)
2026-09-10 15:45:14 | INFO | bdc.receita | [433/2903] CNPJ 08903942000191 -> CACHE (ATIVA)
2026-09-10 15:45:14 | INFO | bdc.receita | [434/2903] CNPJ 80646755000105 -> CACHE (ATIVA)
2026-09-10 15:45:14 | INFO | bdc.receita | [435/2903] CNPJ 52107364000179 -> CACHE (ATIVA)
2026-09-10 15:45:14 | INFO | bdc.receita | [436/2903] CNPJ 97458749000119 -> CACHE (ATIVA)
2026-09-10 15:45:14 | INFO | bdc.receita | [437/2903] CNPJ 26589893000146 -> CACHE (ATIVA)
2026-09-10 15:45:14 | INFO | bdc.receita | [438/2903] CNPJ 72954308000187 -> CACHE (ATIVA)
2026-09-10 15:45:14 | INFO | bdc.receita | [439/2903] CNPJ 03786032000152 -> CACHE (ATIVA)
2026-09-10 15:45:14 | INFO | bdc.receita | [440/2903] CNPJ 64822810000106 -> CACHE (ATIVA)
2026-09-10 15:45:14 | INFO | bdc.receita | [441/2903] CNPJ 06195441000172 -> CACHE (ATIVA)
2026-09-10 15:45:14 | INFO | bdc.receita | [442/2903] CNPJ 07322382000461 -> CACHE (ATIVA)
2026-09-10 15:45:14 | INFO | bdc.receita | [443/2903] CNPJ 13042032000100 -> CACHE (BAIXADA)
2026-09-10 15:45:14 | INFO | bdc.receita | [444/2903] CNPJ 77883189000132 -> CACHE (ATIVA)
2026-09-10 15:45:14 | INFO | bdc.receita | [445/2903] CNPJ 16404287067730 -> CACHE (ATIVA)
2026-09-10 15:45:14 | INFO | bdc.receita | [446/2903] CNPJ 35403949000389 -> CACHE (ATIVA)
2026-09-10 15:45:14 | INFO | bdc.receita | [447/2903] CNPJ 08793343000162 -> CACHE (ATIVA)
2026-09-10 15:45:14 | INFO | bdc.receita | [448/2903] CNPJ 11778932000186 -> CACHE (ATIVA)
2026-09-10 15:45:14 | INFO | bdc.receita | [449/2903] CNPJ 11568948000164 -> CACHE (ATIVA)
2026-09-10 15:45:14 | INFO | bdc.receita | [450/2903] CNPJ 29067113000196 -> CACHE (ATIVA)
2026-09-10 15:45:14 | INFO | bdc.receita | [451/2903] CNPJ 27770822000108 -> CACHE (ATIVA)
2026-09-10 15:45:14 | INFO | bdc.receita | [452/2903] CNPJ 08643404000105 -> CACHE (ATIVA)
2026-09-10 15:45:14 | INFO | bdc.receita | [453/2903] CNPJ 79571659000158 -> CACHE (ATIVA)
2026-09-10 15:45:14 | INFO | bdc.receita | [454/2903] CNPJ 10626312000169 -> CACHE (ATIVA)
2026-09-10 15:45:14 | INFO | bdc.receita | [455/2903] CNPJ 13504675000110 -> CACHE (ATIVA)
2026-09-10 15:45:14 | INFO | bdc.receita | [456/2903] CNPJ 01485633000108 -> CACHE (ATIVA)
2026-09-10 15:45:14 | INFO | bdc.receita | [457/2903] CNPJ 28045354000252 -> CACHE (ATIVA)
2026-09-10 15:45:14 | INFO | bdc.receita | [458/2903] CNPJ 02135888000103 -> CACHE (ATIVA)
2026-09-10 15:45:14 | INFO | bdc.receita | [459/2903] CNPJ 35859013000103 -> CACHE (ATIVA)
2026-09-10 15:45:14 | INFO | bdc.receita | [460/2903] CNPJ 81642308000213 -> CACHE (ATIVA)
2026-09-10 15:45:14 | INFO | bdc.receita | [461/2903] CNPJ 11085823000183 -> CACHE (ATIVA)
2026-09-10 15:45:14 | INFO | bdc.receita | [462/2903] CNPJ 22819418000168 -> CACHE (ATIVA)
2026-09-10 15:45:14 | INFO | bdc.receita | [463/2903] CNPJ 03044201000189 -> CACHE (ATIVA)
2026-09-10 15:45:14 | INFO | bdc.receita | [464/2903] CNPJ 10902331000170 -> CACHE (ATIVA)
2026-09-10 15:45:14 | INFO | bdc.receita | [465/2903] CNPJ 28133664000148 -> CACHE (ATIVA)
2026-09-10 15:45:14 | INFO | bdc.receita | [466/2903] CNPJ 07364017000177 -> CACHE (ATIVA)
2026-09-10 15:45:14 | INFO | bdc.receita | [467/2903] CNPJ 24991149000148 -> CACHE (ATIVA)
2026-09-10 15:45:14 | INFO | bdc.receita | [468/2903] CNPJ 12593013000109 -> CACHE (ATIVA)
2026-09-10 15:45:14 | INFO | bdc.receita | [469/2903] CNPJ 29224131000134 -> CACHE (ATIVA)
2026-09-10 15:45:14 | INFO | bdc.receita | [470/2903] CNPJ 53910899000146 -> CACHE (ATIVA)
2026-09-10 15:45:14 | INFO | bdc.receita | [471/2903] CNPJ 06315338021116 -> CACHE (ATIVA)
2026-09-10 15:45:14 | INFO | bdc.receita | [472/2903] CNPJ 06981176000158 -> CACHE (ATIVA)
2026-09-10 15:45:14 | INFO | bdc.receita | [473/2903] CNPJ 04802543000183 -> CACHE (ATIVA)
2026-09-10 15:45:14 | INFO | bdc.receita | [474/2903] CNPJ 19726111000108 -> CACHE (ATIVA)
2026-09-10 15:45:14 | INFO | bdc.receita | [475/2903] CNPJ 22350122000140 -> CACHE (ATIVA)
2026-09-10 15:45:14 | INFO | bdc.receita | [476/2903] CNPJ 77837979001404 -> CACHE (ATIVA)
2026-09-10 15:45:14 | INFO | bdc.receita | [477/2903] CNPJ 01225953000110 -> CACHE (ATIVA)
2026-09-10 15:45:14 | INFO | bdc.receita | [478/2903] CNPJ 29316596000115 -> CACHE (ATIVA)
2026-09-10 15:45:14 | INFO | bdc.receita | [479/2903] CNPJ 41501877000143 -> CACHE (ATIVA)
2026-09-10 15:45:14 | INFO | bdc.receita | [480/2903] CNPJ 35989467000190 -> CACHE (ATIVA)
2026-09-10 15:45:14 | INFO | bdc.receita | [481/2903] CNPJ 83305235014098 -> CACHE (ATIVA)
2026-09-10 15:45:14 | INFO | bdc.receita | [482/2903] CNPJ 81716144002437 -> CACHE (ATIVA)
2026-09-10 15:45:14 | INFO | bdc.receita | [483/2903] CNPJ 08174968000146 -> CACHE (ATIVA)
2026-09-10 15:45:14 | INFO | bdc.receita | [484/2903] CNPJ 01526135000158 -> CACHE (ATIVA)
2026-09-10 15:45:14 | INFO | bdc.receita | [485/2903] CNPJ 03761066000192 -> CACHE (ATIVA)
2026-09-10 15:45:14 | INFO | bdc.receita | [486/2903] CNPJ 77172161000197 -> CACHE (ATIVA)
2026-09-10 15:45:14 | INFO | bdc.receita | [487/2903] CNPJ 07632700000148 -> CACHE (ATIVA)
2026-09-10 15:45:14 | INFO | bdc.receita | [488/2903] CNPJ 06287157000126 -> CACHE (ATIVA)
2026-09-10 15:45:14 | INFO | bdc.receita | [489/2903] CNPJ 17070597000143 -> CACHE (INAPTA)
2026-09-10 15:45:14 | INFO | bdc.receita | [490/2903] CNPJ 10324624000118 -> CACHE (ATIVA)
2026-09-10 15:45:14 | INFO | bdc.receita | [491/2903] CNPJ 61101895003918 -> CACHE (ATIVA)
2026-09-10 15:45:14 | INFO | bdc.receita | [492/2903] CNPJ 08532688000162 -> CACHE (ATIVA)
2026-09-10 15:45:14 | INFO | bdc.receita | [493/2903] CNPJ 76879295000180 -> CACHE (ATIVA)
2026-09-10 15:45:14 | INFO | bdc.receita | [494/2903] CNPJ 33000167000101 -> CACHE (ATIVA)
2026-09-10 15:45:14 | INFO | bdc.receita | [495/2903] CNPJ 76827344000130 -> CACHE (ATIVA)
2026-09-10 15:45:14 | INFO | bdc.receita | [496/2903] CNPJ 03920586000109 -> CACHE (ATIVA)
2026-09-10 15:45:14 | INFO | bdc.receita | [497/2903] CNPJ 02583678000170 -> CACHE (ATIVA)
2026-09-10 15:45:14 | INFO | bdc.receita | [498/2903] CNPJ 15307114000156 -> CACHE (ATIVA)
2026-09-10 15:45:14 | INFO | bdc.receita | [499/2903] CNPJ 01531984000108 -> CACHE (ATIVA)
2026-09-10 15:45:14 | INFO | bdc.receita | [500/2903] CNPJ 14094415000186 -> CACHE (ATIVA)
2026-09-10 15:45:14 | INFO | bdc.receita | [501/2903] CNPJ 02591442000185 -> CACHE (ATIVA)
2026-09-10 15:45:14 | INFO | bdc.receita | [502/2903] CNPJ 10207856000196 -> CACHE (ATIVA)
2026-09-10 15:45:14 | INFO | bdc.receita | [503/2903] CNPJ 35180857000115 -> CACHE (ATIVA)
2026-09-10 15:45:14 | INFO | bdc.receita | [504/2903] CNPJ 04613547000113 -> CACHE (ATIVA)
2026-09-10 15:45:14 | INFO | bdc.receita | [505/2903] CNPJ 50564053000537 -> CACHE (ATIVA)
2026-09-10 15:45:14 | INFO | bdc.receita | [506/2903] CNPJ 90406117000162 -> CACHE (ATIVA)
2026-09-10 15:45:14 | INFO | bdc.receita | [507/2903] CNPJ 02459413000164 -> CACHE (ATIVA)
2026-09-10 15:45:14 | INFO | bdc.receita | [508/2903] CNPJ 29340729000199 -> CACHE (ATIVA)
2026-09-10 15:45:14 | INFO | bdc.receita | [509/2903] CNPJ 03097776000160 -> CACHE (ATIVA)
2026-09-10 15:45:14 | INFO | bdc.receita | [510/2903] CNPJ 75293662000104 -> CACHE (ATIVA)
2026-09-10 15:45:14 | INFO | bdc.receita | [511/2903] CNPJ 09461639000149 -> CACHE (ATIVA)
2026-09-10 15:45:14 | INFO | bdc.receita | [512/2903] CNPJ 13140459000132 -> CACHE (ATIVA)
2026-09-10 15:45:14 | INFO | bdc.receita | [513/2903] CNPJ 11316814000156 -> CACHE (ATIVA)
2026-09-10 15:45:14 | INFO | bdc.receita | [514/2903] CNPJ 02375722000156 -> CACHE (ATIVA)
2026-09-10 15:45:14 | INFO | bdc.receita | [515/2903] CNPJ 12645295000132 -> CACHE (ATIVA)
2026-09-10 15:45:14 | INFO | bdc.receita | [516/2903] CNPJ 14055501000180 -> CACHE (ATIVA)
2026-09-10 15:45:14 | INFO | bdc.receita | [517/2903] CNPJ 84683374000149 -> CACHE (ATIVA)
2026-09-10 15:45:14 | INFO | bdc.receita | [518/2903] CNPJ 03469014000147 -> CACHE (ATIVA)
2026-09-10 15:45:14 | INFO | bdc.receita | [519/2903] CNPJ 33592510000154 -> CACHE (ATIVA)
2026-09-10 15:45:14 | INFO | bdc.receita | [520/2903] CNPJ 58512310000175 -> CACHE (ATIVA)
2026-09-10 15:45:14 | INFO | bdc.receita | [521/2903] CNPJ 76105436000107 -> CACHE (ATIVA)
2026-09-10 15:45:14 | INFO | bdc.receita | [522/2903] CNPJ 80215213000170 -> CACHE (ATIVA)
2026-09-10 15:45:14 | INFO | bdc.receita | [523/2903] CNPJ 24479976000157 -> CACHE (ATIVA)
2026-09-10 15:45:14 | INFO | bdc.receita | [524/2903] CNPJ 30653328000178 -> CACHE (ATIVA)
2026-09-10 15:45:14 | INFO | bdc.receita | [525/2903] CNPJ 76745850000180 -> CACHE (ATIVA)
2026-09-10 15:45:14 | INFO | bdc.receita | [526/2903] CNPJ 03058653000110 -> CACHE (ATIVA)
2026-09-10 15:45:14 | INFO | bdc.receita | [527/2903] CNPJ 03582243000173 -> CACHE (ATIVA)
2026-09-10 15:45:14 | INFO | bdc.receita | [528/2903] CNPJ 61299178000170 -> CACHE (ATIVA)
2026-09-10 15:45:14 | INFO | bdc.receita | [529/2903] CNPJ 07393256000155 -> CACHE (ATIVA)
2026-09-10 15:45:14 | INFO | bdc.receita | [530/2903] CNPJ 00000569605903 -> CACHE (NAO_ENCONTRADO)
2026-09-10 15:45:14 | INFO | bdc.receita | [531/2903] CNPJ 03456069000112 -> CACHE (ATIVA)
2026-09-10 15:45:14 | INFO | bdc.receita | [532/2903] CNPJ 82598863000177 -> CACHE (ATIVA)
2026-09-10 15:45:14 | INFO | bdc.receita | [533/2903] CNPJ 09470851000172 -> CACHE (ATIVA)
2026-09-10 15:45:14 | INFO | bdc.receita | [534/2903] CNPJ 11794701000166 -> CACHE (ATIVA)
2026-09-10 15:45:14 | INFO | bdc.receita | [535/2903] CNPJ 75221028000158 -> CACHE (ATIVA)
2026-09-10 15:45:14 | INFO | bdc.receita | [536/2903] CNPJ 40254927000172 -> CACHE (ATIVA)
2026-09-10 15:45:14 | INFO | bdc.receita | [537/2903] CNPJ 04928324000145 -> CACHE (ATIVA)
2026-09-10 15:45:14 | INFO | bdc.receita | [538/2903] CNPJ 27796415000170 -> CACHE (ATIVA)
2026-09-10 15:45:14 | INFO | bdc.receita | [539/2903] CNPJ 79302519000184 -> CACHE (ATIVA)
2026-09-10 15:45:14 | INFO | bdc.receita | [540/2903] CNPJ 26039535000160 -> CACHE (ATIVA)
2026-09-10 15:45:14 | INFO | bdc.receita | [541/2903] CNPJ 04940750000951 -> CACHE (ATIVA)
2026-09-10 15:45:14 | INFO | bdc.receita | [542/2903] CNPJ 01831188000182 -> CACHE (ATIVA)
2026-09-10 15:45:14 | INFO | bdc.receita | [543/2903] CNPJ 07461763000189 -> CACHE (ATIVA)
2026-09-10 15:45:14 | INFO | bdc.receita | [544/2903] CNPJ 56912124000106 -> CACHE (ATIVA)
2026-09-10 15:45:14 | INFO | bdc.receita | [545/2903] CNPJ 08153018000135 -> CACHE (ATIVA)
2026-09-10 15:45:14 | INFO | bdc.receita | [546/2903] CNPJ 35880201000105 -> CACHE (ATIVA)
2026-09-10 15:45:14 | INFO | bdc.receita | [547/2903] CNPJ 52123916000132 -> CACHE (ATIVA)
2026-09-10 15:45:14 | INFO | bdc.receita | [548/2903] CNPJ 21612448000136 -> CACHE (ATIVA)
2026-09-10 15:45:14 | INFO | bdc.receita | [549/2903] CNPJ 09267050000104 -> CACHE (ATIVA)
2026-09-10 15:45:14 | INFO | bdc.receita | [550/2903] CNPJ 62014352000153 -> CACHE (ATIVA)
2026-09-10 15:45:14 | INFO | bdc.receita | [551/2903] CNPJ 80939234000138 -> CACHE (ATIVA)
2026-09-10 15:45:14 | INFO | bdc.receita | [552/2903] CNPJ 92678432000174 -> CACHE (ATIVA)
2026-09-10 15:45:14 | INFO | bdc.receita | [553/2903] CNPJ 57582793000111 -> CACHE (ATIVA)
2026-09-10 15:45:14 | INFO | bdc.receita | [554/2903] CNPJ 77758324000118 -> CACHE (ATIVA)
2026-09-10 15:45:14 | INFO | bdc.receita | [555/2903] CNPJ 00767144000178 -> CACHE (ATIVA)
2026-09-10 15:45:14 | INFO | bdc.receita | [556/2903] CNPJ 00339244000101 -> CACHE (ATIVA)
2026-09-10 15:45:14 | INFO | bdc.receita | [557/2903] CNPJ 24332457000161 -> CACHE (ATIVA)
2026-09-10 15:45:14 | INFO | bdc.receita | [558/2903] CNPJ 02998301000181 -> CACHE (ATIVA)
2026-09-10 15:45:14 | INFO | bdc.receita | [559/2903] CNPJ 00583224000173 -> CACHE (ATIVA)
2026-09-10 15:45:14 | INFO | bdc.receita | [560/2903] CNPJ 01417701000193 -> CACHE (ATIVA)
2026-09-10 15:45:14 | INFO | bdc.receita | [561/2903] CNPJ 04774215000110 -> CACHE (ATIVA)
2026-09-10 15:45:14 | INFO | bdc.receita | [562/2903] CNPJ 21213298000198 -> CACHE (ATIVA)
2026-09-10 15:45:14 | INFO | bdc.receita | [563/2903] CNPJ 57227134000167 -> CACHE (ATIVA)
2026-09-10 15:45:14 | INFO | bdc.receita | [564/2903] CNPJ 01945414000156 -> CACHE (ATIVA)
2026-09-10 15:45:14 | INFO | bdc.receita | [565/2903] CNPJ 00291633000104 -> CACHE (ATIVA)
2026-09-10 15:45:14 | INFO | bdc.receita | [566/2903] CNPJ 06047087000139 -> CACHE (ATIVA)
2026-09-10 15:45:14 | INFO | bdc.receita | [567/2903] CNPJ 17204923000168 -> CACHE (ATIVA)
2026-09-10 15:45:14 | INFO | bdc.receita | [568/2903] CNPJ 08306220000150 -> CACHE (ATIVA)
2026-09-10 15:45:14 | INFO | bdc.receita | [569/2903] CNPJ 03129424000149 -> CACHE (ATIVA)
2026-09-10 15:45:14 | INFO | bdc.receita | [570/2903] CNPJ 11234162000100 -> CACHE (ATIVA)
2026-09-10 15:45:14 | INFO | bdc.receita | [571/2903] CNPJ 35823577000269 -> CACHE (ATIVA)
2026-09-10 15:45:14 | INFO | bdc.receita | [572/2903] CNPJ 36718307000170 -> CACHE (ATIVA)
2026-09-10 15:45:14 | INFO | bdc.receita | [573/2903] CNPJ 26748019000104 -> CACHE (ATIVA)
2026-09-10 15:45:14 | INFO | bdc.receita | [574/2903] CNPJ 55223127000242 -> CACHE (ATIVA)
2026-09-10 15:45:14 | INFO | bdc.receita | [575/2903] CNPJ 14180156000106 -> CACHE (ATIVA)
2026-09-10 15:45:14 | INFO | bdc.receita | [576/2903] CNPJ 08029323000110 -> CACHE (ATIVA)
2026-09-10 15:45:14 | INFO | bdc.receita | [577/2903] CNPJ 62695036005404 -> CACHE (ATIVA)
2026-09-10 15:45:14 | INFO | bdc.receita | [578/2903] CNPJ 80524051000151 -> CACHE (ATIVA)
2026-09-10 15:45:14 | INFO | bdc.receita | [579/2903] CNPJ 10466983000100 -> CACHE (ATIVA)
2026-09-10 15:45:14 | INFO | bdc.receita | [580/2903] CNPJ 07330898000105 -> CACHE (ATIVA)
2026-09-10 15:45:14 | INFO | bdc.receita | [581/2903] CNPJ 52044676000180 -> CACHE (ATIVA)
2026-09-10 15:45:14 | INFO | bdc.receita | [582/2903] CNPJ 77116770000129 -> CACHE (ATIVA)
2026-09-10 15:45:14 | INFO | bdc.receita | [583/2903] CNPJ 22555275000124 -> CACHE (ATIVA)
2026-09-10 15:45:14 | INFO | bdc.receita | [584/2903] CNPJ 47055959000198 -> CACHE (ATIVA)
2026-09-10 15:45:14 | INFO | bdc.receita | [585/2903] CNPJ 03346298000346 -> CACHE (ATIVA)
2026-09-10 15:45:14 | INFO | bdc.receita | [586/2903] CNPJ 44355306000136 -> CACHE (ATIVA)
2026-09-10 15:45:14 | INFO | bdc.receita | [587/2903] CNPJ 43204350000182 -> CACHE (ATIVA)
2026-09-10 15:45:14 | INFO | bdc.receita | [588/2903] CNPJ 07116586000101 -> CACHE (ATIVA)
2026-09-10 15:45:14 | INFO | bdc.receita | [589/2903] CNPJ 64762107000150 -> CACHE (ATIVA)
2026-09-10 15:45:14 | INFO | bdc.receita | [590/2903] CNPJ 78969466000197 -> CACHE (ATIVA)
2026-09-10 15:45:14 | INFO | bdc.receita | [591/2903] CNPJ 08175053000155 -> CACHE (ATIVA)
2026-09-10 15:45:14 | INFO | bdc.receita | [592/2903] CNPJ 07790200000134 -> CACHE (ATIVA)
2026-09-10 15:45:14 | INFO | bdc.receita | [593/2903] CNPJ 07086487000116 -> CACHE (ATIVA)
2026-09-10 15:45:14 | INFO | bdc.receita | [594/2903] CNPJ 03509978000171 -> CACHE (ATIVA)
2026-09-10 15:45:14 | INFO | bdc.receita | [595/2903] CNPJ 06968935000142 -> CACHE (ATIVA)
2026-09-10 15:45:14 | INFO | bdc.receita | [596/2903] CNPJ 80929532000147 -> CACHE (ATIVA)
2026-09-10 15:45:14 | INFO | bdc.receita | [597/2903] CNPJ 82381815000807 -> CACHE (ATIVA)
2026-09-10 15:45:14 | INFO | bdc.receita | [598/2903] CNPJ 04031026000158 -> CACHE (ATIVA)
2026-09-10 15:45:14 | INFO | bdc.receita | [599/2903] CNPJ 32267722000284 -> CACHE (ATIVA)
2026-09-10 15:45:14 | INFO | bdc.receita | [600/2903] CNPJ 36704785000120 -> CACHE (ATIVA)
2026-09-10 15:45:14 | INFO | bdc.receita | [601/2903] CNPJ 77968980000145 -> CACHE (ATIVA)
2026-09-10 15:45:14 | INFO | bdc.receita | [602/2903] CNPJ 84148485000155 -> CACHE (ATIVA)
2026-09-10 15:45:14 | INFO | bdc.receita | [603/2903] CNPJ 13711686000170 -> CACHE (ATIVA)
2026-09-10 15:45:14 | INFO | bdc.receita | [604/2903] CNPJ 35874343000160 -> CACHE (ATIVA)
2026-09-10 15:45:14 | INFO | bdc.receita | [605/2903] CNPJ 91982496000100 -> CACHE (ATIVA)
2026-09-10 15:45:14 | INFO | bdc.receita | [606/2903] CNPJ 11482752000152 -> CACHE (ATIVA)
2026-09-10 15:45:14 | INFO | bdc.receita | [607/2903] CNPJ 16367850000162 -> CACHE (ATIVA)
2026-09-10 15:45:14 | INFO | bdc.receita | [608/2903] CNPJ 39953546000100 -> CACHE (ATIVA)
2026-09-10 15:45:14 | INFO | bdc.receita | [609/2903] CNPJ 01618722000177 -> CACHE (ATIVA)
2026-09-10 15:45:14 | INFO | bdc.receita | [610/2903] CNPJ 07082088000187 -> CACHE (ATIVA)
2026-09-10 15:45:14 | INFO | bdc.receita | [611/2903] CNPJ 50475875000118 -> CACHE (ATIVA)
2026-09-10 15:45:14 | INFO | bdc.receita | [612/2903] CNPJ 16701716003686 -> CACHE (ATIVA)
2026-09-10 15:45:14 | INFO | bdc.receita | [613/2903] CNPJ 45866316000107 -> CACHE (ATIVA)
2026-09-10 15:45:14 | INFO | bdc.receita | [614/2903] CNPJ 05147464000149 -> CACHE (ATIVA)
2026-09-10 15:45:14 | INFO | bdc.receita | [615/2903] CNPJ 43993591000409 -> CACHE (ATIVA)
2026-09-10 15:45:14 | INFO | bdc.receita | [616/2903] CNPJ 19674909000153 -> CACHE (ATIVA)
2026-09-10 15:45:14 | INFO | bdc.receita | [617/2903] CNPJ 88418686000186 -> CACHE (ATIVA)
2026-09-10 15:45:14 | INFO | bdc.receita | [618/2903] CNPJ 05387332000194 -> CACHE (ATIVA)
2026-09-10 15:45:14 | INFO | bdc.receita | [619/2903] CNPJ 75904383000121 -> CACHE (ATIVA)
2026-09-10 15:45:14 | INFO | bdc.receita | [620/2903] CNPJ 47725835000172 -> CACHE (ATIVA)
2026-09-10 15:45:14 | INFO | bdc.receita | [621/2903] CNPJ 05053020000144 -> CACHE (ATIVA)
2026-09-10 15:45:14 | INFO | bdc.receita | [622/2903] CNPJ 74175159000264 -> CACHE (ATIVA)
2026-09-10 15:45:14 | INFO | bdc.receita | [623/2903] CNPJ 92156777000168 -> CACHE (ATIVA)
2026-09-10 15:45:14 | INFO | bdc.receita | [624/2903] CNPJ 03084476000146 -> CACHE (ATIVA)
2026-09-10 15:45:14 | INFO | bdc.receita | [625/2903] CNPJ 03156784000130 -> CACHE (ATIVA)
2026-09-10 15:45:14 | INFO | bdc.receita | [626/2903] CNPJ 59247502000164 -> CACHE (ATIVA)
2026-09-10 15:45:14 | INFO | bdc.receita | [627/2903] CNPJ 09625739000163 -> CACHE (ATIVA)
2026-09-10 15:45:14 | INFO | bdc.receita | [628/2903] CNPJ 01405269000110 -> CACHE (ATIVA)
2026-09-10 15:45:14 | INFO | bdc.receita | [629/2903] CNPJ 07695023000107 -> CACHE (ATIVA)
2026-09-10 15:45:14 | INFO | bdc.receita | [630/2903] CNPJ 00464830000684 -> CACHE (ATIVA)
2026-09-10 15:45:14 | INFO | bdc.receita | [631/2903] CNPJ 12937489000101 -> CACHE (ATIVA)
2026-09-10 15:45:14 | INFO | bdc.receita | [632/2903] CNPJ 05408610000142 -> CACHE (ATIVA)
2026-09-10 15:45:14 | INFO | bdc.receita | [633/2903] CNPJ 46025722000100 -> CACHE (ATIVA)
2026-09-10 15:45:14 | INFO | bdc.receita | [634/2903] CNPJ 03859809000161 -> CACHE (ATIVA)
2026-09-10 15:45:14 | INFO | bdc.receita | [635/2903] CNPJ 03250204000179 -> CACHE (ATIVA)
2026-09-10 15:45:14 | INFO | bdc.receita | [636/2903] CNPJ 20641255000140 -> CACHE (ATIVA)
2026-09-10 15:45:14 | INFO | bdc.receita | [637/2903] CNPJ 03119889000119 -> CACHE (ATIVA)
2026-09-10 15:45:14 | INFO | bdc.receita | [638/2903] CNPJ 03157268000120 -> CACHE (ATIVA)
2026-09-10 15:45:14 | INFO | bdc.receita | [639/2903] CNPJ 67051136000363 -> CACHE (ATIVA)
2026-09-10 15:45:14 | INFO | bdc.receita | [640/2903] CNPJ 29302357000297 -> CACHE (ATIVA)
2026-09-10 15:45:14 | INFO | bdc.receita | [641/2903] CNPJ 04592014000100 -> CACHE (ATIVA)
2026-09-10 15:45:14 | INFO | bdc.receita | [642/2903] CNPJ 05876349000105 -> CACHE (ATIVA)
2026-09-10 15:45:14 | INFO | bdc.receita | [643/2903] CNPJ 45321225000269 -> CACHE (ATIVA)
2026-09-10 15:45:14 | INFO | bdc.receita | [644/2903] CNPJ 32965868000112 -> CACHE (ATIVA)
2026-09-10 15:45:14 | INFO | bdc.receita | [645/2903] CNPJ 16804519000162 -> CACHE (ATIVA)
2026-09-10 15:45:14 | INFO | bdc.receita | [646/2903] CNPJ 78141926000194 -> CACHE (ATIVA)
2026-09-10 15:45:14 | INFO | bdc.receita | [647/2903] CNPJ 34573948000158 -> CACHE (ATIVA)
2026-09-10 15:45:14 | INFO | bdc.receita | [648/2903] CNPJ 41174976000168 -> CACHE (ATIVA)
2026-09-10 15:45:14 | INFO | bdc.receita | [649/2903] CNPJ 80730054000141 -> CACHE (ATIVA)
2026-09-10 15:45:14 | INFO | bdc.receita | [650/2903] CNPJ 62258884000136 -> CACHE (ATIVA)
2026-09-10 15:45:14 | INFO | bdc.receita | [651/2903] CNPJ 02497408000146 -> CACHE (ATIVA)
2026-09-10 15:45:14 | INFO | bdc.receita | [652/2903] CNPJ 10902008000105 -> CACHE (ATIVA)
2026-09-10 15:45:14 | INFO | bdc.receita | [653/2903] CNPJ 04755710000182 -> CACHE (ATIVA)
2026-09-10 15:45:14 | INFO | bdc.receita | [654/2903] CNPJ 78958717001614 -> CACHE (ATIVA)
2026-09-10 15:45:14 | INFO | bdc.receita | [655/2903] CNPJ 02476067000122 -> CACHE (ATIVA)
2026-09-10 15:45:14 | INFO | bdc.receita | [656/2903] CNPJ 00890837000153 -> CACHE (ATIVA)
2026-09-10 15:45:14 | INFO | bdc.receita | [657/2903] CNPJ 05440065000171 -> CACHE (ATIVA)
2026-09-10 15:45:14 | INFO | bdc.receita | [658/2903] CNPJ 12987182000115 -> CACHE (ATIVA)
2026-09-10 15:45:14 | INFO | bdc.receita | [659/2903] CNPJ 00573283000160 -> CACHE (ATIVA)
2026-09-10 15:45:14 | INFO | bdc.receita | [660/2903] CNPJ 84709955000102 -> CACHE (ATIVA)
2026-09-10 15:45:14 | INFO | bdc.receita | [661/2903] CNPJ 92030543000170 -> CACHE (ATIVA)
2026-09-10 15:45:14 | INFO | bdc.receita | [662/2903] CNPJ 00508070000155 -> CACHE (ATIVA)
2026-09-10 15:45:14 | INFO | bdc.receita | [663/2903] CNPJ 93586303000119 -> CACHE (ATIVA)
2026-09-10 15:45:14 | INFO | bdc.receita | [664/2903] CNPJ 48256824000153 -> CACHE (ATIVA)
2026-09-10 15:45:14 | INFO | bdc.receita | [665/2903] CNPJ 12723384000150 -> CACHE (ATIVA)
2026-09-10 15:45:14 | INFO | bdc.receita | [666/2903] CNPJ 29302357000106 -> CACHE (ATIVA)
2026-09-10 15:45:14 | INFO | bdc.receita | [667/2903] CNPJ 04885413000151 -> CACHE (ATIVA)
2026-09-10 15:45:14 | INFO | bdc.receita | [668/2903] CNPJ 75635144000113 -> CACHE (ATIVA)
2026-09-10 15:45:14 | INFO | bdc.receita | [669/2903] CNPJ 76013440000145 -> CACHE (ATIVA)
2026-09-10 15:45:14 | INFO | bdc.receita | [670/2903] CNPJ 82270281000167 -> CACHE (ATIVA)
2026-09-10 15:45:14 | INFO | bdc.receita | [671/2903] CNPJ 83177170000173 -> CACHE (ATIVA)
2026-09-10 15:45:14 | INFO | bdc.receita | [672/2903] CNPJ 97837181001895 -> CACHE (ATIVA)
2026-09-10 15:45:14 | INFO | bdc.receita | [673/2903] CNPJ 06138324000177 -> CACHE (ATIVA)
2026-09-10 15:45:14 | INFO | bdc.receita | [674/2903] CNPJ 45420726000111 -> CACHE (ATIVA)
2026-09-10 15:45:14 | INFO | bdc.receita | [675/2903] CNPJ 08842785000151 -> CACHE (ATIVA)
2026-09-10 15:45:14 | INFO | bdc.receita | [676/2903] CNPJ 42355428000105 -> CACHE (ATIVA)
2026-09-10 15:45:14 | INFO | bdc.receita | [677/2903] CNPJ 56431364000776 -> CACHE (ATIVA)
2026-09-10 15:45:14 | INFO | bdc.receita | [678/2903] CNPJ 02691745000170 -> CACHE (ATIVA)
2026-09-10 15:45:14 | INFO | bdc.receita | [679/2903] CNPJ 02290277000121 -> CACHE (ATIVA)
2026-09-10 15:45:14 | INFO | bdc.receita | [680/2903] CNPJ 42599019000308 -> CACHE (ATIVA)
2026-09-10 15:45:14 | INFO | bdc.receita | [681/2903] CNPJ 03121295000142 -> CACHE (ATIVA)
2026-09-10 15:45:14 | INFO | bdc.receita | [682/2903] CNPJ 53031654000149 -> CACHE (ATIVA)
2026-09-10 15:45:14 | INFO | bdc.receita | [683/2903] CNPJ 05034587000173 -> CACHE (ATIVA)
2026-09-10 15:45:14 | INFO | bdc.receita | [684/2903] CNPJ 79763884000196 -> CACHE (ATIVA)
2026-09-10 15:45:14 | INFO | bdc.receita | [685/2903] CNPJ 26940979000171 -> CACHE (ATIVA)
2026-09-10 15:45:14 | INFO | bdc.receita | [686/2903] CNPJ 03304180000193 -> CACHE (ATIVA)
2026-09-10 15:45:14 | INFO | bdc.receita | [687/2903] CNPJ 07358761000169 -> CACHE (ATIVA)
2026-09-10 15:45:14 | INFO | bdc.receita | [688/2903] CNPJ 85090033000122 -> CACHE (ATIVA)
2026-09-10 15:45:14 | INFO | bdc.receita | [689/2903] CNPJ 04995392000127 -> CACHE (ATIVA)
2026-09-10 15:45:14 | INFO | bdc.receita | [690/2903] CNPJ 82183716000136 -> CACHE (ATIVA)
2026-09-10 15:45:14 | INFO | bdc.receita | [691/2903] CNPJ 03913786000126 -> CACHE (ATIVA)
2026-09-10 15:45:14 | INFO | bdc.receita | [692/2903] CNPJ 87215281000188 -> CACHE (ATIVA)
2026-09-10 15:45:14 | INFO | bdc.receita | [693/2903] CNPJ 78956968001740 -> CACHE (ATIVA)
2026-09-10 15:45:14 | INFO | bdc.receita | [694/2903] CNPJ 27515154002035 -> CACHE (ATIVA)
2026-09-10 15:45:14 | INFO | bdc.receita | [695/2903] CNPJ 07647780000105 -> CACHE (ATIVA)
2026-09-10 15:45:14 | INFO | bdc.receita | [696/2903] CNPJ 00350242000105 -> CACHE (ATIVA)
2026-09-10 15:45:14 | INFO | bdc.receita | [697/2903] CNPJ 05461328000129 -> CACHE (ATIVA)
2026-09-10 15:45:14 | INFO | bdc.receita | [698/2903] CNPJ 04011349000180 -> CACHE (ATIVA)
2026-09-10 15:45:14 | INFO | bdc.receita | [699/2903] CNPJ 76093731000190 -> CACHE (ATIVA)
2026-09-10 15:45:14 | INFO | bdc.receita | [700/2903] CNPJ 79863569005876 -> CACHE (ATIVA)
2026-09-10 15:45:14 | INFO | bdc.receita | [701/2903] CNPJ 07516961000100 -> CACHE (ATIVA)
2026-09-10 15:45:14 | INFO | bdc.receita | [702/2903] CNPJ 60665981000118 -> CACHE (ATIVA)
2026-09-10 15:45:14 | INFO | bdc.receita | [703/2903] CNPJ 20593206000180 -> CACHE (ATIVA)
2026-09-10 15:45:14 | INFO | bdc.receita | [704/2903] CNPJ 76695923000177 -> CACHE (ATIVA)
2026-09-10 15:45:14 | INFO | bdc.receita | [705/2903] CNPJ 48344725000719 -> CACHE (ATIVA)
2026-09-10 15:45:14 | INFO | bdc.receita | [706/2903] CNPJ 33611500000119 -> CACHE (ATIVA)
2026-09-10 15:45:14 | INFO | bdc.receita | [707/2903] CNPJ 02274937000180 -> CACHE (ATIVA)
2026-09-10 15:45:14 | INFO | bdc.receita | [708/2903] CNPJ 21819182000105 -> CACHE (ATIVA)
2026-09-10 15:45:14 | INFO | bdc.receita | [709/2903] CNPJ 55773964000164 -> CACHE (ATIVA)
2026-09-10 15:45:14 | INFO | bdc.receita | [710/2903] CNPJ 32312466000119 -> CACHE (ATIVA)
2026-09-10 15:45:14 | INFO | bdc.receita | [711/2903] CNPJ 01198813000109 -> CACHE (ATIVA)
2026-09-10 15:45:14 | INFO | bdc.receita | [712/2903] CNPJ 96203393000100 -> CACHE (ATIVA)
2026-09-10 15:45:14 | INFO | bdc.receita | [713/2903] CNPJ 04183032000120 -> CACHE (ATIVA)
2026-09-10 15:45:14 | INFO | bdc.receita | [714/2903] CNPJ 82641606000170 -> CACHE (ATIVA)
2026-09-10 15:45:14 | INFO | bdc.receita | [715/2903] CNPJ 37028928000194 -> CACHE (ATIVA)
2026-09-10 15:45:14 | INFO | bdc.receita | [716/2903] CNPJ 59283671000150 -> CACHE (ATIVA)
2026-09-10 15:45:14 | INFO | bdc.receita | [717/2903] CNPJ 29000095000125 -> CACHE (ATIVA)
2026-09-10 15:45:14 | INFO | bdc.receita | [718/2903] CNPJ 84151000000182 -> CACHE (ATIVA)
2026-09-10 15:45:14 | INFO | bdc.receita | [719/2903] CNPJ 56384183000140 -> CACHE (ATIVA)
2026-09-10 15:45:14 | INFO | bdc.receita | [720/2903] CNPJ 02679497000141 -> CACHE (ATIVA)
2026-09-10 15:45:14 | INFO | bdc.receita | [721/2903] CNPJ 79416459000120 -> CACHE (ATIVA)
2026-09-10 15:45:14 | INFO | bdc.receita | [722/2903] CNPJ 40263170000183 -> CACHE (ATIVA)
2026-09-10 15:45:14 | INFO | bdc.receita | [723/2903] CNPJ 06022455000194 -> CACHE (ATIVA)
2026-09-10 15:45:14 | INFO | bdc.receita | [724/2903] CNPJ 07227026000116 -> CACHE (ATIVA)
2026-09-10 15:45:14 | INFO | bdc.receita | [725/2903] CNPJ 47988423000125 -> CACHE (ATIVA)
2026-09-10 15:45:14 | INFO | bdc.receita | [726/2903] CNPJ 17531314000113 -> CACHE (ATIVA)
2026-09-10 15:45:14 | INFO | bdc.receita | [727/2903] CNPJ 02964931000135 -> CACHE (ATIVA)
2026-09-10 15:45:14 | INFO | bdc.receita | [728/2903] CNPJ 50729198000117 -> CACHE (ATIVA)
2026-09-10 15:45:14 | INFO | bdc.receita | [729/2903] CNPJ 29142202000150 -> CACHE (ATIVA)
2026-09-10 15:45:14 | INFO | bdc.receita | [730/2903] CNPJ 07599090000128 -> CACHE (ATIVA)
2026-09-10 15:45:14 | INFO | bdc.receita | [731/2903] CNPJ 07168823000170 -> CACHE (ATIVA)
2026-09-10 15:45:14 | INFO | bdc.receita | [732/2903] CNPJ 97549778000196 -> CACHE (ATIVA)
2026-09-10 15:45:14 | INFO | bdc.receita | [733/2903] CNPJ 40283901000152 -> CACHE (ATIVA)
2026-09-10 15:45:14 | INFO | bdc.receita | [734/2903] CNPJ 06022455000860 -> CACHE (ATIVA)
2026-09-10 15:45:14 | INFO | bdc.receita | [735/2903] CNPJ 26608960000122 -> CACHE (ATIVA)
2026-09-10 15:45:14 | INFO | bdc.receita | [736/2903] CNPJ 17115437000173 -> CACHE (ATIVA)
2026-09-10 15:45:14 | INFO | bdc.receita | [737/2903] CNPJ 08297366000186 -> CACHE (BAIXADA)
2026-09-10 15:45:14 | INFO | bdc.receita | [738/2903] CNPJ 15568388000107 -> CACHE (ATIVA)
2026-09-10 15:45:14 | INFO | bdc.receita | [739/2903] CNPJ 86046414000177 -> CACHE (ATIVA)
2026-09-10 15:45:14 | INFO | bdc.receita | [740/2903] CNPJ 33051624000197 -> CACHE (ATIVA)
2026-09-10 15:45:14 | INFO | bdc.receita | [741/2903] CNPJ 31932088000103 -> CACHE (ATIVA)
2026-09-10 15:45:14 | INFO | bdc.receita | [742/2903] CNPJ 20283842001187 -> CACHE (ATIVA)
2026-09-10 15:45:14 | INFO | bdc.receita | [743/2903] CNPJ 02476790000101 -> CACHE (ATIVA)
2026-09-10 15:45:14 | INFO | bdc.receita | [744/2903] CNPJ 59650366000400 -> CACHE (ATIVA)
2026-09-10 15:45:14 | INFO | bdc.receita | [745/2903] CNPJ 05321226000108 -> CACHE (ATIVA)
2026-09-10 15:45:14 | INFO | bdc.receita | [746/2903] CNPJ 82382458000117 -> CACHE (ATIVA)
2026-09-10 15:45:14 | INFO | bdc.receita | [747/2903] CNPJ 13861424000192 -> CACHE (ATIVA)
2026-09-10 15:45:14 | INFO | bdc.receita | [748/2903] CNPJ 01442702000198 -> CACHE (ATIVA)
2026-09-10 15:45:14 | INFO | bdc.receita | [749/2903] CNPJ 04100556000100 -> CACHE (ATIVA)
2026-09-10 15:45:14 | INFO | bdc.receita | [750/2903] CNPJ 03852515000108 -> CACHE (ATIVA)
2026-09-10 15:45:14 | INFO | bdc.receita | [751/2903] CNPJ 14049467000130 -> CACHE (ATIVA)
2026-09-10 15:45:14 | INFO | bdc.receita | [752/2903] CNPJ 75655720000194 -> CACHE (ATIVA)
2026-09-10 15:45:14 | INFO | bdc.receita | [753/2903] CNPJ 45542453000188 -> CACHE (ATIVA)
2026-09-10 15:45:14 | INFO | bdc.receita | [754/2903] CNPJ 12945474000195 -> CACHE (ATIVA)
2026-09-10 15:45:14 | INFO | bdc.receita | [755/2903] CNPJ 33016338001405 -> CACHE (ATIVA)
2026-09-10 15:45:14 | INFO | bdc.receita | [756/2903] CNPJ 03990431000130 -> CACHE (ATIVA)
2026-09-10 15:45:14 | INFO | bdc.receita | [757/2903] CNPJ 64080021000147 -> CACHE (ATIVA)
2026-09-10 15:45:14 | INFO | bdc.receita | [758/2903] CNPJ 10274782000100 -> CACHE (ATIVA)
2026-09-10 15:45:14 | INFO | bdc.receita | [759/2903] CNPJ 00863529000139 -> CACHE (ATIVA)
2026-09-10 15:45:14 | INFO | bdc.receita | [760/2903] CNPJ 07094315000194 -> CACHE (ATIVA)
2026-09-10 15:45:14 | INFO | bdc.receita | [761/2903] CNPJ 02561851000139 -> CACHE (ATIVA)
2026-09-10 15:45:14 | INFO | bdc.receita | [762/2903] CNPJ 11032345000143 -> CACHE (ATIVA)
2026-09-10 15:45:14 | INFO | bdc.receita | [763/2903] CNPJ 14011603000101 -> CACHE (ATIVA)
2026-09-10 15:45:14 | INFO | bdc.receita | [764/2903] CNPJ 01797504000147 -> CACHE (ATIVA)
2026-09-10 15:45:14 | INFO | bdc.receita | [765/2903] CNPJ 08775142000132 -> CACHE (ATIVA)
2026-09-10 15:45:14 | INFO | bdc.receita | [766/2903] CNPJ 41808680000151 -> CACHE (ATIVA)
2026-09-10 15:45:14 | INFO | bdc.receita | [767/2903] CNPJ 53350047000141 -> CACHE (ATIVA)
2026-09-10 15:45:14 | INFO | bdc.receita | [768/2903] CNPJ 03927907000199 -> CACHE (ATIVA)
2026-09-10 15:45:14 | INFO | bdc.receita | [769/2903] CNPJ 73056731000122 -> CACHE (ATIVA)
2026-09-10 15:45:14 | INFO | bdc.receita | [770/2903] CNPJ 77917680005104 -> CACHE (ATIVA)
2026-09-10 15:45:14 | INFO | bdc.receita | [771/2903] CNPJ 03726229000104 -> CACHE (ATIVA)
2026-09-10 15:45:14 | INFO | bdc.receita | [772/2903] CNPJ 54252354000152 -> CACHE (ATIVA)
2026-09-10 15:45:14 | INFO | bdc.receita | [773/2903] CNPJ 43619832001760 -> CACHE (ATIVA)
2026-09-10 15:45:14 | INFO | bdc.receita | [774/2903] CNPJ 11001107000170 -> CACHE (ATIVA)
2026-09-10 15:45:14 | INFO | bdc.receita | [775/2903] CNPJ 14614080000180 -> CACHE (ATIVA)
2026-09-10 15:45:14 | INFO | bdc.receita | [776/2903] CNPJ 62125836000170 -> CACHE (ATIVA)
2026-09-10 15:45:14 | INFO | bdc.receita | [777/2903] CNPJ 73847782000172 -> CACHE (ATIVA)
2026-09-10 15:45:14 | INFO | bdc.receita | [778/2903] CNPJ 49211717000171 -> CACHE (ATIVA)
2026-09-10 15:45:14 | INFO | bdc.receita | [779/2903] CNPJ 83305235000119 -> CACHE (ATIVA)
2026-09-10 15:45:14 | INFO | bdc.receita | [780/2903] CNPJ 05251919000171 -> CACHE (ATIVA)
2026-09-10 15:45:14 | INFO | bdc.receita | [781/2903] CNPJ 07505279000104 -> CACHE (ATIVA)
2026-09-10 15:45:14 | INFO | bdc.receita | [782/2903] CNPJ 08666285000106 -> CACHE (ATIVA)
2026-09-10 15:45:14 | INFO | bdc.receita | [783/2903] CNPJ 03383496000118 -> CACHE (ATIVA)
2026-09-10 15:45:14 | INFO | bdc.receita | [784/2903] CNPJ 61093001000112 -> CACHE (ATIVA)
2026-09-10 15:45:14 | INFO | bdc.receita | [785/2903] CNPJ 39702834000184 -> CACHE (ATIVA)
2026-09-10 15:45:14 | INFO | bdc.receita | [786/2903] CNPJ 80844269000193 -> CACHE (ATIVA)
2026-09-10 15:45:14 | INFO | bdc.receita | [787/2903] CNPJ 76189406000126 -> CACHE (ATIVA)
2026-09-10 15:45:14 | INFO | bdc.receita | [788/2903] CNPJ 09095183000140 -> CACHE (ATIVA)
2026-09-10 15:45:14 | INFO | bdc.receita | [789/2903] CNPJ 86375078000106 -> CACHE (ATIVA)
2026-09-10 15:45:14 | INFO | bdc.receita | [790/2903] CNPJ 76657030000137 -> CACHE (ATIVA)
2026-09-10 15:45:14 | INFO | bdc.receita | [791/2903] CNPJ 46373655000106 -> CACHE (ATIVA)
2026-09-10 15:45:14 | INFO | bdc.receita | [792/2903] CNPJ 97201362002550 -> CACHE (ATIVA)
2026-09-10 15:45:14 | INFO | bdc.receita | [793/2903] CNPJ 12458962000178 -> CACHE (ATIVA)
2026-09-10 15:45:14 | INFO | bdc.receita | [794/2903] CNPJ 01912239000109 -> CACHE (ATIVA)
2026-09-10 15:45:14 | INFO | bdc.receita | [795/2903] CNPJ 01551272000142 -> CACHE (ATIVA)
2026-09-10 15:45:14 | INFO | bdc.receita | [796/2903] CNPJ 31264770000175 -> CACHE (ATIVA)
2026-09-10 15:45:14 | INFO | bdc.receita | [797/2903] CNPJ 72182777000125 -> CACHE (ATIVA)
2026-09-10 15:45:14 | INFO | bdc.receita | [798/2903] CNPJ 65882680000160 -> CACHE (ATIVA)
2026-09-10 15:45:14 | INFO | bdc.receita | [799/2903] CNPJ 05509738000100 -> CACHE (ATIVA)
2026-09-10 15:45:14 | INFO | bdc.receita | [800/2903] CNPJ 09225584000178 -> CACHE (ATIVA)
2026-09-10 15:45:14 | INFO | bdc.receita | [801/2903] CNPJ 22690869000148 -> CACHE (ATIVA)
2026-09-10 15:45:14 | INFO | bdc.receita | [802/2903] CNPJ 29507214000130 -> CACHE (ATIVA)
2026-09-10 15:45:14 | INFO | bdc.receita | [803/2903] CNPJ 90848052000105 -> CACHE (ATIVA)
2026-09-10 15:45:14 | INFO | bdc.receita | [804/2903] CNPJ 61252540000157 -> CACHE (ATIVA)
2026-09-10 15:45:14 | INFO | bdc.receita | [805/2903] CNPJ 18328118000109 -> CACHE (ATIVA)
2026-09-10 15:45:14 | INFO | bdc.receita | [806/2903] CNPJ 30058920000121 -> CACHE (ATIVA)
2026-09-10 15:45:14 | INFO | bdc.receita | [807/2903] CNPJ 06053093000107 -> CACHE (ATIVA)
2026-09-10 15:45:14 | INFO | bdc.receita | [808/2903] CNPJ 89637490000145 -> CACHE (ATIVA)
2026-09-10 15:45:14 | INFO | bdc.receita | [809/2903] CNPJ 00993264000193 -> CACHE (ATIVA)
2026-09-10 15:45:14 | INFO | bdc.receita | [810/2903] CNPJ 35984409000174 -> CACHE (ATIVA)
2026-09-10 15:45:14 | INFO | bdc.receita | [811/2903] CNPJ 04176249000103 -> CACHE (ATIVA)
2026-09-10 15:45:14 | INFO | bdc.receita | [812/2903] CNPJ 41513132000102 -> CACHE (ATIVA)
2026-09-10 15:45:14 | INFO | bdc.receita | [813/2903] CNPJ 52311289000163 -> CACHE (ATIVA)
2026-09-10 15:45:14 | INFO | bdc.receita | [814/2903] CNPJ 11279026000137 -> CACHE (ATIVA)
2026-09-10 15:45:14 | INFO | bdc.receita | [815/2903] CNPJ 12802855000115 -> CACHE (ATIVA)
2026-09-10 15:45:14 | INFO | bdc.receita | [816/2903] CNPJ 29953203000184 -> CACHE (ATIVA)
2026-09-10 15:45:14 | INFO | bdc.receita | [817/2903] CNPJ 82423310000183 -> CACHE (ATIVA)
2026-09-10 15:45:14 | INFO | bdc.receita | [818/2903] CNPJ 05624109000113 -> CACHE (ATIVA)
2026-09-10 15:45:14 | INFO | bdc.receita | [819/2903] CNPJ 57417453000135 -> CACHE (ATIVA)
2026-09-10 15:45:14 | INFO | bdc.receita | [820/2903] CNPJ 34847870000112 -> CACHE (ATIVA)
2026-09-10 15:45:14 | INFO | bdc.receita | [821/2903] CNPJ 61036141000310 -> CACHE (ATIVA)
2026-09-10 15:45:14 | INFO | bdc.receita | [822/2903] CNPJ 16933590000145 -> CACHE (ATIVA)
2026-09-10 15:45:14 | INFO | bdc.receita | [823/2903] CNPJ 03505376000146 -> CACHE (ATIVA)
2026-09-10 15:45:14 | INFO | bdc.receita | [824/2903] CNPJ 77118131000100 -> CACHE (ATIVA)
2026-09-10 15:45:14 | INFO | bdc.receita | [825/2903] CNPJ 04626152000155 -> CACHE (ATIVA)
2026-09-10 15:45:14 | INFO | bdc.receita | [826/2903] CNPJ 17386017000121 -> CACHE (ATIVA)
2026-09-10 15:45:14 | INFO | bdc.receita | [827/2903] CNPJ 66693326000150 -> CACHE (ATIVA)
2026-09-10 15:45:14 | INFO | bdc.receita | [828/2903] CNPJ 22587687000146 -> CACHE (ATIVA)
2026-09-10 15:45:14 | INFO | bdc.receita | [829/2903] CNPJ 05054671000159 -> CACHE (ATIVA)
2026-09-10 15:45:14 | INFO | bdc.receita | [830/2903] CNPJ 07028528000118 -> CACHE (ATIVA)
2026-09-10 15:45:14 | INFO | bdc.receita | [831/2903] CNPJ 27657485000147 -> CACHE (ATIVA)
2026-09-10 15:45:14 | INFO | bdc.receita | [832/2903] CNPJ 00721056000216 -> CACHE (ATIVA)
2026-09-10 15:45:14 | INFO | bdc.receita | [833/2903] CNPJ 02302100000106 -> CACHE (ATIVA)
2026-09-10 15:45:14 | INFO | bdc.receita | [834/2903] CNPJ 00262371000575 -> CACHE (ATIVA)
2026-09-10 15:45:14 | INFO | bdc.receita | [835/2903] CNPJ 77975654000165 -> CACHE (ATIVA)
2026-09-10 15:45:14 | INFO | bdc.receita | [836/2903] CNPJ 52326527000104 -> CACHE (ATIVA)
2026-09-10 15:45:14 | INFO | bdc.receita | [837/2903] CNPJ 73973059000130 -> CACHE (ATIVA)
2026-09-10 15:45:14 | INFO | bdc.receita | [838/2903] CNPJ 03816532000190 -> CACHE (ATIVA)
2026-09-10 15:45:14 | INFO | bdc.receita | [839/2903] CNPJ 77728988000134 -> CACHE (ATIVA)
2026-09-10 15:45:14 | INFO | bdc.receita | [840/2903] CNPJ 35859036000100 -> CACHE (ATIVA)
2026-09-10 15:45:14 | INFO | bdc.receita | [841/2903] CNPJ 78712288000114 -> CACHE (ATIVA)
2026-09-10 15:45:14 | INFO | bdc.receita | [842/2903] CNPJ 08709009000188 -> CACHE (ATIVA)
2026-09-10 15:45:14 | INFO | bdc.receita | [843/2903] CNPJ 08740765000170 -> CACHE (ATIVA)
2026-09-10 15:45:14 | INFO | bdc.receita | [844/2903] CNPJ 41052420000107 -> CACHE (ATIVA)
2026-09-10 15:45:14 | INFO | bdc.receita | [845/2903] CNPJ 78095023000114 -> CACHE (ATIVA)
2026-09-10 15:45:14 | INFO | bdc.receita | [846/2903] CNPJ 03961189000177 -> CACHE (ATIVA)
2026-09-10 15:45:14 | INFO | bdc.receita | [847/2903] CNPJ 08968756000130 -> CACHE (ATIVA)
2026-09-10 15:45:14 | INFO | bdc.receita | [848/2903] CNPJ 75048165000132 -> CACHE (ATIVA)
2026-09-10 15:45:14 | INFO | bdc.receita | [849/2903] CNPJ 04182987000163 -> CACHE (ATIVA)
2026-09-10 15:45:14 | INFO | bdc.receita | [850/2903] CNPJ 56720287000189 -> CACHE (ATIVA)
2026-09-10 15:45:14 | INFO | bdc.receita | [851/2903] CNPJ 30983948000175 -> CACHE (ATIVA)
2026-09-10 15:45:14 | INFO | bdc.receita | [852/2903] CNPJ 04854278000187 -> CACHE (ATIVA)
2026-09-10 15:45:14 | INFO | bdc.receita | [853/2903] CNPJ 05677470000108 -> CACHE (ATIVA)
2026-09-10 15:45:14 | INFO | bdc.receita | [854/2903] CNPJ 20432216000133 -> CACHE (ATIVA)
2026-09-10 15:45:14 | INFO | bdc.receita | [855/2903] CNPJ 06010210000147 -> CACHE (ATIVA)
2026-09-10 15:45:14 | INFO | bdc.receita | [856/2903] CNPJ 81716144001546 -> CACHE (ATIVA)
2026-09-10 15:45:14 | INFO | bdc.receita | [857/2903] CNPJ 90260985000691 -> CACHE (ATIVA)
2026-09-10 15:45:14 | INFO | bdc.receita | [858/2903] CNPJ 17040615000144 -> CACHE (ATIVA)
2026-09-10 15:45:14 | INFO | bdc.receita | [859/2903] CNPJ 41638308000144 -> CACHE (ATIVA)
2026-09-10 15:45:14 | INFO | bdc.receita | [860/2903] CNPJ 22109465000118 -> CACHE (ATIVA)
2026-09-10 15:45:14 | INFO | bdc.receita | [861/2903] CNPJ 43776517000180 -> CACHE (ATIVA)
2026-09-10 15:45:14 | INFO | bdc.receita | [862/2903] CNPJ 04613547000466 -> CACHE (ATIVA)
2026-09-10 15:45:14 | INFO | bdc.receita | [863/2903] CNPJ 87096616000196 -> CACHE (ATIVA)
2026-09-10 15:45:14 | INFO | bdc.receita | [864/2903] CNPJ 83631051000149 -> CACHE (ATIVA)
2026-09-10 15:45:14 | INFO | bdc.receita | [865/2903] CNPJ 07662985000160 -> CACHE (ATIVA)
2026-09-10 15:45:14 | INFO | bdc.receita | [866/2903] CNPJ 16587133000146 -> CACHE (ATIVA)
2026-09-10 15:45:14 | INFO | bdc.receita | [867/2903] CNPJ 81174138000109 -> CACHE (ATIVA)
2026-09-10 15:45:14 | INFO | bdc.receita | [868/2903] CNPJ 54809502000197 -> CACHE (ATIVA)
2026-09-10 15:45:14 | INFO | bdc.receita | [869/2903] CNPJ 09652146000196 -> CACHE (ATIVA)
2026-09-10 15:45:14 | INFO | bdc.receita | [870/2903] CNPJ 19009381000360 -> CACHE (ATIVA)
2026-09-10 15:45:14 | INFO | bdc.receita | [871/2903] CNPJ 07427584000125 -> CACHE (ATIVA)
2026-09-10 15:45:14 | INFO | bdc.receita | [872/2903] CNPJ 08099955000150 -> CACHE (ATIVA)
2026-09-10 15:45:14 | INFO | bdc.receita | [873/2903] CNPJ 17838797000101 -> CACHE (ATIVA)
2026-09-10 15:45:14 | INFO | bdc.receita | [874/2903] CNPJ 02560932000114 -> CACHE (ATIVA)
2026-09-10 15:45:14 | INFO | bdc.receita | [875/2903] CNPJ 35382136000198 -> CACHE (ATIVA)
2026-09-10 15:45:14 | INFO | bdc.receita | [876/2903] CNPJ 76176643000152 -> CACHE (ATIVA)
2026-09-10 15:45:14 | INFO | bdc.receita | [877/2903] CNPJ 83053660000168 -> CACHE (ATIVA)
2026-09-10 15:45:14 | INFO | bdc.receita | [878/2903] CNPJ 08032643000129 -> CACHE (ATIVA)
2026-09-10 15:45:14 | INFO | bdc.receita | [879/2903] CNPJ 00750846000149 -> CACHE (ATIVA)
2026-09-10 15:45:14 | INFO | bdc.receita | [880/2903] CNPJ 82956160000173 -> CACHE (ATIVA)
2026-09-10 15:45:14 | INFO | bdc.receita | [881/2903] CNPJ 02995385000108 -> CACHE (ATIVA)
2026-09-10 15:45:14 | INFO | bdc.receita | [882/2903] CNPJ 78613841000161 -> CACHE (ATIVA)
2026-09-10 15:45:14 | INFO | bdc.receita | [883/2903] CNPJ 91495499000100 -> CACHE (ATIVA)
2026-09-10 15:45:14 | INFO | bdc.receita | [884/2903] CNPJ 13581313000122 -> CACHE (ATIVA)
2026-09-10 15:45:14 | INFO | bdc.receita | [885/2903] CNPJ 02335262000132 -> CACHE (ATIVA)
2026-09-10 15:45:14 | INFO | bdc.receita | [886/2903] CNPJ 02995367000118 -> CACHE (ATIVA)
2026-09-10 15:45:14 | INFO | bdc.receita | [887/2903] CNPJ 47673906000130 -> CACHE (ATIVA)
2026-09-10 15:45:14 | INFO | bdc.receita | [888/2903] CNPJ 54672449000125 -> CACHE (ATIVA)
2026-09-10 15:45:14 | INFO | bdc.receita | [889/2903] CNPJ 05667826000122 -> CACHE (ATIVA)
2026-09-10 15:45:14 | INFO | bdc.receita | [890/2903] CNPJ 01105558000102 -> CACHE (ATIVA)
2026-09-10 15:45:14 | INFO | bdc.receita | [891/2903] CNPJ 79863569000130 -> CACHE (ATIVA)
2026-09-10 15:45:14 | INFO | bdc.receita | [892/2903] CNPJ 06922415000107 -> CACHE (ATIVA)
2026-09-10 15:45:14 | INFO | bdc.receita | [893/2903] CNPJ 85462471000174 -> CACHE (ATIVA)
2026-09-10 15:45:14 | INFO | bdc.receita | [894/2903] CNPJ 10699948000130 -> CACHE (ATIVA)
2026-09-10 15:45:14 | INFO | bdc.receita | [895/2903] CNPJ 23437255000111 -> CACHE (ATIVA)
2026-09-10 15:45:14 | INFO | bdc.receita | [896/2903] CNPJ 85070068000108 -> CACHE (ATIVA)
2026-09-10 15:45:14 | INFO | bdc.receita | [897/2903] CNPJ 07685694000197 -> CACHE (ATIVA)
2026-09-10 15:45:14 | INFO | bdc.receita | [898/2903] CNPJ 32957892000452 -> CACHE (ATIVA)
2026-09-10 15:45:14 | INFO | bdc.receita | [899/2903] CNPJ 03632307000101 -> CACHE (ATIVA)
2026-09-10 15:45:14 | INFO | bdc.receita | [900/2903] CNPJ 02765561000107 -> CACHE (ATIVA)
2026-09-10 15:45:14 | INFO | bdc.receita | [901/2903] CNPJ 14483137000230 -> CACHE (ATIVA)
2026-09-10 15:45:14 | INFO | bdc.receita | [902/2903] CNPJ 02447928000225 -> CACHE (ATIVA)
2026-09-10 15:45:14 | INFO | bdc.receita | [903/2903] CNPJ 05551562000147 -> CACHE (ATIVA)
2026-09-10 15:45:14 | INFO | bdc.receita | [904/2903] CNPJ 21034389000166 -> CACHE (ATIVA)
2026-09-10 15:45:14 | INFO | bdc.receita | [905/2903] CNPJ 88612486000160 -> CACHE (ATIVA)
2026-09-10 15:45:14 | INFO | bdc.receita | [906/2903] CNPJ 02709449000159 -> CACHE (ATIVA)
2026-09-10 15:45:14 | INFO | bdc.receita | [907/2903] CNPJ 50647214000122 -> CACHE (ATIVA)
2026-09-10 15:45:14 | INFO | bdc.receita | [908/2903] CNPJ 83307926000151 -> CACHE (ATIVA)
2026-09-10 15:45:14 | INFO | bdc.receita | [909/2903] CNPJ 18972990000195 -> CACHE (ATIVA)
2026-09-10 15:45:14 | INFO | bdc.receita | [910/2903] CNPJ 57010480000431 -> CACHE (ATIVA)
2026-09-10 15:45:14 | INFO | bdc.receita | [911/2903] CNPJ 72147440000187 -> CACHE (ATIVA)
2026-09-10 15:45:14 | INFO | bdc.receita | [912/2903] CNPJ 94985421000162 -> CACHE (ATIVA)
2026-09-10 15:45:14 | INFO | bdc.receita | [913/2903] CNPJ 51399400000314 -> CACHE (ATIVA)
2026-09-10 15:45:14 | INFO | bdc.receita | [914/2903] CNPJ 78296027000160 -> CACHE (ATIVA)
2026-09-10 15:45:14 | INFO | bdc.receita | [915/2903] CNPJ 79381497000195 -> CACHE (ATIVA)
2026-09-10 15:45:14 | INFO | bdc.receita | [916/2903] CNPJ 07726782000190 -> CACHE (ATIVA)
2026-09-10 15:45:14 | INFO | bdc.receita | [917/2903] CNPJ 60394723000144 -> CACHE (ATIVA)
2026-09-10 15:45:14 | INFO | bdc.receita | [918/2903] CNPJ 24028908000171 -> CACHE (ATIVA)
2026-09-10 15:45:14 | INFO | bdc.receita | [919/2903] CNPJ 01986608000108 -> CACHE (ATIVA)
2026-09-10 15:45:14 | INFO | bdc.receita | [920/2903] CNPJ 03984862000194 -> CACHE (ATIVA)
2026-09-10 15:45:14 | INFO | bdc.receita | [921/2903] CNPJ 05771868000109 -> CACHE (ATIVA)
2026-09-10 15:45:14 | INFO | bdc.receita | [922/2903] CNPJ 51171783000107 -> CACHE (ATIVA)
2026-09-10 15:45:14 | INFO | bdc.receita | [923/2903] CNPJ 07298800000180 -> CACHE (ATIVA)
2026-09-10 15:45:14 | INFO | bdc.receita | [924/2903] CNPJ 05488253000170 -> CACHE (ATIVA)
2026-09-10 15:45:14 | INFO | bdc.receita | [925/2903] CNPJ 08446503000105 -> CACHE (ATIVA)
2026-09-10 15:45:14 | INFO | bdc.receita | [926/2903] CNPJ 46242558000184 -> CACHE (ATIVA)
2026-09-10 15:45:14 | INFO | bdc.receita | [927/2903] CNPJ 92750629000177 -> CACHE (ATIVA)
2026-09-10 15:45:14 | INFO | bdc.receita | [928/2903] CNPJ 26878725000170 -> CACHE (ATIVA)
2026-09-10 15:45:14 | INFO | bdc.receita | [929/2903] CNPJ 10828619000142 -> CACHE (ATIVA)
2026-09-10 15:45:14 | INFO | bdc.receita | [930/2903] CNPJ 13890438000134 -> CACHE (ATIVA)
2026-09-10 15:45:14 | INFO | bdc.receita | [931/2903] CNPJ 90771833000149 -> CACHE (ATIVA)
2026-09-10 15:45:14 | INFO | bdc.receita | [932/2903] CNPJ 42066811000135 -> CACHE (ATIVA)
2026-09-10 15:45:14 | INFO | bdc.receita | [933/2903] CNPJ 11517841007957 -> CACHE (ATIVA)
2026-09-10 15:45:14 | INFO | bdc.receita | [934/2903] CNPJ 05528196000105 -> CACHE (ATIVA)
2026-09-10 15:45:14 | INFO | bdc.receita | [935/2903] CNPJ 12546508000179 -> CACHE (ATIVA)
2026-09-10 15:45:14 | INFO | bdc.receita | [936/2903] CNPJ 37108388000159 -> CACHE (ATIVA)
2026-09-10 15:45:14 | INFO | bdc.receita | [937/2903] CNPJ 61064929000179 -> CACHE (ATIVA)
2026-09-10 15:45:14 | INFO | bdc.receita | [938/2903] CNPJ 28946365000203 -> CACHE (ATIVA)
2026-09-10 15:45:14 | INFO | bdc.receita | [939/2903] CNPJ 32223414000176 -> CACHE (ATIVA)
2026-09-10 15:45:14 | INFO | bdc.receita | [940/2903] CNPJ 24884808000147 -> CACHE (ATIVA)
2026-09-10 15:45:14 | INFO | bdc.receita | [941/2903] CNPJ 92660604016933 -> CACHE (ATIVA)
2026-09-10 15:45:14 | INFO | bdc.receita | [942/2903] CNPJ 00186720000274 -> CACHE (ATIVA)
2026-09-10 15:45:14 | INFO | bdc.receita | [943/2903] CNPJ 08364948000138 -> CACHE (ATIVA)
2026-09-10 15:45:14 | INFO | bdc.receita | [944/2903] CNPJ 97837181002948 -> CACHE (ATIVA)
2026-09-10 15:45:14 | INFO | bdc.receita | [945/2903] CNPJ 76495779000125 -> CACHE (ATIVA)
2026-09-10 15:45:14 | INFO | bdc.receita | [946/2903] CNPJ 77912053000103 -> CACHE (ATIVA)
2026-09-10 15:45:14 | INFO | bdc.receita | [947/2903] CNPJ 17875511000150 -> CACHE (ATIVA)
2026-09-10 15:45:14 | INFO | bdc.receita | [948/2903] CNPJ 84429737000114 -> CACHE (ATIVA)
2026-09-10 15:45:14 | INFO | bdc.receita | [949/2903] CNPJ 30966130000144 -> CACHE (ATIVA)
2026-09-10 15:45:14 | INFO | bdc.receita | [950/2903] CNPJ 40100543000103 -> CACHE (ATIVA)
2026-09-10 15:45:14 | INFO | bdc.receita | [951/2903] CNPJ 13777004000122 -> CACHE (ATIVA)
2026-09-10 15:45:14 | INFO | bdc.receita | [952/2903] CNPJ 77752038000226 -> CACHE (ATIVA)
2026-09-10 15:45:14 | INFO | bdc.receita | [953/2903] CNPJ 12723413000183 -> CACHE (ATIVA)
2026-09-10 15:45:14 | INFO | bdc.receita | [954/2903] CNPJ 04997059000157 -> CACHE (ATIVA)
2026-09-10 15:45:14 | INFO | bdc.receita | [955/2903] CNPJ 05288648000129 -> CACHE (ATIVA)
2026-09-10 15:45:14 | INFO | bdc.receita | [956/2903] CNPJ 07131859000189 -> CACHE (ATIVA)
2026-09-10 15:45:14 | INFO | bdc.receita | [957/2903] CNPJ 02326750000183 -> CACHE (ATIVA)
2026-09-10 15:45:14 | INFO | bdc.receita | [958/2903] CNPJ 09548347000148 -> CACHE (ATIVA)
2026-09-10 15:45:14 | INFO | bdc.receita | [959/2903] CNPJ 42150391003862 -> CACHE (ATIVA)
2026-09-10 15:45:14 | INFO | bdc.receita | [960/2903] CNPJ 61486650000183 -> CACHE (ATIVA)
2026-09-10 15:45:14 | INFO | bdc.receita | [961/2903] CNPJ 46243234000160 -> CACHE (ATIVA)
2026-09-10 15:45:14 | INFO | bdc.receita | [962/2903] CNPJ 60659463002992 -> CACHE (ATIVA)
2026-09-10 15:45:14 | INFO | bdc.receita | [963/2903] CNPJ 20393479000180 -> CACHE (ATIVA)
2026-09-10 15:45:14 | INFO | bdc.receita | [964/2903] CNPJ 67290858000109 -> CACHE (ATIVA)
2026-09-10 15:45:14 | INFO | bdc.receita | [965/2903] CNPJ 15728576000147 -> CACHE (ATIVA)
2026-09-10 15:45:14 | INFO | bdc.receita | [966/2903] CNPJ 25318541000193 -> CACHE (ATIVA)
2026-09-10 15:45:14 | INFO | bdc.receita | [967/2903] CNPJ 94846599000122 -> CACHE (ATIVA)
2026-09-10 15:45:14 | INFO | bdc.receita | [968/2903] CNPJ 17170150000146 -> CACHE (ATIVA)
2026-09-10 15:45:14 | INFO | bdc.receita | [969/2903] CNPJ 84043009000170 -> CACHE (ATIVA)
2026-09-10 15:45:14 | INFO | bdc.receita | [970/2903] CNPJ 05352237000155 -> CACHE (ATIVA)
2026-09-10 15:45:14 | INFO | bdc.receita | [971/2903] CNPJ 80400633000126 -> CACHE (ATIVA)
2026-09-10 15:45:14 | INFO | bdc.receita | [972/2903] CNPJ 04041933001311 -> CACHE (ATIVA)
2026-09-10 15:45:14 | INFO | bdc.receita | [973/2903] CNPJ 77381259000154 -> CACHE (ATIVA)
2026-09-10 15:45:14 | INFO | bdc.receita | [974/2903] CNPJ 61139192000459 -> CACHE (ATIVA)
2026-09-10 15:45:14 | INFO | bdc.receita | [975/2903] CNPJ 45365558000613 -> CACHE (ATIVA)
2026-09-10 15:45:14 | INFO | bdc.receita | [976/2903] CNPJ 54876131000166 -> CACHE (ATIVA)
2026-09-10 15:45:14 | INFO | bdc.receita | [977/2903] CNPJ 80337306000177 -> CACHE (ATIVA)
2026-09-10 15:45:14 | INFO | bdc.receita | [978/2903] CNPJ 17077752000153 -> CACHE (ATIVA)
2026-09-10 15:45:14 | INFO | bdc.receita | [979/2903] CNPJ 19362207000215 -> CACHE (ATIVA)
2026-09-10 15:45:14 | INFO | bdc.receita | [980/2903] CNPJ 04429377000111 -> CACHE (ATIVA)
2026-09-10 15:45:14 | INFO | bdc.receita | [981/2903] CNPJ 07492766000180 -> CACHE (ATIVA)
2026-09-10 15:45:14 | INFO | bdc.receita | [982/2903] CNPJ 62070362000106 -> CACHE (ATIVA)
2026-09-10 15:45:14 | INFO | bdc.receita | [983/2903] CNPJ 01832301000144 -> CACHE (ATIVA)
2026-09-10 15:45:14 | INFO | bdc.receita | [984/2903] CNPJ 73379380000190 -> CACHE (ATIVA)
2026-09-10 15:45:14 | INFO | bdc.receita | [985/2903] CNPJ 09303344000144 -> CACHE (ATIVA)
2026-09-10 15:45:14 | INFO | bdc.receita | [986/2903] CNPJ 07293000000176 -> CACHE (ATIVA)
2026-09-10 15:45:14 | INFO | bdc.receita | [987/2903] CNPJ 76900463000171 -> CACHE (ATIVA)
2026-09-10 15:45:14 | INFO | bdc.receita | [988/2903] CNPJ 22153641000119 -> CACHE (ATIVA)
2026-09-10 15:45:14 | INFO | bdc.receita | [989/2903] CNPJ 33042730000104 -> CACHE (ATIVA)
2026-09-10 15:45:14 | INFO | bdc.receita | [990/2903] CNPJ 07598373000155 -> CACHE (ATIVA)
2026-09-10 15:45:14 | INFO | bdc.receita | [991/2903] CNPJ 59105999000186 -> CACHE (ATIVA)
2026-09-10 15:45:14 | INFO | bdc.receita | [992/2903] CNPJ 00086338000108 -> CACHE (ATIVA)
2026-09-10 15:45:14 | INFO | bdc.receita | [993/2903] CNPJ 02279324000136 -> CACHE (ATIVA)
2026-09-10 15:45:14 | INFO | bdc.receita | [994/2903] CNPJ 11517262000144 -> CACHE (ATIVA)
2026-09-10 15:45:14 | INFO | bdc.receita | [995/2903] CNPJ 02266644000151 -> CACHE (ATIVA)
2026-09-10 15:45:14 | INFO | bdc.receita | [996/2903] CNPJ 58059643000190 -> CACHE (ATIVA)
2026-09-10 15:45:14 | INFO | bdc.receita | [997/2903] CNPJ 11517262001620 -> CACHE (ATIVA)
2026-09-10 15:45:14 | INFO | bdc.receita | [998/2903] CNPJ 03032577000173 -> CACHE (ATIVA)
2026-09-10 15:45:14 | INFO | bdc.receita | [999/2903] CNPJ 00771979000100 -> CACHE (BAIXADA)
2026-09-10 15:45:14 | INFO | bdc.receita | [1000/2903] CNPJ 02343359000197 -> CACHE (ATIVA)
2026-09-10 15:45:14 | INFO | bdc.receita | [1001/2903] CNPJ 15174398000150 -> CACHE (ATIVA)
2026-09-10 15:45:14 | INFO | bdc.receita | [1002/2903] CNPJ 43443043000154 -> CACHE (ATIVA)
2026-09-10 15:45:14 | INFO | bdc.receita | [1003/2903] CNPJ 05669695000112 -> CACHE (ATIVA)
2026-09-10 15:45:14 | INFO | bdc.receita | [1004/2903] CNPJ 04309085000145 -> CACHE (ATIVA)
2026-09-10 15:45:14 | INFO | bdc.receita | [1005/2903] CNPJ 97192256000180 -> CACHE (ATIVA)
2026-09-10 15:45:14 | INFO | bdc.receita | [1006/2903] CNPJ 88910294000130 -> CACHE (ATIVA)
2026-09-10 15:45:14 | INFO | bdc.receita | [1007/2903] CNPJ 30834939000112 -> CACHE (ATIVA)
2026-09-10 15:45:14 | INFO | bdc.receita | [1008/2903] CNPJ 60500246000154 -> CACHE (ATIVA)
2026-09-10 15:45:14 | INFO | bdc.receita | [1009/2903] CNPJ 90660754000160 -> CACHE (ATIVA)
2026-09-10 15:45:14 | INFO | bdc.receita | [1010/2903] CNPJ 09281025000185 -> CACHE (ATIVA)
2026-09-10 15:45:14 | INFO | bdc.receita | [1011/2903] CNPJ 16974249000138 -> CACHE (ATIVA)
2026-09-10 15:45:14 | INFO | bdc.receita | [1012/2903] CNPJ 10466806000123 -> CACHE (ATIVA)
2026-09-10 15:45:14 | INFO | bdc.receita | [1013/2903] CNPJ 04325258000119 -> CACHE (ATIVA)
2026-09-10 15:45:14 | INFO | bdc.receita | [1014/2903] CNPJ 30712938000103 -> CACHE (ATIVA)
2026-09-10 15:45:14 | INFO | bdc.receita | [1015/2903] CNPJ 00853157000160 -> CACHE (ATIVA)
2026-09-10 15:45:14 | INFO | bdc.receita | [1016/2903] CNPJ 43461789000190 -> CACHE (ATIVA)
2026-09-10 15:45:14 | INFO | bdc.receita | [1017/2903] CNPJ 02739182000304 -> CACHE (ATIVA)
2026-09-10 15:45:14 | INFO | bdc.receita | [1018/2903] CNPJ 76108349003200 -> CACHE (ATIVA)
2026-09-10 15:45:14 | INFO | bdc.receita | [1019/2903] CNPJ 34818458000174 -> CACHE (ATIVA)
2026-09-10 15:45:14 | INFO | bdc.receita | [1020/2903] CNPJ 31635668000139 -> CACHE (ATIVA)
2026-09-10 15:45:14 | INFO | bdc.receita | [1021/2903] CNPJ 06037638000183 -> CACHE (ATIVA)
2026-09-10 15:45:14 | INFO | bdc.receita | [1022/2903] CNPJ 50359850000159 -> CACHE (ATIVA)
2026-09-10 15:45:14 | INFO | bdc.receita | [1023/2903] CNPJ 78147105001641 -> CACHE (ATIVA)
2026-09-10 15:45:14 | INFO | bdc.receita | [1024/2903] CNPJ 19205227000100 -> CACHE (ATIVA)
2026-09-10 15:45:14 | INFO | bdc.receita | [1025/2903] CNPJ 36754731000170 -> CACHE (ATIVA)
2026-09-10 15:45:14 | INFO | bdc.receita | [1026/2903] CNPJ 06272793000184 -> CACHE (ATIVA)
2026-09-10 15:45:14 | INFO | bdc.receita | [1027/2903] CNPJ 07175725001484 -> CACHE (ATIVA)
2026-09-10 15:45:14 | INFO | bdc.receita | [1028/2903] CNPJ 11609581000180 -> CACHE (ATIVA)
2026-09-10 15:45:14 | INFO | bdc.receita | [1029/2903] CNPJ 14089519000100 -> CACHE (ATIVA)
2026-09-10 15:45:14 | INFO | bdc.receita | [1030/2903] CNPJ 37020260000139 -> CACHE (ATIVA)
2026-09-10 15:45:14 | INFO | bdc.receita | [1031/2903] CNPJ 39630440000168 -> CACHE (ATIVA)
2026-09-10 15:45:14 | INFO | bdc.receita | [1032/2903] CNPJ 00425544000103 -> CACHE (ATIVA)
2026-09-10 15:45:14 | INFO | bdc.receita | [1033/2903] CNPJ 73403446000130 -> CACHE (ATIVA)
2026-09-10 15:45:14 | INFO | bdc.receita | [1034/2903] CNPJ 89850341000160 -> CACHE (ATIVA)
2026-09-10 15:45:14 | INFO | bdc.receita | [1035/2903] CNPJ 76260017000140 -> CACHE (ATIVA)
2026-09-10 15:45:14 | INFO | bdc.receita | [1036/2903] CNPJ 11251784000147 -> CACHE (ATIVA)
2026-09-10 15:45:14 | INFO | bdc.receita | [1037/2903] CNPJ 77781706000243 -> CACHE (ATIVA)
2026-09-10 15:45:14 | INFO | bdc.receita | [1038/2903] CNPJ 01377961000182 -> CACHE (ATIVA)
2026-09-10 15:45:14 | INFO | bdc.receita | [1039/2903] CNPJ 59105171000390 -> CACHE (ATIVA)
2026-09-10 15:45:14 | INFO | bdc.receita | [1040/2903] CNPJ 28397998000129 -> CACHE (ATIVA)
2026-09-10 15:45:14 | INFO | bdc.receita | [1041/2903] CNPJ 00990842000138 -> CACHE (ATIVA)
2026-09-10 15:45:14 | INFO | bdc.receita | [1042/2903] CNPJ 64812373000140 -> CACHE (ATIVA)
2026-09-10 15:45:14 | INFO | bdc.receita | [1043/2903] CNPJ 35896824000176 -> CACHE (ATIVA)
2026-09-10 15:45:14 | INFO | bdc.receita | [1044/2903] CNPJ 71320915000122 -> CACHE (ATIVA)
2026-09-10 15:45:14 | INFO | bdc.receita | [1045/2903] CNPJ 79458485000111 -> CACHE (ATIVA)
2026-09-10 15:45:14 | INFO | bdc.receita | [1046/2903] CNPJ 03714230000100 -> CACHE (ATIVA)
2026-09-10 15:45:14 | INFO | bdc.receita | [1047/2903] CNPJ 83731927000986 -> CACHE (ATIVA)
2026-09-10 15:45:14 | INFO | bdc.receita | [1048/2903] CNPJ 04626426004608 -> CACHE (ATIVA)
2026-09-10 15:45:14 | INFO | bdc.receita | [1049/2903] CNPJ 28946365000122 -> CACHE (ATIVA)
2026-09-10 15:45:14 | INFO | bdc.receita | [1050/2903] CNPJ 00584302000154 -> CACHE (ATIVA)
2026-09-10 15:45:14 | INFO | bdc.receita | [1051/2903] CNPJ 40009403000116 -> CACHE (ATIVA)
2026-09-10 15:45:14 | INFO | bdc.receita | [1052/2903] CNPJ 76093731002649 -> CACHE (ATIVA)
2026-09-10 15:45:14 | INFO | bdc.receita | [1053/2903] CNPJ 19577977000102 -> CACHE (ATIVA)
2026-09-10 15:45:14 | INFO | bdc.receita | [1054/2903] CNPJ 00093197000231 -> CACHE (ATIVA)
2026-09-10 15:45:14 | INFO | bdc.receita | [1055/2903] CNPJ 78116670000165 -> CACHE (ATIVA)
2026-09-10 15:45:14 | INFO | bdc.receita | [1056/2903] CNPJ 77799542000109 -> CACHE (ATIVA)
2026-09-10 15:45:14 | INFO | bdc.receita | [1057/2903] CNPJ 12027723000163 -> CACHE (ATIVA)
2026-09-10 15:45:14 | INFO | bdc.receita | [1058/2903] CNPJ 04200198000108 -> CACHE (ATIVA)
2026-09-10 15:45:14 | INFO | bdc.receita | [1059/2903] CNPJ 50955707001100 -> CACHE (ATIVA)
2026-09-10 15:45:14 | INFO | bdc.receita | [1060/2903] CNPJ 13416922000126 -> CACHE (ATIVA)
2026-09-10 15:45:14 | INFO | bdc.receita | [1061/2903] CNPJ 76498179000110 -> CACHE (ATIVA)
2026-09-10 15:45:14 | INFO | bdc.receita | [1062/2903] CNPJ 03080418000144 -> CACHE (ATIVA)
2026-09-10 15:45:14 | INFO | bdc.receita | [1063/2903] CNPJ 65894297000121 -> CACHE (ATIVA)
2026-09-10 15:45:14 | INFO | bdc.receita | [1064/2903] CNPJ 07859054000156 -> CACHE (ATIVA)
2026-09-10 15:45:14 | INFO | bdc.receita | [1065/2903] CNPJ 75483040000211 -> CACHE (ATIVA)
2026-09-10 15:45:14 | INFO | bdc.receita | [1066/2903] CNPJ 07386836000115 -> CACHE (ATIVA)
2026-09-10 15:45:14 | INFO | bdc.receita | [1067/2903] CNPJ 37145968000116 -> CACHE (ATIVA)
2026-09-10 15:45:14 | INFO | bdc.receita | [1068/2903] CNPJ 61144150000678 -> CACHE (ATIVA)
2026-09-10 15:45:14 | INFO | bdc.receita | [1069/2903] CNPJ 43829282000147 -> CACHE (ATIVA)
2026-09-10 15:45:14 | INFO | bdc.receita | [1070/2903] CNPJ 21399573000100 -> CACHE (ATIVA)
2026-09-10 15:45:14 | INFO | bdc.receita | [1071/2903] CNPJ 04899316000118 -> CACHE (ATIVA)
2026-09-10 15:45:14 | INFO | bdc.receita | [1072/2903] CNPJ 00869496000134 -> CACHE (ATIVA)
2026-09-10 15:45:14 | INFO | bdc.receita | [1073/2903] CNPJ 50974732000150 -> CACHE (ATIVA)
2026-09-10 15:45:14 | INFO | bdc.receita | [1074/2903] CNPJ 61620753001670 -> CACHE (ATIVA)
2026-09-10 15:45:14 | INFO | bdc.receita | [1075/2903] CNPJ 18788137000118 -> CACHE (ATIVA)
2026-09-10 15:45:14 | INFO | bdc.receita | [1076/2903] CNPJ 03105276000122 -> CACHE (ATIVA)
2026-09-10 15:45:14 | INFO | bdc.receita | [1077/2903] CNPJ 52645009000153 -> CACHE (ATIVA)
2026-09-10 15:45:14 | INFO | bdc.receita | [1078/2903] CNPJ 79233672000105 -> CACHE (ATIVA)
2026-09-10 15:45:14 | INFO | bdc.receita | [1079/2903] CNPJ 02305606000160 -> CACHE (ATIVA)
2026-09-10 15:45:14 | INFO | bdc.receita | [1080/2903] CNPJ 07293314000179 -> CACHE (ATIVA)
2026-09-10 15:45:14 | INFO | bdc.receita | [1081/2903] CNPJ 76915123000114 -> CACHE (ATIVA)
2026-09-10 15:45:14 | INFO | bdc.receita | [1082/2903] CNPJ 01304124001790 -> CACHE (ATIVA)
2026-09-10 15:45:14 | INFO | bdc.receita | [1083/2903] CNPJ 17469701018700 -> CACHE (ATIVA)
2026-09-10 15:45:14 | INFO | bdc.receita | [1084/2903] CNPJ 44094894000100 -> CACHE (ATIVA)
2026-09-10 15:45:14 | INFO | bdc.receita | [1085/2903] CNPJ 12924620000104 -> CACHE (ATIVA)
2026-09-10 15:45:14 | INFO | bdc.receita | [1086/2903] CNPJ 26474919000100 -> CACHE (BAIXADA)
2026-09-10 15:45:14 | INFO | bdc.receita | [1087/2903] CNPJ 89086144001198 -> CACHE (ATIVA)
2026-09-10 15:45:14 | INFO | bdc.receita | [1088/2903] CNPJ 21169348000349 -> CACHE (ATIVA)
2026-09-10 15:45:14 | INFO | bdc.receita | [1089/2903] CNPJ 01019449000164 -> CACHE (ATIVA)
2026-09-10 15:45:14 | INFO | bdc.receita | [1090/2903] CNPJ 81716219000193 -> CACHE (ATIVA)
2026-09-10 15:45:14 | INFO | bdc.receita | [1091/2903] CNPJ 08508086000170 -> CACHE (ATIVA)
2026-09-10 15:45:14 | INFO | bdc.receita | [1092/2903] CNPJ 52287497000174 -> CACHE (ATIVA)
2026-09-10 15:45:14 | INFO | bdc.receita | [1093/2903] CNPJ 06700769000107 -> CACHE (ATIVA)
2026-09-10 15:45:14 | INFO | bdc.receita | [1094/2903] CNPJ 21160480000128 -> CACHE (ATIVA)
2026-09-10 15:45:14 | INFO | bdc.receita | [1095/2903] CNPJ 07042960000163 -> CACHE (ATIVA)
2026-09-10 15:45:14 | INFO | bdc.receita | [1096/2903] CNPJ 07365641000199 -> CACHE (ATIVA)
2026-09-10 15:45:14 | INFO | bdc.receita | [1097/2903] CNPJ 11827485000108 -> CACHE (ATIVA)
2026-09-10 15:45:14 | INFO | bdc.receita | [1098/2903] CNPJ 04423567002094 -> CACHE (ATIVA)
2026-09-10 15:45:14 | INFO | bdc.receita | [1099/2903] CNPJ 15330530000175 -> CACHE (ATIVA)
2026-09-10 15:45:14 | INFO | bdc.receita | [1100/2903] CNPJ 09472948000114 -> CACHE (ATIVA)
2026-09-10 15:45:14 | INFO | bdc.receita | [1101/2903] CNPJ 49729718000102 -> CACHE (ATIVA)
2026-09-10 15:45:14 | INFO | bdc.receita | [1102/2903] CNPJ 00395490000172 -> CACHE (ATIVA)
2026-09-10 15:45:14 | INFO | bdc.receita | [1103/2903] CNPJ 05609769000125 -> CACHE (ATIVA)
2026-09-10 15:45:14 | INFO | bdc.receita | [1104/2903] CNPJ 20835381000136 -> CACHE (ATIVA)
2026-09-10 15:45:14 | INFO | bdc.receita | [1105/2903] CNPJ 19541444000162 -> CACHE (ATIVA)
2026-09-10 15:45:14 | INFO | bdc.receita | [1106/2903] CNPJ 68737857000122 -> CACHE (ATIVA)
2026-09-10 15:45:14 | INFO | bdc.receita | [1107/2903] CNPJ 82589540000117 -> CACHE (ATIVA)
2026-09-10 15:45:14 | INFO | bdc.receita | [1108/2903] CNPJ 15688196000126 -> CACHE (ATIVA)
2026-09-10 15:45:14 | INFO | bdc.receita | [1109/2903] CNPJ 47658073000139 -> CACHE (ATIVA)
2026-09-10 15:45:14 | INFO | bdc.receita | [1110/2903] CNPJ 79837688000119 -> CACHE (ATIVA)
2026-09-10 15:45:14 | INFO | bdc.receita | [1111/2903] CNPJ 14167541000113 -> CACHE (ATIVA)
2026-09-10 15:45:14 | INFO | bdc.receita | [1112/2903] CNPJ 03432310000173 -> CACHE (ATIVA)
2026-09-10 15:45:14 | INFO | bdc.receita | [1113/2903] CNPJ 27945263000120 -> CACHE (ATIVA)
2026-09-10 15:45:14 | INFO | bdc.receita | [1114/2903] CNPJ 32023463000165 -> CACHE (ATIVA)
2026-09-10 15:45:14 | INFO | bdc.receita | [1115/2903] CNPJ 00514820000100 -> CACHE (ATIVA)
2026-09-10 15:45:14 | INFO | bdc.receita | [1116/2903] CNPJ 78897600000191 -> CACHE (ATIVA)
2026-09-10 15:45:14 | INFO | bdc.receita | [1117/2903] CNPJ 08093504000105 -> CACHE (ATIVA)
2026-09-10 15:45:14 | INFO | bdc.receita | [1118/2903] CNPJ 87345021000127 -> CACHE (ATIVA)
2026-09-10 15:45:14 | INFO | bdc.receita | [1119/2903] CNPJ 61741690000124 -> CACHE (ATIVA)
2026-09-10 15:45:14 | INFO | bdc.receita | [1120/2903] CNPJ 03109168000128 -> CACHE (ATIVA)
2026-09-10 15:45:14 | INFO | bdc.receita | [1121/2903] CNPJ 01800067000173 -> CACHE (ATIVA)
2026-09-10 15:45:14 | INFO | bdc.receita | [1122/2903] CNPJ 76493626000149 -> CACHE (ATIVA)
2026-09-10 15:45:14 | INFO | bdc.receita | [1123/2903] CNPJ 07175725000160 -> CACHE (ATIVA)
2026-09-10 15:45:14 | INFO | bdc.receita | [1124/2903] CNPJ 01274980000183 -> CACHE (ATIVA)
2026-09-10 15:45:14 | INFO | bdc.receita | [1125/2903] CNPJ 71447049000135 -> CACHE (ATIVA)
2026-09-10 15:45:14 | INFO | bdc.receita | [1126/2903] CNPJ 06075277000160 -> CACHE (ATIVA)
2026-09-10 15:45:14 | INFO | bdc.receita | [1127/2903] CNPJ 08585033000152 -> CACHE (ATIVA)
2026-09-10 15:45:14 | INFO | bdc.receita | [1128/2903] CNPJ 23869251000102 -> CACHE (ATIVA)
2026-09-10 15:45:14 | INFO | bdc.receita | [1129/2903] CNPJ 06972254000239 -> CACHE (ATIVA)
2026-09-10 15:45:14 | INFO | bdc.receita | [1130/2903] CNPJ 12300288000360 -> CACHE (ATIVA)
2026-09-10 15:45:14 | INFO | bdc.receita | [1131/2903] CNPJ 15623286000139 -> CACHE (ATIVA)
2026-09-10 15:45:14 | INFO | bdc.receita | [1132/2903] CNPJ 08249414000160 -> CACHE (ATIVA)
2026-09-10 15:45:14 | INFO | bdc.receita | [1133/2903] CNPJ 12123471000257 -> CACHE (ATIVA)
2026-09-10 15:45:14 | INFO | bdc.receita | [1134/2903] CNPJ 76208867000107 -> CACHE (ATIVA)
2026-09-10 15:45:14 | INFO | bdc.receita | [1135/2903] CNPJ 97081434000103 -> CACHE (ATIVA)
2026-09-10 15:45:14 | INFO | bdc.receita | [1136/2903] CNPJ 78956968001589 -> CACHE (ATIVA)
2026-09-10 15:45:14 | INFO | bdc.receita | [1137/2903] CNPJ 17461715000225 -> CACHE (ATIVA)
2026-09-10 15:45:14 | INFO | bdc.receita | [1138/2903] CNPJ 04905537000151 -> CACHE (ATIVA)
2026-09-10 15:45:14 | INFO | bdc.receita | [1139/2903] CNPJ 45365541000151 -> CACHE (ATIVA)
2026-09-10 15:45:14 | INFO | bdc.receita | [1140/2903] CNPJ 46082624000104 -> CACHE (ATIVA)
2026-09-10 15:45:14 | INFO | bdc.receita | [1141/2903] CNPJ 42599019000146 -> CACHE (ATIVA)
2026-09-10 15:45:14 | INFO | bdc.receita | [1142/2903] CNPJ 80638661000186 -> CACHE (ATIVA)
2026-09-10 15:45:14 | INFO | bdc.receita | [1143/2903] CNPJ 02096748000246 -> CACHE (ATIVA)
2026-09-10 15:45:14 | INFO | bdc.receita | [1144/2903] CNPJ 61451027000195 -> CACHE (ATIVA)
2026-09-10 15:45:14 | INFO | bdc.receita | [1145/2903] CNPJ 75222224002433 -> CACHE (ATIVA)
2026-09-10 15:45:14 | INFO | bdc.receita | [1146/2903] CNPJ 76527951000509 -> CACHE (ATIVA)
2026-09-10 15:45:14 | INFO | bdc.receita | [1147/2903] CNPJ 87606372000144 -> CACHE (ATIVA)
2026-09-10 15:45:14 | INFO | bdc.receita | [1148/2903] CNPJ 81611931000128 -> CACHE (ATIVA)
2026-09-10 15:45:14 | INFO | bdc.receita | [1149/2903] CNPJ 05543197000129 -> CACHE (ATIVA)
2026-09-10 15:45:14 | INFO | bdc.receita | [1150/2903] CNPJ 11382228000100 -> CACHE (ATIVA)
2026-09-10 15:45:14 | INFO | bdc.receita | [1151/2903] CNPJ 35865623000101 -> CACHE (ATIVA)
2026-09-10 15:45:14 | INFO | bdc.receita | [1152/2903] CNPJ 54625819003784 -> CACHE (ATIVA)
2026-09-10 15:45:14 | INFO | bdc.receita | [1153/2903] CNPJ 83731927000129 -> CACHE (ATIVA)
2026-09-10 15:45:14 | INFO | bdc.receita | [1154/2903] CNPJ 02513991000131 -> CACHE (ATIVA)
2026-09-10 15:45:14 | INFO | bdc.receita | [1155/2903] CNPJ 79109237000165 -> CACHE (ATIVA)
2026-09-10 15:45:14 | INFO | bdc.receita | [1156/2903] CNPJ 43123272000272 -> CACHE (ATIVA)
2026-09-10 15:45:14 | INFO | bdc.receita | [1157/2903] CNPJ 48251703000119 -> CACHE (ATIVA)
2026-09-10 15:45:14 | INFO | bdc.receita | [1158/2903] CNPJ 32873282000128 -> CACHE (ATIVA)
2026-09-10 15:45:14 | INFO | bdc.receita | [1159/2903] CNPJ 57497539001600 -> CACHE (ATIVA)
2026-09-10 15:45:14 | INFO | bdc.receita | [1160/2903] CNPJ 47799028000285 -> CACHE (ATIVA)
2026-09-10 15:45:14 | INFO | bdc.receita | [1161/2903] CNPJ 10205088000131 -> CACHE (ATIVA)
2026-09-10 15:45:14 | INFO | bdc.receita | [1162/2903] CNPJ 31985283000100 -> CACHE (ATIVA)
2026-09-10 15:45:14 | INFO | bdc.receita | [1163/2903] CNPJ 77595395004487 -> CACHE (ATIVA)
2026-09-10 15:45:14 | INFO | bdc.receita | [1164/2903] CNPJ 61246245000198 -> CACHE (ATIVA)
2026-09-10 15:45:14 | INFO | bdc.receita | [1165/2903] CNPJ 43446434000122 -> CACHE (ATIVA)
2026-09-10 15:45:14 | INFO | bdc.receita | [1166/2903] CNPJ 49502032000184 -> CACHE (ATIVA)
2026-09-10 15:45:14 | INFO | bdc.receita | [1167/2903] CNPJ 31818954000130 -> CACHE (ATIVA)
2026-09-10 15:45:14 | INFO | bdc.receita | [1168/2903] CNPJ 17227422000105 -> CACHE (ATIVA)
2026-09-10 15:45:14 | INFO | bdc.receita | [1169/2903] CNPJ 35402759000185 -> CACHE (ATIVA)
2026-09-10 15:45:14 | INFO | bdc.receita | [1170/2903] CNPJ 44930204000954 -> CACHE (ATIVA)
2026-09-10 15:45:14 | INFO | bdc.receita | [1171/2903] CNPJ 09491921000179 -> CACHE (ATIVA)
2026-09-10 15:45:14 | INFO | bdc.receita | [1172/2903] CNPJ 21072669000169 -> CACHE (ATIVA)
2026-09-10 15:45:14 | INFO | bdc.receita | [1173/2903] CNPJ 00570834000132 -> CACHE (ATIVA)
2026-09-10 15:45:14 | INFO | bdc.receita | [1174/2903] CNPJ 26215280000149 -> CACHE (ATIVA)
2026-09-10 15:45:14 | INFO | bdc.receita | [1175/2903] CNPJ 28060882000108 -> CACHE (ATIVA)
2026-09-10 15:45:14 | INFO | bdc.receita | [1176/2903] CNPJ 42184226000130 -> CACHE (ATIVA)
2026-09-10 15:45:14 | INFO | bdc.receita | [1177/2903] CNPJ 32367504000130 -> CACHE (ATIVA)
2026-09-10 15:45:14 | INFO | bdc.receita | [1178/2903] CNPJ 75723056000173 -> CACHE (ATIVA)
2026-09-10 15:45:14 | INFO | bdc.receita | [1179/2903] CNPJ 92726785000100 -> CACHE (ATIVA)
2026-09-10 15:45:14 | INFO | bdc.receita | [1180/2903] CNPJ 21467516000110 -> CACHE (ATIVA)
2026-09-10 15:45:14 | INFO | bdc.receita | [1181/2903] CNPJ 82052788000144 -> CACHE (ATIVA)
2026-09-10 15:45:14 | INFO | bdc.receita | [1182/2903] CNPJ 40172765000123 -> CACHE (ATIVA)
2026-09-10 15:45:14 | INFO | bdc.receita | [1183/2903] CNPJ 09509535000167 -> CACHE (ATIVA)
2026-09-10 15:45:14 | INFO | bdc.receita | [1184/2903] CNPJ 84684455000163 -> CACHE (ATIVA)
2026-09-10 15:45:14 | INFO | bdc.receita | [1185/2903] CNPJ 35824347000133 -> CACHE (ATIVA)
2026-09-10 15:45:14 | INFO | bdc.receita | [1186/2903] CNPJ 90329178000173 -> CACHE (ATIVA)
2026-09-10 15:45:14 | INFO | bdc.receita | [1187/2903] CNPJ 53056853000101 -> CACHE (ATIVA)
2026-09-10 15:45:14 | INFO | bdc.receita | [1188/2903] CNPJ 54113683000112 -> CACHE (ATIVA)
2026-09-10 15:45:14 | INFO | bdc.receita | [1189/2903] CNPJ 08719943000180 -> CACHE (ATIVA)
2026-09-10 15:45:14 | INFO | bdc.receita | [1190/2903] CNPJ 15108924000183 -> CACHE (ATIVA)
2026-09-10 15:45:14 | INFO | bdc.receita | [1191/2903] CNPJ 19572597000258 -> CACHE (ATIVA)
2026-09-10 15:45:14 | INFO | bdc.receita | [1192/2903] CNPJ 12884632000144 -> CACHE (ATIVA)
2026-09-10 15:45:14 | INFO | bdc.receita | [1193/2903] CNPJ 04294897000164 -> CACHE (ATIVA)
2026-09-10 15:45:14 | INFO | bdc.receita | [1194/2903] CNPJ 02114381000165 -> CACHE (ATIVA)
2026-09-10 15:45:14 | INFO | bdc.receita | [1195/2903] CNPJ 05500934000106 -> CACHE (ATIVA)
2026-09-10 15:45:14 | INFO | bdc.receita | [1196/2903] CNPJ 75205831000107 -> CACHE (ATIVA)
2026-09-10 15:45:14 | INFO | bdc.receita | [1197/2903] CNPJ 06859993000138 -> CACHE (ATIVA)
2026-09-10 15:45:14 | INFO | bdc.receita | [1198/2903] CNPJ 02205767000182 -> CACHE (ATIVA)
2026-09-10 15:45:14 | INFO | bdc.receita | [1199/2903] CNPJ 12056613000120 -> CACHE (ATIVA)
2026-09-10 15:45:14 | INFO | bdc.receita | [1200/2903] CNPJ 29507214000211 -> CACHE (ATIVA)
2026-09-10 15:45:14 | INFO | bdc.receita | [1201/2903] CNPJ 01024607000174 -> CACHE (ATIVA)
2026-09-10 15:45:14 | INFO | bdc.receita | [1202/2903] CNPJ 18416364000112 -> CACHE (ATIVA)
2026-09-10 15:45:14 | INFO | bdc.receita | [1203/2903] CNPJ 28315930000153 -> CACHE (ATIVA)
2026-09-10 15:45:14 | INFO | bdc.receita | [1204/2903] CNPJ 03315918000118 -> CACHE (ATIVA)
2026-09-10 15:45:14 | INFO | bdc.receita | [1205/2903] CNPJ 07815053000100 -> CACHE (ATIVA)
2026-09-10 15:45:14 | INFO | bdc.receita | [1206/2903] CNPJ 07764255000170 -> CACHE (ATIVA)
2026-09-10 15:45:14 | INFO | bdc.receita | [1207/2903] CNPJ 71788301000170 -> CACHE (ATIVA)
2026-09-10 15:45:14 | INFO | bdc.receita | [1208/2903] CNPJ 18605172000154 -> CACHE (ATIVA)
2026-09-10 15:45:14 | INFO | bdc.receita | [1209/2903] CNPJ 34806971000145 -> CACHE (ATIVA)
2026-09-10 15:45:14 | INFO | bdc.receita | [1210/2903] CNPJ 62473004000144 -> CACHE (ATIVA)
2026-09-10 15:45:14 | INFO | bdc.receita | [1211/2903] CNPJ 33931753000170 -> CACHE (ATIVA)
2026-09-10 15:45:14 | INFO | bdc.receita | [1212/2903] CNPJ 73217028000159 -> CACHE (ATIVA)
2026-09-10 15:45:14 | INFO | bdc.receita | [1213/2903] CNPJ 07903169000109 -> CACHE (ATIVA)
2026-09-10 15:45:14 | INFO | bdc.receita | [1214/2903] CNPJ 94784543000190 -> CACHE (ATIVA)
2026-09-10 15:45:14 | INFO | bdc.receita | [1215/2903] CNPJ 00298749000167 -> CACHE (ATIVA)
2026-09-10 15:45:14 | INFO | bdc.receita | [1216/2903] CNPJ 02271463000113 -> CACHE (ATIVA)
2026-09-10 15:45:14 | INFO | bdc.receita | [1217/2903] CNPJ 07547313000103 -> CACHE (ATIVA)
2026-09-10 15:45:14 | INFO | bdc.receita | [1218/2903] CNPJ 03770521001279 -> CACHE (ATIVA)
2026-09-10 15:45:14 | INFO | bdc.receita | [1219/2903] CNPJ 14171796000150 -> CACHE (ATIVA)
2026-09-10 15:45:14 | INFO | bdc.receita | [1220/2903] CNPJ 07657789000105 -> CACHE (ATIVA)
2026-09-10 15:45:14 | INFO | bdc.receita | [1221/2903] CNPJ 81676124000193 -> CACHE (ATIVA)
2026-09-10 15:45:14 | INFO | bdc.receita | [1222/2903] CNPJ 06905926000102 -> CACHE (ATIVA)
2026-09-10 15:45:14 | INFO | bdc.receita | [1223/2903] CNPJ 03422594000117 -> CACHE (ATIVA)
2026-09-10 15:45:14 | INFO | bdc.receita | [1224/2903] CNPJ 49637127000709 -> CACHE (ATIVA)
2026-09-10 15:45:14 | INFO | bdc.receita | [1225/2903] CNPJ 47067525000108 -> CACHE (ATIVA)
2026-09-10 15:45:14 | INFO | bdc.receita | [1226/2903] CNPJ 31233530000103 -> CACHE (ATIVA)
2026-09-10 15:45:14 | INFO | bdc.receita | [1227/2903] CNPJ 42126753000198 -> CACHE (ATIVA)
2026-09-10 15:45:14 | INFO | bdc.receita | [1228/2903] CNPJ 80452733000104 -> CACHE (ATIVA)
2026-09-10 15:45:14 | INFO | bdc.receita | [1229/2903] CNPJ 12320940000147 -> CACHE (ATIVA)
2026-09-10 15:45:14 | INFO | bdc.receita | [1230/2903] CNPJ 08438586000182 -> CACHE (ATIVA)
2026-09-10 15:45:14 | INFO | bdc.receita | [1231/2903] CNPJ 09967852000127 -> CACHE (ATIVA)
2026-09-10 15:45:14 | INFO | bdc.receita | [1232/2903] CNPJ 02740399000172 -> CACHE (ATIVA)
2026-09-10 15:45:14 | INFO | bdc.receita | [1233/2903] CNPJ 33919741000120 -> CACHE (ATIVA)
2026-09-10 15:45:14 | INFO | bdc.receita | [1234/2903] CNPJ 95818399000129 -> CACHE (ATIVA)
2026-09-10 15:45:14 | INFO | bdc.receita | [1235/2903] CNPJ 03787133000148 -> CACHE (ATIVA)
2026-09-10 15:45:14 | INFO | bdc.receita | [1236/2903] CNPJ 53650775000179 -> CACHE (ATIVA)
2026-09-10 15:45:14 | INFO | bdc.receita | [1237/2903] CNPJ 04548659000138 -> CACHE (ATIVA)
2026-09-10 15:45:14 | INFO | bdc.receita | [1238/2903] CNPJ 80223324000128 -> CACHE (ATIVA)
2026-09-10 15:45:14 | INFO | bdc.receita | [1239/2903] CNPJ 60177862000116 -> CACHE (ATIVA)
2026-09-10 15:45:14 | INFO | bdc.receita | [1240/2903] CNPJ 23637697000101 -> CACHE (ATIVA)
2026-09-10 15:45:14 | INFO | bdc.receita | [1241/2903] CNPJ 86375912000163 -> CACHE (ATIVA)
2026-09-10 15:45:14 | INFO | bdc.receita | [1242/2903] CNPJ 00829352000154 -> CACHE (ATIVA)
2026-09-10 15:45:14 | INFO | bdc.receita | [1243/2903] CNPJ 62979232000190 -> CACHE (ATIVA)
2026-09-10 15:45:14 | INFO | bdc.receita | [1244/2903] CNPJ 00460424000562 -> CACHE (ATIVA)
2026-09-10 15:45:14 | INFO | bdc.receita | [1245/2903] CNPJ 43206069000189 -> CACHE (ATIVA)
2026-09-10 15:45:14 | INFO | bdc.receita | [1246/2903] CNPJ 07094597000120 -> CACHE (ATIVA)
2026-09-10 15:45:14 | INFO | bdc.receita | [1247/2903] CNPJ 35911733000162 -> CACHE (ATIVA)
2026-09-10 15:45:14 | INFO | bdc.receita | [1248/2903] CNPJ 16404287044870 -> CACHE (ATIVA)
2026-09-10 15:45:14 | INFO | bdc.receita | [1249/2903] CNPJ 34108922000139 -> CACHE (ATIVA)
2026-09-10 15:45:14 | INFO | bdc.receita | [1250/2903] CNPJ 14658216000153 -> CACHE (ATIVA)
2026-09-10 15:45:14 | INFO | bdc.receita | [1251/2903] CNPJ 57497539001359 -> CACHE (ATIVA)
2026-09-10 15:45:14 | INFO | bdc.receita | [1252/2903] CNPJ 09054741000120 -> CACHE (ATIVA)
2026-09-10 15:45:14 | INFO | bdc.receita | [1253/2903] CNPJ 73695595000110 -> CACHE (ATIVA)
2026-09-10 15:45:14 | INFO | bdc.receita | [1254/2903] CNPJ 78701232000164 -> CACHE (ATIVA)
2026-09-10 15:45:14 | INFO | bdc.receita | [1255/2903] CNPJ 33127947000117 -> CACHE (ATIVA)
2026-09-10 15:45:14 | INFO | bdc.receita | [1256/2903] CNPJ 21908856000130 -> CACHE (ATIVA)
2026-09-10 15:45:14 | INFO | bdc.receita | [1257/2903] CNPJ 00831373007117 -> CACHE (ATIVA)
2026-09-10 15:45:14 | INFO | bdc.receita | [1258/2903] CNPJ 35402521000150 -> CACHE (ATIVA)
2026-09-10 15:45:14 | INFO | bdc.receita | [1259/2903] CNPJ 02227579000155 -> CACHE (ATIVA)
2026-09-10 15:45:14 | INFO | bdc.receita | [1260/2903] CNPJ 33059528000195 -> CACHE (ATIVA)
2026-09-10 15:45:14 | INFO | bdc.receita | [1261/2903] CNPJ 26105453000176 -> CACHE (ATIVA)
2026-09-10 15:45:14 | INFO | bdc.receita | [1262/2903] CNPJ 54371133000101 -> CACHE (ATIVA)
2026-09-10 15:45:14 | INFO | bdc.receita | [1263/2903] CNPJ 20686723000101 -> CACHE (ATIVA)
2026-09-10 15:45:14 | INFO | bdc.receita | [1264/2903] CNPJ 24058142000178 -> CACHE (ATIVA)
2026-09-10 15:45:14 | INFO | bdc.receita | [1265/2903] CNPJ 03495216000163 -> CACHE (ATIVA)
2026-09-10 15:45:14 | INFO | bdc.receita | [1266/2903] CNPJ 04346278000176 -> CACHE (ATIVA)
2026-09-10 15:45:14 | INFO | bdc.receita | [1267/2903] CNPJ 05935151000155 -> CACHE (ATIVA)
2026-09-10 15:45:14 | INFO | bdc.receita | [1268/2903] CNPJ 18866111000140 -> CACHE (ATIVA)
2026-09-10 15:45:14 | INFO | bdc.receita | [1269/2903] CNPJ 12809025000110 -> CACHE (ATIVA)
2026-09-10 15:45:14 | INFO | bdc.receita | [1270/2903] CNPJ 07823304000106 -> CACHE (ATIVA)
2026-09-10 15:45:14 | INFO | bdc.receita | [1271/2903] CNPJ 00366257000161 -> CACHE (ATIVA)
2026-09-10 15:45:14 | INFO | bdc.receita | [1272/2903] CNPJ 43843358000865 -> CACHE (ATIVA)
2026-09-10 15:45:14 | INFO | bdc.receita | [1273/2903] CNPJ 28803705000166 -> CACHE (ATIVA)
2026-09-10 15:45:14 | INFO | bdc.receita | [1274/2903] CNPJ 02359572000430 -> CACHE (ATIVA)
2026-09-10 15:45:14 | INFO | bdc.receita | [1275/2903] CNPJ 09023479000156 -> CACHE (ATIVA)
2026-09-10 15:45:14 | INFO | bdc.receita | [1276/2903] CNPJ 25319200000132 -> CACHE (ATIVA)
2026-09-10 15:45:14 | INFO | bdc.receita | [1277/2903] CNPJ 29993083000149 -> CACHE (ATIVA)
2026-09-10 15:45:14 | INFO | bdc.receita | [1278/2903] CNPJ 28583371000162 -> CACHE (ATIVA)
2026-09-10 15:45:14 | INFO | bdc.receita | [1279/2903] CNPJ 05096536000176 -> CACHE (ATIVA)
2026-09-10 15:45:14 | INFO | bdc.receita | [1280/2903] CNPJ 31590862000145 -> CACHE (ATIVA)
2026-09-10 15:45:14 | INFO | bdc.receita | [1281/2903] CNPJ 03504139000160 -> CACHE (ATIVA)
2026-09-10 15:45:14 | INFO | bdc.receita | [1282/2903] CNPJ 06928712000151 -> CACHE (ATIVA)
2026-09-10 15:45:14 | INFO | bdc.receita | [1283/2903] CNPJ 40727874000160 -> CACHE (ATIVA)
2026-09-10 15:45:14 | INFO | bdc.receita | [1284/2903] CNPJ 77396810000133 -> CACHE (ATIVA)
2026-09-10 15:45:14 | INFO | bdc.receita | [1285/2903] CNPJ 35823536000272 -> CACHE (ATIVA)
2026-09-10 15:45:14 | INFO | bdc.receita | [1286/2903] CNPJ 51735503000146 -> CACHE (ATIVA)
2026-09-10 15:45:14 | INFO | bdc.receita | [1287/2903] CNPJ 05748063000144 -> CACHE (ATIVA)
2026-09-10 15:45:14 | INFO | bdc.receita | [1288/2903] CNPJ 08670308000156 -> CACHE (ATIVA)
2026-09-10 15:45:14 | INFO | bdc.receita | [1289/2903] CNPJ 03649445000438 -> CACHE (ATIVA)
2026-09-10 15:45:14 | INFO | bdc.receita | [1290/2903] CNPJ 05165324000101 -> CACHE (ATIVA)
2026-09-10 15:45:14 | INFO | bdc.receita | [1291/2903] CNPJ 00662514000102 -> CACHE (ATIVA)
2026-09-10 15:45:14 | INFO | bdc.receita | [1292/2903] CNPJ 47938840000163 -> CACHE (ATIVA)
2026-09-10 15:45:14 | INFO | bdc.receita | [1293/2903] CNPJ 45931904000179 -> CACHE (ATIVA)
2026-09-10 15:45:14 | INFO | bdc.receita | [1294/2903] CNPJ 84229624000175 -> CACHE (ATIVA)
2026-09-10 15:45:14 | INFO | bdc.receita | [1295/2903] CNPJ 00374121000101 -> CACHE (ATIVA)
2026-09-10 15:45:14 | INFO | bdc.receita | [1296/2903] CNPJ 04945225000171 -> CACHE (ATIVA)
2026-09-10 15:45:14 | INFO | bdc.receita | [1297/2903] CNPJ 10847721000195 -> CACHE (ATIVA)
2026-09-10 15:45:14 | INFO | bdc.receita | [1298/2903] CNPJ 80362601000183 -> CACHE (ATIVA)
2026-09-10 15:45:14 | INFO | bdc.receita | [1299/2903] CNPJ 01941753000164 -> CACHE (ATIVA)
2026-09-10 15:45:14 | INFO | bdc.receita | [1300/2903] CNPJ 82719956000102 -> CACHE (ATIVA)
2026-09-10 15:45:14 | INFO | bdc.receita | [1301/2903] CNPJ 39335973000206 -> CACHE (ATIVA)
2026-09-10 15:45:14 | INFO | bdc.receita | [1302/2903] CNPJ 57497539000700 -> CACHE (ATIVA)
2026-09-10 15:45:14 | INFO | bdc.receita | [1303/2903] CNPJ 10435853000100 -> CACHE (ATIVA)
2026-09-10 15:45:14 | INFO | bdc.receita | [1304/2903] CNPJ 48740849000128 -> CACHE (ATIVA)
2026-09-10 15:45:14 | INFO | bdc.receita | [1305/2903] CNPJ 00568480000191 -> CACHE (ATIVA)
2026-09-10 15:45:14 | INFO | bdc.receita | [1306/2903] CNPJ 15578569000106 -> CACHE (ATIVA)
2026-09-10 15:45:14 | INFO | bdc.receita | [1307/2903] CNPJ 35691397000190 -> CACHE (ATIVA)
2026-09-10 15:45:14 | INFO | bdc.receita | [1308/2903] CNPJ 19868855000167 -> CACHE (ATIVA)
2026-09-10 15:45:14 | INFO | bdc.receita | [1309/2903] CNPJ 21484454000155 -> CACHE (ATIVA)
2026-09-10 15:45:14 | INFO | bdc.receita | [1310/2903] CNPJ 09092458000192 -> CACHE (ATIVA)
2026-09-10 15:45:14 | INFO | bdc.receita | [1311/2903] CNPJ 82368028000140 -> CACHE (ATIVA)
2026-09-10 15:45:14 | INFO | bdc.receita | [1312/2903] CNPJ 83175661000185 -> CACHE (ATIVA)
2026-09-10 15:45:14 | INFO | bdc.receita | [1313/2903] CNPJ 09481584000139 -> CACHE (ATIVA)
2026-09-10 15:45:14 | INFO | bdc.receita | [1314/2903] CNPJ 81402026000168 -> CACHE (ATIVA)
2026-09-10 15:45:14 | INFO | bdc.receita | [1315/2903] CNPJ 34980728000149 -> CACHE (ATIVA)
2026-09-10 15:45:14 | INFO | bdc.receita | [1316/2903] CNPJ 06126316000100 -> CACHE (ATIVA)
2026-09-10 15:45:14 | INFO | bdc.receita | [1317/2903] CNPJ 51466860006278 -> CACHE (ATIVA)
2026-09-10 15:45:14 | INFO | bdc.receita | [1318/2903] CNPJ 76071950000179 -> CACHE (ATIVA)
2026-09-10 15:45:14 | INFO | bdc.receita | [1319/2903] CNPJ 81433765000117 -> CACHE (ATIVA)
2026-09-10 15:45:14 | INFO | bdc.receita | [1320/2903] CNPJ 03699509000162 -> CACHE (ATIVA)
2026-09-10 15:45:14 | INFO | bdc.receita | [1321/2903] CNPJ 07685694000510 -> CACHE (ATIVA)
2026-09-10 15:45:14 | INFO | bdc.receita | [1322/2903] CNPJ 04695131000191 -> CACHE (ATIVA)
2026-09-10 15:45:14 | INFO | bdc.receita | [1323/2903] CNPJ 29984961000160 -> CACHE (ATIVA)
2026-09-10 15:45:14 | INFO | bdc.receita | [1324/2903] CNPJ 93384311000182 -> CACHE (ATIVA)
2026-09-10 15:45:14 | INFO | bdc.receita | [1325/2903] CNPJ 83731927006593 -> CACHE (ATIVA)
2026-09-10 15:45:14 | INFO | bdc.receita | [1326/2903] CNPJ 76081892000164 -> CACHE (ATIVA)
2026-09-10 15:45:14 | INFO | bdc.receita | [1327/2903] CNPJ 51378321000165 -> CACHE (ATIVA)
2026-09-10 15:45:14 | INFO | bdc.receita | [1328/2903] CNPJ 04352277000215 -> CACHE (ATIVA)
2026-09-10 15:45:14 | INFO | bdc.receita | [1329/2903] CNPJ 04557530000196 -> CACHE (ATIVA)
2026-09-10 15:45:14 | INFO | bdc.receita | [1330/2903] CNPJ 12802866000103 -> CACHE (ATIVA)
2026-09-10 15:45:14 | INFO | bdc.receita | [1331/2903] CNPJ 30493245000169 -> CACHE (ATIVA)
2026-09-10 15:45:14 | INFO | bdc.receita | [1332/2903] CNPJ 53224085000158 -> CACHE (ATIVA)
2026-09-10 15:45:14 | INFO | bdc.receita | [1333/2903] CNPJ 08689024000101 -> CACHE (ATIVA)
2026-09-10 15:45:14 | INFO | bdc.receita | [1334/2903] CNPJ 18891185000137 -> CACHE (ATIVA)
2026-09-10 15:45:14 | INFO | bdc.receita | [1335/2903] CNPJ 11523063000149 -> CACHE (ATIVA)
2026-09-10 15:45:14 | INFO | bdc.receita | [1336/2903] CNPJ 17481242000147 -> CACHE (ATIVA)
2026-09-10 15:45:14 | INFO | bdc.receita | [1337/2903] CNPJ 75272013000119 -> CACHE (ATIVA)
2026-09-10 15:45:14 | INFO | bdc.receita | [1338/2903] CNPJ 12802835000144 -> CACHE (ATIVA)
2026-09-10 15:45:14 | INFO | bdc.receita | [1339/2903] CNPJ 22170908000186 -> CACHE (ATIVA)
2026-09-10 15:45:14 | INFO | bdc.receita | [1340/2903] CNPJ 76848506000117 -> CACHE (ATIVA)
2026-09-10 15:45:14 | INFO | bdc.receita | [1341/2903] CNPJ 11820864000176 -> CACHE (ATIVA)
2026-09-10 15:45:14 | INFO | bdc.receita | [1342/2903] CNPJ 10254617000197 -> CACHE (ATIVA)
2026-09-10 15:45:14 | INFO | bdc.receita | [1343/2903] CNPJ 11154502000193 -> CACHE (ATIVA)
2026-09-10 15:45:14 | INFO | bdc.receita | [1344/2903] CNPJ 20862635000105 -> CACHE (ATIVA)
2026-09-10 15:45:14 | INFO | bdc.receita | [1345/2903] CNPJ 78473360000106 -> CACHE (ATIVA)
2026-09-10 15:45:14 | INFO | bdc.receita | [1346/2903] CNPJ 34562112000158 -> CACHE (ATIVA)
2026-09-10 15:45:14 | INFO | bdc.receita | [1347/2903] CNPJ 59895385000145 -> CACHE (ATIVA)
2026-09-10 15:45:14 | INFO | bdc.receita | [1348/2903] CNPJ 43014521000704 -> CACHE (ATIVA)
2026-09-10 15:45:14 | INFO | bdc.receita | [1349/2903] CNPJ 76291251000134 -> CACHE (ATIVA)
2026-09-10 15:45:14 | INFO | bdc.receita | [1350/2903] CNPJ 87904843000109 -> CACHE (ATIVA)
2026-09-10 15:45:14 | INFO | bdc.receita | [1351/2903] CNPJ 13788120000147 -> CACHE (ATIVA)
2026-09-10 15:45:14 | INFO | bdc.receita | [1352/2903] CNPJ 82439134000178 -> CACHE (ATIVA)
2026-09-10 15:45:14 | INFO | bdc.receita | [1353/2903] CNPJ 11503759000103 -> CACHE (ATIVA)
2026-09-10 15:45:14 | INFO | bdc.receita | [1354/2903] CNPJ 11586009000142 -> CACHE (ATIVA)
2026-09-10 15:45:14 | INFO | bdc.receita | [1355/2903] CNPJ 27690671000188 -> CACHE (ATIVA)
2026-09-10 15:45:14 | INFO | bdc.receita | [1356/2903] CNPJ 01203549000227 -> CACHE (ATIVA)
2026-09-10 15:45:14 | INFO | bdc.receita | [1357/2903] CNPJ 33933760000291 -> CACHE (ATIVA)
2026-09-10 15:45:14 | INFO | bdc.receita | [1358/2903] CNPJ 05428961000115 -> CACHE (ATIVA)
2026-09-10 15:45:14 | INFO | bdc.receita | [1359/2903] CNPJ 42008546000139 -> CACHE (ATIVA)
2026-09-10 15:45:14 | INFO | bdc.receita | [1360/2903] CNPJ 87007910000184 -> CACHE (ATIVA)
2026-09-10 15:45:14 | INFO | bdc.receita | [1361/2903] CNPJ 11599292000147 -> CACHE (ATIVA)
2026-09-10 15:45:14 | INFO | bdc.receita | [1362/2903] CNPJ 78696499000100 -> CACHE (ATIVA)
2026-09-10 15:45:14 | INFO | bdc.receita | [1363/2903] CNPJ 05367948000101 -> CACHE (ATIVA)
2026-09-10 15:45:14 | INFO | bdc.receita | [1364/2903] CNPJ 33010786000187 -> CACHE (ATIVA)
2026-09-10 15:45:14 | INFO | bdc.receita | [1365/2903] CNPJ 03095111000117 -> CACHE (ATIVA)
2026-09-10 15:45:14 | INFO | bdc.receita | [1366/2903] CNPJ 35306327000170 -> CACHE (ATIVA)
2026-09-10 15:45:14 | INFO | bdc.receita | [1367/2903] CNPJ 10140938000160 -> CACHE (ATIVA)
2026-09-10 15:45:14 | INFO | bdc.receita | [1368/2903] CNPJ 76430438000171 -> CACHE (ATIVA)
2026-09-10 15:45:14 | INFO | bdc.receita | [1369/2903] CNPJ 34475373000130 -> CACHE (ATIVA)
2026-09-10 15:45:14 | INFO | bdc.receita | [1370/2903] CNPJ 02759989000147 -> CACHE (ATIVA)
2026-09-10 15:45:14 | INFO | bdc.receita | [1371/2903] CNPJ 04207872000186 -> CACHE (ATIVA)
2026-09-10 15:45:14 | INFO | bdc.receita | [1372/2903] CNPJ 04308017000161 -> CACHE (ATIVA)
2026-09-10 15:45:14 | INFO | bdc.receita | [1373/2903] CNPJ 07594978000178 -> CACHE (ATIVA)
2026-09-10 15:45:14 | INFO | bdc.receita | [1374/2903] CNPJ 81482895000140 -> CACHE (ATIVA)
2026-09-10 15:45:14 | INFO | bdc.receita | [1375/2903] CNPJ 51775690000191 -> CACHE (ATIVA)
2026-09-10 15:45:14 | INFO | bdc.receita | [1376/2903] CNPJ 01874166000108 -> CACHE (ATIVA)
2026-09-10 15:45:14 | INFO | bdc.receita | [1377/2903] CNPJ 84298926000103 -> CACHE (ATIVA)
2026-09-10 15:45:14 | INFO | bdc.receita | [1378/2903] CNPJ 04240370000157 -> CACHE (ATIVA)
2026-09-10 15:45:14 | INFO | bdc.receita | [1379/2903] CNPJ 03298956000100 -> CACHE (ATIVA)
2026-09-10 15:45:14 | INFO | bdc.receita | [1380/2903] CNPJ 22395724000114 -> CACHE (ATIVA)
2026-09-10 15:45:14 | INFO | bdc.receita | [1381/2903] CNPJ 02916265000160 -> CACHE (ATIVA)
2026-09-10 15:45:14 | INFO | bdc.receita | [1382/2903] CNPJ 13743550000657 -> CACHE (ATIVA)
2026-09-10 15:45:14 | INFO | bdc.receita | [1383/2903] CNPJ 00021096000417 -> CACHE (ATIVA)
2026-09-10 15:45:14 | INFO | bdc.receita | [1384/2903] CNPJ 35865640000149 -> CACHE (ATIVA)
2026-09-10 15:45:14 | INFO | bdc.receita | [1385/2903] CNPJ 13176619000101 -> CACHE (ATIVA)
2026-09-10 15:45:14 | INFO | bdc.receita | [1386/2903] CNPJ 48563988000123 -> CACHE (ATIVA)
2026-09-10 15:45:14 | INFO | bdc.receita | [1387/2903] CNPJ 54898614000161 -> CACHE (ATIVA)
2026-09-10 15:45:14 | INFO | bdc.receita | [1388/2903] CNPJ 26633906000137 -> CACHE (ATIVA)
2026-09-10 15:45:14 | INFO | bdc.receita | [1389/2903] CNPJ 18859687000180 -> CACHE (ATIVA)
2026-09-10 15:45:14 | INFO | bdc.receita | [1390/2903] CNPJ 67375782000386 -> CACHE (ATIVA)
2026-09-10 15:45:14 | INFO | bdc.receita | [1391/2903] CNPJ 39702823000102 -> CACHE (ATIVA)
2026-09-10 15:45:14 | INFO | bdc.receita | [1392/2903] CNPJ 43412008000178 -> CACHE (ATIVA)
2026-09-10 15:45:14 | INFO | bdc.receita | [1393/2903] CNPJ 10671322000116 -> CACHE (ATIVA)
2026-09-10 15:45:14 | INFO | bdc.receita | [1394/2903] CNPJ 55685369000177 -> CACHE (ATIVA)
2026-09-10 15:45:14 | INFO | bdc.receita | [1395/2903] CNPJ 44589885000181 -> CACHE (ATIVA)
2026-09-10 15:45:14 | INFO | bdc.receita | [1396/2903] CNPJ 14738350000164 -> CACHE (ATIVA)
2026-09-10 15:45:14 | INFO | bdc.receita | [1397/2903] CNPJ 00831245000160 -> CACHE (ATIVA)
2026-09-10 15:45:14 | INFO | bdc.receita | [1398/2903] CNPJ 34497145000161 -> CACHE (ATIVA)
2026-09-10 15:45:14 | INFO | bdc.receita | [1399/2903] CNPJ 07685501000106 -> CACHE (ATIVA)
2026-09-10 15:45:14 | INFO | bdc.receita | [1400/2903] CNPJ 04768477000172 -> CACHE (ATIVA)
2026-09-10 15:45:14 | INFO | bdc.receita | [1401/2903] CNPJ 04908757000139 -> CACHE (ATIVA)
2026-09-10 15:45:14 | INFO | bdc.receita | [1402/2903] CNPJ 75802041000109 -> CACHE (ATIVA)
2026-09-10 15:45:14 | INFO | bdc.receita | [1403/2903] CNPJ 05338877000100 -> CACHE (ATIVA)
2026-09-10 15:45:14 | INFO | bdc.receita | [1404/2903] CNPJ 08887245000194 -> CACHE (ATIVA)
2026-09-10 15:45:14 | INFO | bdc.receita | [1405/2903] CNPJ 15458171000136 -> CACHE (ATIVA)
2026-09-10 15:45:14 | INFO | bdc.receita | [1406/2903] CNPJ 01785345000160 -> CACHE (ATIVA)
2026-09-10 15:45:14 | INFO | bdc.receita | [1407/2903] CNPJ 07957149000102 -> CACHE (ATIVA)
2026-09-10 15:45:14 | INFO | bdc.receita | [1408/2903] CNPJ 60464237000155 -> CACHE (ATIVA)
2026-09-10 15:45:14 | INFO | bdc.receita | [1409/2903] CNPJ 61526398000199 -> CACHE (ATIVA)
2026-09-10 15:45:14 | INFO | bdc.receita | [1410/2903] CNPJ 59106666000171 -> CACHE (ATIVA)
2026-09-10 15:45:14 | INFO | bdc.receita | [1411/2903] CNPJ 29557777000133 -> CACHE (ATIVA)
2026-09-10 15:45:14 | INFO | bdc.receita | [1412/2903] CNPJ 93866531000142 -> CACHE (ATIVA)
2026-09-10 15:45:14 | INFO | bdc.receita | [1413/2903] CNPJ 56959422000143 -> CACHE (ATIVA)
2026-09-10 15:45:14 | INFO | bdc.receita | [1414/2903] CNPJ 60619202003325 -> CACHE (ATIVA)
2026-09-10 15:45:14 | INFO | bdc.receita | [1415/2903] CNPJ 08336804000178 -> CACHE (ATIVA)
2026-09-10 15:45:14 | INFO | bdc.receita | [1416/2903] CNPJ 87203121000119 -> CACHE (ATIVA)
2026-09-10 15:45:14 | INFO | bdc.receita | [1417/2903] CNPJ 77948750000114 -> CACHE (ATIVA)
2026-09-10 15:45:14 | INFO | bdc.receita | [1418/2903] CNPJ 04878613000187 -> CACHE (ATIVA)
2026-09-10 15:45:14 | INFO | bdc.receita | [1419/2903] CNPJ 80255060000194 -> CACHE (ATIVA)
2026-09-10 15:45:14 | INFO | bdc.receita | [1420/2903] CNPJ 28547761000187 -> CACHE (ATIVA)
2026-09-10 15:45:14 | INFO | bdc.receita | [1421/2903] CNPJ 15139629000194 -> CACHE (ATIVA)
2026-09-10 15:45:14 | INFO | bdc.receita | [1422/2903] CNPJ 09607810000185 -> CACHE (ATIVA)
2026-09-10 15:45:14 | INFO | bdc.receita | [1423/2903] CNPJ 10394422000142 -> CACHE (ATIVA)
2026-09-10 15:45:14 | INFO | bdc.receita | [1424/2903] CNPJ 09053134000145 -> CACHE (ATIVA)
2026-09-10 15:45:14 | INFO | bdc.receita | [1425/2903] CNPJ 60855574000173 -> CACHE (ATIVA)
2026-09-10 15:45:14 | INFO | bdc.receita | [1426/2903] CNPJ 08540795000132 -> CACHE (ATIVA)
2026-09-10 15:45:14 | INFO | bdc.receita | [1427/2903] CNPJ 18384740000134 -> CACHE (ATIVA)
2026-09-10 15:45:14 | INFO | bdc.receita | [1428/2903] CNPJ 00412182000108 -> CACHE (ATIVA)
2026-09-10 15:45:14 | INFO | bdc.receita | [1429/2903] CNPJ 47634450000108 -> CACHE (ATIVA)
2026-09-10 15:45:14 | INFO | bdc.receita | [1430/2903] CNPJ 00158606000150 -> CACHE (ATIVA)
2026-09-10 15:45:14 | INFO | bdc.receita | [1431/2903] CNPJ 51784262000125 -> CACHE (ATIVA)
2026-09-10 15:45:14 | INFO | bdc.receita | [1432/2903] CNPJ 40623898000179 -> CACHE (ATIVA)
2026-09-10 15:45:14 | INFO | bdc.receita | [1433/2903] CNPJ 01961898000127 -> CACHE (ATIVA)
2026-09-10 15:45:14 | INFO | bdc.receita | [1434/2903] CNPJ 21228540000105 -> CACHE (ATIVA)
2026-09-10 15:45:14 | INFO | bdc.receita | [1435/2903] CNPJ 01599436000101 -> CACHE (ATIVA)
2026-09-10 15:45:14 | INFO | bdc.receita | [1436/2903] CNPJ 07882964000150 -> CACHE (ATIVA)
2026-09-10 15:45:14 | INFO | bdc.receita | [1437/2903] CNPJ 95851390000110 -> CACHE (ATIVA)
2026-09-10 15:45:14 | INFO | bdc.receita | [1438/2903] CNPJ 45829681000133 -> CACHE (ATIVA)
2026-09-10 15:45:14 | INFO | bdc.receita | [1439/2903] CNPJ 11315117000180 -> CACHE (ATIVA)
2026-09-10 15:45:14 | INFO | bdc.receita | [1440/2903] CNPJ 32112142000137 -> CACHE (ATIVA)
2026-09-10 15:45:14 | INFO | bdc.receita | [1441/2903] CNPJ 07133522000100 -> CACHE (BAIXADA)
2026-09-10 15:45:14 | INFO | bdc.receita | [1442/2903] CNPJ 18803654000461 -> CACHE (ATIVA)
2026-09-10 15:45:14 | INFO | bdc.receita | [1443/2903] CNPJ 05444083000121 -> CACHE (ATIVA)
2026-09-10 15:45:14 | INFO | bdc.receita | [1444/2903] CNPJ 06293564000146 -> CACHE (ATIVA)
2026-09-10 15:45:14 | INFO | bdc.receita | [1445/2903] CNPJ 05914226000111 -> CACHE (ATIVA)
2026-09-10 15:45:14 | INFO | bdc.receita | [1446/2903] CNPJ 07316858000109 -> CACHE (ATIVA)
2026-09-10 15:45:14 | INFO | bdc.receita | [1447/2903] CNPJ 04518259000180 -> CACHE (ATIVA)
2026-09-10 15:45:14 | INFO | bdc.receita | [1448/2903] CNPJ 61409892000173 -> CACHE (ATIVA)
2026-09-10 15:45:14 | INFO | bdc.receita | [1449/2903] CNPJ 07009769000209 -> CACHE (ATIVA)
2026-09-10 15:45:14 | INFO | bdc.receita | [1450/2903] CNPJ 10316811000150 -> CACHE (ATIVA)
2026-09-10 15:45:14 | INFO | bdc.receita | [1451/2903] CNPJ 80238926000159 -> CACHE (ATIVA)
2026-09-10 15:45:14 | INFO | bdc.receita | [1452/2903] CNPJ 74531997000142 -> CACHE (ATIVA)
2026-09-10 15:45:14 | INFO | bdc.receita | [1453/2903] CNPJ 92660604000182 -> CACHE (ATIVA)
2026-09-10 15:45:14 | INFO | bdc.receita | [1454/2903] CNPJ 59904482000157 -> CACHE (ATIVA)
2026-09-10 15:45:14 | INFO | bdc.receita | [1455/2903] CNPJ 00359256000190 -> CACHE (ATIVA)
2026-09-10 15:45:14 | INFO | bdc.receita | [1456/2903] CNPJ 48978448000100 -> CACHE (ATIVA)
2026-09-10 15:45:14 | INFO | bdc.receita | [1457/2903] CNPJ 11486728000191 -> CACHE (ATIVA)
2026-09-10 15:45:14 | INFO | bdc.receita | [1458/2903] CNPJ 03731287000118 -> CACHE (ATIVA)
2026-09-10 15:45:14 | INFO | bdc.receita | [1459/2903] CNPJ 80020761000144 -> CACHE (ATIVA)
2026-09-10 15:45:14 | INFO | bdc.receita | [1460/2903] CNPJ 04817933000127 -> CACHE (ATIVA)
2026-09-10 15:45:14 | INFO | bdc.receita | [1461/2903] CNPJ 01962011000115 -> CACHE (ATIVA)
2026-09-10 15:45:14 | INFO | bdc.receita | [1462/2903] CNPJ 08773135000100 -> CACHE (ATIVA)
2026-09-10 15:45:14 | INFO | bdc.receita | [1463/2903] CNPJ 07794616000120 -> CACHE (ATIVA)
2026-09-10 15:45:14 | INFO | bdc.receita | [1464/2903] CNPJ 35360212000164 -> CACHE (ATIVA)
2026-09-10 15:45:14 | INFO | bdc.receita | [1465/2903] CNPJ 29920394000188 -> CACHE (ATIVA)
2026-09-10 15:45:14 | INFO | bdc.receita | [1466/2903] CNPJ 02429732000127 -> CACHE (BAIXADA)
2026-09-10 15:45:14 | INFO | bdc.receita | [1467/2903] CNPJ 17069905000110 -> CACHE (ATIVA)
2026-09-10 15:45:14 | INFO | bdc.receita | [1468/2903] CNPJ 43948561000120 -> CACHE (ATIVA)
2026-09-10 15:45:14 | INFO | bdc.receita | [1469/2903] CNPJ 82295817000107 -> CACHE (ATIVA)
2026-09-10 15:45:14 | INFO | bdc.receita | [1470/2903] CNPJ 09391823000240 -> CACHE (ATIVA)
2026-09-10 15:45:14 | INFO | bdc.receita | [1471/2903] CNPJ 03407049000151 -> CACHE (ATIVA)
2026-09-10 15:45:14 | INFO | bdc.receita | [1472/2903] CNPJ 07323566000101 -> CACHE (ATIVA)
2026-09-10 15:45:14 | INFO | bdc.receita | [1473/2903] CNPJ 09075317000161 -> CACHE (ATIVA)
2026-09-10 15:45:14 | INFO | bdc.receita | [1474/2903] CNPJ 33052515000356 -> CACHE (ATIVA)
2026-09-10 15:45:14 | INFO | bdc.receita | [1475/2903] CNPJ 77867984000137 -> CACHE (ATIVA)
2026-09-10 15:45:14 | INFO | bdc.receita | [1476/2903] CNPJ 84046101000193 -> CACHE (ATIVA)
2026-09-10 15:45:14 | INFO | bdc.receita | [1477/2903] CNPJ 18845076000183 -> CACHE (ATIVA)
2026-09-10 15:45:14 | INFO | bdc.receita | [1478/2903] CNPJ 04895728000180 -> CACHE (ATIVA)
2026-09-10 15:45:14 | INFO | bdc.receita | [1479/2903] CNPJ 72909146000165 -> CACHE (ATIVA)
2026-09-10 15:45:14 | INFO | bdc.receita | [1480/2903] CNPJ 10500221000182 -> CACHE (ATIVA)
2026-09-10 15:45:14 | INFO | bdc.receita | [1481/2903] CNPJ 83310441000117 -> CACHE (ATIVA)
2026-09-10 15:45:14 | INFO | bdc.receita | [1482/2903] CNPJ 85285963000131 -> CACHE (ATIVA)
2026-09-10 15:45:14 | INFO | bdc.receita | [1483/2903] CNPJ 39904195000130 -> CACHE (ATIVA)
2026-09-10 15:45:14 | INFO | bdc.receita | [1484/2903] CNPJ 32234363000188 -> CACHE (ATIVA)
2026-09-10 15:45:14 | INFO | bdc.receita | [1485/2903] CNPJ 04432327000193 -> CACHE (ATIVA)
2026-09-10 15:45:14 | INFO | bdc.receita | [1486/2903] CNPJ 31835348000122 -> CACHE (ATIVA)
2026-09-10 15:45:14 | INFO | bdc.receita | [1487/2903] CNPJ 76681550000185 -> CACHE (ATIVA)
2026-09-10 15:45:14 | INFO | bdc.receita | [1488/2903] CNPJ 88065321000115 -> CACHE (ATIVA)
2026-09-10 15:45:14 | INFO | bdc.receita | [1489/2903] CNPJ 04270778000171 -> CACHE (ATIVA)
2026-09-10 15:45:14 | INFO | bdc.receita | [1490/2903] CNPJ 29294271000260 -> CACHE (ATIVA)
2026-09-10 15:45:14 | INFO | bdc.receita | [1491/2903] CNPJ 28021619000100 -> CACHE (ATIVA)
2026-09-10 15:45:14 | INFO | bdc.receita | [1492/2903] CNPJ 84894138000171 -> CACHE (ATIVA)
2026-09-10 15:45:14 | INFO | bdc.receita | [1493/2903] CNPJ 04416098000113 -> CACHE (ATIVA)
2026-09-10 15:45:14 | INFO | bdc.receita | [1494/2903] CNPJ 13091683000181 -> CACHE (ATIVA)
2026-09-10 15:45:14 | INFO | bdc.receita | [1495/2903] CNPJ 01838723000127 -> CACHE (ATIVA)
2026-09-10 15:45:14 | INFO | bdc.receita | [1496/2903] CNPJ 02529745000259 -> CACHE (ATIVA)
2026-09-10 15:45:14 | INFO | bdc.receita | [1497/2903] CNPJ 37096663000161 -> CACHE (ATIVA)
2026-09-10 15:45:14 | INFO | bdc.receita | [1498/2903] CNPJ 59105635000287 -> CACHE (ATIVA)
2026-09-10 15:45:14 | INFO | bdc.receita | [1499/2903] CNPJ 06113322000123 -> CACHE (ATIVA)
2026-09-10 15:45:14 | INFO | bdc.receita | [1500/2903] CNPJ 05298154000125 -> CACHE (ATIVA)
2026-09-10 15:45:14 | INFO | bdc.receita | [1501/2903] CNPJ 60879848000164 -> CACHE (ATIVA)
2026-09-10 15:45:14 | INFO | bdc.receita | [1502/2903] CNPJ 03402181000170 -> CACHE (ATIVA)
2026-09-10 15:45:14 | INFO | bdc.receita | [1503/2903] CNPJ 03447413000107 -> CACHE (ATIVA)
2026-09-10 15:45:14 | INFO | bdc.receita | [1504/2903] CNPJ 42311687000126 -> CACHE (ATIVA)
2026-09-10 15:45:14 | INFO | bdc.receita | [1505/2903] CNPJ 37427693000103 -> CACHE (ATIVA)
2026-09-10 15:45:14 | INFO | bdc.receita | [1506/2903] CNPJ 75875773000110 -> CACHE (ATIVA)
2026-09-10 15:45:14 | INFO | bdc.receita | [1507/2903] CNPJ 02446766000120 -> CACHE (ATIVA)
2026-09-10 15:45:14 | INFO | bdc.receita | [1508/2903] CNPJ 88614078000147 -> CACHE (ATIVA)
2026-09-10 15:45:14 | INFO | bdc.receita | [1509/2903] CNPJ 04856747000105 -> CACHE (ATIVA)
2026-09-10 15:45:14 | INFO | bdc.receita | [1510/2903] CNPJ 13152186000146 -> CACHE (ATIVA)
2026-09-10 15:45:14 | INFO | bdc.receita | [1511/2903] CNPJ 13145928000106 -> CACHE (ATIVA)
2026-09-10 15:45:14 | INFO | bdc.receita | [1512/2903] CNPJ 91143784000162 -> CACHE (ATIVA)
2026-09-10 15:45:14 | INFO | bdc.receita | [1513/2903] CNPJ 11017349000152 -> CACHE (ATIVA)
2026-09-10 15:45:14 | INFO | bdc.receita | [1514/2903] CNPJ 24510849000173 -> CACHE (ATIVA)
2026-09-10 15:45:14 | INFO | bdc.receita | [1515/2903] CNPJ 02836056011906 -> CACHE (ATIVA)
2026-09-10 15:45:14 | INFO | bdc.receita | [1516/2903] CNPJ 01717285000220 -> CACHE (ATIVA)
2026-09-10 15:45:14 | INFO | bdc.receita | [1517/2903] CNPJ 30097726000155 -> CACHE (ATIVA)
2026-09-10 15:45:14 | INFO | bdc.receita | [1518/2903] CNPJ 27483435000190 -> CACHE (ATIVA)
2026-09-10 15:45:14 | INFO | bdc.receita | [1519/2903] CNPJ 94819729000138 -> CACHE (ATIVA)
2026-09-10 15:45:14 | INFO | bdc.receita | [1520/2903] CNPJ 21109697000103 -> CACHE (ATIVA)
2026-09-10 15:45:14 | INFO | bdc.receita | [1521/2903] CNPJ 76518836000144 -> CACHE (BAIXADA)
2026-09-10 15:45:14 | INFO | bdc.receita | [1522/2903] CNPJ 80233380000143 -> CACHE (ATIVA)
2026-09-10 15:45:14 | INFO | bdc.receita | [1523/2903] CNPJ 75029595000107 -> CACHE (ATIVA)
2026-09-10 15:45:14 | INFO | bdc.receita | [1524/2903] CNPJ 55983670000167 -> CACHE (ATIVA)
2026-09-10 15:45:14 | INFO | bdc.receita | [1525/2903] CNPJ 12116917000135 -> CACHE (ATIVA)
2026-09-10 15:45:14 | INFO | bdc.receita | [1526/2903] CNPJ 25926205000123 -> CACHE (ATIVA)
2026-09-10 15:45:14 | INFO | bdc.receita | [1527/2903] CNPJ 64151160000114 -> CACHE (ATIVA)
2026-09-10 15:45:14 | INFO | bdc.receita | [1528/2903] CNPJ 75227801000193 -> CACHE (ATIVA)
2026-09-10 15:45:14 | INFO | bdc.receita | [1529/2903] CNPJ 87755799000104 -> CACHE (ATIVA)
2026-09-10 15:45:14 | INFO | bdc.receita | [1530/2903] CNPJ 28327394000106 -> CACHE (ATIVA)
2026-09-10 15:45:14 | INFO | bdc.receita | [1531/2903] CNPJ 56816085000135 -> CACHE (ATIVA)
2026-09-10 15:45:14 | INFO | bdc.receita | [1532/2903] CNPJ 82637109000107 -> CACHE (ATIVA)
2026-09-10 15:45:14 | INFO | bdc.receita | [1533/2903] CNPJ 04149295000113 -> CACHE (ATIVA)
2026-09-10 15:45:14 | INFO | bdc.receita | [1534/2903] CNPJ 07700052000110 -> CACHE (ATIVA)
2026-09-10 15:45:14 | INFO | bdc.receita | [1535/2903] CNPJ 13743550000738 -> CACHE (ATIVA)
2026-09-10 15:45:14 | INFO | bdc.receita | [1536/2903] CNPJ 82639477000186 -> CACHE (ATIVA)
2026-09-10 15:45:14 | INFO | bdc.receita | [1537/2903] CNPJ 10241516000181 -> CACHE (ATIVA)
2026-09-10 15:45:14 | INFO | bdc.receita | [1538/2903] CNPJ 84831478000153 -> CACHE (ATIVA)
2026-09-10 15:45:14 | INFO | bdc.receita | [1539/2903] CNPJ 05022285000185 -> CACHE (ATIVA)
2026-09-10 15:45:14 | INFO | bdc.receita | [1540/2903] CNPJ 07442711000165 -> CACHE (ATIVA)
2026-09-10 15:45:14 | INFO | bdc.receita | [1541/2903] CNPJ 82036641000594 -> CACHE (ATIVA)
2026-09-10 15:45:14 | INFO | bdc.receita | [1542/2903] CNPJ 02419765000196 -> CACHE (ATIVA)
2026-09-10 15:45:14 | INFO | bdc.receita | [1543/2903] CNPJ 42566752000164 -> CACHE (ATIVA)
2026-09-10 15:45:14 | INFO | bdc.receita | [1544/2903] CNPJ 13348048000137 -> CACHE (ATIVA)
2026-09-10 15:45:14 | INFO | bdc.receita | [1545/2903] CNPJ 79704961000137 -> CACHE (ATIVA)
2026-09-10 15:45:14 | INFO | bdc.receita | [1546/2903] CNPJ 91362590000158 -> CACHE (ATIVA)
2026-09-10 15:45:14 | INFO | bdc.receita | [1547/2903] CNPJ 01682147000171 -> CACHE (ATIVA)
2026-09-10 15:45:14 | INFO | bdc.receita | [1548/2903] CNPJ 01125487000100 -> CACHE (ATIVA)
2026-09-10 15:45:14 | INFO | bdc.receita | [1549/2903] CNPJ 07226794000155 -> CACHE (ATIVA)
2026-09-10 15:45:14 | INFO | bdc.receita | [1550/2903] CNPJ 07982576000140 -> CACHE (ATIVA)
2026-09-10 15:45:14 | INFO | bdc.receita | [1551/2903] CNPJ 51372423000173 -> CACHE (ATIVA)
2026-09-10 15:45:14 | INFO | bdc.receita | [1552/2903] CNPJ 24337192000194 -> CACHE (ATIVA)
2026-09-10 15:45:14 | INFO | bdc.receita | [1553/2903] CNPJ 09650965000102 -> CACHE (ATIVA)
2026-09-10 15:45:14 | INFO | bdc.receita | [1554/2903] CNPJ 15361032000190 -> CACHE (ATIVA)
2026-09-10 15:45:14 | INFO | bdc.receita | [1555/2903] CNPJ 29752951000107 -> CACHE (ATIVA)
2026-09-10 15:45:14 | INFO | bdc.receita | [1556/2903] CNPJ 31583235000187 -> CACHE (ATIVA)
2026-09-10 15:45:14 | INFO | bdc.receita | [1557/2903] CNPJ 48725956000187 -> CACHE (ATIVA)
2026-09-10 15:45:14 | INFO | bdc.receita | [1558/2903] CNPJ 52736949000158 -> CACHE (ATIVA)
2026-09-10 15:45:14 | INFO | bdc.receita | [1559/2903] CNPJ 04201168000116 -> CACHE (ATIVA)
2026-09-10 15:45:14 | INFO | bdc.receita | [1560/2903] CNPJ 03206039000158 -> CACHE (ATIVA)
2026-09-10 15:45:14 | INFO | bdc.receita | [1561/2903] CNPJ 02876495000142 -> CACHE (ATIVA)
2026-09-10 15:45:14 | INFO | bdc.receita | [1562/2903] CNPJ 35774326000150 -> CACHE (ATIVA)
2026-09-10 15:45:14 | INFO | bdc.receita | [1563/2903] CNPJ 33060716000214 -> CACHE (ATIVA)
2026-09-10 15:45:14 | INFO | bdc.receita | [1564/2903] CNPJ 77863223004366 -> CACHE (ATIVA)
2026-09-10 15:45:14 | INFO | bdc.receita | [1565/2903] CNPJ 05510471000163 -> CACHE (ATIVA)
2026-09-10 15:45:14 | INFO | bdc.receita | [1566/2903] CNPJ 26537119000191 -> CACHE (ATIVA)
2026-09-10 15:45:14 | INFO | bdc.receita | [1567/2903] CNPJ 00514820001173 -> CACHE (ATIVA)
2026-09-10 15:45:14 | INFO | bdc.receita | [1568/2903] CNPJ 26678845000124 -> CACHE (ATIVA)
2026-09-10 15:45:14 | INFO | bdc.receita | [1569/2903] CNPJ 00071815000161 -> CACHE (ATIVA)
2026-09-10 15:45:14 | INFO | bdc.receita | [1570/2903] CNPJ 78016003000100 -> CACHE (ATIVA)
2026-09-10 15:45:14 | INFO | bdc.receita | [1571/2903] CNPJ 84900091000101 -> CACHE (ATIVA)
2026-09-10 15:45:14 | INFO | bdc.receita | [1572/2903] CNPJ 60561800000103 -> CACHE (ATIVA)
2026-09-10 15:45:14 | INFO | bdc.receita | [1573/2903] CNPJ 00000993000100 -> CACHE (ATIVA)
2026-09-10 15:45:14 | INFO | bdc.receita | [1574/2903] CNPJ 14023604000168 -> CACHE (ATIVA)
2026-09-10 15:45:14 | INFO | bdc.receita | [1575/2903] CNPJ 88695366000173 -> CACHE (ATIVA)
2026-09-10 15:45:14 | INFO | bdc.receita | [1576/2903] CNPJ 02064150000194 -> CACHE (ATIVA)
2026-09-10 15:45:14 | INFO | bdc.receita | [1577/2903] CNPJ 33641663000144 -> CACHE (ATIVA)
2026-09-10 15:45:14 | INFO | bdc.receita | [1578/2903] CNPJ 83011247000130 -> CACHE (ATIVA)
2026-09-10 15:45:14 | INFO | bdc.receita | [1579/2903] CNPJ 92660604001316 -> CACHE (ATIVA)
2026-09-10 15:45:14 | INFO | bdc.receita | [1580/2903] CNPJ 10867501000123 -> CACHE (ATIVA)
2026-09-10 15:45:14 | INFO | bdc.receita | [1581/2903] CNPJ 01144673000188 -> CACHE (ATIVA)
2026-09-10 15:45:14 | INFO | bdc.receita | [1582/2903] CNPJ 32618447000115 -> CACHE (ATIVA)
2026-09-10 15:45:14 | INFO | bdc.receita | [1583/2903] CNPJ 05263293000113 -> CACHE (ATIVA)
2026-09-10 15:45:14 | INFO | bdc.receita | [1584/2903] CNPJ 16617789000164 -> CACHE (ATIVA)
2026-09-10 15:45:14 | INFO | bdc.receita | [1585/2903] CNPJ 43308969000137 -> CACHE (ATIVA)
2026-09-10 15:45:14 | INFO | bdc.receita | [1586/2903] CNPJ 79114450000165 -> CACHE (ATIVA)
2026-09-10 15:45:14 | INFO | bdc.receita | [1587/2903] CNPJ 97837181000147 -> CACHE (ATIVA)
2026-09-10 15:45:14 | INFO | bdc.receita | [1588/2903] CNPJ 07339952000183 -> CACHE (ATIVA)
2026-09-10 15:45:14 | INFO | bdc.receita | [1589/2903] CNPJ 59723874000110 -> CACHE (ATIVA)
2026-09-10 15:45:14 | INFO | bdc.receita | [1590/2903] CNPJ 80840861000117 -> CACHE (ATIVA)
2026-09-10 15:45:14 | INFO | bdc.receita | [1591/2903] CNPJ 11340390000165 -> CACHE (ATIVA)
2026-09-10 15:45:14 | INFO | bdc.receita | [1592/2903] CNPJ 35322362000183 -> CACHE (ATIVA)
2026-09-10 15:45:14 | INFO | bdc.receita | [1593/2903] CNPJ 03825323000102 -> CACHE (ATIVA)
2026-09-10 15:45:14 | INFO | bdc.receita | [1594/2903] CNPJ 11621915000130 -> CACHE (ATIVA)
2026-09-10 15:45:14 | INFO | bdc.receita | [1595/2903] CNPJ 80026115000194 -> CACHE (ATIVA)
2026-09-10 15:45:14 | INFO | bdc.receita | [1596/2903] CNPJ 57879827000304 -> CACHE (ATIVA)
2026-09-10 15:45:14 | INFO | bdc.receita | [1597/2903] CNPJ 19125927000186 -> CACHE (ATIVA)
2026-09-10 15:45:14 | INFO | bdc.receita | [1598/2903] CNPJ 11421994000136 -> CACHE (ATIVA)
2026-09-10 15:45:14 | INFO | bdc.receita | [1599/2903] CNPJ 15863180000102 -> CACHE (ATIVA)
2026-09-10 15:45:14 | INFO | bdc.receita | [1600/2903] CNPJ 07859054001209 -> CACHE (ATIVA)
2026-09-10 15:45:14 | INFO | bdc.receita | [1601/2903] CNPJ 35357719000169 -> CACHE (ATIVA)
2026-09-10 15:45:14 | INFO | bdc.receita | [1602/2903] CNPJ 83731927005511 -> CACHE (ATIVA)
2026-09-10 15:45:14 | INFO | bdc.receita | [1603/2903] CNPJ 07859054001551 -> CACHE (ATIVA)
2026-09-10 15:45:14 | INFO | bdc.receita | [1604/2903] CNPJ 33667336000161 -> CACHE (ATIVA)
2026-09-10 15:45:14 | INFO | bdc.receita | [1605/2903] CNPJ 44630044000170 -> CACHE (ATIVA)
2026-09-10 15:45:14 | INFO | bdc.receita | [1606/2903] CNPJ 78282084000190 -> CACHE (ATIVA)
2026-09-10 15:45:14 | INFO | bdc.receita | [1607/2903] CNPJ 09345710000209 -> CACHE (ATIVA)
2026-09-10 15:45:14 | INFO | bdc.receita | [1608/2903] CNPJ 02986277000160 -> CACHE (ATIVA)
2026-09-10 15:45:14 | INFO | bdc.receita | [1609/2903] CNPJ 01637895000132 -> CACHE (ATIVA)
2026-09-10 15:45:14 | INFO | bdc.receita | [1610/2903] CNPJ 14012875000118 -> CACHE (ATIVA)
2026-09-10 15:45:14 | INFO | bdc.receita | [1611/2903] CNPJ 12368097000179 -> CACHE (BAIXADA)
2026-09-10 15:45:14 | INFO | bdc.receita | [1612/2903] CNPJ 60444437000146 -> CACHE (ATIVA)
2026-09-10 15:45:14 | INFO | bdc.receita | [1613/2903] CNPJ 83305235023402 -> CACHE (ATIVA)
2026-09-10 15:45:14 | INFO | bdc.receita | [1614/2903] CNPJ 02562006000188 -> CACHE (ATIVA)
2026-09-10 15:45:14 | INFO | bdc.receita | [1615/2903] CNPJ 62955505006874 -> CACHE (ATIVA)
2026-09-10 15:45:14 | INFO | bdc.receita | [1616/2903] CNPJ 07682638000107 -> CACHE (ATIVA)
2026-09-10 15:45:14 | INFO | bdc.receita | [1617/2903] CNPJ 04706606000106 -> CACHE (ATIVA)
2026-09-10 15:45:14 | INFO | bdc.receita | [1618/2903] CNPJ 21572069000160 -> CACHE (ATIVA)
2026-09-10 15:45:14 | INFO | bdc.receita | [1619/2903] CNPJ 09316105001877 -> CACHE (ATIVA)
2026-09-10 15:45:14 | INFO | bdc.receita | [1620/2903] CNPJ 77198794000174 -> CACHE (ATIVA)
2026-09-10 15:45:14 | INFO | bdc.receita | [1621/2903] CNPJ 03839383000184 -> CACHE (ATIVA)
2026-09-10 15:45:14 | INFO | bdc.receita | [1622/2903] CNPJ 08582585000107 -> CACHE (ATIVA)
2026-09-10 15:45:14 | INFO | bdc.receita | [1623/2903] CNPJ 04731861000109 -> CACHE (ATIVA)
2026-09-10 15:45:14 | INFO | bdc.receita | [1624/2903] CNPJ 74175159000183 -> CACHE (ATIVA)
2026-09-10 15:45:14 | INFO | bdc.receita | [1625/2903] CNPJ 20346524000146 -> CACHE (ATIVA)
2026-09-10 15:45:14 | INFO | bdc.receita | [1626/2903] CNPJ 05975865000197 -> CACHE (ATIVA)
2026-09-10 15:45:14 | INFO | bdc.receita | [1627/2903] CNPJ 02850990000182 -> CACHE (ATIVA)
2026-09-10 15:45:14 | INFO | bdc.receita | [1628/2903] CNPJ 04463344000198 -> CACHE (ATIVA)
2026-09-10 15:45:14 | INFO | bdc.receita | [1629/2903] CNPJ 14555633000170 -> CACHE (ATIVA)
2026-09-10 15:45:14 | INFO | bdc.receita | [1630/2903] CNPJ 47881602000169 -> CACHE (ATIVA)
2026-09-10 15:45:14 | INFO | bdc.receita | [1631/2903] CNPJ 59546606000170 -> CACHE (ATIVA)
2026-09-10 15:45:14 | INFO | bdc.receita | [1632/2903] CNPJ 04200198000299 -> CACHE (ATIVA)
2026-09-10 15:45:14 | INFO | bdc.receita | [1633/2903] CNPJ 76929660000113 -> CACHE (ATIVA)
2026-09-10 15:45:14 | INFO | bdc.receita | [1634/2903] CNPJ 78624202000100 -> CACHE (ATIVA)
2026-09-10 15:45:14 | INFO | bdc.receita | [1635/2903] CNPJ 14738147000198 -> CACHE (ATIVA)
2026-09-10 15:45:14 | INFO | bdc.receita | [1636/2903] CNPJ 07909323000141 -> CACHE (ATIVA)
2026-09-10 15:45:14 | INFO | bdc.receita | [1637/2903] CNPJ 48591179000125 -> CACHE (ATIVA)
2026-09-10 15:45:14 | INFO | bdc.receita | [1638/2903] CNPJ 29198324000168 -> CACHE (ATIVA)
2026-09-10 15:45:14 | INFO | bdc.receita | [1639/2903] CNPJ 39553144000100 -> CACHE (ATIVA)
2026-09-10 15:45:14 | INFO | bdc.receita | [1640/2903] CNPJ 61186888000193 -> CACHE (ATIVA)
2026-09-10 15:45:14 | INFO | bdc.receita | [1641/2903] CNPJ 16433626000121 -> CACHE (ATIVA)
2026-09-10 15:45:14 | INFO | bdc.receita | [1642/2903] CNPJ 03518203000162 -> CACHE (ATIVA)
2026-09-10 15:45:14 | INFO | bdc.receita | [1643/2903] CNPJ 72535370000134 -> CACHE (ATIVA)
2026-09-10 15:45:14 | INFO | bdc.receita | [1644/2903] CNPJ 00441012000151 -> CACHE (ATIVA)
2026-09-10 15:45:14 | INFO | bdc.receita | [1645/2903] CNPJ 81072399000207 -> CACHE (ATIVA)
2026-09-10 15:45:14 | INFO | bdc.receita | [1646/2903] CNPJ 40006524000104 -> CACHE (ATIVA)
2026-09-10 15:45:14 | INFO | bdc.receita | [1647/2903] CNPJ 62695036004858 -> CACHE (ATIVA)
2026-09-10 15:45:14 | INFO | bdc.receita | [1648/2903] CNPJ 78897600000272 -> CACHE (ATIVA)
2026-09-10 15:45:14 | INFO | bdc.receita | [1649/2903] CNPJ 22753966000132 -> CACHE (ATIVA)
2026-09-10 15:45:14 | INFO | bdc.receita | [1650/2903] CNPJ 47488077000116 -> CACHE (ATIVA)
2026-09-10 15:45:14 | INFO | bdc.receita | [1651/2903] CNPJ 87288940003121 -> CACHE (ATIVA)
2026-09-10 15:45:14 | INFO | bdc.receita | [1652/2903] CNPJ 18067083000100 -> CACHE (ATIVA)
2026-09-10 15:45:14 | INFO | bdc.receita | [1653/2903] CNPJ 83305235013016 -> CACHE (ATIVA)
2026-09-10 15:45:14 | INFO | bdc.receita | [1654/2903] CNPJ 30559132000119 -> CACHE (ATIVA)
2026-09-10 15:45:14 | INFO | bdc.receita | [1655/2903] CNPJ 20088535000173 -> CACHE (ATIVA)
2026-09-10 15:45:14 | INFO | bdc.receita | [1656/2903] CNPJ 07820488000142 -> CACHE (ATIVA)
2026-09-10 15:45:14 | INFO | bdc.receita | [1657/2903] CNPJ 07416174000189 -> CACHE (ATIVA)
2026-09-10 15:45:14 | INFO | bdc.receita | [1658/2903] CNPJ 44145845001112 -> CACHE (ATIVA)
2026-09-10 15:45:14 | INFO | bdc.receita | [1659/2903] CNPJ 24222394000190 -> CACHE (ATIVA)
2026-09-10 15:45:14 | INFO | bdc.receita | [1660/2903] CNPJ 08244492000172 -> CACHE (ATIVA)
2026-09-10 15:45:14 | INFO | bdc.receita | [1661/2903] CNPJ 84692268000121 -> CACHE (ATIVA)
2026-09-10 15:45:14 | INFO | bdc.receita | [1662/2903] CNPJ 51832046000108 -> CACHE (ATIVA)
2026-09-10 15:45:14 | INFO | bdc.receita | [1663/2903] CNPJ 03593705000158 -> CACHE (ATIVA)
2026-09-10 15:45:14 | INFO | bdc.receita | [1664/2903] CNPJ 76484013000145 -> CACHE (ATIVA)
2026-09-10 15:45:14 | INFO | bdc.receita | [1665/2903] CNPJ 07539879000193 -> CACHE (ATIVA)
2026-09-10 15:45:14 | INFO | bdc.receita | [1666/2903] CNPJ 11755916000178 -> CACHE (ATIVA)
2026-09-10 15:45:14 | INFO | bdc.receita | [1667/2903] CNPJ 47155252000153 -> CACHE (ATIVA)
2026-09-10 15:45:14 | INFO | bdc.receita | [1668/2903] CNPJ 55980684000127 -> CACHE (ATIVA)
2026-09-10 15:45:14 | INFO | bdc.receita | [1669/2903] CNPJ 03531503000181 -> CACHE (ATIVA)
2026-09-10 15:45:14 | INFO | bdc.receita | [1670/2903] CNPJ 19815105000127 -> CACHE (ATIVA)
2026-09-10 15:45:14 | INFO | bdc.receita | [1671/2903] CNPJ 03773419000174 -> CACHE (ATIVA)
2026-09-10 15:45:14 | INFO | bdc.receita | [1672/2903] CNPJ 13808433000110 -> CACHE (ATIVA)
2026-09-10 15:45:14 | INFO | bdc.receita | [1673/2903] CNPJ 01621399000190 -> CACHE (ATIVA)
2026-09-10 15:45:14 | INFO | bdc.receita | [1674/2903] CNPJ 40692476000155 -> CACHE (ATIVA)
2026-09-10 15:45:14 | INFO | bdc.receita | [1675/2903] CNPJ 53012414000105 -> CACHE (ATIVA)
2026-09-10 15:45:14 | INFO | bdc.receita | [1676/2903] CNPJ 04810290000190 -> CACHE (ATIVA)
2026-09-10 15:45:14 | INFO | bdc.receita | [1677/2903] CNPJ 28640358000106 -> CACHE (BAIXADA)
2026-09-10 15:45:14 | INFO | bdc.receita | [1678/2903] CNPJ 07047251000170 -> CACHE (ATIVA)
2026-09-10 15:45:14 | INFO | bdc.receita | [1679/2903] CNPJ 00465813000408 -> CACHE (ATIVA)
2026-09-10 15:45:14 | INFO | bdc.receita | [1680/2903] CNPJ 13101510000288 -> CACHE (ATIVA)
2026-09-10 15:45:14 | INFO | bdc.receita | [1681/2903] CNPJ 00333653000192 -> CACHE (ATIVA)
2026-09-10 15:45:14 | INFO | bdc.receita | [1682/2903] CNPJ 00246872000134 -> CACHE (ATIVA)
2026-09-10 15:45:14 | INFO | bdc.receita | [1683/2903] CNPJ 06346534000150 -> CACHE (ATIVA)
2026-09-10 15:45:14 | INFO | bdc.receita | [1684/2903] CNPJ 10614641000190 -> CACHE (ATIVA)
2026-09-10 15:45:14 | INFO | bdc.receita | [1685/2903] CNPJ 31672016000174 -> CACHE (ATIVA)
2026-09-10 15:45:14 | INFO | bdc.receita | [1686/2903] CNPJ 07725608000122 -> CACHE (ATIVA)
2026-09-10 15:45:14 | INFO | bdc.receita | [1687/2903] CNPJ 11007902000176 -> CACHE (ATIVA)
2026-09-10 15:45:14 | INFO | bdc.receita | [1688/2903] CNPJ 74657784000161 -> CACHE (ATIVA)
2026-09-10 15:45:14 | INFO | bdc.receita | [1689/2903] CNPJ 84229889000173 -> CACHE (ATIVA)
2026-09-10 15:45:14 | INFO | bdc.receita | [1690/2903] CNPJ 03493431000125 -> CACHE (ATIVA)
2026-09-10 15:45:14 | INFO | bdc.receita | [1691/2903] CNPJ 23422037000103 -> CACHE (ATIVA)
2026-09-10 15:45:14 | INFO | bdc.receita | [1692/2903] CNPJ 01715975000169 -> CACHE (ATIVA)
2026-09-10 15:45:14 | INFO | bdc.receita | [1693/2903] CNPJ 01693497000133 -> CACHE (ATIVA)
2026-09-10 15:45:14 | INFO | bdc.receita | [1694/2903] CNPJ 60872306016244 -> CACHE (ATIVA)
2026-09-10 15:45:14 | INFO | bdc.receita | [1695/2903] CNPJ 13700609000115 -> CACHE (ATIVA)
2026-09-10 15:45:14 | INFO | bdc.receita | [1696/2903] CNPJ 73856593000166 -> CACHE (ATIVA)
2026-09-10 15:45:14 | INFO | bdc.receita | [1697/2903] CNPJ 97164834000174 -> CACHE (ATIVA)
2026-09-10 15:45:14 | INFO | bdc.receita | [1698/2903] CNPJ 12912915000152 -> CACHE (ATIVA)
2026-09-10 15:45:14 | INFO | bdc.receita | [1699/2903] CNPJ 07760179000124 -> CACHE (BAIXADA)
2026-09-10 15:45:14 | INFO | bdc.receita | [1700/2903] CNPJ 72459373000136 -> CACHE (ATIVA)
2026-09-10 15:45:14 | INFO | bdc.receita | [1701/2903] CNPJ 15186359000172 -> CACHE (ATIVA)
2026-09-10 15:45:14 | INFO | bdc.receita | [1702/2903] CNPJ 23412242000198 -> CACHE (ATIVA)
2026-09-10 15:45:14 | INFO | bdc.receita | [1703/2903] CNPJ 43344428000164 -> CACHE (ATIVA)
2026-09-10 15:45:14 | INFO | bdc.receita | [1704/2903] CNPJ 21642355000154 -> CACHE (ATIVA)
2026-09-10 15:45:14 | INFO | bdc.receita | [1705/2903] CNPJ 17247679000110 -> CACHE (ATIVA)
2026-09-10 15:45:14 | INFO | bdc.receita | [1706/2903] CNPJ 10858291000107 -> CACHE (ATIVA)
2026-09-10 15:45:14 | INFO | bdc.receita | [1707/2903] CNPJ 92632512000199 -> CACHE (ATIVA)
2026-09-10 15:45:14 | INFO | bdc.receita | [1708/2903] CNPJ 97748958000105 -> CACHE (ATIVA)
2026-09-10 15:45:14 | INFO | bdc.receita | [1709/2903] CNPJ 50615144000120 -> CACHE (ATIVA)
2026-09-10 15:45:14 | INFO | bdc.receita | [1710/2903] CNPJ 09044272000168 -> CACHE (ATIVA)
2026-09-10 15:45:14 | INFO | bdc.receita | [1711/2903] CNPJ 13468810000119 -> CACHE (ATIVA)
2026-09-10 15:45:14 | INFO | bdc.receita | [1712/2903] CNPJ 05691238000124 -> CACHE (ATIVA)
2026-09-10 15:45:14 | INFO | bdc.receita | [1713/2903] CNPJ 07385124000181 -> CACHE (ATIVA)
2026-09-10 15:45:14 | INFO | bdc.receita | [1714/2903] CNPJ 48992518000185 -> CACHE (ATIVA)
2026-09-10 15:45:14 | INFO | bdc.receita | [1715/2903] CNPJ 31642161000102 -> CACHE (ATIVA)
2026-09-10 15:45:14 | INFO | bdc.receita | [1716/2903] CNPJ 84897313000184 -> CACHE (ATIVA)
2026-09-10 15:45:14 | INFO | bdc.receita | [1717/2903] CNPJ 07647793000184 -> CACHE (ATIVA)
2026-09-10 15:45:14 | INFO | bdc.receita | [1718/2903] CNPJ 76492701000157 -> CACHE (ATIVA)
2026-09-10 15:45:14 | INFO | bdc.receita | [1719/2903] CNPJ 02948278000110 -> CACHE (ATIVA)
2026-09-10 15:45:14 | INFO | bdc.receita | [1720/2903] CNPJ 10931741000140 -> CACHE (ATIVA)
2026-09-10 15:45:14 | INFO | bdc.receita | [1721/2903] CNPJ 73262826000100 -> CACHE (ATIVA)
2026-09-10 15:45:14 | INFO | bdc.receita | [1722/2903] CNPJ 31449173000115 -> CACHE (ATIVA)
2026-09-10 15:45:14 | INFO | bdc.receita | [1723/2903] CNPJ 04220031000109 -> CACHE (ATIVA)
2026-09-10 15:45:14 | INFO | bdc.receita | [1724/2903] CNPJ 11071683000194 -> CACHE (ATIVA)
2026-09-10 15:45:14 | INFO | bdc.receita | [1725/2903] CNPJ 78724135000197 -> CACHE (ATIVA)
2026-09-10 15:45:14 | INFO | bdc.receita | [1726/2903] CNPJ 57107609000343 -> CACHE (ATIVA)
2026-09-10 15:45:14 | INFO | bdc.receita | [1727/2903] CNPJ 02385898000431 -> CACHE (ATIVA)
2026-09-10 15:45:14 | INFO | bdc.receita | [1728/2903] CNPJ 06295068000121 -> CACHE (ATIVA)
2026-09-10 15:45:14 | INFO | bdc.receita | [1729/2903] CNPJ 07966116000129 -> CACHE (ATIVA)
2026-09-10 15:45:14 | INFO | bdc.receita | [1730/2903] CNPJ 15091769000130 -> CACHE (ATIVA)
2026-09-10 15:45:14 | INFO | bdc.receita | [1731/2903] CNPJ 23212165000122 -> CACHE (ATIVA)
2026-09-10 15:45:14 | INFO | bdc.receita | [1732/2903] CNPJ 37427699000180 -> CACHE (ATIVA)
2026-09-10 15:45:14 | INFO | bdc.receita | [1733/2903] CNPJ 05297665000122 -> CACHE (ATIVA)
2026-09-10 15:45:14 | INFO | bdc.receita | [1734/2903] CNPJ 77172161000510 -> CACHE (ATIVA)
2026-09-10 15:45:14 | INFO | bdc.receita | [1735/2903] CNPJ 15042149000100 -> CACHE (ATIVA)
2026-09-10 15:45:14 | INFO | bdc.receita | [1736/2903] CNPJ 48400908000119 -> CACHE (ATIVA)
2026-09-10 15:45:14 | INFO | bdc.receita | [1737/2903] CNPJ 05866984000101 -> CACHE (ATIVA)
2026-09-10 15:45:14 | INFO | bdc.receita | [1738/2903] CNPJ 45236791000191 -> CACHE (ATIVA)
2026-09-10 15:45:14 | INFO | bdc.receita | [1739/2903] CNPJ 62757224000108 -> CACHE (ATIVA)
2026-09-10 15:45:14 | INFO | bdc.receita | [1740/2903] CNPJ 03061685000174 -> CACHE (ATIVA)
2026-09-10 15:45:14 | INFO | bdc.receita | [1741/2903] CNPJ 76881093000172 -> CACHE (ATIVA)
2026-09-10 15:45:14 | INFO | bdc.receita | [1742/2903] CNPJ 00178840000149 -> CACHE (ATIVA)
2026-09-10 15:45:14 | INFO | bdc.receita | [1743/2903] CNPJ 02341467000120 -> CACHE (ATIVA)
2026-09-10 15:45:14 | INFO | bdc.receita | [1744/2903] CNPJ 04721465000192 -> CACHE (ATIVA)
2026-09-10 15:45:14 | INFO | bdc.receita | [1745/2903] CNPJ 43672716000148 -> CACHE (ATIVA)
2026-09-10 15:45:14 | INFO | bdc.receita | [1746/2903] CNPJ 75294801000106 -> CACHE (ATIVA)
2026-09-10 15:45:14 | INFO | bdc.receita | [1747/2903] CNPJ 87288940000297 -> CACHE (ATIVA)
2026-09-10 15:45:14 | INFO | bdc.receita | [1748/2903] CNPJ 02820966000109 -> CACHE (ATIVA)
2026-09-10 15:45:14 | INFO | bdc.receita | [1749/2903] CNPJ 08201770000104 -> CACHE (ATIVA)
2026-09-10 15:45:14 | INFO | bdc.receita | [1750/2903] CNPJ 12199337000159 -> CACHE (ATIVA)
2026-09-10 15:45:14 | INFO | bdc.receita | [1751/2903] CNPJ 21812954000179 -> CACHE (ATIVA)
2026-09-10 15:45:14 | INFO | bdc.receita | [1752/2903] CNPJ 04686827000151 -> CACHE (ATIVA)
2026-09-10 15:45:14 | INFO | bdc.receita | [1753/2903] CNPJ 30251841000132 -> CACHE (ATIVA)
2026-09-10 15:45:14 | INFO | bdc.receita | [1754/2903] CNPJ 03163210000431 -> CACHE (ATIVA)
2026-09-10 15:45:14 | INFO | bdc.receita | [1755/2903] CNPJ 04008938000109 -> CACHE (ATIVA)
2026-09-10 15:45:14 | INFO | bdc.receita | [1756/2903] CNPJ 79386678000104 -> CACHE (ATIVA)
2026-09-10 15:45:14 | INFO | bdc.receita | [1757/2903] CNPJ 60860277000116 -> CACHE (ATIVA)
2026-09-10 15:45:14 | INFO | bdc.receita | [1758/2903] CNPJ 49351786000261 -> CACHE (ATIVA)
2026-09-10 15:45:14 | INFO | bdc.receita | [1759/2903] CNPJ 03327149000178 -> CACHE (ATIVA)
2026-09-10 15:45:14 | INFO | bdc.receita | [1760/2903] CNPJ 80813710000170 -> CACHE (ATIVA)
2026-09-10 15:45:14 | INFO | bdc.receita | [1761/2903] CNPJ 20978264000121 -> CACHE (INAPTA)
2026-09-10 15:45:14 | INFO | bdc.receita | [1762/2903] CNPJ 42419150000184 -> CACHE (ATIVA)
2026-09-10 15:45:14 | INFO | bdc.receita | [1763/2903] CNPJ 75864728000160 -> CACHE (ATIVA)
2026-09-10 15:45:14 | INFO | bdc.receita | [1764/2903] CNPJ 08070566000100 -> CACHE (ATIVA)
2026-09-10 15:45:14 | INFO | bdc.receita | [1765/2903] CNPJ 26769130000187 -> CACHE (ATIVA)
2026-09-10 15:45:14 | INFO | bdc.receita | [1766/2903] CNPJ 07177083000138 -> CACHE (ATIVA)
2026-09-10 15:45:14 | INFO | bdc.receita | [1767/2903] CNPJ 13114506000173 -> CACHE (ATIVA)
2026-09-10 15:45:14 | INFO | bdc.receita | [1768/2903] CNPJ 17316559000128 -> CACHE (ATIVA)
2026-09-10 15:45:14 | INFO | bdc.receita | [1769/2903] CNPJ 44248862000103 -> CACHE (ATIVA)
2026-09-10 15:45:14 | INFO | bdc.receita | [1770/2903] CNPJ 24550050000100 -> CACHE (ATIVA)
2026-09-10 15:45:14 | INFO | bdc.receita | [1771/2903] CNPJ 28969492000147 -> CACHE (ATIVA)
2026-09-10 15:45:14 | INFO | bdc.receita | [1772/2903] CNPJ 00649756000166 -> CACHE (ATIVA)
2026-09-10 15:45:14 | INFO | bdc.receita | [1773/2903] CNPJ 35416995000150 -> CACHE (ATIVA)
2026-09-10 15:45:14 | INFO | bdc.receita | [1774/2903] CNPJ 03833260000136 -> CACHE (ATIVA)
2026-09-10 15:45:14 | INFO | bdc.receita | [1775/2903] CNPJ 57497539000115 -> CACHE (ATIVA)
2026-09-10 15:45:14 | INFO | bdc.receita | [1776/2903] CNPJ 28240693000109 -> CACHE (ATIVA)
2026-09-10 15:45:14 | INFO | bdc.receita | [1777/2903] CNPJ 29883520000171 -> CACHE (ATIVA)
2026-09-10 15:45:14 | INFO | bdc.receita | [1778/2903] CNPJ 30063842000153 -> CACHE (ATIVA)
2026-09-10 15:45:14 | INFO | bdc.receita | [1779/2903] CNPJ 57075400000183 -> CACHE (ATIVA)
2026-09-10 15:45:14 | INFO | bdc.receita | [1780/2903] CNPJ 88325592000243 -> CACHE (ATIVA)
2026-09-10 15:45:14 | INFO | bdc.receita | [1781/2903] CNPJ 02041460000193 -> CACHE (ATIVA)
2026-09-10 15:45:14 | INFO | bdc.receita | [1782/2903] CNPJ 08893112000120 -> CACHE (BAIXADA)
2026-09-10 15:45:14 | INFO | bdc.receita | [1783/2903] CNPJ 05789622000164 -> CACHE (ATIVA)
2026-09-10 15:45:14 | INFO | bdc.receita | [1784/2903] CNPJ 13547619000162 -> CACHE (ATIVA)
2026-09-10 15:45:14 | INFO | bdc.receita | [1785/2903] CNPJ 35224835000290 -> CACHE (ATIVA)
2026-09-10 15:45:14 | INFO | bdc.receita | [1786/2903] CNPJ 53804305000112 -> CACHE (ATIVA)
2026-09-10 15:45:14 | INFO | bdc.receita | [1787/2903] CNPJ 02720635000199 -> CACHE (ATIVA)
2026-09-10 15:45:14 | INFO | bdc.receita | [1788/2903] CNPJ 53915849000151 -> CACHE (ATIVA)
2026-09-10 15:45:14 | INFO | bdc.receita | [1789/2903] CNPJ 01712320000137 -> CACHE (ATIVA)
2026-09-10 15:45:14 | INFO | bdc.receita | [1790/2903] CNPJ 04596745000116 -> CACHE (ATIVA)
2026-09-10 15:45:14 | INFO | bdc.receita | [1791/2903] CNPJ 07718633000189 -> CACHE (ATIVA)
2026-09-10 15:45:14 | INFO | bdc.receita | [1792/2903] CNPJ 32039151000140 -> CACHE (ATIVA)
2026-09-10 15:45:14 | INFO | bdc.receita | [1793/2903] CNPJ 02525961000226 -> CACHE (ATIVA)
2026-09-10 15:45:14 | INFO | bdc.receita | [1794/2903] CNPJ 77595395000147 -> CACHE (ATIVA)
2026-09-10 15:45:14 | INFO | bdc.receita | [1795/2903] CNPJ 27485069000109 -> CACHE (ATIVA)
2026-09-10 15:45:14 | INFO | bdc.receita | [1796/2903] CNPJ 81205619000134 -> CACHE (ATIVA)
2026-09-10 15:45:14 | INFO | bdc.receita | [1797/2903] CNPJ 86378866000156 -> CACHE (ATIVA)
2026-09-10 15:45:14 | INFO | bdc.receita | [1798/2903] CNPJ 35865635000136 -> CACHE (ATIVA)
2026-09-10 15:45:14 | INFO | bdc.receita | [1799/2903] CNPJ 05150338000143 -> CACHE (ATIVA)
2026-09-10 15:45:14 | INFO | bdc.receita | [1800/2903] CNPJ 31512081000132 -> CACHE (ATIVA)
2026-09-10 15:45:14 | INFO | bdc.receita | [1801/2903] CNPJ 82370743000118 -> CACHE (ATIVA)
2026-09-10 15:45:14 | INFO | bdc.receita | [1802/2903] CNPJ 75051458000179 -> CACHE (ATIVA)
2026-09-10 15:45:14 | INFO | bdc.receita | [1803/2903] CNPJ 60857349000176 -> CACHE (ATIVA)
2026-09-10 15:45:14 | INFO | bdc.receita | [1804/2903] CNPJ 79077343000104 -> CACHE (ATIVA)
2026-09-10 15:45:14 | INFO | bdc.receita | [1805/2903] CNPJ 52123916000213 -> CACHE (ATIVA)
2026-09-10 15:45:14 | INFO | bdc.receita | [1806/2903] CNPJ 12094479000151 -> CACHE (ATIVA)
2026-09-10 15:45:14 | INFO | bdc.receita | [1807/2903] CNPJ 54625819000173 -> CACHE (ATIVA)
2026-09-10 15:45:14 | INFO | bdc.receita | [1808/2903] CNPJ 03650060000148 -> CACHE (ATIVA)
2026-09-10 15:45:14 | INFO | bdc.receita | [1809/2903] CNPJ 33958695000178 -> CACHE (ATIVA)
2026-09-10 15:45:14 | INFO | bdc.receita | [1810/2903] CNPJ 03391986000166 -> CACHE (ATIVA)
2026-09-10 15:45:14 | INFO | bdc.receita | [1811/2903] CNPJ 40212058000113 -> CACHE (ATIVA)
2026-09-10 15:45:14 | INFO | bdc.receita | [1812/2903] CNPJ 03717227000140 -> CACHE (ATIVA)
2026-09-10 15:45:14 | INFO | bdc.receita | [1813/2903] CNPJ 08334385000135 -> CACHE (ATIVA)
2026-09-10 15:45:14 | INFO | bdc.receita | [1814/2903] CNPJ 01978934000165 -> CACHE (ATIVA)
2026-09-10 15:45:14 | INFO | bdc.receita | [1815/2903] CNPJ 00064742000180 -> CACHE (ATIVA)
2026-09-10 15:45:14 | INFO | bdc.receita | [1816/2903] CNPJ 33524912000111 -> CACHE (ATIVA)
2026-09-10 15:45:14 | INFO | bdc.receita | [1817/2903] CNPJ 07859910000173 -> CACHE (ATIVA)
2026-09-10 15:45:14 | INFO | bdc.receita | [1818/2903] CNPJ 15163403000129 -> CACHE (ATIVA)
2026-09-10 15:45:14 | INFO | bdc.receita | [1819/2903] CNPJ 03177494000172 -> CACHE (ATIVA)
2026-09-10 15:45:14 | INFO | bdc.receita | [1820/2903] CNPJ 11139332000178 -> CACHE (ATIVA)
2026-09-10 15:45:14 | INFO | bdc.receita | [1821/2903] CNPJ 30459113000110 -> CACHE (ATIVA)
2026-09-10 15:45:14 | INFO | bdc.receita | [1822/2903] CNPJ 62988365000123 -> CACHE (ATIVA)
2026-09-10 15:45:14 | INFO | bdc.receita | [1823/2903] CNPJ 52440971000156 -> CACHE (ATIVA)
2026-09-10 15:45:14 | INFO | bdc.receita | [1824/2903] CNPJ 21103316000189 -> CACHE (ATIVA)
2026-09-10 15:45:14 | INFO | bdc.receita | [1825/2903] CNPJ 47508411000156 -> CACHE (ATIVA)
2026-09-10 15:45:14 | INFO | bdc.receita | [1826/2903] CNPJ 76610062000187 -> CACHE (ATIVA)
2026-09-10 15:45:14 | INFO | bdc.receita | [1827/2903] CNPJ 92791243000103 -> CACHE (ATIVA)
2026-09-10 15:45:14 | INFO | bdc.receita | [1828/2903] CNPJ 60975737000151 -> CACHE (ATIVA)
2026-09-10 15:45:14 | INFO | bdc.receita | [1829/2903] CNPJ 24443608001040 -> CACHE (ATIVA)
2026-09-10 15:45:14 | INFO | bdc.receita | [1830/2903] CNPJ 23704333000288 -> CACHE (ATIVA)
2026-09-10 15:45:14 | INFO | bdc.receita | [1831/2903] CNPJ 08876164000199 -> CACHE (ATIVA)
2026-09-10 15:45:14 | INFO | bdc.receita | [1832/2903] CNPJ 84821347000195 -> CACHE (ATIVA)
2026-09-10 15:45:14 | INFO | bdc.receita | [1833/2903] CNPJ 04527315000223 -> CACHE (ATIVA)
2026-09-10 15:45:14 | INFO | bdc.receita | [1834/2903] CNPJ 02794165000108 -> CACHE (ATIVA)
2026-09-10 15:45:14 | INFO | bdc.receita | [1835/2903] CNPJ 79599411000103 -> CACHE (ATIVA)
2026-09-10 15:45:14 | INFO | bdc.receita | [1836/2903] CNPJ 49884937000166 -> CACHE (ATIVA)
2026-09-10 15:45:14 | INFO | bdc.receita | [1837/2903] CNPJ 12422540000142 -> CACHE (ATIVA)
2026-09-10 15:45:14 | INFO | bdc.receita | [1838/2903] CNPJ 46986451000140 -> CACHE (ATIVA)
2026-09-10 15:45:14 | INFO | bdc.receita | [1839/2903] CNPJ 05321589000143 -> CACHE (ATIVA)
2026-09-10 15:45:14 | INFO | bdc.receita | [1840/2903] CNPJ 42463174000130 -> CACHE (ATIVA)
2026-09-10 15:45:14 | INFO | bdc.receita | [1841/2903] CNPJ 01152790000193 -> CACHE (ATIVA)
2026-09-10 15:45:14 | INFO | bdc.receita | [1842/2903] CNPJ 02795010000196 -> CACHE (ATIVA)
2026-09-10 15:45:14 | INFO | bdc.receita | [1843/2903] CNPJ 02103847000127 -> CACHE (ATIVA)
2026-09-10 15:45:14 | INFO | bdc.receita | [1844/2903] CNPJ 11419911000174 -> CACHE (ATIVA)
2026-09-10 15:45:14 | INFO | bdc.receita | [1845/2903] CNPJ 35824347000214 -> CACHE (ATIVA)
2026-09-10 15:45:14 | INFO | bdc.receita | [1846/2903] CNPJ 80938434000176 -> CACHE (ATIVA)
2026-09-10 15:45:14 | INFO | bdc.receita | [1847/2903] CNPJ 03368638000178 -> CACHE (ATIVA)
2026-09-10 15:45:14 | INFO | bdc.receita | [1848/2903] CNPJ 18700410000100 -> CACHE (ATIVA)
2026-09-10 15:45:14 | INFO | bdc.receita | [1849/2903] CNPJ 53266498000103 -> CACHE (ATIVA)
2026-09-10 15:45:14 | INFO | bdc.receita | [1850/2903] CNPJ 48845556000105 -> CACHE (ATIVA)
2026-09-10 15:45:14 | INFO | bdc.receita | [1851/2903] CNPJ 77172161000600 -> CACHE (ATIVA)
2026-09-10 15:45:14 | INFO | bdc.receita | [1852/2903] CNPJ 18269125000187 -> CACHE (ATIVA)
2026-09-10 15:45:14 | INFO | bdc.receita | [1853/2903] CNPJ 11907140000164 -> CACHE (ATIVA)
2026-09-10 15:45:14 | INFO | bdc.receita | [1854/2903] CNPJ 04877281000116 -> CACHE (ATIVA)
2026-09-10 15:45:14 | INFO | bdc.receita | [1855/2903] CNPJ 03336687000129 -> CACHE (ATIVA)
2026-09-10 15:45:14 | INFO | bdc.receita | [1856/2903] CNPJ 02614898000113 -> CACHE (ATIVA)
2026-09-10 15:45:14 | INFO | bdc.receita | [1857/2903] CNPJ 17112981000161 -> CACHE (ATIVA)
2026-09-10 15:45:14 | INFO | bdc.receita | [1858/2903] CNPJ 14097020000137 -> CACHE (ATIVA)
2026-09-10 15:45:14 | INFO | bdc.receita | [1859/2903] CNPJ 48907504000116 -> CACHE (ATIVA)
2026-09-10 15:45:14 | INFO | bdc.receita | [1860/2903] CNPJ 18626084000139 -> CACHE (ATIVA)
2026-09-10 15:45:14 | INFO | bdc.receita | [1861/2903] CNPJ 06274562000100 -> CACHE (ATIVA)
2026-09-10 15:45:14 | INFO | bdc.receita | [1862/2903] CNPJ 80851439000167 -> CACHE (ATIVA)
2026-09-10 15:45:14 | INFO | bdc.receita | [1863/2903] CNPJ 03500636000190 -> CACHE (ATIVA)
2026-09-10 15:45:14 | INFO | bdc.receita | [1864/2903] CNPJ 19502690000105 -> CACHE (ATIVA)
2026-09-10 15:45:14 | INFO | bdc.receita | [1865/2903] CNPJ 04558449000392 -> CACHE (ATIVA)
2026-09-10 15:45:14 | INFO | bdc.receita | [1866/2903] CNPJ 62695036004009 -> CACHE (ATIVA)
2026-09-10 15:45:14 | INFO | bdc.receita | [1867/2903] CNPJ 84046101028446 -> CACHE (ATIVA)
2026-09-10 15:45:14 | INFO | bdc.receita | [1868/2903] CNPJ 76545011000119 -> CACHE (ATIVA)
2026-09-10 15:45:14 | INFO | bdc.receita | [1869/2903] CNPJ 10416174000193 -> CACHE (ATIVA)
2026-09-10 15:45:14 | INFO | bdc.receita | [1870/2903] CNPJ 04450403000193 -> CACHE (ATIVA)
2026-09-10 15:45:14 | INFO | bdc.receita | [1871/2903] CNPJ 04719951000176 -> CACHE (ATIVA)
2026-09-10 15:45:14 | INFO | bdc.receita | [1872/2903] CNPJ 57486326000198 -> CACHE (ATIVA)
2026-09-10 15:45:14 | INFO | bdc.receita | [1873/2903] CNPJ 35820448000136 -> CACHE (ATIVA)
2026-09-10 15:45:14 | INFO | bdc.receita | [1874/2903] CNPJ 08090788000267 -> CACHE (ATIVA)
2026-09-10 15:45:14 | INFO | bdc.receita | [1875/2903] CNPJ 72393002000107 -> CACHE (ATIVA)
2026-09-10 15:45:14 | INFO | bdc.receita | [1876/2903] CNPJ 03961305000158 -> CACHE (ATIVA)
2026-09-10 15:45:14 | INFO | bdc.receita | [1877/2903] CNPJ 00257348000169 -> CACHE (ATIVA)
2026-09-10 15:45:14 | INFO | bdc.receita | [1878/2903] CNPJ 04955577000108 -> CACHE (ATIVA)
2026-09-10 15:45:14 | INFO | bdc.receita | [1879/2903] CNPJ 05355352000183 -> CACHE (ATIVA)
2026-09-10 15:45:14 | INFO | bdc.receita | [1880/2903] CNPJ 24684129000124 -> CACHE (ATIVA)
2026-09-10 15:45:14 | INFO | bdc.receita | [1881/2903] CNPJ 83495085000153 -> CACHE (ATIVA)
2026-09-10 15:45:14 | INFO | bdc.receita | [1882/2903] CNPJ 10820791000150 -> CACHE (ATIVA)
2026-09-10 15:45:14 | INFO | bdc.receita | [1883/2903] CNPJ 89096457000155 -> CACHE (ATIVA)
2026-09-10 15:45:14 | INFO | bdc.receita | [1884/2903] CNPJ 03887324000181 -> CACHE (ATIVA)
2026-09-10 15:45:14 | INFO | bdc.receita | [1885/2903] CNPJ 03802018002068 -> CACHE (ATIVA)
2026-09-10 15:45:14 | INFO | bdc.receita | [1886/2903] CNPJ 11386376000100 -> CACHE (ATIVA)
2026-09-10 15:45:14 | INFO | bdc.receita | [1887/2903] CNPJ 54111737000100 -> CACHE (ATIVA)
2026-09-10 15:45:14 | INFO | bdc.receita | [1888/2903] CNPJ 03004238000183 -> CACHE (ATIVA)
2026-09-10 15:45:14 | INFO | bdc.receita | [1889/2903] CNPJ 77850568000126 -> CACHE (ATIVA)
2026-09-10 15:45:14 | INFO | bdc.receita | [1890/2903] CNPJ 82050170000498 -> CACHE (ATIVA)
2026-09-10 15:45:14 | INFO | bdc.receita | [1891/2903] CNPJ 05309161000185 -> CACHE (ATIVA)
2026-09-10 15:45:14 | INFO | bdc.receita | [1892/2903] CNPJ 08070508000178 -> CACHE (ATIVA)
2026-09-10 15:45:14 | INFO | bdc.receita | [1893/2903] CNPJ 03081895000124 -> CACHE (BAIXADA)
2026-09-10 15:45:14 | INFO | bdc.receita | [1894/2903] CNPJ 85937316000167 -> CACHE (ATIVA)
2026-09-10 15:45:14 | INFO | bdc.receita | [1895/2903] CNPJ 12695141000155 -> CACHE (ATIVA)
2026-09-10 15:45:14 | INFO | bdc.receita | [1896/2903] CNPJ 27208273000182 -> CACHE (ATIVA)
2026-09-10 15:45:14 | INFO | bdc.receita | [1897/2903] CNPJ 01339015000141 -> CACHE (ATIVA)
2026-09-10 15:45:14 | INFO | bdc.receita | [1898/2903] CNPJ 26177397000185 -> CACHE (ATIVA)
2026-09-10 15:45:14 | INFO | bdc.receita | [1899/2903] CNPJ 33083466000157 -> CACHE (ATIVA)
2026-09-10 15:45:14 | INFO | bdc.receita | [1900/2903] CNPJ 06272575000140 -> CACHE (ATIVA)
2026-09-10 15:45:14 | INFO | bdc.receita | [1901/2903] CNPJ 11252642000102 -> CACHE (ATIVA)
2026-09-10 15:45:14 | INFO | bdc.receita | [1902/2903] CNPJ 05855974000170 -> CACHE (ATIVA)
2026-09-10 15:45:14 | INFO | bdc.receita | [1903/2903] CNPJ 35487170000127 -> CACHE (ATIVA)
2026-09-10 15:45:14 | INFO | bdc.receita | [1904/2903] CNPJ 44701688000102 -> CACHE (ATIVA)
2026-09-10 15:45:14 | INFO | bdc.receita | [1905/2903] CNPJ 22116625000156 -> CACHE (ATIVA)
2026-09-10 15:45:14 | INFO | bdc.receita | [1906/2903] CNPJ 58322512000154 -> CACHE (ATIVA)
2026-09-10 15:45:14 | INFO | bdc.receita | [1907/2903] CNPJ 08852700000116 -> CACHE (INAPTA)
2026-09-10 15:45:14 | INFO | bdc.receita | [1908/2903] CNPJ 10656452006625 -> CACHE (ATIVA)
2026-09-10 15:45:14 | INFO | bdc.receita | [1909/2903] CNPJ 08495998000154 -> CACHE (ATIVA)
2026-09-10 15:45:14 | INFO | bdc.receita | [1910/2903] CNPJ 00358369000170 -> CACHE (ATIVA)
2026-09-10 15:45:14 | INFO | bdc.receita | [1911/2903] CNPJ 10842044000112 -> CACHE (ATIVA)
2026-09-10 15:45:14 | INFO | bdc.receita | [1912/2903] CNPJ 17496722000181 -> CACHE (ATIVA)
2026-09-10 15:45:14 | INFO | bdc.receita | [1913/2903] CNPJ 07520949000161 -> CACHE (ATIVA)
2026-09-10 15:45:14 | INFO | bdc.receita | [1914/2903] CNPJ 55999932000181 -> CACHE (ATIVA)
2026-09-10 15:45:14 | INFO | bdc.receita | [1915/2903] CNPJ 49396591000157 -> CACHE (ATIVA)
2026-09-10 15:45:14 | INFO | bdc.receita | [1916/2903] CNPJ 20500092000186 -> CACHE (ATIVA)
2026-09-10 15:45:14 | INFO | bdc.receita | [1917/2903] CNPJ 07242370000184 -> CACHE (ATIVA)
2026-09-10 15:45:14 | INFO | bdc.receita | [1918/2903] CNPJ 42422048000219 -> CACHE (ATIVA)
2026-09-10 15:45:14 | INFO | bdc.receita | [1919/2903] CNPJ 04013084000159 -> CACHE (ATIVA)
2026-09-10 15:45:14 | INFO | bdc.receita | [1920/2903] CNPJ 29362082000104 -> CACHE (ATIVA)
2026-09-10 15:45:14 | INFO | bdc.receita | [1921/2903] CNPJ 59221316000156 -> CACHE (ATIVA)
2026-09-10 15:45:14 | INFO | bdc.receita | [1922/2903] CNPJ 29302365000233 -> CACHE (ATIVA)
2026-09-10 15:45:14 | INFO | bdc.receita | [1923/2903] CNPJ 77307387000158 -> CACHE (ATIVA)
2026-09-10 15:45:14 | INFO | bdc.receita | [1924/2903] CNPJ 32618447000620 -> CACHE (ATIVA)
2026-09-10 15:45:14 | INFO | bdc.receita | [1925/2903] CNPJ 23096269000119 -> CACHE (ATIVA)
2026-09-10 15:45:14 | INFO | bdc.receita | [1926/2903] CNPJ 33016338000271 -> CACHE (ATIVA)
2026-09-10 15:45:14 | INFO | bdc.receita | [1927/2903] CNPJ 09266129000110 -> CACHE (ATIVA)
2026-09-10 15:45:14 | INFO | bdc.receita | [1928/2903] CNPJ 35749859000182 -> CACHE (ATIVA)
2026-09-10 15:45:14 | INFO | bdc.receita | [1929/2903] CNPJ 02163440000195 -> CACHE (ATIVA)
2026-09-10 15:45:14 | INFO | bdc.receita | [1930/2903] CNPJ 12543217000127 -> CACHE (ATIVA)
2026-09-10 15:45:14 | INFO | bdc.receita | [1931/2903] CNPJ 29244465000170 -> CACHE (ATIVA)
2026-09-10 15:45:14 | INFO | bdc.receita | [1932/2903] CNPJ 08811119000822 -> CACHE (ATIVA)
2026-09-10 15:45:14 | INFO | bdc.receita | [1933/2903] CNPJ 76630573000160 -> CACHE (ATIVA)
2026-09-10 15:45:14 | INFO | bdc.receita | [1934/2903] CNPJ 42102025000146 -> CACHE (ATIVA)
2026-09-10 15:45:14 | INFO | bdc.receita | [1935/2903] CNPJ 23890953000178 -> CACHE (ATIVA)
2026-09-10 15:45:14 | INFO | bdc.receita | [1936/2903] CNPJ 81716144000493 -> CACHE (ATIVA)
2026-09-10 15:45:14 | INFO | bdc.receita | [1937/2903] CNPJ 13196196000183 -> CACHE (ATIVA)
2026-09-10 15:45:14 | INFO | bdc.receita | [1938/2903] CNPJ 57507626000106 -> CACHE (ATIVA)
2026-09-10 15:45:14 | INFO | bdc.receita | [1939/2903] CNPJ 79846341000132 -> CACHE (ATIVA)
2026-09-10 15:45:14 | INFO | bdc.receita | [1940/2903] CNPJ 54105671000146 -> CACHE (ATIVA)
2026-09-10 15:45:14 | INFO | bdc.receita | [1941/2903] CNPJ 29678871000140 -> CACHE (ATIVA)
2026-09-10 15:45:14 | INFO | bdc.receita | [1942/2903] CNPJ 60820198000262 -> CACHE (ATIVA)
2026-09-10 15:45:14 | INFO | bdc.receita | [1943/2903] CNPJ 61316600000158 -> CACHE (ATIVA)
2026-09-10 15:45:14 | INFO | bdc.receita | [1944/2903] CNPJ 53054965000123 -> CACHE (ATIVA)
2026-09-10 15:45:14 | INFO | bdc.receita | [1945/2903] CNPJ 15217260000190 -> CACHE (ATIVA)
2026-09-10 15:45:14 | INFO | bdc.receita | [1946/2903] CNPJ 17875511000230 -> CACHE (ATIVA)
2026-09-10 15:45:14 | INFO | bdc.receita | [1947/2903] CNPJ 07630919000108 -> CACHE (ATIVA)
2026-09-10 15:45:14 | INFO | bdc.receita | [1948/2903] CNPJ 15667402000111 -> CACHE (ATIVA)
2026-09-10 15:45:14 | INFO | bdc.receita | [1949/2903] CNPJ 83680033000157 -> CACHE (ATIVA)
2026-09-10 15:45:14 | INFO | bdc.receita | [1950/2903] CNPJ 25376211000154 -> CACHE (ATIVA)
2026-09-10 15:45:14 | INFO | bdc.receita | [1951/2903] CNPJ 08467115000100 -> CACHE (ATIVA)
2026-09-10 15:45:14 | INFO | bdc.receita | [1952/2903] CNPJ 05938805000102 -> CACHE (ATIVA)
2026-09-10 15:45:14 | INFO | bdc.receita | [1953/2903] CNPJ 25466251000197 -> CACHE (ATIVA)
2026-09-10 15:45:14 | INFO | bdc.receita | [1954/2903] CNPJ 02788151000181 -> CACHE (ATIVA)
2026-09-10 15:45:14 | INFO | bdc.receita | [1955/2903] CNPJ 61065298000102 -> CACHE (ATIVA)
2026-09-10 15:45:14 | INFO | bdc.receita | [1956/2903] CNPJ 05953282000165 -> CACHE (ATIVA)
2026-09-10 15:45:14 | INFO | bdc.receita | [1957/2903] CNPJ 05327858000189 -> CACHE (ATIVA)
2026-09-10 15:45:14 | INFO | bdc.receita | [1958/2903] CNPJ 44010502000179 -> CACHE (ATIVA)
2026-09-10 15:45:14 | INFO | bdc.receita | [1959/2903] CNPJ 26914969000161 -> CACHE (ATIVA)
2026-09-10 15:45:14 | INFO | bdc.receita | [1960/2903] CNPJ 33200056000149 -> CACHE (ATIVA)
2026-09-10 15:45:14 | INFO | bdc.receita | [1961/2903] CNPJ 10472968000174 -> CACHE (ATIVA)
2026-09-10 15:45:14 | INFO | bdc.receita | [1962/2903] CNPJ 10546614000127 -> CACHE (ATIVA)
2026-09-10 15:45:14 | INFO | bdc.receita | [1963/2903] CNPJ 15186494000118 -> CACHE (ATIVA)
2026-09-10 15:45:14 | INFO | bdc.receita | [1964/2903] CNPJ 34801306000169 -> CACHE (ATIVA)
2026-09-10 15:45:14 | INFO | bdc.receita | [1965/2903] CNPJ 81300709000104 -> CACHE (ATIVA)
2026-09-10 15:45:14 | INFO | bdc.receita | [1966/2903] CNPJ 97839922000129 -> CACHE (ATIVA)
2026-09-10 15:45:14 | INFO | bdc.receita | [1967/2903] CNPJ 60745411001290 -> CACHE (ATIVA)
2026-09-10 15:45:14 | INFO | bdc.receita | [1968/2903] CNPJ 27352303000200 -> CACHE (ATIVA)
2026-09-10 15:45:14 | INFO | bdc.receita | [1969/2903] CNPJ 39266459000177 -> CACHE (ATIVA)
2026-09-10 15:45:14 | INFO | bdc.receita | [1970/2903] CNPJ 10656452000180 -> CACHE (ATIVA)
2026-09-10 15:45:14 | INFO | bdc.receita | [1971/2903] CNPJ 78455607000153 -> CACHE (ATIVA)
2026-09-10 15:45:14 | INFO | bdc.receita | [1972/2903] CNPJ 25721960000171 -> CACHE (ATIVA)
2026-09-10 15:45:14 | INFO | bdc.receita | [1973/2903] CNPJ 77366664000101 -> CACHE (ATIVA)
2026-09-10 15:45:14 | INFO | bdc.receita | [1974/2903] CNPJ 80339427000158 -> CACHE (ATIVA)
2026-09-10 15:45:14 | INFO | bdc.receita | [1975/2903] CNPJ 80349020000101 -> CACHE (ATIVA)
2026-09-10 15:45:14 | INFO | bdc.receita | [1976/2903] CNPJ 35540155000103 -> CACHE (ATIVA)
2026-09-10 15:45:14 | INFO | bdc.receita | [1977/2903] CNPJ 04602461000195 -> CACHE (ATIVA)
2026-09-10 15:45:14 | INFO | bdc.receita | [1978/2903] CNPJ 06268413000138 -> CACHE (ATIVA)
2026-09-10 15:45:14 | INFO | bdc.receita | [1979/2903] CNPJ 43807239000180 -> CACHE (ATIVA)
2026-09-10 15:45:14 | INFO | bdc.receita | [1980/2903] CNPJ 05671160000186 -> CACHE (ATIVA)
2026-09-10 15:45:14 | INFO | bdc.receita | [1981/2903] CNPJ 09495582000107 -> CACHE (ATIVA)
2026-09-10 15:45:14 | INFO | bdc.receita | [1982/2903] CNPJ 08667059000140 -> CACHE (ATIVA)
2026-09-10 15:45:14 | INFO | bdc.receita | [1983/2903] CNPJ 43736610000241 -> CACHE (ATIVA)
2026-09-10 15:45:14 | INFO | bdc.receita | [1984/2903] CNPJ 60856077000947 -> CACHE (ATIVA)
2026-09-10 15:45:14 | INFO | bdc.receita | [1985/2903] CNPJ 12723444000134 -> CACHE (ATIVA)
2026-09-10 15:45:14 | INFO | bdc.receita | [1986/2903] CNPJ 78594926000140 -> CACHE (ATIVA)
2026-09-10 15:45:14 | INFO | bdc.receita | [1987/2903] CNPJ 49601255000107 -> CACHE (ATIVA)
2026-09-10 15:45:14 | INFO | bdc.receita | [1988/2903] CNPJ 02468496000158 -> CACHE (ATIVA)
2026-09-10 15:45:14 | INFO | bdc.receita | [1989/2903] CNPJ 26994986000156 -> CACHE (ATIVA)
2026-09-10 15:45:14 | INFO | bdc.receita | [1990/2903] CNPJ 30495806000169 -> CACHE (ATIVA)
2026-09-10 15:45:14 | INFO | bdc.receita | [1991/2903] CNPJ 20300157003912 -> CACHE (ATIVA)
2026-09-10 15:45:14 | INFO | bdc.receita | [1992/2903] CNPJ 49446255000171 -> CACHE (ATIVA)
2026-09-10 15:45:14 | INFO | bdc.receita | [1993/2903] CNPJ 00304148000110 -> CACHE (ATIVA)
2026-09-10 15:45:14 | INFO | bdc.receita | [1994/2903] CNPJ 41221516000143 -> CACHE (ATIVA)
2026-09-10 15:45:14 | INFO | bdc.receita | [1995/2903] CNPJ 61274247000190 -> CACHE (ATIVA)
2026-09-10 15:45:14 | INFO | bdc.receita | [1996/2903] CNPJ 05624538000190 -> CACHE (ATIVA)
2026-09-10 15:45:14 | INFO | bdc.receita | [1997/2903] CNPJ 55277495000192 -> CACHE (ATIVA)
2026-09-10 15:45:14 | INFO | bdc.receita | [1998/2903] CNPJ 42416651000107 -> CACHE (ATIVA)
2026-09-10 15:45:14 | INFO | bdc.receita | [1999/2903] CNPJ 80959513000163 -> CACHE (ATIVA)
2026-09-10 15:45:14 | INFO | bdc.receita | [2000/2903] CNPJ 61352050000122 -> CACHE (ATIVA)
2026-09-10 15:45:14 | INFO | bdc.receita | [2001/2903] CNPJ 00746432000146 -> CACHE (ATIVA)
2026-09-10 15:45:14 | INFO | bdc.receita | [2002/2903] CNPJ 18216718000185 -> CACHE (ATIVA)
2026-09-10 15:45:14 | INFO | bdc.receita | [2003/2903] CNPJ 02547509000184 -> CACHE (ATIVA)
2026-09-10 15:45:14 | INFO | bdc.receita | [2004/2903] CNPJ 30206620000142 -> CACHE (ATIVA)
2026-09-10 15:45:14 | INFO | bdc.receita | [2005/2903] CNPJ 67620377000114 -> CACHE (ATIVA)
2026-09-10 15:45:14 | INFO | bdc.receita | [2006/2903] CNPJ 33024632000144 -> CACHE (ATIVA)
2026-09-10 15:45:14 | INFO | bdc.receita | [2007/2903] CNPJ 15375991000164 -> CACHE (ATIVA)
2026-09-10 15:45:14 | INFO | bdc.receita | [2008/2903] CNPJ 40382949000118 -> CACHE (ATIVA)
2026-09-10 15:45:14 | INFO | bdc.receita | [2009/2903] CNPJ 32576121000172 -> CACHE (ATIVA)
2026-09-10 15:45:14 | INFO | bdc.receita | [2010/2903] CNPJ 85307098000187 -> CACHE (ATIVA)
2026-09-10 15:45:14 | INFO | bdc.receita | [2011/2903] CNPJ 01317277000105 -> CACHE (ATIVA)
2026-09-10 15:45:14 | INFO | bdc.receita | [2012/2903] CNPJ 06057223000171 -> CACHE (ATIVA)
2026-09-10 15:45:14 | INFO | bdc.receita | [2013/2903] CNPJ 41777706000141 -> CACHE (ATIVA)
2026-09-10 15:45:14 | INFO | bdc.receita | [2014/2903] CNPJ 00111960000129 -> CACHE (ATIVA)
2026-09-10 15:45:14 | INFO | bdc.receita | [2015/2903] CNPJ 01924996000194 -> CACHE (ATIVA)
2026-09-10 15:45:14 | INFO | bdc.receita | [2016/2903] CNPJ 06973355000143 -> CACHE (ATIVA)
2026-09-10 15:45:14 | INFO | bdc.receita | [2017/2903] CNPJ 39608949000104 -> CACHE (ATIVA)
2026-09-10 15:45:14 | INFO | bdc.receita | [2018/2903] CNPJ 76868678000152 -> CACHE (ATIVA)
2026-09-10 15:45:14 | INFO | bdc.receita | [2019/2903] CNPJ 87248522000195 -> CACHE (ATIVA)
2026-09-10 15:45:14 | INFO | bdc.receita | [2020/2903] CNPJ 81599359000129 -> CACHE (ATIVA)
2026-09-10 15:45:14 | INFO | bdc.receita | [2021/2903] CNPJ 82956889000140 -> CACHE (ATIVA)
2026-09-10 15:45:14 | INFO | bdc.receita | [2022/2903] CNPJ 89435598000155 -> CACHE (ATIVA)
2026-09-10 15:45:14 | INFO | bdc.receita | [2023/2903] CNPJ 24325696000194 -> CACHE (ATIVA)
2026-09-10 15:45:14 | INFO | bdc.receita | [2024/2903] CNPJ 04772922000178 -> CACHE (ATIVA)
2026-09-10 15:45:14 | INFO | bdc.receita | [2025/2903] CNPJ 82757907000164 -> CACHE (ATIVA)
2026-09-10 15:45:14 | INFO | bdc.receita | [2026/2903] CNPJ 09456668000112 -> CACHE (ATIVA)
2026-09-10 15:45:14 | INFO | bdc.receita | [2027/2903] CNPJ 00457993000125 -> CACHE (ATIVA)
2026-09-10 15:45:14 | INFO | bdc.receita | [2028/2903] CNPJ 31794665000148 -> CACHE (ATIVA)
2026-09-10 15:45:14 | INFO | bdc.receita | [2029/2903] CNPJ 08473370000158 -> CACHE (ATIVA)
2026-09-10 15:45:14 | INFO | bdc.receita | [2030/2903] CNPJ 34002904000178 -> CACHE (ATIVA)
2026-09-10 15:45:14 | INFO | bdc.receita | [2031/2903] CNPJ 05352393000116 -> CACHE (ATIVA)
2026-09-10 15:45:14 | INFO | bdc.receita | [2032/2903] CNPJ 05358507000135 -> CACHE (ATIVA)
2026-09-10 15:45:14 | INFO | bdc.receita | [2033/2903] CNPJ 20133750000149 -> CACHE (ATIVA)
2026-09-10 15:45:14 | INFO | bdc.receita | [2034/2903] CNPJ 21998635000108 -> CACHE (ATIVA)
2026-09-10 15:45:14 | INFO | bdc.receita | [2035/2903] CNPJ 09436149000192 -> CACHE (ATIVA)
2026-09-10 15:45:14 | INFO | bdc.receita | [2036/2903] CNPJ 07546158000100 -> CACHE (ATIVA)
2026-09-10 15:45:14 | INFO | bdc.receita | [2037/2903] CNPJ 04563672000166 -> CACHE (ATIVA)
2026-09-10 15:45:14 | INFO | bdc.receita | [2038/2903] CNPJ 11862955000174 -> CACHE (ATIVA)
2026-09-10 15:45:14 | INFO | bdc.receita | [2039/2903] CNPJ 00080671000371 -> CACHE (ATIVA)
2026-09-10 15:45:14 | INFO | bdc.receita | [2040/2903] CNPJ 80051824000120 -> CACHE (ATIVA)
2026-09-10 15:45:14 | INFO | bdc.receita | [2041/2903] CNPJ 07280328001804 -> CACHE (ATIVA)
2026-09-10 15:45:14 | INFO | bdc.receita | [2042/2903] CNPJ 10365451000186 -> CACHE (ATIVA)
2026-09-10 15:45:14 | INFO | bdc.receita | [2043/2903] CNPJ 73008112000162 -> CACHE (ATIVA)
2026-09-10 15:45:14 | INFO | bdc.receita | [2044/2903] CNPJ 53162783000176 -> CACHE (ATIVA)
2026-09-10 15:45:14 | INFO | bdc.receita | [2045/2903] CNPJ 11659958000105 -> CACHE (ATIVA)
2026-09-10 15:45:14 | INFO | bdc.receita | [2046/2903] CNPJ 53943098000187 -> CACHE (ATIVA)
2026-09-10 15:45:14 | INFO | bdc.receita | [2047/2903] CNPJ 24011952000179 -> CACHE (ATIVA)
2026-09-10 15:45:14 | INFO | bdc.receita | [2048/2903] CNPJ 06268099000193 -> CACHE (ATIVA)
2026-09-10 15:45:14 | INFO | bdc.receita | [2049/2903] CNPJ 04299324000123 -> CACHE (ATIVA)
2026-09-10 15:45:14 | INFO | bdc.receita | [2050/2903] CNPJ 71815161000262 -> CACHE (ATIVA)
2026-09-10 15:45:14 | INFO | bdc.receita | [2051/2903] CNPJ 48539407007392 -> CACHE (ATIVA)
2026-09-10 15:45:14 | INFO | bdc.receita | [2052/2903] CNPJ 03780401000108 -> CACHE (ATIVA)
2026-09-10 15:45:14 | INFO | bdc.receita | [2053/2903] CNPJ 12539517000132 -> CACHE (ATIVA)
2026-09-10 15:45:14 | INFO | bdc.receita | [2054/2903] CNPJ 01947943000199 -> CACHE (ATIVA)
2026-09-10 15:45:14 | INFO | bdc.receita | [2055/2903] CNPJ 16793501000102 -> CACHE (ATIVA)
2026-09-10 15:45:14 | INFO | bdc.receita | [2056/2903] CNPJ 80605298000100 -> CACHE (ATIVA)
2026-09-10 15:45:14 | INFO | bdc.receita | [2057/2903] CNPJ 31315659000160 -> CACHE (ATIVA)
2026-09-10 15:45:14 | INFO | bdc.receita | [2058/2903] CNPJ 86378189000176 -> CACHE (ATIVA)
2026-09-10 15:45:14 | INFO | bdc.receita | [2059/2903] CNPJ 07237015000117 -> CACHE (ATIVA)
2026-09-10 15:45:14 | INFO | bdc.receita | [2060/2903] CNPJ 09257223000103 -> CACHE (ATIVA)
2026-09-10 15:45:14 | INFO | bdc.receita | [2061/2903] CNPJ 08832177000166 -> CACHE (ATIVA)
2026-09-10 15:45:14 | INFO | bdc.receita | [2062/2903] CNPJ 10356783000102 -> CACHE (ATIVA)
2026-09-10 15:45:14 | INFO | bdc.receita | [2063/2903] CNPJ 21842878000225 -> CACHE (ATIVA)
2026-09-10 15:45:14 | INFO | bdc.receita | [2064/2903] CNPJ 78156247000199 -> CACHE (ATIVA)
2026-09-10 15:45:14 | INFO | bdc.receita | [2065/2903] CNPJ 13743550000142 -> CACHE (ATIVA)
2026-09-10 15:45:14 | INFO | bdc.receita | [2066/2903] CNPJ 11322550000143 -> CACHE (ATIVA)
2026-09-10 15:45:14 | INFO | bdc.receita | [2067/2903] CNPJ 81304552000195 -> CACHE (ATIVA)
2026-09-10 15:45:14 | INFO | bdc.receita | [2068/2903] CNPJ 00717453000133 -> CACHE (ATIVA)
2026-09-10 15:45:14 | INFO | bdc.receita | [2069/2903] CNPJ 18891055000102 -> CACHE (ATIVA)
2026-09-10 15:45:14 | INFO | bdc.receita | [2070/2903] CNPJ 77890846000179 -> CACHE (ATIVA)
2026-09-10 15:45:14 | INFO | bdc.receita | [2071/2903] CNPJ 03255517000110 -> CACHE (ATIVA)
2026-09-10 15:45:14 | INFO | bdc.receita | [2072/2903] CNPJ 10981488000139 -> CACHE (ATIVA)
2026-09-10 15:45:14 | INFO | bdc.receita | [2073/2903] CNPJ 76561406000105 -> CACHE (ATIVA)
2026-09-10 15:45:14 | INFO | bdc.receita | [2074/2903] CNPJ 32756560000167 -> CACHE (ATIVA)
2026-09-10 15:45:14 | INFO | bdc.receita | [2075/2903] CNPJ 08573833000153 -> CACHE (ATIVA)
2026-09-10 15:45:14 | INFO | bdc.receita | [2076/2903] CNPJ 06164824000183 -> CACHE (ATIVA)
2026-09-10 15:45:14 | INFO | bdc.receita | [2077/2903] CNPJ 00552646000181 -> CACHE (ATIVA)
2026-09-10 15:45:14 | INFO | bdc.receita | [2078/2903] CNPJ 78016003002820 -> CACHE (ATIVA)
2026-09-10 15:45:14 | INFO | bdc.receita | [2079/2903] CNPJ 51685667000106 -> CACHE (ATIVA)
2026-09-10 15:45:14 | INFO | bdc.receita | [2080/2903] CNPJ 30306294000226 -> CACHE (ATIVA)
2026-09-10 15:45:14 | INFO | bdc.receita | [2081/2903] CNPJ 00668630000139 -> CACHE (ATIVA)
2026-09-10 15:45:14 | INFO | bdc.receita | [2082/2903] CNPJ 09000493000134 -> CACHE (ATIVA)
2026-09-10 15:45:14 | INFO | bdc.receita | [2083/2903] CNPJ 60619202006693 -> CACHE (ATIVA)
2026-09-10 15:45:14 | INFO | bdc.receita | [2084/2903] CNPJ 92475250000104 -> CACHE (ATIVA)
2026-09-10 15:45:14 | INFO | bdc.receita | [2085/2903] CNPJ 91362590004811 -> CACHE (ATIVA)
2026-09-10 15:45:14 | INFO | bdc.receita | [2086/2903] CNPJ 03839633000186 -> CACHE (ATIVA)
2026-09-10 15:45:14 | INFO | bdc.receita | [2087/2903] CNPJ 07017009000154 -> CACHE (ATIVA)
2026-09-10 15:45:14 | INFO | bdc.receita | [2088/2903] CNPJ 39702815000158 -> CACHE (ATIVA)
2026-09-10 15:45:14 | INFO | bdc.receita | [2089/2903] CNPJ 05350372000161 -> CACHE (ATIVA)
2026-09-10 15:45:14 | INFO | bdc.receita | [2090/2903] CNPJ 04708093000164 -> CACHE (ATIVA)
2026-09-10 15:45:14 | INFO | bdc.receita | [2091/2903] CNPJ 05162775000187 -> CACHE (ATIVA)
2026-09-10 15:45:14 | INFO | bdc.receita | [2092/2903] CNPJ 30195195000133 -> CACHE (ATIVA)
2026-09-10 15:45:14 | INFO | bdc.receita | [2093/2903] CNPJ 33834418000153 -> CACHE (ATIVA)
2026-09-10 15:45:14 | INFO | bdc.receita | [2094/2903] CNPJ 04741986000101 -> CACHE (ATIVA)
2026-09-10 15:45:14 | INFO | bdc.receita | [2095/2903] CNPJ 12433420000140 -> CACHE (ATIVA)
2026-09-10 15:45:14 | INFO | bdc.receita | [2096/2903] CNPJ 80732928000108 -> CACHE (ATIVA)
2026-09-10 15:45:14 | INFO | bdc.receita | [2097/2903] CNPJ 09604474000117 -> CACHE (ATIVA)
2026-09-10 15:45:14 | INFO | bdc.receita | [2098/2903] CNPJ 19925848000150 -> CACHE (ATIVA)
2026-09-10 15:45:14 | INFO | bdc.receita | [2099/2903] CNPJ 17858631000149 -> CACHE (ATIVA)
2026-09-10 15:45:14 | INFO | bdc.receita | [2100/2903] CNPJ 74526278000133 -> CACHE (ATIVA)
2026-09-10 15:45:14 | INFO | bdc.receita | [2101/2903] CNPJ 22553164000189 -> CACHE (ATIVA)
2026-09-10 15:45:14 | INFO | bdc.receita | [2102/2903] CNPJ 03132254000232 -> CACHE (ATIVA)
2026-09-10 15:45:14 | INFO | bdc.receita | [2103/2903] CNPJ 50153054000246 -> CACHE (ATIVA)
2026-09-10 15:45:14 | INFO | bdc.receita | [2104/2903] CNPJ 28525891000208 -> CACHE (ATIVA)
2026-09-10 15:45:14 | INFO | bdc.receita | [2105/2903] CNPJ 76098219000137 -> CACHE (ATIVA)
2026-09-10 15:45:14 | INFO | bdc.receita | [2106/2903] CNPJ 55257059000151 -> CACHE (ATIVA)
2026-09-10 15:45:14 | INFO | bdc.receita | [2107/2903] CNPJ 07255463000143 -> CACHE (ATIVA)
2026-09-10 15:45:14 | INFO | bdc.receita | [2108/2903] CNPJ 07145799000153 -> CACHE (ATIVA)
2026-09-10 15:45:14 | INFO | bdc.receita | [2109/2903] CNPJ 00007750000195 -> CACHE (ATIVA)
2026-09-10 15:45:14 | INFO | bdc.receita | [2110/2903] CNPJ 61082988000250 -> CACHE (ATIVA)
2026-09-10 15:45:14 | INFO | bdc.receita | [2111/2903] CNPJ 16875048000183 -> CACHE (ATIVA)
2026-09-10 15:45:14 | INFO | bdc.receita | [2112/2903] CNPJ 67185694000150 -> CACHE (ATIVA)
2026-09-10 15:45:14 | INFO | bdc.receita | [2113/2903] CNPJ 40797554000186 -> CACHE (ATIVA)
2026-09-10 15:45:14 | INFO | bdc.receita | [2114/2903] CNPJ 04728953000121 -> CACHE (ATIVA)
2026-09-10 15:45:14 | INFO | bdc.receita | [2115/2903] CNPJ 17555263000160 -> CACHE (ATIVA)
2026-09-10 15:45:14 | INFO | bdc.receita | [2116/2903] CNPJ 81584278000155 -> CACHE (ATIVA)
2026-09-10 15:45:14 | INFO | bdc.receita | [2117/2903] CNPJ 05754606000136 -> CACHE (ATIVA)
2026-09-10 15:45:14 | INFO | bdc.receita | [2118/2903] CNPJ 02081239000169 -> CACHE (ATIVA)
2026-09-10 15:45:14 | INFO | bdc.receita | [2119/2903] CNPJ 28602407000108 -> CACHE (ATIVA)
2026-09-10 15:45:14 | INFO | bdc.receita | [2120/2903] CNPJ 04836055000197 -> CACHE (ATIVA)
2026-09-10 15:45:14 | INFO | bdc.receita | [2121/2903] CNPJ 03758625000105 -> CACHE (ATIVA)
2026-09-10 15:45:14 | INFO | bdc.receita | [2122/2903] CNPJ 26711428000136 -> CACHE (ATIVA)
2026-09-10 15:45:14 | INFO | bdc.receita | [2123/2903] CNPJ 09509277000119 -> CACHE (ATIVA)
2026-09-10 15:45:14 | INFO | bdc.receita | [2124/2903] CNPJ 10351274000189 -> CACHE (ATIVA)
2026-09-10 15:45:14 | INFO | bdc.receita | [2125/2903] CNPJ 11352784000133 -> CACHE (ATIVA)
2026-09-10 15:45:14 | INFO | bdc.receita | [2126/2903] CNPJ 60608866000101 -> CACHE (ATIVA)
2026-09-10 15:45:14 | INFO | bdc.receita | [2127/2903] CNPJ 36205095000127 -> CACHE (ATIVA)
2026-09-10 15:45:14 | INFO | bdc.receita | [2128/2903] CNPJ 66979659000140 -> CACHE (ATIVA)
2026-09-10 15:45:14 | INFO | bdc.receita | [2129/2903] CNPJ 55979736000145 -> CACHE (ATIVA)
2026-09-10 15:45:14 | INFO | bdc.receita | [2130/2903] CNPJ 00601731000192 -> CACHE (ATIVA)
2026-09-10 15:45:14 | INFO | bdc.receita | [2131/2903] CNPJ 38246958000130 -> CACHE (ATIVA)
2026-09-10 15:45:14 | INFO | bdc.receita | [2132/2903] CNPJ 33839828000197 -> CACHE (ATIVA)
2026-09-10 15:45:14 | INFO | bdc.receita | [2133/2903] CNPJ 81716144003085 -> CACHE (ATIVA)
2026-09-10 15:45:14 | INFO | bdc.receita | [2134/2903] CNPJ 14073441000128 -> CACHE (ATIVA)
2026-09-10 15:45:14 | INFO | bdc.receita | [2135/2903] CNPJ 89637490016572 -> CACHE (ATIVA)
2026-09-10 15:45:14 | INFO | bdc.receita | [2136/2903] CNPJ 61008173000140 -> CACHE (ATIVA)
2026-09-10 15:45:14 | INFO | bdc.receita | [2137/2903] CNPJ 78908266000124 -> CACHE (ATIVA)
2026-09-10 15:45:14 | INFO | bdc.receita | [2138/2903] CNPJ 02271463000466 -> CACHE (ATIVA)
2026-09-10 15:45:14 | INFO | bdc.receita | [2139/2903] CNPJ 11769289000124 -> CACHE (ATIVA)
2026-09-10 15:45:14 | INFO | bdc.receita | [2140/2903] CNPJ 82984287000104 -> CACHE (ATIVA)
2026-09-10 15:45:14 | INFO | bdc.receita | [2141/2903] CNPJ 43843358000199 -> CACHE (ATIVA)
2026-09-10 15:45:14 | INFO | bdc.receita | [2142/2903] CNPJ 15170723000106 -> CACHE (ATIVA)
2026-09-10 15:45:14 | INFO | bdc.receita | [2143/2903] CNPJ 08439659000150 -> CACHE (ATIVA)
2026-09-10 15:45:14 | INFO | bdc.receita | [2144/2903] CNPJ 03503798000182 -> CACHE (ATIVA)
2026-09-10 15:45:14 | INFO | bdc.receita | [2145/2903] CNPJ 29170776000131 -> CACHE (ATIVA)
2026-09-10 15:45:14 | INFO | bdc.receita | [2146/2903] CNPJ 10366780000141 -> CACHE (ATIVA)
2026-09-10 15:45:14 | INFO | bdc.receita | [2147/2903] CNPJ 46587879000110 -> CACHE (ATIVA)
2026-09-10 15:45:14 | INFO | bdc.receita | [2148/2903] CNPJ 07651602000158 -> CACHE (ATIVA)
2026-09-10 15:45:14 | INFO | bdc.receita | [2149/2903] CNPJ 24396489000120 -> CACHE (ATIVA)
2026-09-10 15:45:14 | INFO | bdc.receita | [2150/2903] CNPJ 09185485000100 -> CACHE (ATIVA)
2026-09-10 15:45:14 | INFO | bdc.receita | [2151/2903] CNPJ 92091891000157 -> CACHE (ATIVA)
2026-09-10 15:45:14 | INFO | bdc.receita | [2152/2903] CNPJ 56139066000626 -> CACHE (ATIVA)
2026-09-10 15:45:14 | INFO | bdc.receita | [2153/2903] CNPJ 79085221000160 -> CACHE (ATIVA)
2026-09-10 15:45:14 | INFO | bdc.receita | [2154/2903] CNPJ 02831172000132 -> CACHE (ATIVA)
2026-09-10 15:45:14 | INFO | bdc.receita | [2155/2903] CNPJ 13722308000192 -> CACHE (ATIVA)
2026-09-10 15:45:14 | INFO | bdc.receita | [2156/2903] CNPJ 48510937000133 -> CACHE (ATIVA)
2026-09-10 15:45:14 | INFO | bdc.receita | [2157/2903] CNPJ 00205375000350 -> CACHE (ATIVA)
2026-09-10 15:45:14 | INFO | bdc.receita | [2158/2903] CNPJ 35911730000129 -> CACHE (ATIVA)
2026-09-10 15:45:14 | INFO | bdc.receita | [2159/2903] CNPJ 79379491000183 -> CACHE (ATIVA)
2026-09-10 15:45:14 | INFO | bdc.receita | [2160/2903] CNPJ 61092037000181 -> CACHE (ATIVA)
2026-09-10 15:45:14 | INFO | bdc.receita | [2161/2903] CNPJ 04865359000182 -> CACHE (ATIVA)
2026-09-10 15:45:14 | INFO | bdc.receita | [2162/2903] CNPJ 09295194000174 -> CACHE (ATIVA)
2026-09-10 15:45:14 | INFO | bdc.receita | [2163/2903] CNPJ 13897477000163 -> CACHE (ATIVA)
2026-09-10 15:45:14 | INFO | bdc.receita | [2164/2903] CNPJ 00931787000105 -> CACHE (ATIVA)
2026-09-10 15:45:14 | INFO | bdc.receita | [2165/2903] CNPJ 00529188000160 -> CACHE (ATIVA)
2026-09-10 15:45:14 | INFO | bdc.receita | [2166/2903] CNPJ 11230832000110 -> CACHE (ATIVA)
2026-09-10 15:45:14 | INFO | bdc.receita | [2167/2903] CNPJ 01923317000162 -> CACHE (ATIVA)
2026-09-10 15:45:14 | INFO | bdc.receita | [2168/2903] CNPJ 05158808000115 -> CACHE (ATIVA)
2026-09-10 15:45:14 | INFO | bdc.receita | [2169/2903] CNPJ 33981438000157 -> CACHE (ATIVA)
2026-09-10 15:45:14 | INFO | bdc.receita | [2170/2903] CNPJ 80358401000157 -> CACHE (ATIVA)
2026-09-10 15:45:14 | INFO | bdc.receita | [2171/2903] CNPJ 01966329000174 -> CACHE (ATIVA)
2026-09-10 15:45:14 | INFO | bdc.receita | [2172/2903] CNPJ 39372527000182 -> CACHE (ATIVA)
2026-09-10 15:45:14 | INFO | bdc.receita | [2173/2903] CNPJ 04656253000179 -> CACHE (ATIVA)
2026-09-10 15:45:14 | INFO | bdc.receita | [2174/2903] CNPJ 32493370000285 -> CACHE (ATIVA)
2026-09-10 15:45:14 | INFO | bdc.receita | [2175/2903] CNPJ 49392982000101 -> CACHE (ATIVA)
2026-09-10 15:45:14 | INFO | bdc.receita | [2176/2903] CNPJ 55624498000155 -> CACHE (ATIVA)
2026-09-10 15:45:14 | INFO | bdc.receita | [2177/2903] CNPJ 36537518000106 -> CACHE (ATIVA)
2026-09-10 15:45:14 | INFO | bdc.receita | [2178/2903] CNPJ 67218263000142 -> CACHE (ATIVA)
2026-09-10 15:45:14 | INFO | bdc.receita | [2179/2903] CNPJ 76492701001803 -> CACHE (ATIVA)
2026-09-10 15:45:14 | INFO | bdc.receita | [2180/2903] CNPJ 61067930000319 -> CACHE (ATIVA)
2026-09-10 15:45:14 | INFO | bdc.receita | [2181/2903] CNPJ 32473076000120 -> CACHE (ATIVA)
2026-09-10 15:45:14 | INFO | bdc.receita | [2182/2903] CNPJ 19292864000152 -> CACHE (ATIVA)
2026-09-10 15:45:14 | INFO | bdc.receita | [2183/2903] CNPJ 02385570000172 -> CACHE (ATIVA)
2026-09-10 15:45:14 | INFO | bdc.receita | [2184/2903] CNPJ 57159923000108 -> CACHE (ATIVA)
2026-09-10 15:45:14 | INFO | bdc.receita | [2185/2903] CNPJ 02391271000140 -> CACHE (ATIVA)
2026-09-10 15:45:14 | INFO | bdc.receita | [2186/2903] CNPJ 29433969000219 -> CACHE (ATIVA)
2026-09-10 15:45:14 | INFO | bdc.receita | [2187/2903] CNPJ 51413924000150 -> CACHE (ATIVA)
2026-09-10 15:45:14 | INFO | bdc.receita | [2188/2903] CNPJ 04516387000194 -> CACHE (ATIVA)
2026-09-10 15:45:14 | INFO | bdc.receita | [2189/2903] CNPJ 08803023000146 -> CACHE (ATIVA)
2026-09-10 15:45:14 | INFO | bdc.receita | [2190/2903] CNPJ 04447879000175 -> CACHE (ATIVA)
2026-09-10 15:45:14 | INFO | bdc.receita | [2191/2903] CNPJ 01528473000129 -> CACHE (ATIVA)
2026-09-10 15:45:14 | INFO | bdc.receita | [2192/2903] CNPJ 67649269000174 -> CACHE (ATIVA)
2026-09-10 15:45:14 | INFO | bdc.receita | [2193/2903] CNPJ 75674424000130 -> CACHE (ATIVA)
2026-09-10 15:45:14 | INFO | bdc.receita | [2194/2903] CNPJ 06043809000187 -> CACHE (ATIVA)
2026-09-10 15:45:14 | INFO | bdc.receita | [2195/2903] CNPJ 83647990000181 -> CACHE (ATIVA)
2026-09-10 15:45:14 | INFO | bdc.receita | [2196/2903] CNPJ 31781135000165 -> CACHE (ATIVA)
2026-09-10 15:45:14 | INFO | bdc.receita | [2197/2903] CNPJ 00993264008097 -> CACHE (ATIVA)
2026-09-10 15:45:14 | INFO | bdc.receita | [2198/2903] CNPJ 08236393000149 -> CACHE (ATIVA)
2026-09-10 15:45:14 | INFO | bdc.receita | [2199/2903] CNPJ 04719951000257 -> CACHE (ATIVA)
2026-09-10 15:45:14 | INFO | bdc.receita | [2200/2903] CNPJ 05362278000122 -> CACHE (ATIVA)
2026-09-10 15:45:14 | INFO | bdc.receita | [2201/2903] CNPJ 25086034000171 -> CACHE (ATIVA)
2026-09-10 15:45:14 | INFO | bdc.receita | [2202/2903] CNPJ 76004209000195 -> CACHE (ATIVA)
2026-09-10 15:45:14 | INFO | bdc.receita | [2203/2903] CNPJ 12723335000117 -> CACHE (ATIVA)
2026-09-10 15:45:14 | INFO | bdc.receita | [2204/2903] CNPJ 00993264001912 -> CACHE (ATIVA)
2026-09-10 15:45:14 | INFO | bdc.receita | [2205/2903] CNPJ 91506246000195 -> CACHE (ATIVA)
2026-09-10 15:45:14 | INFO | bdc.receita | [2206/2903] CNPJ 05263973000137 -> CACHE (ATIVA)
2026-09-10 15:45:14 | INFO | bdc.receita | [2207/2903] CNPJ 33401635000150 -> CACHE (ATIVA)
2026-09-10 15:45:14 | INFO | bdc.receita | [2208/2903] CNPJ 12125536000112 -> CACHE (ATIVA)
2026-09-10 15:45:14 | INFO | bdc.receita | [2209/2903] CNPJ 06353241001172 -> CACHE (ATIVA)
2026-09-10 15:45:14 | INFO | bdc.receita | [2210/2903] CNPJ 15515966000139 -> CACHE (ATIVA)
2026-09-10 15:45:14 | INFO | bdc.receita | [2211/2903] CNPJ 18983409000130 -> CACHE (ATIVA)
2026-09-10 15:45:14 | INFO | bdc.receita | [2212/2903] CNPJ 10452113000181 -> CACHE (ATIVA)
2026-09-10 15:45:14 | INFO | bdc.receita | [2213/2903] CNPJ 76564624000101 -> CACHE (ATIVA)
2026-09-10 15:45:14 | INFO | bdc.receita | [2214/2903] CNPJ 05325158000155 -> CACHE (ATIVA)
2026-09-10 15:45:14 | INFO | bdc.receita | [2215/2903] CNPJ 21093385000159 -> CACHE (ATIVA)
2026-09-10 15:45:14 | INFO | bdc.receita | [2216/2903] CNPJ 00915958000102 -> CACHE (ATIVA)
2026-09-10 15:45:14 | INFO | bdc.receita | [2217/2903] CNPJ 05126928000130 -> CACHE (ATIVA)
2026-09-10 15:45:14 | INFO | bdc.receita | [2218/2903] CNPJ 36808117000143 -> CACHE (ATIVA)
2026-09-10 15:45:14 | INFO | bdc.receita | [2219/2903] CNPJ 02332686000143 -> CACHE (ATIVA)
2026-09-10 15:45:14 | INFO | bdc.receita | [2220/2903] CNPJ 26051817000182 -> CACHE (ATIVA)
2026-09-10 15:45:14 | INFO | bdc.receita | [2221/2903] CNPJ 18325729000101 -> CACHE (ATIVA)
2026-09-10 15:45:14 | INFO | bdc.receita | [2222/2903] CNPJ 77768943000436 -> CACHE (ATIVA)
2026-09-10 15:45:14 | INFO | bdc.receita | [2223/2903] CNPJ 38350307000195 -> CACHE (ATIVA)
2026-09-10 15:45:14 | INFO | bdc.receita | [2224/2903] CNPJ 04056176000116 -> CACHE (ATIVA)
2026-09-10 15:45:14 | INFO | bdc.receita | [2225/2903] CNPJ 81672099000170 -> CACHE (ATIVA)
2026-09-10 15:45:14 | INFO | bdc.receita | [2226/2903] CNPJ 07391922000116 -> CACHE (ATIVA)
2026-09-10 15:45:14 | INFO | bdc.receita | [2227/2903] CNPJ 16404287000155 -> CACHE (ATIVA)
2026-09-10 15:45:14 | INFO | bdc.receita | [2228/2903] CNPJ 36012033000107 -> CACHE (ATIVA)
2026-09-10 15:45:14 | INFO | bdc.receita | [2229/2903] CNPJ 00729422000100 -> CACHE (ATIVA)
2026-09-10 15:45:14 | INFO | bdc.receita | [2230/2903] CNPJ 07357797000128 -> CACHE (ATIVA)
2026-09-10 15:45:14 | INFO | bdc.receita | [2231/2903] CNPJ 75962886000315 -> CACHE (ATIVA)
2026-09-10 15:45:14 | INFO | bdc.receita | [2232/2903] CNPJ 06315338000119 -> CACHE (ATIVA)
2026-09-10 15:45:14 | INFO | bdc.receita | [2233/2903] CNPJ 92175892000180 -> CACHE (ATIVA)
2026-09-10 15:45:14 | INFO | bdc.receita | [2234/2903] CNPJ 08862530000746 -> CACHE (ATIVA)
2026-09-10 15:45:14 | INFO | bdc.receita | [2235/2903] CNPJ 02778274000131 -> CACHE (ATIVA)
2026-09-10 15:45:14 | INFO | bdc.receita | [2236/2903] CNPJ 32783106000103 -> CACHE (ATIVA)
2026-09-10 15:45:14 | INFO | bdc.receita | [2237/2903] CNPJ 47080619000117 -> CACHE (ATIVA)
2026-09-10 15:45:14 | INFO | bdc.receita | [2238/2903] CNPJ 56720428001488 -> CACHE (ATIVA)
2026-09-10 15:45:14 | INFO | bdc.receita | [2239/2903] CNPJ 06840748000189 -> CACHE (ATIVA)
2026-09-10 15:45:14 | INFO | bdc.receita | [2240/2903] CNPJ 07615913000242 -> CACHE (ATIVA)
2026-09-10 15:45:14 | INFO | bdc.receita | [2241/2903] CNPJ 09450530000106 -> CACHE (ATIVA)
2026-09-10 15:45:14 | INFO | bdc.receita | [2242/2903] CNPJ 02886959000100 -> CACHE (ATIVA)
2026-09-10 15:45:14 | INFO | bdc.receita | [2243/2903] CNPJ 61407078000110 -> CACHE (ATIVA)
2026-09-10 15:45:14 | INFO | bdc.receita | [2244/2903] CNPJ 00632761000166 -> CACHE (ATIVA)
2026-09-10 15:45:14 | INFO | bdc.receita | [2245/2903] CNPJ 06149288000490 -> CACHE (ATIVA)
2026-09-10 15:45:14 | INFO | bdc.receita | [2246/2903] CNPJ 05644020000119 -> CACHE (ATIVA)
2026-09-10 15:45:14 | INFO | bdc.receita | [2247/2903] CNPJ 10708509000147 -> CACHE (ATIVA)
2026-09-10 15:45:14 | INFO | bdc.receita | [2248/2903] CNPJ 07715730000118 -> CACHE (ATIVA)
2026-09-10 15:45:14 | INFO | bdc.receita | [2249/2903] CNPJ 16628281000161 -> CACHE (ATIVA)
2026-09-10 15:45:14 | INFO | bdc.receita | [2250/2903] CNPJ 02529745000178 -> CACHE (ATIVA)
2026-09-10 15:45:14 | INFO | bdc.receita | [2251/2903] CNPJ 05302946000126 -> CACHE (ATIVA)
2026-09-10 15:45:14 | INFO | bdc.receita | [2252/2903] CNPJ 78643319000122 -> CACHE (ATIVA)
2026-09-10 15:45:14 | INFO | bdc.receita | [2253/2903] CNPJ 04029601000188 -> CACHE (ATIVA)
2026-09-10 15:45:14 | INFO | bdc.receita | [2254/2903] CNPJ 15732189000184 -> CACHE (ATIVA)
2026-09-10 15:45:14 | INFO | bdc.receita | [2255/2903] CNPJ 33856394000133 -> CACHE (ATIVA)
2026-09-10 15:45:14 | INFO | bdc.receita | [2256/2903] CNPJ 29667227000177 -> CACHE (ATIVA)
2026-09-10 15:45:14 | INFO | bdc.receita | [2257/2903] CNPJ 26060377000120 -> CACHE (ATIVA)
2026-09-10 15:45:14 | INFO | bdc.receita | [2258/2903] CNPJ 03281740000131 -> CACHE (ATIVA)
2026-09-10 15:45:14 | INFO | bdc.receita | [2259/2903] CNPJ 08401841000112 -> CACHE (ATIVA)
2026-09-10 15:45:14 | INFO | bdc.receita | [2260/2903] CNPJ 40772936000155 -> CACHE (ATIVA)
2026-09-10 15:45:14 | INFO | bdc.receita | [2261/2903] CNPJ 08944802000161 -> CACHE (ATIVA)
2026-09-10 15:45:14 | INFO | bdc.receita | [2262/2903] CNPJ 17465122000156 -> CACHE (ATIVA)
2026-09-10 15:45:14 | INFO | bdc.receita | [2263/2903] CNPJ 52177777000120 -> CACHE (ATIVA)
2026-09-10 15:45:14 | INFO | bdc.receita | [2264/2903] CNPJ 67969964000113 -> CACHE (ATIVA)
2026-09-10 15:45:14 | INFO | bdc.receita | [2265/2903] CNPJ 76061480000162 -> CACHE (ATIVA)
2026-09-10 15:45:14 | INFO | bdc.receita | [2266/2903] CNPJ 15054480000140 -> CACHE (ATIVA)
2026-09-10 15:45:14 | INFO | bdc.receita | [2267/2903] CNPJ 07646232000160 -> CACHE (ATIVA)
2026-09-10 15:45:14 | INFO | bdc.receita | [2268/2903] CNPJ 95370078000104 -> CACHE (ATIVA)
2026-09-10 15:45:14 | INFO | bdc.receita | [2269/2903] CNPJ 06149288000147 -> CACHE (ATIVA)
2026-09-10 15:45:14 | INFO | bdc.receita | [2270/2903] CNPJ 18856003000197 -> CACHE (ATIVA)
2026-09-10 15:45:14 | INFO | bdc.receita | [2271/2903] CNPJ 05938884000143 -> CACHE (ATIVA)
2026-09-10 15:45:14 | INFO | bdc.receita | [2272/2903] CNPJ 81716144000574 -> CACHE (ATIVA)
2026-09-10 15:45:14 | INFO | bdc.receita | [2273/2903] CNPJ 95837316000149 -> CACHE (ATIVA)
2026-09-10 15:45:14 | INFO | bdc.receita | [2274/2903] CNPJ 07335416000100 -> CACHE (ATIVA)
2026-09-10 15:45:14 | INFO | bdc.receita | [2275/2903] CNPJ 04591168000170 -> CACHE (ATIVA)
2026-09-10 15:45:14 | INFO | bdc.receita | [2276/2903] CNPJ 26628428000177 -> CACHE (ATIVA)
2026-09-10 15:45:14 | INFO | bdc.receita | [2277/2903] CNPJ 46199337000170 -> CACHE (ATIVA)
2026-09-10 15:45:14 | INFO | bdc.receita | [2278/2903] CNPJ 55935046000194 -> CACHE (ATIVA)
2026-09-10 15:45:14 | INFO | bdc.receita | [2279/2903] CNPJ 07827555000150 -> CACHE (ATIVA)
2026-09-10 15:45:14 | INFO | bdc.receita | [2280/2903] CNPJ 28127926000242 -> CACHE (ATIVA)
2026-09-10 15:45:14 | INFO | bdc.receita | [2281/2903] CNPJ 38154005000141 -> CACHE (ATIVA)
2026-09-10 15:45:14 | INFO | bdc.receita | [2282/2903] CNPJ 02215239000104 -> CACHE (ATIVA)
2026-09-10 15:45:14 | INFO | bdc.receita | [2283/2903] CNPJ 03100513000162 -> CACHE (ATIVA)
2026-09-10 15:45:14 | INFO | bdc.receita | [2284/2903] CNPJ 75556431000561 -> CACHE (ATIVA)
2026-09-10 15:45:14 | INFO | bdc.receita | [2285/2903] CNPJ 19328827000742 -> CACHE (ATIVA)
2026-09-10 15:45:14 | INFO | bdc.receita | [2286/2903] CNPJ 04565361000136 -> CACHE (ATIVA)
2026-09-10 15:45:14 | INFO | bdc.receita | [2287/2903] CNPJ 13649848000198 -> CACHE (ATIVA)
2026-09-10 15:45:14 | INFO | bdc.receita | [2288/2903] CNPJ 35357729000102 -> CACHE (ATIVA)
2026-09-10 15:45:14 | INFO | bdc.receita | [2289/2903] CNPJ 15388514000133 -> CACHE (ATIVA)
2026-09-10 15:45:14 | INFO | bdc.receita | [2290/2903] CNPJ 77718815000135 -> CACHE (ATIVA)
2026-09-10 15:45:14 | INFO | bdc.receita | [2291/2903] CNPJ 02278437000117 -> CACHE (ATIVA)
2026-09-10 15:45:14 | INFO | bdc.receita | [2292/2903] CNPJ 17895648000176 -> CACHE (ATIVA)
2026-09-10 15:45:14 | INFO | bdc.receita | [2293/2903] CNPJ 80513021000140 -> CACHE (ATIVA)
2026-09-10 15:45:14 | INFO | bdc.receita | [2294/2903] CNPJ 68776277000144 -> CACHE (ATIVA)
2026-09-10 15:45:14 | INFO | bdc.receita | [2295/2903] CNPJ 00495545000116 -> CACHE (ATIVA)
2026-09-10 15:45:14 | INFO | bdc.receita | [2296/2903] CNPJ 71779813000170 -> CACHE (ATIVA)
2026-09-10 15:45:14 | INFO | bdc.receita | [2297/2903] CNPJ 77606911000191 -> CACHE (ATIVA)
2026-09-10 15:45:14 | INFO | bdc.receita | [2298/2903] CNPJ 02426290000750 -> CACHE (ATIVA)
2026-09-10 15:45:14 | INFO | bdc.receita | [2299/2903] CNPJ 02725300000163 -> CACHE (ATIVA)
2026-09-10 15:45:14 | INFO | bdc.receita | [2300/2903] CNPJ 00350763002297 -> CACHE (ATIVA)
2026-09-10 15:45:14 | INFO | bdc.receita | [2301/2903] CNPJ 29302334000282 -> CACHE (ATIVA)
2026-09-10 15:45:14 | INFO | bdc.receita | [2302/2903] CNPJ 61479002000108 -> CACHE (ATIVA)
2026-09-10 15:45:14 | INFO | bdc.receita | [2303/2903] CNPJ 03356682000168 -> CACHE (ATIVA)
2026-09-10 15:45:14 | INFO | bdc.receita | [2304/2903] CNPJ 06149288000309 -> CACHE (ATIVA)
2026-09-10 15:45:14 | INFO | bdc.receita | [2305/2903] CNPJ 86530318000108 -> CACHE (BAIXADA)
2026-09-10 15:45:14 | INFO | bdc.receita | [2306/2903] CNPJ 16820052000144 -> CACHE (ATIVA)
2026-09-10 15:45:14 | INFO | bdc.receita | [2307/2903] CNPJ 81229932000102 -> CACHE (ATIVA)
2026-09-10 15:45:14 | INFO | bdc.receita | [2308/2903] CNPJ 81616807000155 -> CACHE (ATIVA)
2026-09-10 15:45:14 | INFO | bdc.receita | [2309/2903] CNPJ 92913607000180 -> CACHE (ATIVA)
2026-09-10 15:45:14 | INFO | bdc.receita | [2310/2903] CNPJ 01794540000157 -> CACHE (ATIVA)
2026-09-10 15:45:14 | INFO | bdc.receita | [2311/2903] CNPJ 20099268000130 -> CACHE (ATIVA)
2026-09-10 15:45:14 | INFO | bdc.receita | [2312/2903] CNPJ 04037273000161 -> CACHE (ATIVA)
2026-09-10 15:45:14 | INFO | bdc.receita | [2313/2903] CNPJ 07037123000146 -> CACHE (ATIVA)
2026-09-10 15:45:14 | INFO | bdc.receita | [2314/2903] CNPJ 20844980000116 -> CACHE (ATIVA)
2026-09-10 15:45:14 | INFO | bdc.receita | [2315/2903] CNPJ 07933914000154 -> CACHE (ATIVA)
2026-09-10 15:45:14 | INFO | bdc.receita | [2316/2903] CNPJ 73113367000195 -> CACHE (ATIVA)
2026-09-10 15:45:14 | INFO | bdc.receita | [2317/2903] CNPJ 76518356000183 -> CACHE (ATIVA)
2026-09-10 15:45:14 | INFO | bdc.receita | [2318/2903] CNPJ 03327988000196 -> CACHE (ATIVA)
2026-09-10 15:45:14 | INFO | bdc.receita | [2319/2903] CNPJ 08248364000105 -> CACHE (ATIVA)
2026-09-10 15:45:14 | INFO | bdc.receita | [2320/2903] CNPJ 23651885000194 -> CACHE (ATIVA)
2026-09-10 15:45:14 | INFO | bdc.receita | [2321/2903] CNPJ 26222245000157 -> CACHE (ATIVA)
2026-09-10 15:45:14 | INFO | bdc.receita | [2322/2903] CNPJ 36932917000171 -> CACHE (ATIVA)
2026-09-10 15:45:14 | INFO | bdc.receita | [2323/2903] CNPJ 55407134000113 -> CACHE (ATIVA)
2026-09-10 15:45:14 | INFO | bdc.receita | [2324/2903] CNPJ 19267297000184 -> CACHE (ATIVA)
2026-09-10 15:45:14 | INFO | bdc.receita | [2325/2903] CNPJ 31627849000113 -> CACHE (ATIVA)
2026-09-10 15:45:14 | INFO | bdc.receita | [2326/2903] CNPJ 02740510000120 -> CACHE (ATIVA)
2026-09-10 15:45:14 | INFO | bdc.receita | [2327/2903] CNPJ 03855214000138 -> CACHE (ATIVA)
2026-09-10 15:45:14 | INFO | bdc.receita | [2328/2903] CNPJ 60453024000128 -> CACHE (ATIVA)
2026-09-10 15:45:14 | INFO | bdc.receita | [2329/2903] CNPJ 86047362000153 -> CACHE (ATIVA)
2026-09-10 15:45:14 | INFO | bdc.receita | [2330/2903] CNPJ 45836050000141 -> CACHE (ATIVA)
2026-09-10 15:45:14 | INFO | bdc.receita | [2331/2903] CNPJ 31998807000199 -> CACHE (ATIVA)
2026-09-10 15:45:14 | INFO | bdc.receita | [2332/2903] CNPJ 19170243000104 -> CACHE (ATIVA)
2026-09-10 15:45:14 | INFO | bdc.receita | [2333/2903] CNPJ 42823087000147 -> CACHE (ATIVA)
2026-09-10 15:45:14 | INFO | bdc.receita | [2334/2903] CNPJ 75400218000132 -> CACHE (ATIVA)
2026-09-10 15:45:14 | INFO | bdc.receita | [2335/2903] CNPJ 01069573000134 -> CACHE (ATIVA)
2026-09-10 15:45:14 | INFO | bdc.receita | [2336/2903] CNPJ 37640312000170 -> CACHE (ATIVA)
2026-09-10 15:45:14 | INFO | bdc.receita | [2337/2903] CNPJ 56023443000152 -> CACHE (ATIVA)
2026-09-10 15:45:14 | INFO | bdc.receita | [2338/2903] CNPJ 04871041000104 -> CACHE (ATIVA)
2026-09-10 15:45:14 | INFO | bdc.receita | [2339/2903] CNPJ 76857747000122 -> CACHE (ATIVA)
2026-09-10 15:45:14 | INFO | bdc.receita | [2340/2903] CNPJ 07308311000161 -> CACHE (ATIVA)
2026-09-10 15:45:14 | INFO | bdc.receita | [2341/2903] CNPJ 78331899000112 -> CACHE (ATIVA)
2026-09-10 15:45:14 | INFO | bdc.receita | [2342/2903] CNPJ 03754929000366 -> CACHE (ATIVA)
2026-09-10 15:45:14 | INFO | bdc.receita | [2343/2903] CNPJ 09222477000196 -> CACHE (ATIVA)
2026-09-10 15:45:14 | INFO | bdc.receita | [2344/2903] CNPJ 35823536000191 -> CACHE (ATIVA)
2026-09-10 15:45:14 | INFO | bdc.receita | [2345/2903] CNPJ 76214022000116 -> CACHE (ATIVA)
2026-09-10 15:45:14 | INFO | bdc.receita | [2346/2903] CNPJ 04932216000146 -> CACHE (ATIVA)
2026-09-10 15:45:14 | INFO | bdc.receita | [2347/2903] CNPJ 10174877000152 -> CACHE (ATIVA)
2026-09-10 15:45:14 | INFO | bdc.receita | [2348/2903] CNPJ 08584497000144 -> CACHE (ATIVA)
2026-09-10 15:45:14 | INFO | bdc.receita | [2349/2903] CNPJ 78908266000205 -> CACHE (ATIVA)
2026-09-10 15:45:14 | INFO | bdc.receita | [2350/2903] CNPJ 18184793000101 -> CACHE (ATIVA)
2026-09-10 15:45:14 | INFO | bdc.receita | [2351/2903] CNPJ 01543032000104 -> CACHE (ATIVA)
2026-09-10 15:45:14 | INFO | bdc.receita | [2352/2903] CNPJ 42644220000106 -> CACHE (ATIVA)
2026-09-10 15:45:14 | INFO | bdc.receita | [2353/2903] CNPJ 03836990000352 -> CACHE (ATIVA)
2026-09-10 15:45:14 | INFO | bdc.receita | [2354/2903] CNPJ 08578334000159 -> CACHE (ATIVA)
2026-09-10 15:45:14 | INFO | bdc.receita | [2355/2903] CNPJ 82381815000122 -> CACHE (ATIVA)
2026-09-10 15:45:14 | INFO | bdc.receita | [2356/2903] CNPJ 86046448000161 -> CACHE (ATIVA)
2026-09-10 15:45:14 | INFO | bdc.receita | [2357/2903] CNPJ 16561291000127 -> CACHE (ATIVA)
2026-09-10 15:45:14 | INFO | bdc.receita | [2358/2903] CNPJ 12348206000196 -> CACHE (ATIVA)
2026-09-10 15:45:14 | INFO | bdc.receita | [2359/2903] CNPJ 12919808000156 -> CACHE (ATIVA)
2026-09-10 15:45:14 | INFO | bdc.receita | [2360/2903] CNPJ 81066938000106 -> CACHE (ATIVA)
2026-09-10 15:45:14 | INFO | bdc.receita | [2361/2903] CNPJ 18748235000121 -> CACHE (ATIVA)
2026-09-10 15:45:14 | INFO | bdc.receita | [2362/2903] CNPJ 95448486000212 -> CACHE (ATIVA)
2026-09-10 15:45:14 | INFO | bdc.receita | [2363/2903] CNPJ 61067161000197 -> CACHE (ATIVA)
2026-09-10 15:45:14 | INFO | bdc.receita | [2364/2903] CNPJ 03434343000152 -> CACHE (ATIVA)
2026-09-10 15:45:14 | INFO | bdc.receita | [2365/2903] CNPJ 17176987000100 -> CACHE (ATIVA)
2026-09-10 15:45:14 | INFO | bdc.receita | [2366/2903] CNPJ 75801936000110 -> CACHE (ATIVA)
2026-09-10 15:45:14 | INFO | bdc.receita | [2367/2903] CNPJ 31004703000111 -> CACHE (ATIVA)
2026-09-10 15:45:14 | INFO | bdc.receita | [2368/2903] CNPJ 85235430000145 -> CACHE (ATIVA)
2026-09-10 15:45:14 | INFO | bdc.receita | [2369/2903] CNPJ 29938085000135 -> CACHE (ATIVA)
2026-09-10 15:45:14 | INFO | bdc.receita | [2370/2903] CNPJ 32184195000163 -> CACHE (ATIVA)
2026-09-10 15:45:14 | INFO | bdc.receita | [2371/2903] CNPJ 04833180000143 -> CACHE (ATIVA)
2026-09-10 15:45:14 | INFO | bdc.receita | [2372/2903] CNPJ 08895369000111 -> CACHE (ATIVA)
2026-09-10 15:45:14 | INFO | bdc.receita | [2373/2903] CNPJ 23798846000114 -> CACHE (ATIVA)
2026-09-10 15:45:14 | INFO | bdc.receita | [2374/2903] CNPJ 54900010000102 -> CACHE (ATIVA)
2026-09-10 15:45:14 | INFO | bdc.receita | [2375/2903] CNPJ 07322382000119 -> CACHE (ATIVA)
2026-09-10 15:45:14 | INFO | bdc.receita | [2376/2903] CNPJ 18279158000108 -> CACHE (ATIVA)
2026-09-10 15:45:14 | INFO | bdc.receita | [2377/2903] CNPJ 58177643000195 -> CACHE (BAIXADA)
2026-09-10 15:45:14 | INFO | bdc.receita | [2378/2903] CNPJ 02370462000126 -> CACHE (ATIVA)
2026-09-10 15:45:14 | INFO | bdc.receita | [2379/2903] CNPJ 06081827000153 -> CACHE (ATIVA)
2026-09-10 15:45:14 | INFO | bdc.receita | [2380/2903] CNPJ 01304136000158 -> CACHE (ATIVA)
2026-09-10 15:45:14 | INFO | bdc.receita | [2381/2903] CNPJ 17337300000163 -> CACHE (ATIVA)
2026-09-10 15:45:14 | INFO | bdc.receita | [2382/2903] CNPJ 04462976000137 -> CACHE (ATIVA)
2026-09-10 15:45:14 | INFO | bdc.receita | [2383/2903] CNPJ 12009135000105 -> CACHE (ATIVA)
2026-09-10 15:45:14 | INFO | bdc.receita | [2384/2903] CNPJ 05798883000140 -> CACHE (ATIVA)
2026-09-10 15:45:14 | INFO | bdc.receita | [2385/2903] CNPJ 08405256000190 -> CACHE (ATIVA)
2026-09-10 15:45:14 | INFO | bdc.receita | [2386/2903] CNPJ 02064150000437 -> CACHE (ATIVA)
2026-09-10 15:45:14 | INFO | bdc.receita | [2387/2903] CNPJ 17343071000190 -> CACHE (ATIVA)
2026-09-10 15:45:14 | INFO | bdc.receita | [2388/2903] CNPJ 13620731000181 -> CACHE (ATIVA)
2026-09-10 15:45:14 | INFO | bdc.receita | [2389/2903] CNPJ 21316324000103 -> CACHE (ATIVA)
2026-09-10 15:45:14 | INFO | bdc.receita | [2390/2903] CNPJ 24893687001171 -> CACHE (ATIVA)
2026-09-10 15:45:14 | INFO | bdc.receita | [2391/2903] CNPJ 29866479000125 -> CACHE (ATIVA)
2026-09-10 15:45:14 | INFO | bdc.receita | [2392/2903] CNPJ 12123471000176 -> CACHE (ATIVA)
2026-09-10 15:45:14 | INFO | bdc.receita | [2393/2903] CNPJ 11330443000167 -> CACHE (ATIVA)
2026-09-10 15:45:14 | INFO | bdc.receita | [2394/2903] CNPJ 05796061000120 -> CACHE (ATIVA)
2026-09-10 15:45:14 | INFO | bdc.receita | [2395/2903] CNPJ 20346524000570 -> CACHE (ATIVA)
2026-09-10 15:45:14 | INFO | bdc.receita | [2396/2903] CNPJ 12094570000177 -> CACHE (ATIVA)
2026-09-10 15:45:14 | INFO | bdc.receita | [2397/2903] CNPJ 75031278000125 -> CACHE (ATIVA)
2026-09-10 15:45:14 | INFO | bdc.receita | [2398/2903] CNPJ 79687588000153 -> CACHE (ATIVA)
2026-09-10 15:45:14 | INFO | bdc.receita | [2399/2903] CNPJ 00212305000167 -> CACHE (ATIVA)
2026-09-10 15:45:14 | INFO | bdc.receita | [2400/2903] CNPJ 04370282000170 -> CACHE (ATIVA)
2026-09-10 15:45:14 | INFO | bdc.receita | [2401/2903] CNPJ 47964911000100 -> CACHE (ATIVA)
2026-09-10 15:45:14 | INFO | bdc.receita | [2402/2903] CNPJ 21366458000139 -> CACHE (ATIVA)
2026-09-10 15:45:14 | INFO | bdc.receita | [2403/2903] CNPJ 03081895000558 -> CACHE (ATIVA)
2026-09-10 15:45:14 | INFO | bdc.receita | [2404/2903] CNPJ 18889527000184 -> CACHE (ATIVA)
2026-09-10 15:45:14 | INFO | bdc.receita | [2405/2903] CNPJ 11066796000100 -> CACHE (ATIVA)
2026-09-10 15:45:14 | INFO | bdc.receita | [2406/2903] CNPJ 06325587000195 -> CACHE (ATIVA)
2026-09-10 15:45:14 | INFO | bdc.receita | [2407/2903] CNPJ 76091768000180 -> CACHE (ATIVA)
2026-09-10 15:45:14 | INFO | bdc.receita | [2408/2903] CNPJ 02341494000101 -> CACHE (ATIVA)
2026-09-10 15:45:14 | INFO | bdc.receita | [2409/2903] CNPJ 21908918000103 -> CACHE (ATIVA)
2026-09-10 15:45:14 | INFO | bdc.receita | [2410/2903] CNPJ 72225683000196 -> CACHE (ATIVA)
2026-09-10 15:45:14 | INFO | bdc.receita | [2411/2903] CNPJ 39237248000106 -> CACHE (ATIVA)
2026-09-10 15:45:14 | INFO | bdc.receita | [2412/2903] CNPJ 41806999000148 -> CACHE (ATIVA)
2026-09-10 15:45:14 | INFO | bdc.receita | [2413/2903] CNPJ 17174657000178 -> CACHE (ATIVA)
2026-09-10 15:45:14 | INFO | bdc.receita | [2414/2903] CNPJ 27133259000167 -> CACHE (ATIVA)
2026-09-10 15:45:14 | INFO | bdc.receita | [2415/2903] CNPJ 76695709000110 -> CACHE (ATIVA)
2026-09-10 15:45:14 | INFO | bdc.receita | [2416/2903] CNPJ 60882313000142 -> CACHE (ATIVA)
2026-09-10 15:45:14 | INFO | bdc.receita | [2417/2903] CNPJ 00336754000117 -> CACHE (ATIVA)
2026-09-10 15:45:14 | INFO | bdc.receita | [2418/2903] CNPJ 21180182000108 -> CACHE (ATIVA)
2026-09-10 15:45:14 | INFO | bdc.receita | [2419/2903] CNPJ 34841996000180 -> CACHE (ATIVA)
2026-09-10 15:45:14 | INFO | bdc.receita | [2420/2903] CNPJ 05830238000168 -> CACHE (ATIVA)
2026-09-10 15:45:14 | INFO | bdc.receita | [2421/2903] CNPJ 03989217000164 -> CACHE (ATIVA)
2026-09-10 15:45:14 | INFO | bdc.receita | [2422/2903] CNPJ 05029991000159 -> CACHE (ATIVA)
2026-09-10 15:45:14 | INFO | bdc.receita | [2423/2903] CNPJ 29350168000109 -> CACHE (ATIVA)
2026-09-10 15:45:14 | INFO | bdc.receita | [2424/2903] CNPJ 26562346000177 -> CACHE (ATIVA)
2026-09-10 15:45:14 | INFO | bdc.receita | [2425/2903] CNPJ 22664469000168 -> CACHE (ATIVA)
2026-09-10 15:45:14 | INFO | bdc.receita | [2426/2903] CNPJ 34109229000180 -> CACHE (ATIVA)
2026-09-10 15:45:14 | INFO | bdc.receita | [2427/2903] CNPJ 05143490000107 -> CACHE (ATIVA)
2026-09-10 15:45:14 | INFO | bdc.receita | [2428/2903] CNPJ 42288184000187 -> CACHE (ATIVA)
2026-09-10 15:45:14 | INFO | bdc.receita | [2429/2903] CNPJ 03342704000130 -> CACHE (ATIVA)
2026-09-10 15:45:14 | INFO | bdc.receita | [2430/2903] CNPJ 54406566000147 -> CACHE (ATIVA)
2026-09-10 15:45:14 | INFO | bdc.receita | [2431/2903] CNPJ 33664228000135 -> CACHE (ATIVA)
2026-09-10 15:45:14 | INFO | bdc.receita | [2432/2903] CNPJ 87776043000141 -> CACHE (ATIVA)
2026-09-10 15:45:14 | INFO | bdc.receita | [2433/2903] CNPJ 29302334000100 -> CACHE (ATIVA)
2026-09-10 15:45:14 | INFO | bdc.receita | [2434/2903] CNPJ 05265768000291 -> CACHE (ATIVA)
2026-09-10 15:45:14 | INFO | bdc.receita | [2435/2903] CNPJ 33488348000129 -> CACHE (ATIVA)
2026-09-10 15:45:14 | INFO | bdc.receita | [2436/2903] CNPJ 77964393000188 -> CACHE (ATIVA)
2026-09-10 15:45:14 | INFO | bdc.receita | [2437/2903] CNPJ 75364455000195 -> CACHE (ATIVA)
2026-09-10 15:45:14 | INFO | bdc.receita | [2438/2903] CNPJ 18843495000186 -> CACHE (ATIVA)
2026-09-10 15:45:14 | INFO | bdc.receita | [2439/2903] CNPJ 91950261000128 -> CACHE (ATIVA)
2026-09-10 15:45:14 | INFO | bdc.receita | [2440/2903] CNPJ 03135376000100 -> CACHE (ATIVA)
2026-09-10 15:45:14 | INFO | bdc.receita | [2441/2903] CNPJ 36044373000101 -> CACHE (ATIVA)
2026-09-10 15:45:14 | INFO | bdc.receita | [2442/2903] CNPJ 57507378000365 -> CACHE (ATIVA)
2026-09-10 15:45:14 | INFO | bdc.receita | [2443/2903] CNPJ 79114450001480 -> CACHE (ATIVA)
2026-09-10 15:45:14 | INFO | bdc.receita | [2444/2903] CNPJ 03400446000100 -> CACHE (ATIVA)
2026-09-10 15:45:14 | INFO | bdc.receita | [2445/2903] CNPJ 18303320000186 -> CACHE (BAIXADA)
2026-09-10 15:45:14 | INFO | bdc.receita | [2446/2903] CNPJ 00204820000103 -> CACHE (ATIVA)
2026-09-10 15:45:14 | INFO | bdc.receita | [2447/2903] CNPJ 00080671000100 -> CACHE (ATIVA)
2026-09-10 15:45:14 | INFO | bdc.receita | [2448/2903] CNPJ 25043386000140 -> CACHE (ATIVA)
2026-09-10 15:45:14 | INFO | bdc.receita | [2449/2903] CNPJ 01325023000139 -> CACHE (ATIVA)
2026-09-10 15:45:14 | INFO | bdc.receita | [2450/2903] CNPJ 02501470000164 -> CACHE (ATIVA)
2026-09-10 15:45:14 | INFO | bdc.receita | [2451/2903] CNPJ 46889424000150 -> CACHE (ATIVA)
2026-09-10 15:45:14 | INFO | bdc.receita | [2452/2903] CNPJ 77716249000122 -> CACHE (ATIVA)
2026-09-10 15:45:14 | INFO | bdc.receita | [2453/2903] CNPJ 83151704000192 -> CACHE (ATIVA)
2026-09-10 15:45:14 | INFO | bdc.receita | [2454/2903] CNPJ 08916434000148 -> CACHE (ATIVA)
2026-09-10 15:45:14 | INFO | bdc.receita | [2455/2903] CNPJ 22376681000120 -> CACHE (ATIVA)
2026-09-10 15:45:14 | INFO | bdc.receita | [2456/2903] CNPJ 10467099000190 -> CACHE (BAIXADA)
2026-09-10 15:45:14 | INFO | bdc.receita | [2457/2903] CNPJ 10348318000111 -> CACHE (ATIVA)
2026-09-10 15:45:14 | INFO | bdc.receita | [2458/2903] CNPJ 05206031000117 -> CACHE (ATIVA)
2026-09-10 15:45:14 | INFO | bdc.receita | [2459/2903] CNPJ 17035997000118 -> CACHE (ATIVA)
2026-09-10 15:45:14 | INFO | bdc.receita | [2460/2903] CNPJ 04694319000115 -> CACHE (ATIVA)
2026-09-10 15:45:14 | INFO | bdc.receita | [2461/2903] CNPJ 11510416000176 -> CACHE (ATIVA)
2026-09-10 15:45:14 | INFO | bdc.receita | [2462/2903] CNPJ 76492701001129 -> CACHE (ATIVA)
2026-09-10 15:45:14 | INFO | bdc.receita | [2463/2903] CNPJ 03639008000190 -> CACHE (ATIVA)
2026-09-10 15:45:14 | INFO | bdc.receita | [2464/2903] CNPJ 04756038000140 -> CACHE (ATIVA)
2026-09-10 15:45:14 | INFO | bdc.receita | [2465/2903] CNPJ 35474405000146 -> CACHE (ATIVA)
2026-09-10 15:45:14 | INFO | bdc.receita | [2466/2903] CNPJ 06931598000119 -> CACHE (ATIVA)
2026-09-10 15:45:14 | INFO | bdc.receita | [2467/2903] CNPJ 03850692000155 -> CACHE (ATIVA)
2026-09-10 15:45:14 | INFO | bdc.receita | [2468/2903] CNPJ 82640558000104 -> CACHE (ATIVA)
2026-09-10 15:45:14 | INFO | bdc.receita | [2469/2903] CNPJ 03270248000160 -> CACHE (ATIVA)
2026-09-10 15:45:14 | INFO | bdc.receita | [2470/2903] CNPJ 35823538000261 -> CACHE (ATIVA)
2026-09-10 15:45:14 | INFO | bdc.receita | [2471/2903] CNPJ 78232485000136 -> CACHE (ATIVA)
2026-09-10 15:45:14 | INFO | bdc.receita | [2472/2903] CNPJ 16625953000185 -> CACHE (ATIVA)
2026-09-10 15:45:14 | INFO | bdc.receita | [2473/2903] CNPJ 47865800000210 -> CACHE (ATIVA)
2026-09-10 15:45:14 | INFO | bdc.receita | [2474/2903] CNPJ 92690700000254 -> CACHE (ATIVA)
2026-09-10 15:45:14 | INFO | bdc.receita | [2475/2903] CNPJ 30483222000173 -> CACHE (ATIVA)
2026-09-10 15:45:14 | INFO | bdc.receita | [2476/2903] CNPJ 59762831000143 -> CACHE (ATIVA)
2026-09-10 15:45:14 | INFO | bdc.receita | [2477/2903] CNPJ 82658840000100 -> CACHE (ATIVA)
2026-09-10 15:45:14 | INFO | bdc.receita | [2478/2903] CNPJ 00671047000187 -> CACHE (ATIVA)
2026-09-10 15:45:14 | INFO | bdc.receita | [2479/2903] CNPJ 60211893000146 -> CACHE (ATIVA)
2026-09-10 15:45:14 | INFO | bdc.receita | [2480/2903] CNPJ 09020211000160 -> CACHE (ATIVA)
2026-09-10 15:45:14 | INFO | bdc.receita | [2481/2903] CNPJ 00314794000168 -> CACHE (ATIVA)
2026-09-10 15:45:14 | INFO | bdc.receita | [2482/2903] CNPJ 04865228000103 -> CACHE (ATIVA)
2026-09-10 15:45:14 | INFO | bdc.receita | [2483/2903] CNPJ 07623836000191 -> CACHE (ATIVA)
2026-09-10 15:45:14 | INFO | bdc.receita | [2484/2903] CNPJ 88112313000182 -> CACHE (ATIVA)
2026-09-10 15:45:14 | INFO | bdc.receita | [2485/2903] CNPJ 21844612000130 -> CACHE (ATIVA)
2026-09-10 15:45:14 | INFO | bdc.receita | [2486/2903] CNPJ 02969683000115 -> CACHE (ATIVA)
2026-09-10 15:45:14 | INFO | bdc.receita | [2487/2903] CNPJ 04800830000154 -> CACHE (ATIVA)
2026-09-10 15:45:14 | INFO | bdc.receita | [2488/2903] CNPJ 06288733000150 -> CACHE (ATIVA)
2026-09-10 15:45:14 | INFO | bdc.receita | [2489/2903] CNPJ 43559079000106 -> CACHE (ATIVA)
2026-09-10 15:45:14 | INFO | bdc.receita | [2490/2903] CNPJ 15027346000150 -> CACHE (ATIVA)
2026-09-10 15:45:14 | INFO | bdc.receita | [2491/2903] CNPJ 24990777000109 -> CACHE (ATIVA)
2026-09-10 15:45:14 | INFO | bdc.receita | [2492/2903] CNPJ 12884672000510 -> CACHE (ATIVA)
2026-09-10 15:45:14 | INFO | bdc.receita | [2493/2903] CNPJ 03973903000147 -> CACHE (ATIVA)
2026-09-10 15:45:14 | INFO | bdc.receita | [2494/2903] CNPJ 53135232000113 -> CACHE (ATIVA)
2026-09-10 15:45:14 | INFO | bdc.receita | [2495/2903] CNPJ 08246483000110 -> CACHE (ATIVA)
2026-09-10 15:45:14 | INFO | bdc.receita | [2496/2903] CNPJ 07207806000447 -> CACHE (ATIVA)
2026-09-10 15:45:14 | INFO | bdc.receita | [2497/2903] CNPJ 10338369000162 -> CACHE (ATIVA)
2026-09-10 15:45:14 | INFO | bdc.receita | [2498/2903] CNPJ 24771203000140 -> CACHE (ATIVA)
2026-09-10 15:45:14 | INFO | bdc.receita | [2499/2903] CNPJ 12147176000150 -> CACHE (ATIVA)
2026-09-10 15:45:14 | INFO | bdc.receita | [2500/2903] CNPJ 33390170000189 -> CACHE (ATIVA)
2026-09-10 15:45:14 | INFO | bdc.receita | [2501/2903] CNPJ 07570962000125 -> CACHE (ATIVA)
2026-09-10 15:45:14 | INFO | bdc.receita | [2502/2903] CNPJ 60664745000187 -> CACHE (ATIVA)
2026-09-10 15:45:14 | INFO | bdc.receita | [2503/2903] CNPJ 78381613000103 -> CACHE (ATIVA)
2026-09-10 15:45:14 | INFO | bdc.receita | [2504/2903] CNPJ 13200257000139 -> CACHE (ATIVA)
2026-09-10 15:45:14 | INFO | bdc.receita | [2505/2903] CNPJ 09006020000144 -> CACHE (ATIVA)
2026-09-10 15:45:14 | INFO | bdc.receita | [2506/2903] CNPJ 20591154000102 -> CACHE (ATIVA)
2026-09-10 15:45:14 | INFO | bdc.receita | [2507/2903] CNPJ 04085803000147 -> CACHE (ATIVA)
2026-09-10 15:45:14 | INFO | bdc.receita | [2508/2903] CNPJ 12291462000194 -> CACHE (ATIVA)
2026-09-10 15:45:14 | INFO | bdc.receita | [2509/2903] CNPJ 02357251000153 -> CACHE (ATIVA)
2026-09-10 15:45:14 | INFO | bdc.receita | [2510/2903] CNPJ 47595863000112 -> CACHE (ATIVA)
2026-09-10 15:45:14 | INFO | bdc.receita | [2511/2903] CNPJ 10607766000192 -> CACHE (ATIVA)
2026-09-10 15:45:14 | INFO | bdc.receita | [2512/2903] CNPJ 88598230000145 -> CACHE (ATIVA)
2026-09-10 15:45:14 | INFO | bdc.receita | [2513/2903] CNPJ 11041102000171 -> CACHE (ATIVA)
2026-09-10 15:45:14 | INFO | bdc.receita | [2514/2903] CNPJ 35865638000170 -> CACHE (ATIVA)
2026-09-10 15:45:14 | INFO | bdc.receita | [2515/2903] CNPJ 07432397000130 -> CACHE (ATIVA)
2026-09-10 15:45:14 | INFO | bdc.receita | [2516/2903] CNPJ 59114777000120 -> CACHE (ATIVA)
2026-09-10 15:45:14 | INFO | bdc.receita | [2517/2903] CNPJ 79390530000305 -> CACHE (ATIVA)
2026-09-10 15:45:14 | INFO | bdc.receita | [2518/2903] CNPJ 65820649000102 -> CACHE (ATIVA)
2026-09-10 15:45:14 | INFO | bdc.receita | [2519/2903] CNPJ 61533949000141 -> CACHE (ATIVA)
2026-09-10 15:45:14 | INFO | bdc.receita | [2520/2903] CNPJ 33009911000139 -> CACHE (ATIVA)
2026-09-10 15:45:14 | INFO | bdc.receita | [2521/2903] CNPJ 51482776000126 -> CACHE (ATIVA)
2026-09-10 15:45:14 | INFO | bdc.receita | [2522/2903] CNPJ 03282398000194 -> CACHE (ATIVA)
2026-09-10 15:45:14 | INFO | bdc.receita | [2523/2903] CNPJ 00074023000140 -> CACHE (ATIVA)
2026-09-10 15:45:14 | INFO | bdc.receita | [2524/2903] CNPJ 78588431000108 -> CACHE (ATIVA)
2026-09-10 15:45:14 | INFO | bdc.receita | [2525/2903] CNPJ 13123801000196 -> CACHE (ATIVA)
2026-09-10 15:45:14 | INFO | bdc.receita | [2526/2903] CNPJ 35835571000120 -> CACHE (ATIVA)
2026-09-10 15:45:14 | INFO | bdc.receita | [2527/2903] CNPJ 75915975000149 -> CACHE (ATIVA)
2026-09-10 15:45:14 | INFO | bdc.receita | [2528/2903] CNPJ 07705880000140 -> CACHE (ATIVA)
2026-09-10 15:45:14 | INFO | bdc.receita | [2529/2903] CNPJ 02505153000116 -> CACHE (ATIVA)
2026-09-10 15:45:14 | INFO | bdc.receita | [2530/2903] CNPJ 84963370000114 -> CACHE (ATIVA)
2026-09-10 15:45:14 | INFO | bdc.receita | [2531/2903] CNPJ 21857228000172 -> CACHE (ATIVA)
2026-09-10 15:45:14 | INFO | bdc.receita | [2532/2903] CNPJ 44336946000107 -> CACHE (ATIVA)
2026-09-10 15:45:14 | INFO | bdc.receita | [2533/2903] CNPJ 00727465000149 -> CACHE (ATIVA)
2026-09-10 15:45:14 | INFO | bdc.receita | [2534/2903] CNPJ 00934662000139 -> CACHE (ATIVA)
2026-09-10 15:45:14 | INFO | bdc.receita | [2535/2903] CNPJ 44358067000178 -> CACHE (ATIVA)
2026-09-10 15:45:14 | INFO | bdc.receita | [2536/2903] CNPJ 04558449000716 -> CACHE (ATIVA)
2026-09-10 15:45:14 | INFO | bdc.receita | [2537/2903] CNPJ 76494806000145 -> CACHE (ATIVA)
2026-09-10 15:45:14 | INFO | bdc.receita | [2538/2903] CNPJ 04170860000124 -> CACHE (ATIVA)
2026-09-10 15:45:14 | INFO | bdc.receita | [2539/2903] CNPJ 62440235000151 -> CACHE (ATIVA)
2026-09-10 15:45:14 | INFO | bdc.receita | [2540/2903] CNPJ 07288763000129 -> CACHE (ATIVA)
2026-09-10 15:45:14 | INFO | bdc.receita | [2541/2903] CNPJ 27075910000190 -> CACHE (ATIVA)
2026-09-10 15:45:14 | INFO | bdc.receita | [2542/2903] CNPJ 19328827000823 -> CACHE (ATIVA)
2026-09-10 15:45:14 | INFO | bdc.receita | [2543/2903] CNPJ 28543070000105 -> CACHE (ATIVA)
2026-09-10 15:45:14 | INFO | bdc.receita | [2544/2903] CNPJ 02937632000101 -> CACHE (ATIVA)
2026-09-10 15:45:14 | INFO | bdc.receita | [2545/2903] CNPJ 47366273001270 -> CACHE (ATIVA)
2026-09-10 15:45:14 | INFO | bdc.receita | [2546/2903] CNPJ 77808640000238 -> CACHE (ATIVA)
2026-09-10 15:45:14 | INFO | bdc.receita | [2547/2903] CNPJ 80666324000100 -> CACHE (ATIVA)
2026-09-10 15:45:14 | INFO | bdc.receita | [2548/2903] CNPJ 01691944000204 -> CACHE (ATIVA)
2026-09-10 15:45:14 | INFO | bdc.receita | [2549/2903] CNPJ 09509569000151 -> CACHE (ATIVA)
2026-09-10 15:45:14 | INFO | bdc.receita | [2550/2903] CNPJ 00553934000150 -> CACHE (ATIVA)
2026-09-10 15:45:14 | INFO | bdc.receita | [2551/2903] CNPJ 02634644000167 -> CACHE (ATIVA)
2026-09-10 15:45:14 | INFO | bdc.receita | [2552/2903] CNPJ 77388874000354 -> CACHE (ATIVA)
2026-09-10 15:45:14 | INFO | bdc.receita | [2553/2903] CNPJ 26118525000110 -> CACHE (ATIVA)
2026-09-10 15:45:14 | INFO | bdc.receita | [2554/2903] CNPJ 12150746000160 -> CACHE (ATIVA)
2026-09-10 15:45:14 | INFO | bdc.receita | [2555/2903] CNPJ 11457217000141 -> CACHE (ATIVA)
2026-09-10 15:45:14 | INFO | bdc.receita | [2556/2903] CNPJ 30486147000285 -> CACHE (ATIVA)
2026-09-10 15:45:14 | INFO | bdc.receita | [2557/2903] CNPJ 47034509000119 -> CACHE (ATIVA)
2026-09-10 15:45:14 | INFO | bdc.receita | [2558/2903] CNPJ 92794437000243 -> CACHE (ATIVA)
2026-09-10 15:45:14 | INFO | bdc.receita | [2559/2903] CNPJ 76491950000128 -> CACHE (ATIVA)
2026-09-10 15:45:14 | INFO | bdc.receita | [2560/2903] CNPJ 44003911000148 -> CACHE (ATIVA)
2026-09-10 15:45:14 | INFO | bdc.receita | [2561/2903] CNPJ 88371075000120 -> CACHE (ATIVA)
2026-09-10 15:45:14 | INFO | bdc.receita | [2562/2903] CNPJ 42422048000138 -> CACHE (ATIVA)
2026-09-10 15:45:14 | INFO | bdc.receita | [2563/2903] CNPJ 41324703000152 -> CACHE (ATIVA)
2026-09-10 15:45:14 | INFO | bdc.receita | [2564/2903] CNPJ 19166180000104 -> CACHE (ATIVA)
2026-09-10 15:45:14 | INFO | bdc.receita | [2565/2903] CNPJ 25982817000133 -> CACHE (ATIVA)
2026-09-10 15:45:14 | INFO | bdc.receita | [2566/2903] CNPJ 57006983000433 -> CACHE (ATIVA)
2026-09-10 15:45:14 | INFO | bdc.receita | [2567/2903] CNPJ 05065604000210 -> CACHE (ATIVA)
2026-09-10 15:45:14 | INFO | bdc.receita | [2568/2903] CNPJ 08438804000189 -> CACHE (ATIVA)
2026-09-10 15:45:14 | INFO | bdc.receita | [2569/2903] CNPJ 46409975000179 -> CACHE (ATIVA)
2026-09-10 15:45:14 | INFO | bdc.receita | [2570/2903] CNPJ 00893913000265 -> CACHE (ATIVA)
2026-09-10 15:45:14 | INFO | bdc.receita | [2571/2903] CNPJ 04051261000191 -> CACHE (ATIVA)
2026-09-10 15:45:14 | INFO | bdc.receita | [2572/2903] CNPJ 11419457000151 -> CACHE (ATIVA)
2026-09-10 15:45:14 | INFO | bdc.receita | [2573/2903] CNPJ 76492065000163 -> CACHE (ATIVA)
2026-09-10 15:45:14 | INFO | bdc.receita | [2574/2903] CNPJ 76107770004600 -> CACHE (ATIVA)
2026-09-10 15:45:14 | INFO | bdc.receita | [2575/2903] CNPJ 82666330000185 -> CACHE (ATIVA)
2026-09-10 15:45:14 | INFO | bdc.receita | [2576/2903] CNPJ 01618551000267 -> CACHE (ATIVA)
2026-09-10 15:45:14 | INFO | bdc.receita | [2577/2903] CNPJ 51093193000456 -> CACHE (ATIVA)
2026-09-10 15:45:14 | INFO | bdc.receita | [2578/2903] CNPJ 12312945000128 -> CACHE (ATIVA)
2026-09-10 15:45:14 | INFO | bdc.receita | [2579/2903] CNPJ 05620523000235 -> CACHE (ATIVA)
2026-09-10 15:45:14 | INFO | bdc.receita | [2580/2903] CNPJ 71322150000160 -> CACHE (ATIVA)
2026-09-10 15:45:14 | INFO | bdc.receita | [2581/2903] CNPJ 03034433000156 -> CACHE (ATIVA)
2026-09-10 15:45:14 | INFO | bdc.receita | [2582/2903] CNPJ 33443024000174 -> CACHE (ATIVA)
2026-09-10 15:45:14 | INFO | bdc.receita | [2583/2903] CNPJ 21398314000164 -> CACHE (ATIVA)
2026-09-10 15:45:14 | INFO | bdc.receita | [2584/2903] CNPJ 29915125000123 -> CACHE (ATIVA)
2026-09-10 15:45:14 | INFO | bdc.receita | [2585/2903] CNPJ 31478575000148 -> CACHE (ATIVA)
2026-09-10 15:45:14 | INFO | bdc.receita | [2586/2903] CNPJ 76897297000282 -> CACHE (ATIVA)
2026-09-10 15:45:14 | INFO | bdc.receita | [2587/2903] CNPJ 02357659000125 -> CACHE (ATIVA)
2026-09-10 15:45:14 | INFO | bdc.receita | [2588/2903] CNPJ 13975154000140 -> CACHE (ATIVA)
2026-09-10 15:45:14 | INFO | bdc.receita | [2589/2903] CNPJ 76430438012420 -> CACHE (ATIVA)
2026-09-10 15:45:14 | INFO | bdc.receita | [2590/2903] CNPJ 01257995000133 -> CACHE (ATIVA)
2026-09-10 15:45:14 | INFO | bdc.receita | [2591/2903] CNPJ 04426411000102 -> CACHE (ATIVA)
2026-09-10 15:45:14 | INFO | bdc.receita | [2592/2903] CNPJ 48063416000185 -> CACHE (ATIVA)
2026-09-10 15:45:14 | INFO | bdc.receita | [2593/2903] CNPJ 20003699000150 -> CACHE (ATIVA)
2026-09-10 15:45:14 | INFO | bdc.receita | [2594/2903] CNPJ 07675450000123 -> CACHE (ATIVA)
2026-09-10 15:45:14 | INFO | bdc.receita | [2595/2903] CNPJ 01780732000295 -> CACHE (ATIVA)
2026-09-10 15:45:14 | INFO | bdc.receita | [2596/2903] CNPJ 01105236000155 -> CACHE (ATIVA)
2026-09-10 15:45:14 | INFO | bdc.receita | [2597/2903] CNPJ 07196526000138 -> CACHE (ATIVA)
2026-09-10 15:45:14 | INFO | bdc.receita | [2598/2903] CNPJ 07571746000102 -> CACHE (ATIVA)
2026-09-10 15:45:14 | INFO | bdc.receita | [2599/2903] CNPJ 77863223017930 -> CACHE (ATIVA)
2026-09-10 15:45:14 | INFO | bdc.receita | [2600/2903] CNPJ 77388874000192 -> CACHE (ATIVA)
2026-09-10 15:45:14 | INFO | bdc.receita | [2601/2903] CNPJ 14609649000119 -> CACHE (ATIVA)
2026-09-10 15:45:14 | INFO | bdc.receita | [2602/2903] CNPJ 13338734000127 -> CACHE (ATIVA)
2026-09-10 15:45:14 | INFO | bdc.receita | [2603/2903] CNPJ 17302990000115 -> CACHE (ATIVA)
2026-09-10 15:45:14 | INFO | bdc.receita | [2604/2903] CNPJ 60894730000105 -> CACHE (ATIVA)
2026-09-10 15:45:14 | INFO | bdc.receita | [2605/2903] CNPJ 08965200000190 -> CACHE (ATIVA)
2026-09-10 15:45:14 | INFO | bdc.receita | [2606/2903] CNPJ 34954956000144 -> CACHE (ATIVA)
2026-09-10 15:45:14 | INFO | bdc.receita | [2607/2903] CNPJ 05794392000121 -> CACHE (ATIVA)
2026-09-10 15:45:14 | INFO | bdc.receita | [2608/2903] CNPJ 07955100000110 -> CACHE (ATIVA)
2026-09-10 15:45:14 | INFO | bdc.receita | [2609/2903] CNPJ 12987729000182 -> CACHE (ATIVA)
2026-09-10 15:45:14 | INFO | bdc.receita | [2610/2903] CNPJ 03747565000125 -> CACHE (ATIVA)
2026-09-10 15:45:14 | INFO | bdc.receita | [2611/2903] CNPJ 73338824000140 -> CACHE (ATIVA)
2026-09-10 15:45:14 | INFO | bdc.receita | [2612/2903] CNPJ 27184790000169 -> CACHE (ATIVA)
2026-09-10 15:45:14 | INFO | bdc.receita | [2613/2903] CNPJ 75517151000110 -> CACHE (ATIVA)
2026-09-10 15:45:14 | INFO | bdc.receita | [2614/2903] CNPJ 81760159000106 -> CACHE (ATIVA)
2026-09-10 15:45:14 | INFO | bdc.receita | [2615/2903] CNPJ 87547170000179 -> CACHE (ATIVA)
2026-09-10 15:45:14 | INFO | bdc.receita | [2616/2903] CNPJ 02921346000158 -> CACHE (ATIVA)
2026-09-10 15:45:14 | INFO | bdc.receita | [2617/2903] CNPJ 75045591000112 -> CACHE (ATIVA)
2026-09-10 15:45:14 | INFO | bdc.receita | [2618/2903] CNPJ 05818917000111 -> CACHE (ATIVA)
2026-09-10 15:45:14 | INFO | bdc.receita | [2619/2903] CNPJ 81716144000140 -> CACHE (ATIVA)
2026-09-10 15:45:14 | INFO | bdc.receita | [2620/2903] CNPJ 62545686000153 -> CACHE (ATIVA)
2026-09-10 15:45:14 | INFO | bdc.receita | [2621/2903] CNPJ 79235917000125 -> CACHE (ATIVA)
2026-09-10 15:45:14 | INFO | bdc.receita | [2622/2903] CNPJ 07754075000107 -> CACHE (ATIVA)
2026-09-10 15:45:14 | INFO | bdc.receita | [2623/2903] CNPJ 33055732000138 -> CACHE (ATIVA)
2026-09-10 15:45:14 | INFO | bdc.receita | [2624/2903] CNPJ 06200154000103 -> CACHE (ATIVA)
2026-09-10 15:45:14 | INFO | bdc.receita | [2625/2903] CNPJ 30053915000126 -> CACHE (ATIVA)
2026-09-10 15:45:14 | INFO | bdc.receita | [2626/2903] CNPJ 07632665000167 -> CACHE (ATIVA)
2026-09-10 15:45:14 | INFO | bdc.receita | [2627/2903] CNPJ 55973762000328 -> CACHE (ATIVA)
2026-09-10 15:45:14 | INFO | bdc.receita | [2628/2903] CNPJ 28835723000120 -> CACHE (ATIVA)
2026-09-10 15:45:14 | INFO | bdc.receita | [2629/2903] CNPJ 10842044000627 -> CACHE (ATIVA)
2026-09-10 15:45:14 | INFO | bdc.receita | [2630/2903] CNPJ 24168115000158 -> CACHE (ATIVA)
2026-09-10 15:45:14 | INFO | bdc.receita | [2631/2903] CNPJ 74068552000178 -> CACHE (ATIVA)
2026-09-10 15:45:14 | INFO | bdc.receita | [2632/2903] CNPJ 89086672000175 -> CACHE (ATIVA)
2026-09-10 15:45:14 | INFO | bdc.receita | [2633/2903] CNPJ 08902291000115 -> CACHE (ATIVA)
2026-09-10 15:45:14 | INFO | bdc.receita | [2634/2903] CNPJ 94375995000119 -> CACHE (ATIVA)
2026-09-10 15:45:14 | INFO | bdc.receita | [2635/2903] CNPJ 61190096002136 -> CACHE (ATIVA)
2026-09-10 15:45:14 | INFO | bdc.receita | [2636/2903] CNPJ 61460325000141 -> CACHE (ATIVA)
2026-09-10 15:45:14 | INFO | bdc.receita | [2637/2903] CNPJ 05700665000121 -> CACHE (ATIVA)
2026-09-10 15:45:14 | INFO | bdc.receita | [2638/2903] CNPJ 08070566001254 -> CACHE (ATIVA)
2026-09-10 15:45:14 | INFO | bdc.receita | [2639/2903] CNPJ 08070566001173 -> CACHE (ATIVA)
2026-09-10 15:45:14 | INFO | bdc.receita | [2640/2903] CNPJ 01445875000160 -> CACHE (ATIVA)
2026-09-10 15:45:14 | INFO | bdc.receita | [2641/2903] CNPJ 41684120000132 -> CACHE (ATIVA)
2026-09-10 15:45:14 | INFO | bdc.receita | [2642/2903] CNPJ 04319855000130 -> CACHE (ATIVA)
2026-09-10 15:45:14 | INFO | bdc.receita | [2643/2903] CNPJ 08852792000134 -> CACHE (ATIVA)
2026-09-10 15:45:14 | INFO | bdc.receita | [2644/2903] CNPJ 09454624000153 -> CACHE (ATIVA)
2026-09-10 15:45:14 | INFO | bdc.receita | [2645/2903] CNPJ 78116670003261 -> CACHE (ATIVA)
2026-09-10 15:45:14 | INFO | bdc.receita | [2646/2903] CNPJ 11754427000100 -> CACHE (ATIVA)
2026-09-10 15:45:14 | INFO | bdc.receita | [2647/2903] CNPJ 04850218000196 -> CACHE (ATIVA)
2026-09-10 15:45:14 | INFO | bdc.receita | [2648/2903] CNPJ 80732928006645 -> CACHE (ATIVA)
2026-09-10 15:45:14 | INFO | bdc.receita | [2649/2903] CNPJ 20151362000190 -> CACHE (ATIVA)
2026-09-10 15:45:14 | INFO | bdc.receita | [2650/2903] CNPJ 22996480000125 -> CACHE (ATIVA)
2026-09-10 15:45:14 | INFO | bdc.receita | [2651/2903] CNPJ 25369840000157 -> CACHE (ATIVA)
2026-09-10 15:45:14 | INFO | bdc.receita | [2652/2903] CNPJ 54304431000170 -> CACHE (ATIVA)
2026-09-10 15:45:14 | INFO | bdc.receita | [2653/2903] CNPJ 60620606000151 -> CACHE (ATIVA)
2026-09-10 15:45:14 | INFO | bdc.receita | [2654/2903] CNPJ 78567328000181 -> CACHE (ATIVA)
2026-09-10 15:45:14 | INFO | bdc.receita | [2655/2903] CNPJ 44145845003409 -> CACHE (ATIVA)
2026-09-10 15:45:14 | INFO | bdc.receita | [2656/2903] CNPJ 06064123000172 -> CACHE (ATIVA)
2026-09-10 15:45:14 | INFO | bdc.receita | [2657/2903] CNPJ 11894930000152 -> CACHE (ATIVA)
2026-09-10 15:45:14 | INFO | bdc.receita | [2658/2903] CNPJ 17221771000101 -> CACHE (ATIVA)
2026-09-10 15:45:14 | INFO | bdc.receita | [2659/2903] CNPJ 32116582000162 -> CACHE (ATIVA)
2026-09-10 15:45:14 | INFO | bdc.receita | [2660/2903] CNPJ 76047638000140 -> CACHE (ATIVA)
2026-09-10 15:45:14 | INFO | bdc.receita | [2661/2903] CNPJ 41284969000119 -> CACHE (ATIVA)
2026-09-10 15:45:14 | INFO | bdc.receita | [2662/2903] CNPJ 02045487000154 -> CACHE (ATIVA)
2026-09-10 15:45:14 | INFO | bdc.receita | [2663/2903] CNPJ 77044618000188 -> CACHE (ATIVA)
2026-09-10 15:45:14 | INFO | bdc.receita | [2664/2903] CNPJ 61082988000170 -> CACHE (ATIVA)
2026-09-10 15:45:14 | INFO | bdc.receita | [2665/2903] CNPJ 60854833000141 -> CACHE (ATIVA)
2026-09-10 15:45:14 | INFO | bdc.receita | [2666/2903] CNPJ 83305235012044 -> CACHE (ATIVA)
2026-09-10 15:45:14 | INFO | bdc.receita | [2667/2903] CNPJ 00301560000186 -> CACHE (ATIVA)
2026-09-10 15:45:14 | INFO | bdc.receita | [2668/2903] CNPJ 26813109000131 -> CACHE (ATIVA)
2026-09-10 15:45:14 | INFO | bdc.receita | [2669/2903] CNPJ 76554559000125 -> CACHE (ATIVA)
2026-09-10 15:45:14 | INFO | bdc.receita | [2670/2903] CNPJ 06956391000107 -> CACHE (ATIVA)
2026-09-10 15:45:14 | INFO | bdc.receita | [2671/2903] CNPJ 60746948000112 -> CACHE (ATIVA)
2026-09-10 15:45:14 | INFO | bdc.receita | [2672/2903] CNPJ 03959982000131 -> CACHE (ATIVA)
2026-09-10 15:45:14 | INFO | bdc.receita | [2673/2903] CNPJ 89963102000116 -> CACHE (ATIVA)
2026-09-10 15:45:14 | INFO | bdc.receita | [2674/2903] CNPJ 17851152000109 -> CACHE (ATIVA)
2026-09-10 15:45:14 | INFO | bdc.receita | [2675/2903] CNPJ 34150762000196 -> CACHE (ATIVA)
2026-09-10 15:45:14 | INFO | bdc.receita | [2676/2903] CNPJ 03853896000140 -> CACHE (ATIVA)
2026-09-10 15:45:14 | INFO | bdc.receita | [2677/2903] CNPJ 00899825000190 -> CACHE (ATIVA)
2026-09-10 15:45:14 | INFO | bdc.receita | [2678/2903] CNPJ 01015553000180 -> CACHE (ATIVA)
2026-09-10 15:45:14 | INFO | bdc.receita | [2679/2903] CNPJ 19223945000109 -> CACHE (ATIVA)
2026-09-10 15:45:14 | INFO | bdc.receita | [2680/2903] CNPJ 85462927000104 -> CACHE (ATIVA)
2026-09-10 15:45:14 | INFO | bdc.receita | [2681/2903] CNPJ 20040441000124 -> CACHE (ATIVA)
2026-09-10 15:45:14 | INFO | bdc.receita | [2682/2903] CNPJ 60869336000117 -> CACHE (ATIVA)
2026-09-10 15:45:14 | INFO | bdc.receita | [2683/2903] CNPJ 89822530000129 -> CACHE (ATIVA)
2026-09-10 15:45:14 | INFO | bdc.receita | [2684/2903] CNPJ 07328522000166 -> CACHE (ATIVA)
2026-09-10 15:45:14 | INFO | bdc.receita | [2685/2903] CNPJ 13061918000192 -> CACHE (ATIVA)
2026-09-10 15:45:14 | INFO | bdc.receita | [2686/2903] CNPJ 00864040000181 -> CACHE (ATIVA)
2026-09-10 15:45:14 | INFO | bdc.receita | [2687/2903] CNPJ 03029056000248 -> CACHE (ATIVA)
2026-09-10 15:45:14 | INFO | bdc.receita | [2688/2903] CNPJ 88031539000159 -> CACHE (ATIVA)
2026-09-10 15:45:14 | INFO | bdc.receita | [2689/2903] CNPJ 75556431000219 -> CACHE (ATIVA)
2026-09-10 15:45:14 | INFO | bdc.receita | [2690/2903] CNPJ 75084871000130 -> CACHE (ATIVA)
2026-09-10 15:45:14 | INFO | bdc.receita | [2691/2903] CNPJ 06034577000362 -> CACHE (ATIVA)
2026-09-10 15:45:14 | INFO | bdc.receita | [2692/2903] CNPJ 66830332000101 -> CACHE (ATIVA)
2026-09-10 15:45:14 | INFO | bdc.receita | [2693/2903] CNPJ 07842195000166 -> CACHE (ATIVA)
2026-09-10 15:45:14 | INFO | bdc.receita | [2694/2903] CNPJ 20791886000146 -> CACHE (ATIVA)
2026-09-10 15:45:14 | INFO | bdc.receita | [2695/2903] CNPJ 48539407000118 -> CACHE (ATIVA)
2026-09-10 15:45:14 | INFO | bdc.receita | [2696/2903] CNPJ 07829836000142 -> CACHE (ATIVA)
2026-09-10 15:45:14 | INFO | bdc.receita | [2697/2903] CNPJ 03630560000118 -> CACHE (ATIVA)
2026-09-10 15:45:14 | INFO | bdc.receita | [2698/2903] CNPJ 11156540000185 -> CACHE (ATIVA)
2026-09-10 15:45:14 | INFO | bdc.receita | [2699/2903] CNPJ 19998958000141 -> CACHE (ATIVA)
2026-09-10 15:45:14 | INFO | bdc.receita | [2700/2903] CNPJ 53865531000103 -> CACHE (ATIVA)
2026-09-10 15:45:14 | INFO | bdc.receita | [2701/2903] CNPJ 61456463000157 -> CACHE (ATIVA)
2026-09-10 15:45:14 | INFO | bdc.receita | [2702/2903] CNPJ 02016507000169 -> CACHE (ATIVA)
2026-09-10 15:45:14 | INFO | bdc.receita | [2703/2903] CNPJ 07456648000116 -> CACHE (ATIVA)
2026-09-10 15:45:14 | INFO | bdc.receita | [2704/2903] CNPJ 08862530000231 -> CACHE (ATIVA)
2026-09-10 15:45:14 | INFO | bdc.receita | [2705/2903] CNPJ 38908778000176 -> CACHE (ATIVA)
2026-09-10 15:45:14 | INFO | bdc.receita | [2706/2903] CNPJ 07128323000104 -> CACHE (ATIVA)
2026-09-10 15:45:14 | INFO | bdc.receita | [2707/2903] CNPJ 02929563000194 -> CACHE (ATIVA)
2026-09-10 15:45:14 | INFO | bdc.receita | [2708/2903] CNPJ 08466448000107 -> CACHE (ATIVA)
2026-09-10 15:45:14 | INFO | bdc.receita | [2709/2903] CNPJ 32135034000180 -> CACHE (ATIVA)
2026-09-10 15:45:14 | INFO | bdc.receita | [2710/2903] CNPJ 09149503000106 -> CACHE (ATIVA)
2026-09-10 15:45:14 | INFO | bdc.receita | [2711/2903] CNPJ 55116131000120 -> CACHE (ATIVA)
2026-09-10 15:45:14 | INFO | bdc.receita | [2712/2903] CNPJ 04730746000101 -> CACHE (ATIVA)
2026-09-10 15:45:14 | INFO | bdc.receita | [2713/2903] CNPJ 43545284000104 -> CACHE (ATIVA)
2026-09-10 15:45:14 | INFO | bdc.receita | [2714/2903] CNPJ 02845645000150 -> CACHE (ATIVA)
2026-09-10 15:45:14 | INFO | bdc.receita | [2715/2903] CNPJ 36159672000191 -> CACHE (ATIVA)
2026-09-10 15:45:14 | INFO | bdc.receita | [2716/2903] CNPJ 02122913000106 -> CACHE (ATIVA)
2026-09-10 15:45:14 | INFO | bdc.receita | [2717/2903] CNPJ 78413325000193 -> CACHE (ATIVA)
2026-09-10 15:45:14 | INFO | bdc.receita | [2718/2903] CNPJ 21069040000160 -> CACHE (ATIVA)
2026-09-10 15:45:14 | INFO | bdc.receita | [2719/2903] CNPJ 30248458000125 -> CACHE (ATIVA)
2026-09-10 15:45:14 | INFO | bdc.receita | [2720/2903] CNPJ 24743678000122 -> CACHE (ATIVA)
2026-09-10 15:45:14 | INFO | bdc.receita | [2721/2903] CNPJ 34178263000107 -> CACHE (ATIVA)
2026-09-10 15:45:14 | INFO | bdc.receita | [2722/2903] CNPJ 25201024000130 -> CACHE (ATIVA)
2026-09-10 15:45:14 | INFO | bdc.receita | [2723/2903] CNPJ 07689002000189 -> CACHE (ATIVA)
2026-09-10 15:45:14 | INFO | bdc.receita | [2724/2903] CNPJ 43553668000179 -> CACHE (ATIVA)
2026-09-10 15:45:14 | INFO | bdc.receita | [2725/2903] CNPJ 11317530000184 -> CACHE (ATIVA)
2026-09-10 15:45:14 | INFO | bdc.receita | [2726/2903] CNPJ 02184803000179 -> CACHE (ATIVA)
2026-09-10 15:45:14 | INFO | bdc.receita | [2727/2903] CNPJ 12513940000163 -> CACHE (ATIVA)
2026-09-10 15:45:14 | INFO | bdc.receita | [2728/2903] CNPJ 52123916001023 -> CACHE (ATIVA)
2026-09-10 15:45:14 | INFO | bdc.receita | [2729/2903] CNPJ 11107074000148 -> CACHE (ATIVA)
2026-09-10 15:45:14 | INFO | bdc.receita | [2730/2903] CNPJ 73954489000104 -> CACHE (ATIVA)
2026-09-10 15:45:14 | INFO | bdc.receita | [2731/2903] CNPJ 61597407000132 -> CACHE (ATIVA)
2026-09-10 15:45:14 | INFO | bdc.receita | [2732/2903] CNPJ 16606895000142 -> CACHE (ATIVA)
2026-09-10 15:45:14 | INFO | bdc.receita | [2733/2903] CNPJ 39657225000150 -> CACHE (ATIVA)
2026-09-10 15:45:14 | INFO | bdc.receita | [2734/2903] CNPJ 60479680000108 -> CACHE (ATIVA)
2026-09-10 15:45:14 | INFO | bdc.receita | [2735/2903] CNPJ 10202852000115 -> CACHE (ATIVA)
2026-09-10 15:45:14 | INFO | bdc.receita | [2736/2903] CNPJ 09258807000101 -> CACHE (ATIVA)
2026-09-10 15:45:14 | INFO | bdc.receita | [2737/2903] CNPJ 87442430000141 -> CACHE (ATIVA)
2026-09-10 15:45:14 | INFO | bdc.receita | [2738/2903] CNPJ 04900482000197 -> CACHE (ATIVA)
2026-09-10 15:45:14 | INFO | bdc.receita | [2739/2903] CNPJ 60853942000144 -> CACHE (ATIVA)
2026-09-10 15:45:14 | INFO | bdc.receita | [2740/2903] CNPJ 03718581000190 -> CACHE (ATIVA)
2026-09-10 15:45:14 | INFO | bdc.receita | [2741/2903] CNPJ 78956968000183 -> CACHE (ATIVA)
2026-09-10 15:45:14 | INFO | bdc.receita | [2742/2903] CNPJ 24797759000105 -> CACHE (ATIVA)
2026-09-10 15:45:14 | INFO | bdc.receita | [2743/2903] CNPJ 03722755000198 -> CACHE (ATIVA)
2026-09-10 15:45:14 | INFO | bdc.receita | [2744/2903] CNPJ 79875183000149 -> CACHE (ATIVA)
2026-09-10 15:45:14 | INFO | bdc.receita | [2745/2903] CNPJ 15488871000173 -> CACHE (ATIVA)
2026-09-10 15:45:14 | INFO | bdc.receita | [2746/2903] CNPJ 35912298000190 -> CACHE (ATIVA)
2026-09-10 15:45:14 | INFO | bdc.receita | [2747/2903] CNPJ 02003591000186 -> CACHE (ATIVA)
2026-09-10 15:45:14 | INFO | bdc.receita | [2748/2903] CNPJ 05449127000106 -> CACHE (ATIVA)
2026-09-10 15:45:14 | INFO | bdc.receita | [2749/2903] CNPJ 03647578000122 -> CACHE (ATIVA)
2026-09-10 15:45:14 | INFO | bdc.receita | [2750/2903] CNPJ 72366818000133 -> CACHE (ATIVA)
2026-09-10 15:45:14 | INFO | bdc.receita | [2751/2903] CNPJ 20216840000101 -> CACHE (ATIVA)
2026-09-10 15:45:14 | INFO | bdc.receita | [2752/2903] CNPJ 35458657000181 -> CACHE (ATIVA)
2026-09-10 15:45:14 | INFO | bdc.receita | [2753/2903] CNPJ 02340752000127 -> CACHE (ATIVA)
2026-09-10 15:45:14 | INFO | bdc.receita | [2754/2903] CNPJ 08906558000142 -> CACHE (ATIVA)
2026-09-10 15:45:14 | INFO | bdc.receita | [2755/2903] CNPJ 76678697000116 -> CACHE (ATIVA)
2026-09-10 15:45:14 | INFO | bdc.receita | [2756/2903] CNPJ 80232952000170 -> CACHE (ATIVA)
2026-09-10 15:45:14 | INFO | bdc.receita | [2757/2903] CNPJ 34781808000175 -> CACHE (ATIVA)
2026-09-10 15:45:14 | INFO | bdc.receita | [2758/2903] CNPJ 02248827000144 -> CACHE (ATIVA)
2026-09-10 15:45:14 | INFO | bdc.receita | [2759/2903] CNPJ 22976970000160 -> CACHE (ATIVA)
2026-09-10 15:45:14 | INFO | bdc.receita | [2760/2903] CNPJ 73694119000185 -> CACHE (ATIVA)
2026-09-10 15:45:14 | INFO | bdc.receita | [2761/2903] CNPJ 77424992000109 -> CACHE (ATIVA)
2026-09-10 15:45:14 | INFO | bdc.receita | [2762/2903] CNPJ 60881992000135 -> CACHE (ATIVA)
2026-09-10 15:45:14 | INFO | bdc.receita | [2763/2903] CNPJ 63014377000110 -> CACHE (ATIVA)
2026-09-10 15:45:14 | INFO | bdc.receita | [2764/2903] CNPJ 83781641000158 -> CACHE (ATIVA)
2026-09-10 15:45:14 | INFO | bdc.receita | [2765/2903] CNPJ 98042963000152 -> CACHE (ATIVA)
2026-09-10 15:45:14 | INFO | bdc.receita | [2766/2903] CNPJ 47187794000108 -> CACHE (ATIVA)
2026-09-10 15:45:14 | INFO | bdc.receita | [2767/2903] CNPJ 02097007000107 -> CACHE (ATIVA)
2026-09-10 15:45:14 | INFO | bdc.receita | [2768/2903] CNPJ 77752293000198 -> CACHE (ATIVA)
2026-09-10 15:45:14 | INFO | bdc.receita | [2769/2903] CNPJ 19445340000154 -> CACHE (ATIVA)
2026-09-10 15:45:14 | INFO | bdc.receita | [2770/2903] CNPJ 81716144000736 -> CACHE (ATIVA)
2026-09-10 15:45:14 | INFO | bdc.receita | [2771/2903] CNPJ 62695036000194 -> CACHE (ATIVA)
2026-09-10 15:45:14 | INFO | bdc.receita | [2772/2903] CNPJ 07404052000172 -> CACHE (ATIVA)
2026-09-10 15:45:14 | INFO | bdc.receita | [2773/2903] CNPJ 05915146000261 -> CACHE (ATIVA)
2026-09-10 15:45:14 | INFO | bdc.receita | [2774/2903] CNPJ 67552869000110 -> CACHE (ATIVA)
2026-09-10 15:45:14 | INFO | bdc.receita | [2775/2903] CNPJ 88628805000125 -> CACHE (ATIVA)
2026-09-10 15:45:14 | INFO | bdc.receita | [2776/2903] CNPJ 07474363000108 -> CACHE (ATIVA)
2026-09-10 15:45:14 | INFO | bdc.receita | [2777/2903] CNPJ 66832825000180 -> CACHE (ATIVA)
2026-09-10 15:45:14 | INFO | bdc.receita | [2778/2903] CNPJ 61310256000190 -> CACHE (ATIVA)
2026-09-10 15:45:14 | INFO | bdc.receita | [2779/2903] CNPJ 10914514000106 -> CACHE (ATIVA)
2026-09-10 15:45:14 | INFO | bdc.receita | [2780/2903] CNPJ 47866165000104 -> CACHE (ATIVA)
2026-09-10 15:45:14 | INFO | bdc.receita | [2781/2903] CNPJ 51466860000156 -> CACHE (ATIVA)
2026-09-10 15:45:14 | INFO | bdc.receita | [2782/2903] CNPJ 09176237000100 -> CACHE (ATIVA)
2026-09-10 15:45:14 | INFO | bdc.receita | [2783/2903] CNPJ 00605582000130 -> CACHE (ATIVA)
2026-09-10 15:45:14 | INFO | bdc.receita | [2784/2903] CNPJ 79142139000120 -> CACHE (ATIVA)
2026-09-10 15:45:14 | INFO | bdc.receita | [2785/2903] CNPJ 12011542000149 -> CACHE (ATIVA)
2026-09-10 15:45:14 | INFO | bdc.receita | [2786/2903] CNPJ 88304001000251 -> CACHE (ATIVA)
2026-09-10 15:45:14 | INFO | bdc.receita | [2787/2903] CNPJ 02179949000126 -> CACHE (ATIVA)
2026-09-10 15:45:14 | INFO | bdc.receita | [2788/2903] CNPJ 57633414000175 -> CACHE (ATIVA)
2026-09-10 15:45:14 | INFO | bdc.receita | [2789/2903] CNPJ 67848002000459 -> CACHE (ATIVA)
2026-09-10 15:45:14 | INFO | bdc.receita | [2790/2903] CNPJ 68265834000162 -> CACHE (ATIVA)
2026-09-10 15:45:14 | INFO | bdc.receita | [2791/2903] CNPJ 75222224000147 -> CACHE (ATIVA)
2026-09-10 15:45:14 | INFO | bdc.receita | [2792/2903] CNPJ 30693787000185 -> CACHE (ATIVA)
2026-09-10 15:45:14 | INFO | bdc.receita | [2793/2903] CNPJ 04973790000142 -> CACHE (ATIVA)
2026-09-10 15:45:14 | INFO | bdc.receita | [2794/2903] CNPJ 07799905000112 -> CACHE (ATIVA)
2026-09-10 15:45:14 | INFO | bdc.receita | [2795/2903] CNPJ 47115803000155 -> CACHE (ATIVA)
2026-09-10 15:45:14 | INFO | bdc.receita | [2796/2903] CNPJ 03995512000123 -> CACHE (ATIVA)
2026-09-10 15:45:14 | INFO | bdc.receita | [2797/2903] CNPJ 08540795001104 -> CACHE (ATIVA)
2026-09-10 15:45:14 | INFO | bdc.receita | [2798/2903] CNPJ 05211777000119 -> CACHE (ATIVA)
2026-09-10 15:45:14 | INFO | bdc.receita | [2799/2903] CNPJ 47902283000120 -> CACHE (ATIVA)
2026-09-10 15:45:14 | INFO | bdc.receita | [2800/2903] CNPJ 05545073000263 -> CACHE (ATIVA)
2026-09-10 15:45:14 | INFO | bdc.receita | [2801/2903] CNPJ 13645518000124 -> CACHE (ATIVA)
2026-09-10 15:45:14 | INFO | bdc.receita | [2802/2903] CNPJ 25099255000184 -> CACHE (ATIVA)
2026-09-10 15:45:14 | INFO | bdc.receita | [2803/2903] CNPJ 52548435000179 -> CACHE (ATIVA)
2026-09-10 15:45:14 | INFO | bdc.receita | [2804/2903] CNPJ 18235741000117 -> CACHE (ATIVA)
2026-09-10 15:45:14 | INFO | bdc.receita | [2805/2903] CNPJ 17155730000164 -> CACHE (ATIVA)
2026-09-10 15:45:14 | INFO | bdc.receita | [2806/2903] CNPJ 06935509000102 -> CACHE (ATIVA)
2026-09-10 15:45:14 | INFO | bdc.receita | [2807/2903] CNPJ 02575998000188 -> CACHE (ATIVA)
2026-09-10 15:45:14 | INFO | bdc.receita | [2808/2903] CNPJ 31702947000330 -> CACHE (ATIVA)
2026-09-10 15:45:14 | INFO | bdc.receita | [2809/2903] CNPJ 42632288000167 -> CACHE (ATIVA)
2026-09-10 15:45:14 | INFO | bdc.receita | [2810/2903] CNPJ 00776574000660 -> CACHE (ATIVA)
2026-09-10 15:45:14 | INFO | bdc.receita | [2811/2903] CNPJ 79638524001800 -> CACHE (ATIVA)
2026-09-10 15:45:14 | INFO | bdc.receita | [2812/2903] CNPJ 88887021000111 -> CACHE (ATIVA)
2026-09-10 15:45:14 | INFO | bdc.receita | [2813/2903] CNPJ 01906571000152 -> CACHE (ATIVA)
2026-09-10 15:45:14 | INFO | bdc.receita | [2814/2903] CNPJ 11040403000180 -> CACHE (ATIVA)
2026-09-10 15:45:14 | INFO | bdc.receita | [2815/2903] CNPJ 44572744000156 -> CACHE (ATIVA)
2026-09-10 15:45:14 | INFO | bdc.receita | [2816/2903] CNPJ 03631957000124 -> CACHE (BAIXADA)
2026-09-10 15:45:14 | INFO | bdc.receita | [2817/2903] CNPJ 42105890000146 -> CACHE (ATIVA)
2026-09-10 15:45:14 | INFO | bdc.receita | [2818/2903] CNPJ 06959872000168 -> CACHE (ATIVA)
2026-09-10 15:45:14 | INFO | bdc.receita | [2819/2903] CNPJ 61887899000109 -> CACHE (ATIVA)
2026-09-10 15:45:14 | INFO | bdc.receita | [2820/2903] CNPJ 00807422000173 -> CACHE (ATIVA)
2026-09-10 15:45:14 | INFO | bdc.receita | [2821/2903] CNPJ 34867956000107 -> CACHE (ATIVA)
2026-09-10 15:45:14 | INFO | bdc.receita | [2822/2903] CNPJ 37589182000198 -> CACHE (ATIVA)
2026-09-10 15:45:14 | INFO | bdc.receita | [2823/2903] CNPJ 86981966000172 -> CACHE (ATIVA)
2026-09-10 15:45:14 | INFO | bdc.receita | [2824/2903] CNPJ 06151384000120 -> CACHE (ATIVA)
2026-09-10 15:45:14 | INFO | bdc.receita | [2825/2903] CNPJ 24632868000172 -> CACHE (ATIVA)
2026-09-10 15:45:14 | INFO | bdc.receita | [2826/2903] CNPJ 72899016000512 -> CACHE (ATIVA)
2026-09-10 15:45:14 | INFO | bdc.receita | [2827/2903] CNPJ 50955707000120 -> CACHE (ATIVA)
2026-09-10 15:45:14 | INFO | bdc.receita | [2828/2903] CNPJ 05878397000132 -> CACHE (ATIVA)
2026-09-10 15:45:14 | INFO | bdc.receita | [2829/2903] CNPJ 01253958000157 -> CACHE (ATIVA)
2026-09-10 15:45:14 | INFO | bdc.receita | [2830/2903] CNPJ 08323274000123 -> CACHE (ATIVA)
2026-09-10 15:45:14 | INFO | bdc.receita | [2831/2903] CNPJ 02224840000163 -> CACHE (ATIVA)
2026-09-10 15:45:14 | INFO | bdc.receita | [2832/2903] CNPJ 06134559000190 -> CACHE (ATIVA)
2026-09-10 15:45:14 | INFO | bdc.receita | [2833/2903] CNPJ 04143008000168 -> CACHE (ATIVA)
2026-09-10 15:45:14 | INFO | bdc.receita | [2834/2903] CNPJ 06990026000100 -> CACHE (ATIVA)
2026-09-10 15:45:14 | INFO | bdc.receita | [2835/2903] CNPJ 61695227000193 -> CACHE (ATIVA)
2026-09-10 15:45:14 | INFO | bdc.receita | [2836/2903] CNPJ 89843015000125 -> CACHE (ATIVA)
2026-09-10 15:45:14 | INFO | bdc.receita | [2837/2903] CNPJ 23063277000169 -> CACHE (ATIVA)
2026-09-10 15:45:14 | INFO | bdc.receita | [2838/2903] CNPJ 94328580000194 -> CACHE (ATIVA)
2026-09-10 15:45:14 | INFO | bdc.receita | [2839/2903] CNPJ 00496586000127 -> CACHE (ATIVA)
2026-09-10 15:45:14 | INFO | bdc.receita | [2840/2903] CNPJ 09249248000165 -> CACHE (ATIVA)
2026-09-10 15:45:14 | INFO | bdc.receita | [2841/2903] CNPJ 30071135000109 -> CACHE (ATIVA)
2026-09-10 15:45:14 | INFO | bdc.receita | [2842/2903] CNPJ 80830334000202 -> CACHE (ATIVA)
2026-09-10 15:45:14 | INFO | bdc.receita | [2843/2903] CNPJ 30234798000105 -> CACHE (ATIVA)
2026-09-10 15:45:14 | INFO | bdc.receita | [2844/2903] CNPJ 03996735000105 -> CACHE (ATIVA)
2026-09-10 15:45:14 | INFO | bdc.receita | [2845/2903] CNPJ 08149559000190 -> CACHE (ATIVA)
2026-09-10 15:45:14 | INFO | bdc.receita | [2846/2903] CNPJ 28691601000107 -> CACHE (ATIVA)
2026-09-10 15:45:14 | INFO | bdc.receita | [2847/2903] CNPJ 79863890000115 -> CACHE (ATIVA)
2026-09-10 15:45:14 | INFO | bdc.receita | [2848/2903] CNPJ 82056185000110 -> CACHE (ATIVA)
2026-09-10 15:45:14 | INFO | bdc.receita | [2849/2903] CNPJ 07349852000138 -> CACHE (ATIVA)
2026-09-10 15:45:14 | INFO | bdc.receita | [2850/2903] CNPJ 08211550000161 -> CACHE (ATIVA)
2026-09-10 15:45:14 | INFO | bdc.receita | [2851/2903] CNPJ 77837979000181 -> CACHE (ATIVA)
2026-09-10 15:45:14 | INFO | bdc.receita | [2852/2903] CNPJ 59104422000150 -> CACHE (ATIVA)
2026-09-10 15:45:14 | INFO | bdc.receita | [2853/2903] CNPJ 94902509000173 -> CACHE (ATIVA)
2026-09-10 15:45:14 | INFO | bdc.receita | [2854/2903] CNPJ 27836329000143 -> CACHE (ATIVA)
2026-09-10 15:45:14 | INFO | bdc.receita | [2855/2903] CNPJ 01665451000100 -> CACHE (ATIVA)
2026-09-10 15:45:14 | INFO | bdc.receita | [2856/2903] CNPJ 93640506000146 -> CACHE (ATIVA)
2026-09-10 15:45:14 | INFO | bdc.receita | [2857/2903] CNPJ 02001597000467 -> CACHE (ATIVA)
2026-09-10 15:45:14 | INFO | bdc.receita | [2858/2903] CNPJ 12659112000138 -> CACHE (ATIVA)
2026-09-10 15:45:14 | INFO | bdc.receita | [2859/2903] CNPJ 09479492000114 -> CACHE (ATIVA)
2026-09-10 15:45:14 | INFO | bdc.receita | [2860/2903] CNPJ 02839894000133 -> CACHE (ATIVA)
2026-09-10 15:45:14 | INFO | bdc.receita | [2861/2903] CNPJ 12130090000114 -> CACHE (ATIVA)
2026-09-10 15:45:14 | INFO | bdc.receita | [2862/2903] CNPJ 35865651000129 -> CACHE (ATIVA)
2026-09-10 15:45:14 | INFO | bdc.receita | [2863/2903] CNPJ 61101895000145 -> CACHE (ATIVA)
2026-09-10 15:45:14 | INFO | bdc.receita | [2864/2903] CNPJ 07072783000168 -> CACHE (ATIVA)
2026-09-10 15:45:14 | INFO | bdc.receita | [2865/2903] CNPJ 32168500000123 -> CACHE (ATIVA)
2026-09-10 15:45:14 | INFO | bdc.receita | [2866/2903] CNPJ 06342880000160 -> CACHE (ATIVA)
2026-09-10 15:45:14 | INFO | bdc.receita | [2867/2903] CNPJ 30306294000145 -> CACHE (ATIVA)
2026-09-10 15:45:14 | INFO | bdc.receita | [2868/2903] CNPJ 13923945000127 -> CACHE (ATIVA)
2026-09-10 15:45:14 | INFO | bdc.receita | [2869/2903] CNPJ 03963585000133 -> CACHE (ATIVA)
2026-09-10 15:45:14 | INFO | bdc.receita | [2870/2903] CNPJ 14706069000140 -> CACHE (ATIVA)
2026-09-10 15:45:14 | INFO | bdc.receita | [2871/2903] CNPJ 62801576000105 -> CACHE (ATIVA)
2026-09-10 15:45:14 | INFO | bdc.receita | [2872/2903] CNPJ 39449320000169 -> CACHE (BAIXADA)
2026-09-10 15:45:14 | INFO | bdc.receita | [2873/2903] CNPJ 03548504000139 -> CACHE (ATIVA)
2026-09-10 15:45:14 | INFO | bdc.receita | [2874/2903] CNPJ 30929117000115 -> CACHE (ATIVA)
2026-09-10 15:45:14 | INFO | bdc.receita | [2875/2903] CNPJ 02240839000122 -> CACHE (ATIVA)
2026-09-10 15:45:14 | INFO | bdc.receita | [2876/2903] CNPJ 17870489000155 -> CACHE (ATIVA)
2026-09-10 15:45:14 | INFO | bdc.receita | [2877/2903] CNPJ 39881421000104 -> CACHE (ATIVA)
2026-09-10 15:45:14 | INFO | bdc.receita | [2878/2903] CNPJ 26689080000128 -> CACHE (ATIVA)
2026-09-10 15:45:14 | INFO | bdc.receita | [2879/2903] CNPJ 76255926000190 -> CACHE (ATIVA)
2026-09-10 15:45:14 | INFO | bdc.receita | [2880/2903] CNPJ 14009152000160 -> CACHE (ATIVA)
2026-09-10 15:45:14 | INFO | bdc.receita | [2881/2903] CNPJ 78373305000136 -> CACHE (ATIVA)
2026-09-10 15:45:14 | INFO | bdc.receita | [2882/2903] CNPJ 03468598000136 -> CACHE (ATIVA)
2026-09-10 15:45:14 | INFO | bdc.receita | [2883/2903] CNPJ 03979210000161 -> CACHE (ATIVA)
2026-09-10 15:45:14 | INFO | bdc.receita | [2884/2903] CNPJ 46494301000110 -> CACHE (ATIVA)
2026-09-10 15:45:14 | INFO | bdc.receita | [2885/2903] CNPJ 28461930000161 -> CACHE (ATIVA)
2026-09-10 15:45:14 | INFO | bdc.receita | [2886/2903] CNPJ 38183972000131 -> CACHE (ATIVA)
2026-09-10 15:45:14 | INFO | bdc.receita | [2887/2903] CNPJ 14090059000122 -> CACHE (ATIVA)
2026-09-10 15:45:14 | INFO | bdc.receita | [2888/2903] CNPJ 90108184000109 -> CACHE (ATIVA)
2026-09-10 15:45:14 | INFO | bdc.receita | [2889/2903] CNPJ 25401457000139 -> CACHE (ATIVA)
2026-09-10 15:45:14 | INFO | bdc.receita | [2890/2903] CNPJ 07005330000119 -> CACHE (ATIVA)
2026-09-10 15:45:14 | INFO | bdc.receita | [2891/2903] CNPJ 12802844000135 -> CACHE (ATIVA)
2026-09-10 15:45:14 | INFO | bdc.receita | [2892/2903] CNPJ 16391632000163 -> CACHE (ATIVA)
2026-09-10 15:45:14 | INFO | bdc.receita | [2893/2903] CNPJ 12919786000124 -> CACHE (ATIVA)
2026-09-10 15:45:14 | INFO | bdc.receita | [2894/2903] CNPJ 19020939000146 -> CACHE (ATIVA)
2026-09-10 15:45:14 | INFO | bdc.receita | [2895/2903] CNPJ 11322550000224 -> CACHE (ATIVA)
2026-09-10 15:45:14 | INFO | bdc.receita | [2896/2903] CNPJ 39702802000189 -> CACHE (ATIVA)
2026-09-10 15:45:14 | INFO | bdc.receita | [2897/2903] CNPJ 32931696000166 -> CACHE (ATIVA)
2026-09-10 15:45:14 | INFO | bdc.receita | [2898/2903] CNPJ 81905176000194 -> CACHE (ATIVA)
2026-09-10 15:45:14 | INFO | bdc.receita | [2899/2903] CNPJ 53309845000120 -> CACHE (ATIVA)
2026-09-10 15:45:14 | INFO | bdc.receita | [2900/2903] CNPJ 03580981000181 -> CACHE (ATIVA)
2026-09-10 15:45:14 | INFO | bdc.receita | [2901/2903] CNPJ 91903443000148 -> CACHE (ATIVA)
2026-09-10 15:45:14 | INFO | bdc.receita | [2902/2903] CNPJ 67718726000135 -> CACHE (ATIVA)
2026-09-10 15:45:14 | INFO | bdc.receita | [2903/2903] CNPJ 45399961000159 -> CACHE (ATIVA)
2026-09-10 15:45:14 | INFO | bdc.receita | --- RESUMO RECEITA: 2903 Cache | 0 API | 0 Erros ---
2026-09-10 15:45:15 | INFO | bdc.receita | Ingestão da Receita concluída: {'run_id': 'REC_20260910_154513', 'linhas_processadas': 2903, 'alertas_gerados_cad001': 25, 'status': 'SUCESSO'}
